target_date,origin_date,model,horizon,y_true,point,converged,q0.025,q0.05,q0.1,q0.15,q0.2,q0.25,q0.3,q0.35,q0.4,q0.45,q0.5,q0.55,q0.6,q0.65,q0.7,q0.75,q0.8,q0.85,q0.9,q0.95,q0.975
2024-01-02,2023-12-22,rw,5,13.20000,13.03000,True,9.80443,10.41989,10.97978,11.36965,11.68347,11.91796,12.11435,12.32293,12.52531,12.70321,12.87805,13.06017,13.23460,13.46992,13.70985,14.04401,14.42304,14.91732,15.56944,16.88966,18.36047
2024-01-03,2023-12-26,rw,5,14.04000,12.99000,True,9.77438,10.38793,10.94614,11.33512,11.64775,11.88178,12.07737,12.28532,12.48721,12.66439,12.83897,13.02046,13.19398,13.43053,13.66749,14.00056,14.37858,14.86908,15.52109,16.83664,18.30201
2024-01-04,2023-12-27,rw,5,14.13000,12.43000,True,9.35304,9.94013,10.47431,10.84721,11.14575,11.36995,11.55680,11.75591,11.94889,12.11931,12.28591,12.45885,12.62518,12.85087,13.07773,13.39667,13.75853,14.22724,14.85145,16.10969,17.51100
2024-01-05,2023-12-28,rw,5,13.35000,12.47000,True,9.38318,9.97215,10.50807,10.88306,11.18175,11.40568,11.59363,11.79335,11.98734,12.15739,12.32501,12.49863,12.66581,12.89076,13.11911,13.43946,13.80263,14.27294,14.89871,16.16041,17.56533
2024-01-08,2023-12-29,rw,5,13.08000,12.45000,True,9.36816,9.95618,10.49128,10.86654,11.16383,11.38720,11.57416,11.77368,11.96709,12.13768,12.30481,12.47840,12.64466,12.86831,13.09737,13.41758,13.77984,14.24997,14.87429,16.13336,17.53514
2024-01-09,2024-01-02,rw,5,12.76000,13.20000,True,9.93255,10.55598,11.12335,11.52215,11.83638,12.07324,12.27203,12.48350,12.68872,12.86905,13.04653,13.23038,13.40551,13.64163,13.88568,14.22567,14.60926,15.10831,15.76977,17.10406,18.58934
2024-01-10,2024-01-03,rw,5,12.69000,14.04000,True,10.56467,11.22776,11.83126,12.25643,12.58962,12.84161,13.05322,13.27819,13.49657,13.68845,13.87725,14.07275,14.25999,14.51345,14.77110,15.13188,15.53821,16.06966,16.77271,18.19124,19.77003
2024-01-11,2024-01-04,rw,5,12.44000,14.13000,True,10.63243,11.29976,11.90717,12.33607,12.67035,12.92400,13.13712,13.36354,13.58309,13.77759,13.96665,14.16332,14.35188,14.60897,14.86715,15.23004,15.64023,16.17258,16.87963,18.30657,19.89448
2024-01-12,2024-01-05,rw,5,12.70000,13.35000,True,10.04554,10.67603,11.24994,11.65610,11.97095,12.21065,12.41216,12.62608,12.83329,13.01836,13.19609,13.38180,13.55964,13.80387,14.04713,14.38891,14.77667,15.27974,15.94728,17.29481,18.79411
2024-01-16,2024-01-08,rw,5,13.84000,13.08000,True,9.84276,10.46014,11.02243,11.42122,11.72901,11.96410,12.16115,12.37078,12.57445,12.75541,12.92946,13.11191,13.28624,13.52588,13.76275,14.09756,14.47713,14.97067,15.62472,16.94403,18.41370
2024-01-17,2024-01-09,rw,5,14.79000,12.76000,True,9.60233,10.20426,10.75279,11.14264,11.44223,11.67181,11.86365,12.06820,12.26751,12.44274,12.61289,12.79053,12.96064,13.19435,13.42577,13.75233,14.12228,14.60437,15.24243,16.52851,17.96292
2024-01-18,2024-01-10,rw,5,14.13000,12.69000,True,9.55003,10.14832,10.69382,11.08235,11.37963,11.60691,11.79845,12.00188,12.19918,12.37295,12.54330,12.72004,12.88927,13.12133,13.35184,13.67656,14.04415,14.52422,15.15879,16.43686,17.86408
2024-01-19,2024-01-11,rw,5,13.30000,12.44000,True,9.36226,9.94842,10.48317,10.86484,11.15493,11.37805,11.56553,11.76507,11.95851,12.12816,12.29580,12.46920,12.63534,12.86216,13.08825,13.40680,13.76682,14.23804,14.86012,16.11209,17.51186
2024-01-22,2024-01-12,rw,5,13.19000,12.70000,True,9.55830,10.15637,10.70229,11.09276,11.38809,11.61592,11.80747,12.01117,12.20843,12.38143,12.55234,12.72952,12.89942,13.13030,13.36108,13.68682,14.05389,14.53558,15.17068,16.44787,17.87757
2024-01-23,2024-01-16,rw,5,12.55000,13.84000,True,10.41670,11.06808,11.66299,12.08940,12.41051,12.65868,12.86758,13.08953,13.30432,13.49302,13.67957,13.87254,14.05733,14.31031,14.56192,14.91519,15.31517,15.84030,16.53243,17.92323,19.48201
2024-01-24,2024-01-17,rw,5,13.14000,14.79000,True,11.13215,11.82785,12.46358,12.91997,13.26259,13.52767,13.75100,13.98809,14.21755,14.41983,14.61902,14.82514,15.02257,15.29397,15.56222,15.93982,16.36901,16.92788,17.66721,19.15237,20.81894
2024-01-25,2024-01-18,rw,5,13.45000,14.13000,True,10.63580,11.30007,11.90742,12.34367,12.67094,12.92408,13.13740,13.36394,13.58348,13.77774,13.96709,14.16425,14.35310,14.61265,14.86802,15.22961,15.64044,16.17243,16.87878,18.29661,19.88957
2024-01-26,2024-01-19,rw,5,13.26000,13.30000,True,10.01144,10.63633,11.20799,11.61884,11.92682,12.16534,12.36573,12.57899,12.78631,12.96964,13.14693,13.33299,13.51209,13.75514,13.99540,14.33467,14.72152,15.22241,15.88729,17.22084,18.72095
2024-01-29,2024-01-22,rw,5,13.60000,13.19000,True,9.92903,10.54839,11.11532,11.52298,11.82836,12.06514,12.26348,12.47499,12.68128,12.86272,13.03846,13.22416,13.40304,13.64164,13.87903,14.21577,14.59957,15.09647,15.75586,17.07740,18.56581
2024-01-30,2024-01-23,rw,5,13.31000,12.55000,True,9.44763,10.03660,10.57620,10.96409,11.25444,11.47886,11.66838,11.86961,12.06494,12.23810,12.40556,12.58133,12.75099,12.97968,13.20552,13.52568,13.89052,14.36393,14.99036,16.24782,17.66467
2024-01-31,2024-01-24,rw,5,14.35000,13.14000,True,9.89216,10.50847,11.07363,11.47977,11.78299,12.01829,12.21662,12.42750,12.63141,12.81185,12.98851,13.17212,13.34864,13.58960,13.82626,14.16120,14.54285,15.03916,15.69403,17.01065,18.49482
2024-02-01,2024-01-25,rw,5,13.88000,13.45000,True,10.12594,10.75642,11.33512,11.75084,12.06116,12.30190,12.50506,12.72076,12.92941,13.11286,13.29451,13.48225,13.66236,13.90975,14.15238,14.49509,14.88525,15.39392,16.06322,17.41093,18.93084
2024-02-02,2024-01-26,rw,5,13.85000,13.26000,True,9.98328,10.60450,11.17522,11.58496,11.89095,12.12819,12.32850,12.54113,12.74677,12.92856,13.10712,13.29141,13.46879,13.71280,13.95224,14.29013,14.67428,15.17638,15.83524,17.16396,18.66311
2024-02-05,2024-01-29,rw,5,13.67000,13.60000,True,10.23967,10.87645,11.46200,11.88208,12.19603,12.43924,12.64464,12.86274,13.07361,13.26141,13.44348,13.63275,13.81502,14.06380,14.30969,14.65634,15.04984,15.56541,16.24019,17.60302,19.14133
2024-02-06,2024-01-30,rw,5,13.06000,13.31000,True,10.02171,10.64455,11.21782,11.62877,11.93598,12.17406,12.37504,12.58849,12.79556,12.97951,13.15708,13.34281,13.52316,13.76490,14.00509,14.34361,14.72868,15.23339,15.89283,17.22664,18.73286
2024-02-07,2024-01-31,rw,5,12.83000,14.35000,True,10.80520,11.47632,12.09459,12.53748,12.86863,13.12576,13.34241,13.57215,13.79615,13.99406,14.18575,14.38672,14.58205,14.84129,15.09960,15.46502,15.87927,16.42357,17.13350,18.57157,20.19625
2024-02-08,2024-02-01,rw,5,12.79000,13.88000,True,10.45171,11.10047,11.69870,12.12691,12.44716,12.69629,12.90659,13.12788,13.34477,13.53617,13.72173,13.91711,14.10526,14.35479,14.60497,14.95829,15.35894,15.88554,16.57122,17.96224,19.53445
2024-02-09,2024-02-02,rw,5,12.93000,13.85000,True,10.42952,11.07651,11.67366,12.10076,12.42027,12.66929,12.87987,13.09980,13.31613,13.50769,13.69212,13.88902,14.07566,14.32422,14.57332,14.92575,15.32549,15.85110,16.53430,17.92235,19.49191
2024-02-12,2024-02-05,rw,5,13.93000,13.67000,True,10.29438,10.93259,11.52218,11.94356,12.25886,12.50507,12.71364,12.92985,13.14327,13.33290,13.51422,13.71056,13.89211,14.13800,14.38384,14.73157,15.12607,15.64499,16.31832,17.68838,19.23827
2024-02-13,2024-02-06,rw,5,15.85000,13.06000,True,9.83540,10.44491,11.00824,11.41061,11.71190,11.94718,12.14661,12.35329,12.55680,12.73824,12.91113,13.09715,13.27170,13.50667,13.74170,14.07360,14.44938,14.94641,15.58979,16.89870,18.37949
2024-02-14,2024-02-07,rw,5,14.38000,12.83000,True,9.66256,10.26112,10.81458,11.20967,11.50554,11.73584,11.93095,12.13509,12.33554,12.51345,12.68371,12.86492,13.03747,13.26837,13.49942,13.82517,14.19323,14.68274,15.31488,16.60074,18.05551
2024-02-15,2024-02-08,rw,5,14.01000,12.79000,True,9.63281,10.22929,10.78108,11.17473,11.46968,11.69966,11.89157,12.09675,12.29680,12.47357,12.64361,12.82353,12.99571,13.22654,13.45706,13.78149,14.14730,14.63653,15.26679,16.54863,17.99893
2024-02-16,2024-02-09,rw,5,14.24000,12.93000,True,9.73864,10.34142,10.89930,11.29706,11.59524,11.82813,12.02248,12.22907,12.43060,12.60939,12.78145,12.96268,13.13619,13.37068,13.60378,13.93176,14.30047,14.79629,15.43355,16.72941,18.19564
2024-02-20,2024-02-12,rw,5,15.42000,13.93000,True,10.49223,11.14140,11.74248,12.17078,12.49202,12.74305,12.95348,13.17489,13.39273,13.58519,13.77056,13.96680,14.15499,14.40408,14.65511,15.00923,15.40463,15.94015,16.62679,18.02287,19.60256
2024-02-21,2024-02-13,rw,5,15.34000,15.85000,True,11.93886,12.67723,13.36124,13.84832,14.21391,14.49960,14.74023,14.99094,15.23892,15.45855,15.66927,15.89400,16.10692,16.39087,16.67676,17.07942,17.53619,18.14003,18.92572,20.50656,22.30406
2024-02-22,2024-02-14,rw,5,14.54000,14.38000,True,10.83202,11.50167,12.12230,12.56397,12.89573,13.15499,13.37408,13.60092,13.82580,14.02550,14.21608,14.42208,14.61397,14.87168,15.13081,15.49692,15.91247,16.45740,17.16931,18.60429,20.23514
2024-02-23,2024-02-15,rw,5,13.75000,14.01000,True,10.55372,11.20590,11.81062,12.24071,12.56401,12.81664,13.03028,13.25127,13.47018,13.66494,13.85034,14.05163,14.23889,14.48967,14.74176,15.09882,15.50279,16.03346,16.72643,18.12521,19.71417
2024-02-26,2024-02-16,rw,5,13.74000,14.24000,True,10.72740,11.39005,12.00475,12.44168,12.77035,13.02803,13.24452,13.46918,13.69135,13.88977,14.07921,14.28240,14.47340,14.72765,14.98455,15.34780,15.75704,16.29619,16.99988,18.42237,20.03748
2024-02-27,2024-02-20,rw,5,13.43000,15.42000,True,11.61678,12.33408,12.99978,13.47268,13.82866,14.10865,14.34238,14.58579,14.82593,15.04278,15.24750,15.46627,15.67346,15.94815,16.22793,16.62093,17.06386,17.64605,18.40735,19.94851,21.69753
2024-02-28,2024-02-21,rw,5,13.84000,15.34000,True,11.55697,12.27028,12.93328,13.40280,13.75700,14.03650,14.26804,14.51060,14.74941,14.96245,15.16679,15.38572,15.59167,15.86536,16.14302,16.53424,16.97505,17.55397,18.31143,19.84459,21.58461
2024-02-29,2024-02-22,rw,5,13.40000,14.54000,True,10.95468,11.63055,12.25968,12.70384,13.03964,13.30547,13.52401,13.75418,13.98058,14.18388,14.37734,14.58369,14.77810,15.03791,15.30046,15.67152,16.08952,16.63801,17.35607,18.80927,20.45861
2024-03-01,2024-02-23,rw,5,13.11000,13.75000,True,10.35989,10.99880,11.59442,12.01362,12.33124,12.58313,12.78928,13.00710,13.22128,13.41505,13.59474,13.79104,13.97464,14.22081,14.46850,14.81968,15.21508,15.73355,16.41269,17.78693,19.34671
2024-03-04,2024-02-26,rw,5,13.49000,13.74000,True,10.35276,10.99097,11.58684,12.00512,12.32236,12.57457,12.78024,12.99785,13.21192,13.40308,13.58342,13.78088,13.96386,14.21041,14.45771,14.80855,15.20377,15.72172,16.40038,17.77361,19.33233
2024-03-05,2024-02-27,rw,5,14.46000,13.43000,True,10.11958,10.74316,11.32624,11.73397,12.04402,12.28880,12.49155,12.70420,12.91346,13.09933,13.27691,13.46989,13.64821,13.88946,14.13144,14.47409,14.86051,15.36669,16.02999,17.37223,18.89584
2024-03-06,2024-02-28,rw,5,14.50000,13.84000,True,10.42892,11.07131,11.67286,12.09220,12.41179,12.66112,12.87259,13.09139,13.30716,13.49885,13.68219,13.88031,14.06434,14.31301,14.56277,14.91561,15.31236,15.83548,16.51899,17.90220,19.47239
2024-03-07,2024-02-29,rw,5,14.44000,13.40000,True,10.09776,10.71950,11.30258,11.70778,12.01728,12.25952,12.46263,12.67442,12.88374,13.06898,13.24663,13.43738,13.61669,13.85752,14.09964,14.44121,14.82380,15.33172,15.99345,17.33268,18.85301
2024-03-08,2024-03-01,rw,5,14.74000,13.11000,True,9.87961,10.48767,11.05878,11.45442,11.75728,11.99510,12.19322,12.40052,12.60486,12.78525,12.95938,13.14505,13.32085,13.55700,13.79422,14.12848,14.50126,14.99960,15.64696,16.95720,18.44469
2024-03-11,2024-03-04,rw,5,15.22000,13.49000,True,10.16638,10.79183,11.38015,11.78644,12.09815,12.34370,12.54695,12.76038,12.97025,13.15659,13.33474,13.52480,13.70512,13.94929,14.19376,14.53779,14.91982,15.43404,16.10013,17.44834,18.97901
2024-03-12,2024-03-05,rw,5,13.84000,14.46000,True,10.89782,11.56800,12.19933,12.63396,12.96816,13.23226,13.44947,13.67838,13.90291,14.10342,14.29387,14.49896,14.69355,14.95364,15.21509,15.58292,15.99074,16.54348,17.25742,18.70256,20.34336
2024-03-13,2024-03-06,rw,5,13.75000,14.50000,True,10.92806,11.60022,12.23364,12.66928,13.00443,13.26949,13.48674,13.71644,13.94175,14.14276,14.33404,14.54124,14.73504,14.99592,15.25687,15.62536,16.03477,16.58885,17.30512,18.75304,20.39930
2024-03-14,2024-03-07,rw,5,14.40000,14.44000,True,10.88294,11.55244,12.18358,12.61722,12.95101,13.21519,13.43100,13.65991,13.88443,14.08457,14.27535,14.48286,14.67495,14.93441,15.19416,15.56104,15.96823,16.51981,17.23348,18.67419,20.31455
2024-03-15,2024-03-08,rw,5,14.41000,14.74000,True,11.10914,11.79267,12.43727,12.87973,13.22047,13.49038,13.71011,13.94391,14.17321,14.37877,14.57197,14.78384,14.98082,15.24479,15.51023,15.88488,16.30424,16.86261,17.59147,19.06088,20.73625
2024-03-18,2024-03-11,rw,5,14.33000,15.22000,True,11.47101,12.17692,12.84287,13.29954,13.65141,13.93033,14.15687,14.39804,14.63504,14.84902,15.04655,15.26547,15.46947,15.74131,16.01698,16.40285,16.84144,17.41131,18.16429,19.68027,21.41116
2024-03-19,2024-03-12,rw,5,13.82000,13.84000,True,10.43102,11.07304,11.67894,12.09402,12.41401,12.66771,12.87363,13.09262,13.30769,13.50042,13.68223,13.88118,14.06642,14.31400,14.56407,14.91540,15.31418,15.83224,16.51730,17.89466,19.46948
2024-03-20,2024-03-13,rw,5,13.04000,13.75000,True,10.36328,11.00125,11.60353,12.01573,12.33360,12.58578,12.79028,13.00788,13.22062,13.41141,13.59321,13.79085,13.97433,14.22088,14.46871,14.81819,15.21279,15.72891,16.40985,17.77710,19.34255
2024-03-21,2024-03-14,rw,5,12.92000,14.40000,True,10.85328,11.52152,12.15262,12.58402,12.91697,13.18120,13.39549,13.62415,13.84597,14.04626,14.23585,14.44214,14.63430,14.89308,15.15221,15.51847,15.93005,16.47217,17.18556,18.61622,20.25659
2024-03-22,2024-03-15,rw,5,13.06000,14.41000,True,10.86092,11.52974,12.16162,12.59287,12.92628,13.19082,13.40575,13.63496,13.85590,14.05791,14.24569,14.45040,14.64386,14.90337,15.16265,15.52903,15.93922,16.48354,17.19745,18.62790,20.27032
2024-03-25,2024-03-18,rw,5,13.19000,14.33000,True,10.80072,11.46595,12.09465,12.52307,12.85484,13.11784,13.33229,13.55677,13.77848,13.97756,14.16598,14.36846,14.56201,14.82039,15.07839,15.44266,15.84885,16.39196,17.10194,18.52324,20.15745
2024-03-26,2024-03-19,rw,5,13.24000,13.82000,True,10.41642,11.05809,11.66474,12.07748,12.39766,12.65123,12.85872,13.07558,13.28846,13.48192,13.66242,13.85579,14.04322,14.29246,14.54167,14.89291,15.28299,15.80850,16.49326,17.86281,19.43972
2024-03-27,2024-03-20,rw,5,12.78000,13.04000,True,9.82860,10.43416,11.00655,11.39592,11.69826,11.93742,12.13319,12.33882,12.53796,12.71906,12.89075,13.07255,13.24884,13.48535,13.72066,14.05221,14.42024,14.91621,15.56230,16.85350,18.34224
2024-03-28,2024-03-21,rw,5,13.01000,12.92000,True,9.73824,10.33834,10.90543,11.29115,11.59091,11.82689,12.02017,12.22303,12.42223,12.60166,12.77156,12.95158,13.12515,13.36070,13.59411,13.92275,14.28736,14.77888,15.41901,16.69729,18.17314
2024-04-01,2024-03-22,rw,5,13.65000,13.06000,True,9.84386,10.45056,11.02377,11.41360,11.71683,11.95378,12.14856,12.35471,12.55679,12.73770,12.90969,13.09132,13.26620,13.50484,13.74114,14.07317,14.44200,14.93896,15.58601,16.87709,18.36976
2024-04-02,2024-03-25,rw,5,14.61000,13.19000,True,9.94193,10.55479,11.13367,11.52733,11.83377,12.07319,12.26866,12.47756,12.68157,12.86359,13.03793,13.22125,13.39769,13.63861,13.87733,14.21280,14.58558,15.08752,15.74108,17.04394,18.55231
2024-04-03,2024-03-26,rw,5,14.33000,13.24000,True,9.97971,10.59500,11.17604,11.57115,11.87895,12.11939,12.31552,12.52495,12.72935,12.91167,13.08694,13.27110,13.44791,13.68962,13.92919,14.26623,14.64068,15.14454,15.80067,17.10740,18.62232
2024-04-04,2024-03-27,rw,5,16.35000,12.78000,True,9.63307,10.22709,10.78792,11.16925,11.46629,11.69873,11.88799,12.08984,12.28728,12.46358,12.63185,12.80974,12.98068,13.21331,13.44453,13.77014,14.13182,14.61821,15.25163,16.51193,17.97502
2024-04-05,2024-03-28,rw,5,16.03000,13.01000,True,9.80652,10.41134,10.98223,11.37039,11.67270,11.90950,12.10245,12.30747,12.50860,12.68861,12.85960,13.04062,13.21429,13.45041,13.68581,14.01795,14.38594,14.88112,15.52603,16.80796,18.29821
2024-04-08,2024-04-01,rw,5,15.19000,13.65000,True,10.28903,10.92371,11.52265,11.92986,12.24697,12.49560,12.69872,12.91401,13.12405,13.31346,13.49263,13.68246,13.86435,14.11344,14.35846,14.70753,15.09341,15.61299,16.28972,17.63361,19.19803
2024-04-09,2024-04-02,rw,5,14.98000,14.61000,True,11.01275,11.69219,12.33323,12.76902,13.10836,13.37467,13.59279,13.82362,14.04710,14.25012,14.44185,14.64549,14.84005,15.10742,15.36996,15.74242,16.15582,16.71085,17.43529,18.87252,20.54788
2024-04-10,2024-04-03,rw,5,15.80000,14.33000,True,10.80179,11.46833,12.09704,12.52444,12.85719,13.11860,13.33324,13.56003,13.77792,13.97735,14.16536,14.36562,14.55656,14.81920,15.07727,15.44218,15.84600,16.39040,17.10106,18.50958,20.15375
2024-04-11,2024-04-04,rw,5,14.91000,16.35000,True,12.32455,13.08500,13.80237,14.29078,14.66975,14.96809,15.21302,15.47155,15.72052,15.94979,16.16286,16.39252,16.61185,16.90920,17.20343,17.61950,18.08059,18.70205,19.51255,21.11613,22.99430
2024-04-12,2024-04-05,rw,5,17.31000,16.03000,True,12.08345,12.82896,13.53232,14.01193,14.38280,14.67539,14.91554,15.16880,15.41326,15.63974,15.84722,16.07363,16.28922,16.57885,16.86720,17.27532,17.73324,18.33660,19.13107,20.70027,22.54388
2024-04-15,2024-04-08,rw,5,19.23000,15.19000,True,11.45035,12.15676,12.82328,13.27848,13.62927,13.90661,14.13420,14.37400,14.60591,14.82153,15.01684,15.23362,15.43652,15.71020,15.98375,16.37092,16.80852,17.37565,18.12853,19.61311,21.36219
2024-04-16,2024-04-09,rw,5,18.40000,14.98000,True,11.29216,11.98875,12.64609,13.09570,13.44100,13.71459,13.93951,14.17543,14.40426,14.61775,14.80929,15.02448,15.22407,15.49295,15.76248,16.14420,16.57587,17.13536,17.87787,19.33955,21.06651
2024-04-17,2024-04-10,rw,5,18.21000,15.80000,True,11.91039,12.64508,13.33841,13.81339,14.17692,14.46611,14.70355,14.95156,15.19304,15.41895,15.62159,15.84702,16.05849,16.34113,16.62661,17.02916,17.48295,18.07327,18.85645,20.39566,22.21931
2024-04-18,2024-04-11,rw,5,18.00000,14.91000,True,11.23959,11.93285,12.58715,13.03608,13.37859,13.65004,13.87358,14.10906,14.33681,14.54920,14.74009,14.95429,15.15326,15.42060,15.68935,16.06954,16.49619,17.05514,17.79425,19.24440,20.96736
2024-04-19,2024-04-12,rw,5,18.71000,17.31000,True,13.04890,13.85369,14.61335,15.13520,15.53237,15.84750,16.10731,16.38032,16.64487,16.89231,17.11454,17.36153,17.59346,17.90289,18.21669,18.65760,19.14924,19.80030,20.65847,22.33931,24.34199
2024-04-22,2024-04-15,rw,5,16.94000,19.23000,True,14.49639,15.39040,16.23435,16.81445,17.25552,17.60558,17.89512,18.19740,18.49147,18.76706,19.01487,19.28762,19.54578,19.88876,20.23804,20.72882,21.27899,21.99712,22.95127,24.81408,27.04151
2024-04-23,2024-04-16,rw,5,15.69000,18.40000,True,13.87083,14.72620,15.53375,16.08916,16.51105,16.84661,17.12390,17.41227,17.69373,17.95796,18.19459,18.45558,18.70332,19.03046,19.36592,19.83594,20.36250,21.05000,21.96614,23.74011,25.87392
2024-04-24,2024-04-17,rw,5,15.97000,18.21000,True,13.72772,14.57420,15.37344,15.92347,16.34085,16.67355,16.94822,17.23290,17.51141,17.77252,18.00715,18.26531,18.51149,18.83615,19.16842,19.63325,20.15604,20.83527,21.73786,23.49205,25.60632
2024-04-25,2024-04-18,rw,5,15.37000,18.00000,True,13.56953,14.40620,15.19617,15.74029,16.15306,16.48217,16.75354,17.03460,17.31104,17.56757,17.79966,18.05494,18.29879,18.62125,18.94814,19.40883,19.92465,20.59788,21.50012,23.21825,25.31060
2024-04-26,2024-04-19,rw,5,15.03000,18.71000,True,14.10490,14.97452,15.79558,16.36162,16.79089,17.13323,17.41516,17.70752,17.99550,18.26108,18.50194,18.76717,19.02112,19.35650,19.69596,20.17585,20.71029,21.40971,22.34668,24.13108,26.30853
2024-04-29,2024-04-22,rw,5,14.67000,16.94000,True,12.77067,13.55797,14.30131,14.81420,15.20065,15.50987,15.76586,16.03110,16.29087,16.53303,16.75146,16.99171,17.22144,17.52497,17.83264,18.26674,18.75082,19.38373,20.23129,21.84553,23.81930
2024-04-30,2024-04-23,rw,5,15.65000,15.69000,True,11.82843,12.55759,13.24602,13.71886,14.07806,14.36412,14.60019,14.84754,15.08775,15.31306,15.51522,15.73775,15.95022,16.23147,16.51656,16.91843,17.36696,17.95297,18.73718,20.23103,22.06131
2024-05-01,2024-04-24,rw,5,15.39000,15.97000,True,12.03963,12.78175,13.48242,13.96408,14.32864,14.61968,14.85962,15.11219,15.35651,15.58584,15.79172,16.01839,16.23440,16.52008,16.81102,17.21994,17.67666,18.27297,19.07028,20.58951,22.45463
2024-05-02,2024-04-25,rw,5,14.68000,15.37000,True,11.58740,12.30159,12.97589,13.43556,13.79006,14.06960,14.30022,14.54424,14.77913,14.99922,15.19805,15.41633,15.62374,15.89813,16.17914,16.57258,17.01174,17.58608,18.35257,19.81350,21.61064
2024-05-03,2024-04-26,rw,5,13.49000,15.03000,True,11.33117,12.02953,12.68854,13.13581,13.48386,13.75691,13.98154,14.22222,14.45173,14.66617,14.86029,15.07500,15.27740,15.54519,15.82076,16.20535,16.63463,17.19670,17.94540,19.37279,21.13224
2024-05-06,2024-04-29,rw,5,13.49000,14.67000,True,11.05987,11.74145,12.38470,12.82045,13.15951,13.42568,13.64554,13.87901,14.10501,14.31353,14.50282,14.71368,14.91090,15.17263,15.44096,15.81657,16.23544,16.78445,17.51439,18.90643,20.62573
2024-05-07,2024-04-30,rw,5,13.23000,15.65000,True,11.79881,12.52588,13.21213,13.67701,14.03896,14.32323,14.55753,14.80764,15.04767,15.27090,15.47329,15.69652,15.90651,16.18615,16.47155,16.87251,17.31919,17.90532,18.68316,20.16693,22.00323
2024-05-08,2024-05-01,rw,5,13.00000,15.39000,True,11.60289,12.31784,12.99271,13.44991,13.80608,14.08593,14.31609,14.56307,14.79808,15.01578,15.21462,15.43567,15.64178,15.91718,16.19701,16.59155,17.03066,17.60748,18.37154,19.82942,21.63732
2024-05-09,2024-05-02,rw,5,12.69000,14.68000,True,11.06785,11.74967,12.39332,12.82955,13.16951,13.43656,13.65661,13.89128,14.11482,14.32067,14.51266,14.72176,14.91951,15.18282,15.44959,15.82563,16.24471,16.79478,17.52359,18.91444,20.63791
2024-05-10,2024-05-03,rw,5,12.55000,13.49000,True,10.17088,10.79731,11.38869,11.78968,12.10228,12.34577,12.54819,12.76408,12.97027,13.15795,13.33618,13.52671,13.70949,13.95202,14.19704,14.54232,14.92762,15.43298,16.10271,17.38102,18.96384
2024-05-13,2024-05-06,rw,5,13.60000,13.49000,True,10.17111,10.79741,11.38870,11.78981,12.10260,12.34635,12.54745,12.76173,12.97022,13.15758,13.33560,13.52536,13.70893,13.95198,14.19687,14.54188,14.92738,15.43261,16.10234,17.38086,18.96274
2024-05-14,2024-05-07,rw,5,13.42000,13.23000,True,9.97530,10.58940,11.16921,11.56194,11.86808,12.10670,12.30547,12.51551,12.72003,12.90342,13.07800,13.26344,13.44420,13.68302,13.92277,14.26117,14.63944,15.13480,15.79163,17.04571,18.59618
2024-05-15,2024-05-08,rw,5,12.45000,13.00000,True,9.80209,10.40540,10.97505,11.35999,11.66056,11.89356,12.09101,12.29773,12.49860,12.67821,12.85038,13.03198,13.20997,13.44510,13.68012,14.01285,14.38470,14.87133,15.51674,16.74922,18.27183
2024-05-16,2024-05-09,rw,5,12.42000,12.69000,True,9.56856,10.15736,10.71334,11.08747,11.38111,11.60883,11.80148,12.00411,12.19952,12.37527,12.54370,12.72063,12.89323,13.12433,13.35331,13.67832,14.04002,14.51635,15.14638,16.34966,17.83508
2024-05-17,2024-05-10,rw,5,11.99000,12.55000,True,9.46321,10.04539,10.59516,10.96527,11.25590,11.48088,11.67209,11.87100,12.06425,12.23835,12.40492,12.57982,12.74928,12.97911,13.20557,13.52703,13.88348,14.35595,14.97894,16.16913,17.63729
2024-05-20,2024-05-13,rw,5,12.15000,13.60000,True,10.25518,10.88594,11.48161,11.88303,12.19799,12.44157,12.64895,12.86462,13.07398,13.26262,13.44320,13.63296,13.81473,14.06454,14.31034,14.65837,15.04326,15.55698,16.23179,17.52177,19.11181
2024-05-21,2024-05-14,rw,5,11.86000,13.42000,True,10.11967,10.74196,11.32966,11.72609,12.03692,12.27782,12.48184,12.69468,12.90168,13.08748,13.26555,13.45329,13.63131,13.87785,14.12086,14.46401,14.84240,15.35102,16.01659,17.28970,18.85776
2024-05-22,2024-05-15,rw,5,12.29000,12.45000,True,9.38842,9.96562,10.51076,10.87885,11.16723,11.39122,11.57994,11.77731,11.96812,12.14108,12.30646,12.48030,12.64550,12.87415,13.10013,13.41822,13.76796,14.24138,14.85856,16.03985,17.49370
2024-05-23,2024-05-16,rw,5,12.77000,12.42000,True,9.36601,9.94170,10.48549,10.85295,11.14060,11.36462,11.55209,11.74912,11.93996,12.11215,12.27642,12.44965,12.61503,12.84251,13.06830,13.38557,13.73461,14.20700,14.82273,16.00105,17.45054
2024-05-24,2024-05-17,rw,5,11.93000,11.99000,True,9.04194,9.59759,10.12252,10.47751,10.75517,10.97198,11.15220,11.34245,11.52593,11.69243,11.85101,12.01835,12.17827,12.39726,12.61559,12.92183,13.25894,13.71507,14.30951,15.44692,16.84539
2024-05-28,2024-05-20,rw,5,12.92000,12.15000,True,9.16280,9.72575,10.25765,10.61764,10.89747,11.11591,11.30081,11.49354,11.67973,11.84777,12.00873,12.17849,12.34038,12.56204,12.78368,13.09408,13.43570,13.89803,14.50044,15.65290,17.06919
2024-05-29,2024-05-21,rw,5,14.28000,11.86000,True,8.94430,9.49370,10.01287,10.36437,10.63633,10.84955,11.03045,11.21881,11.40030,11.56355,11.72169,11.88753,12.04504,12.26157,12.47802,12.78137,13.11485,13.56619,14.15430,15.27915,16.66081
2024-05-30,2024-05-22,rw,5,14.47000,12.29000,True,9.26879,9.83799,10.37596,10.74024,11.02204,11.24303,11.43065,11.62581,11.81430,11.98402,12.14659,12.31822,12.48093,12.70469,12.92974,13.24459,13.59018,14.05789,14.66746,15.83297,17.26387
2024-05-31,2024-05-23,rw,5,12.92000,12.77000,True,9.63101,10.22232,10.78126,11.15981,11.45286,11.68227,11.87738,12.08007,12.27573,12.45292,12.62108,12.79972,12.96967,13.19906,13.43401,13.76168,14.12076,14.60677,15.24028,16.45119,17.93708
2024-06-03,2024-05-24,rw,5,13.11000,11.93000,True,8.99769,9.54999,10.07213,10.42581,10.69983,10.91463,11.09629,11.28564,11.46825,11.63409,11.79129,11.95746,12.11574,12.32914,12.54971,12.85631,13.19172,13.64579,14.23776,15.36890,16.75622
2024-06-04,2024-05-28,rw,5,13.16000,12.92000,True,9.74457,10.34258,10.90801,11.29109,11.58810,11.82125,12.01717,12.22224,12.42028,12.59995,12.77023,12.95014,13.12244,13.35568,13.59278,13.92304,14.28622,14.77801,15.41923,16.64412,18.14567
2024-06-05,2024-05-29,rw,5,12.63000,14.28000,True,10.77055,11.43137,12.05629,12.47973,12.80828,13.06657,13.28220,13.50884,13.72846,13.92706,14.11492,14.31367,14.50423,14.76406,15.02497,15.38915,15.79090,16.33453,17.04298,18.39596,20.05457
2024-06-06,2024-05-30,rw,5,12.58000,14.47000,True,10.91409,11.58358,12.21676,12.64588,12.97910,13.24141,13.45900,13.68864,13.91191,14.11317,14.30317,14.50447,14.69722,14.96195,15.22561,15.59457,16.00180,16.55227,17.26935,18.64055,20.32023
2024-06-07,2024-05-31,rw,5,12.22000,12.92000,True,9.74521,10.34356,10.90824,11.29140,11.58910,11.82357,12.01764,12.22354,12.42188,12.60169,12.77130,12.95151,13.12288,13.35855,13.59439,13.92391,14.28754,14.77916,15.41946,16.64375,18.14251
2024-06-10,2024-06-03,rw,5,12.74000,13.11000,True,9.88874,10.49649,11.06877,11.45758,11.75983,11.99800,12.19472,12.40453,12.60475,12.78730,12.95938,13.14286,13.31615,13.55626,13.79470,14.12955,14.49747,14.99643,15.64618,16.88846,18.40824
2024-06-11,2024-06-04,rw,5,12.85000,13.16000,True,9.92667,10.53733,11.11110,11.50140,11.80498,12.04432,12.24158,12.45290,12.65293,12.83749,13.00937,13.19450,13.36778,13.60731,13.84723,14.18310,14.55258,15.05356,15.70582,16.95281,18.47737
2024-06-12,2024-06-05,rw,5,12.04000,12.63000,True,9.52710,10.11374,10.66372,11.03832,11.32833,11.55764,11.74778,11.94935,12.14315,12.31906,12.48489,12.66192,12.82887,13.05861,13.28935,13.61157,13.96632,14.44724,15.07326,16.27001,17.73219
2024-06-13,2024-06-06,rw,5,11.94000,12.58000,True,9.48959,10.07448,10.62161,10.99398,11.28212,11.50931,11.70095,11.90066,12.09480,12.26994,12.43522,12.61095,12.77754,13.00624,13.23647,13.55749,13.91086,14.38998,15.01356,16.20555,17.66096
2024-06-14,2024-06-07,rw,5,12.66000,12.22000,True,9.21824,9.78694,10.31776,10.67946,10.95959,11.18078,11.36616,11.56002,11.74769,11.91820,12.07911,12.24949,12.41189,12.63307,12.85742,13.16933,13.51258,13.97812,14.58388,15.74174,17.15457
2024-06-17,2024-06-10,rw,5,12.75000,12.74000,True,9.61071,10.20419,10.75693,11.13401,11.42630,11.65743,11.84998,12.05198,12.24829,12.42449,12.59272,12.77027,12.94005,13.16883,13.40412,13.72954,14.08739,14.57284,15.20444,16.41155,17.88351
2024-06-18,2024-06-11,rw,5,12.30000,12.85000,True,9.69391,10.29309,10.84991,11.23027,11.52531,11.75896,11.95264,12.15609,12.35448,12.53248,12.70104,12.88027,13.05135,13.28071,13.51913,13.84789,14.20882,14.69850,15.33569,16.55320,18.03687
2024-06-20,2024-06-12,rw,5,13.28000,12.04000,True,9.08305,9.64501,10.16609,10.52248,10.79914,11.01825,11.19953,11.39034,11.57498,11.74168,11.90001,12.06812,12.22785,12.44248,12.66628,12.97485,13.31297,13.77182,14.36897,15.50971,16.89893
2024-06-21,2024-06-13,rw,5,13.20000,11.94000,True,9.00781,9.56564,10.08176,10.43520,10.70977,10.92724,11.10683,11.29685,11.47786,11.64374,11.80076,11.96758,12.12549,12.33893,12.56041,12.86695,13.20221,13.65728,14.24960,15.38085,16.75760
2024-06-24,2024-06-14,rw,5,13.33000,12.66000,True,9.55121,10.14325,10.68978,11.06458,11.35588,11.58671,11.77696,11.97925,12.17068,12.34620,12.51280,12.68963,12.85795,13.08408,13.31726,13.64271,13.99824,14.48067,15.10880,16.30828,17.76708
2024-06-25,2024-06-17,rw,5,12.84000,12.75000,True,9.61932,10.21615,10.76584,11.14335,11.43690,11.66963,11.86106,12.06495,12.25790,12.43464,12.60220,12.77952,12.94850,13.17619,13.41137,13.73955,14.09766,14.58345,15.21613,16.42416,17.89235
2024-06-26,2024-06-18,rw,5,12.55000,12.30000,True,9.28002,9.85634,10.38594,10.75018,11.03353,11.25815,11.44280,11.63917,11.82426,11.99505,12.15699,12.32817,12.49072,12.71092,12.93749,13.25421,13.60001,14.06858,14.67902,15.84443,17.25985
2024-06-27,2024-06-20,rw,5,12.24000,13.28000,True,10.01962,10.64246,11.21352,11.60720,11.91293,12.15557,12.35496,12.56657,12.76708,12.95136,13.12606,13.31083,13.48720,13.72458,13.96964,14.31098,14.68350,15.18942,15.84849,17.10678,18.63394
2024-06-28,2024-06-21,rw,5,12.44000,13.20000,True,9.95948,10.57917,11.14604,11.53798,11.84147,12.08277,12.28103,12.49098,12.69089,12.87408,13.04740,13.23101,13.40727,13.64539,13.88711,14.22527,14.59495,15.09789,15.75293,17.00367,18.52061
2024-07-01,2024-06-24,rw,5,12.22000,13.33000,True,10.05779,10.68419,11.25589,11.65231,11.95842,12.20220,12.40247,12.61413,12.81607,13.00142,13.17632,13.36164,13.53932,13.78196,14.02531,14.36516,14.73829,15.24657,15.90800,17.17107,18.70192
2024-07-02,2024-06-25,rw,5,12.03000,12.84000,True,9.68829,10.29224,10.84220,11.22466,11.51914,11.75388,11.94696,12.15058,12.34515,12.52379,12.69222,12.87105,13.04162,13.27465,13.50933,13.83697,14.19614,14.68609,15.32316,16.53982,18.01341
2024-07-03,2024-06-26,rw,5,12.09000,12.55000,True,9.46968,10.06056,10.59740,10.97181,11.25928,11.48863,11.67734,11.87643,12.06644,12.24152,12.40581,12.58107,12.74707,12.97321,13.20351,13.52431,13.87513,14.35438,14.97700,16.16621,17.60554
2024-07-05,2024-06-27,rw,5,12.48000,12.24000,True,9.23597,9.81281,10.33570,10.70144,10.98146,11.20506,11.38816,11.58269,11.76819,11.93850,12.09913,12.26973,12.43220,12.65101,12.87668,13.19011,13.53203,13.99979,14.60698,15.76683,17.16966
2024-07-08,2024-06-28,rw,5,12.37000,12.44000,True,9.38709,9.97392,10.50465,10.87695,11.16119,11.38837,11.57471,11.77171,11.96020,12.13323,12.29658,12.46964,12.63534,12.85595,13.08639,13.40549,13.75276,14.22853,14.84558,16.02441,17.44920
2024-07-09,2024-07-01,rw,5,12.51000,12.22000,True,9.22124,9.79798,10.31895,10.68490,10.96386,11.18716,11.36895,11.56345,11.74769,11.91782,12.07873,12.24887,12.41107,12.62837,12.85442,13.16800,13.50941,13.97677,14.58256,15.73959,17.14053
2024-07-10,2024-07-02,rw,5,12.85000,12.03000,True,9.07803,9.64608,10.15858,10.51907,10.79344,11.01341,11.19263,11.38265,11.56438,11.73178,11.89055,12.05818,12.21729,12.43181,12.65402,12.96285,13.29923,13.75933,14.35535,15.49345,16.87394
2024-07-11,2024-07-03,rw,5,12.92000,12.09000,True,9.12346,9.69463,10.20932,10.57183,10.84732,11.06853,11.24890,11.44039,11.62239,11.78991,11.94943,12.11803,12.27746,12.49361,12.71660,13.02709,13.36542,13.82782,14.42647,15.56931,16.95801
2024-07-12,2024-07-05,rw,5,12.46000,12.48000,True,9.41793,10.00781,10.53873,10.91316,11.19728,11.42578,11.61207,11.80948,11.99798,12.17055,12.33533,12.50929,12.67472,12.89652,13.12649,13.44689,13.79643,14.27375,14.89136,16.07009,17.50496
2024-07-15,2024-07-08,rw,5,13.12000,12.37000,True,9.33508,9.92005,10.44592,10.81728,11.09864,11.32568,11.50993,11.70544,11.89290,12.06381,12.22700,12.39875,12.56217,12.78275,13.01058,13.32837,13.67469,14.14781,14.75962,15.92699,17.35058
2024-07-16,2024-07-09,rw,5,13.19000,12.51000,True,9.44090,10.03278,10.56421,10.94002,11.22438,11.45449,11.64040,11.83798,12.02769,12.20104,12.36577,12.53942,12.70560,12.92720,13.15761,13.47921,13.82884,14.30780,14.92617,16.10579,17.54686
2024-07-17,2024-07-10,rw,5,14.48000,12.85000,True,9.69766,10.30593,10.85141,11.23766,11.52957,11.76644,11.95719,12.15985,12.35477,12.53322,12.70211,12.88053,13.05178,13.27886,13.51573,13.84555,14.20405,14.69650,15.33133,16.54201,18.02367
2024-07-18,2024-07-11,rw,5,15.93000,12.92000,True,9.75066,10.36254,10.91060,11.29919,11.59251,11.83118,12.02314,12.22623,12.42218,12.60179,12.77156,12.95131,13.12288,13.35147,13.59057,13.92097,14.28079,14.77634,15.41434,16.63061,18.12176
2024-07-19,2024-07-12,rw,5,16.52000,12.46000,True,9.40366,9.99405,10.52222,10.89720,11.17990,11.41028,11.59586,11.79113,11.97994,12.15355,12.31739,12.48966,12.65566,12.87593,13.10614,13.42519,13.77172,14.25004,14.86505,16.03704,17.47647
2024-07-22,2024-07-15,rw,5,14.91000,13.12000,True,9.90194,10.52391,11.07965,11.47473,11.77223,12.01504,12.21091,12.41602,12.61454,12.79905,12.97040,13.15193,13.32602,13.55835,13.80172,14.13618,14.50056,15.00463,15.65193,16.88498,18.40210
2024-07-23,2024-07-16,rw,5,14.72000,13.19000,True,9.95494,10.58054,11.13883,11.53627,11.83525,12.07950,12.27662,12.48257,12.68218,12.86908,13.03964,13.22293,13.39797,13.63183,13.87708,14.21146,14.57781,15.08447,15.73483,16.97352,18.50019
2024-07-24,2024-07-17,rw,5,18.04000,14.48000,True,10.92874,11.61586,12.22828,12.66488,12.99300,13.26128,13.47790,13.70417,13.92289,14.12887,14.31499,14.51780,14.70992,14.96888,15.23551,15.60183,16.00581,16.55950,17.27305,18.63186,20.30944
2024-07-25,2024-07-18,rw,5,18.46000,15.93000,True,12.02334,12.77963,13.45287,13.93350,14.29436,14.58939,14.82823,15.07769,15.31745,15.54491,15.75013,15.97357,16.18621,16.47023,16.76188,17.16418,17.61052,18.21923,19.00858,20.49576,22.34307
2024-07-26,2024-07-19,rw,5,16.39000,16.52000,True,12.46886,13.25355,13.95120,14.44985,14.82405,15.12990,15.37786,15.63738,15.88507,16.12168,16.33519,16.56767,16.78746,17.08187,17.38292,17.80102,18.26381,18.89500,19.71513,21.28042,23.17048
2024-07-29,2024-07-22,rw,5,16.60000,14.91000,True,11.25387,11.96244,12.59161,13.04181,13.37958,13.65552,13.87944,14.11384,14.33723,14.55134,14.74355,14.95428,15.15226,15.41848,15.69005,16.06736,16.48566,17.05338,17.79366,19.20642,20.91224
2024-07-30,2024-07-23,rw,5,17.69000,14.72000,True,11.11066,11.81054,12.43122,12.87583,13.20962,13.48164,13.70283,13.93415,14.15483,14.36637,14.55602,14.76381,14.96016,15.22309,15.49138,15.86311,16.27599,16.83591,17.56682,18.96161,20.64565
2024-07-31,2024-07-24,rw,5,16.36000,18.04000,True,13.61683,14.47498,15.23508,15.78015,16.18962,16.52236,16.79384,17.07710,17.34774,17.60661,17.83922,18.09401,18.33541,18.65762,18.98589,19.44175,19.94792,20.63373,21.52968,23.23820,25.30201
2024-08-01,2024-07-25,rw,5,18.59000,18.46000,True,13.93410,14.81266,15.58986,16.14780,16.56720,16.90704,17.18545,17.47601,17.75262,18.01666,18.25472,18.51572,18.76314,19.09213,19.43014,19.89562,20.41342,21.11470,22.03088,23.77914,25.89095
2024-08-02,2024-07-26,rw,5,23.39000,16.39000,True,12.37182,13.15225,13.84177,14.33731,14.71005,15.01119,15.25893,15.51769,15.76338,15.99693,16.20787,16.43914,16.65864,16.95118,17.25040,17.66421,18.12415,18.74681,19.56042,21.11261,22.98757
2024-08-05,2024-07-29,rw,5,38.57000,16.60000,True,12.53056,13.32137,14.01919,14.52125,14.89913,15.20355,15.45500,15.71787,15.96680,16.20247,16.41566,16.65018,16.87285,17.16849,17.47368,17.89183,18.35728,18.98679,19.81100,21.38305,23.28199
2024-08-06,2024-07-30,rw,5,27.71000,17.69000,True,13.35358,14.19639,14.94002,15.47485,15.87745,16.20204,16.47005,16.75038,17.01761,17.26686,17.49381,17.74376,17.98204,18.29592,18.62182,19.06826,19.57194,20.23482,21.11225,22.78505,24.81063
2024-08-07,2024-07-31,rw,5,27.85000,16.36000,True,12.34982,13.12933,13.81704,14.31149,14.68372,14.98370,15.23081,15.48948,15.73524,15.96809,16.17833,16.40950,16.62930,16.92032,17.22146,17.63414,18.09831,18.71328,19.52491,21.07007,22.94516
2024-08-08,2024-08-01,rw,5,23.79000,18.59000,True,14.03345,14.91928,15.70071,16.26236,16.68523,17.02612,17.30753,17.60219,17.88215,18.14521,18.38383,18.64655,18.89527,19.22663,19.56854,20.03725,20.56281,21.26380,22.18626,23.93991,26.07264
2024-08-09,2024-08-02,rw,5,20.37000,23.39000,True,17.65724,18.77188,19.75506,20.46148,20.99342,21.42234,21.77686,22.14770,22.50253,22.83102,23.13092,23.46141,23.77557,24.19114,24.62220,25.21306,25.88182,26.75541,27.91884,30.13108,32.83895
2024-08-12,2024-08-05,rw,5,20.71000,38.57000,True,29.11722,30.95540,32.57662,33.74110,34.61805,35.32575,35.91046,36.52239,37.11178,37.64994,38.14416,38.68789,39.20857,39.89131,40.60256,41.58002,42.68178,44.12209,46.05765,49.69364,54.24042
2024-08-13,2024-08-06,rw,5,18.12000,27.71000,True,20.91916,22.23988,23.40460,24.24090,24.87180,25.37951,25.79967,26.23987,26.66359,27.05058,27.40505,27.79533,28.16997,28.65947,29.17161,29.87575,30.66982,31.70307,33.10069,35.76541,38.99340
2024-08-14,2024-08-07,rw,5,16.19000,27.85000,True,21.02522,22.35272,23.52330,24.36367,24.99848,25.50803,25.93042,26.37407,26.79954,27.18843,27.54443,27.93685,28.31311,28.80796,29.32328,30.02977,30.82745,31.86704,33.27183,36.00429,39.26576
2024-08-15,2024-08-08,rw,5,15.23000,23.79000,True,17.96046,19.09452,20.09443,20.81241,21.35504,21.78970,22.15065,22.53062,22.89333,23.22520,23.52976,23.86625,24.18564,24.61115,25.04923,25.65385,26.33432,27.22599,28.43058,30.75349,33.53771
2024-08-16,2024-08-09,rw,5,14.80000,20.37000,True,15.37877,16.34988,17.20603,17.81941,18.28285,18.65661,18.96560,19.28946,19.60122,19.88606,20.14650,20.43367,20.70874,21.07213,21.44812,21.96538,22.54846,23.31134,24.34256,26.33067,28.71310
2024-08-19,2024-08-12,rw,5,14.65000,20.71000,True,15.62410,16.61205,17.49021,18.11558,18.58801,18.96776,19.28151,19.61018,19.92701,20.21663,20.48208,20.77407,21.05437,21.42211,21.80603,22.33147,22.92472,23.69972,24.74795,26.76836,29.18901
2024-08-20,2024-08-13,rw,5,15.88000,18.12000,True,13.66000,14.51783,15.30216,15.84816,16.26075,16.59544,16.86872,17.15647,17.43127,17.68713,17.91994,18.17548,18.42078,18.74154,19.07776,19.53822,20.05748,20.73520,21.65220,23.41913,25.53569
2024-08-21,2024-08-14,rw,5,16.27000,16.19000,True,12.19782,12.95954,13.67144,14.15792,14.52739,14.82736,15.07106,15.32663,15.57174,15.80269,16.01067,16.23947,16.45828,16.74473,17.04468,17.45674,17.92088,18.52609,19.34529,20.92331,22.81321
2024-08-22,2024-08-15,rw,5,17.55000,15.23000,True,11.45987,12.18936,12.85999,13.31613,13.66516,13.94692,14.17665,14.41690,14.64640,14.86510,15.06109,15.27649,15.48179,15.75178,16.03300,16.42099,16.85802,17.42705,18.19755,19.68132,21.45801
2024-08-23,2024-08-16,rw,5,15.86000,14.80000,True,11.13433,11.84313,12.49589,12.93574,13.27883,13.55127,13.77492,14.00927,14.23192,14.44478,14.63565,14.84504,15.04397,15.30699,15.57997,15.95673,16.38184,16.93461,17.68314,19.12436,20.84978
2024-08-26,2024-08-19,rw,5,16.15000,14.65000,True,11.01671,11.71909,12.36841,12.80342,13.14401,13.41224,13.63335,13.86522,14.08721,14.29805,14.48720,14.69439,14.89080,15.15180,15.42203,15.79439,16.21559,16.76262,17.50330,18.92926,20.63609
2024-08-27,2024-08-20,rw,5,15.43000,15.88000,True,11.94210,12.70321,13.40692,13.87854,14.24603,14.53757,14.77615,15.02803,15.26952,15.49850,15.70342,15.92786,16.14053,16.42389,16.71680,17.11980,17.57621,18.16961,18.97218,20.51717,22.36611
2024-08-28,2024-08-21,rw,5,17.11000,16.27000,True,12.23584,13.01539,13.73626,14.21954,14.59630,14.89485,15.13957,15.39749,15.64483,15.87913,16.08920,16.31935,16.53643,16.82720,17.12722,17.53972,18.00702,18.61545,19.43744,21.01964,22.91277
2024-08-29,2024-08-22,rw,5,15.65000,17.55000,True,13.19895,14.03956,14.81700,15.33839,15.74505,16.06694,16.33174,16.61006,16.87599,17.12851,17.35511,17.60351,17.83820,18.15113,18.47486,18.92167,19.42602,20.08273,20.96588,22.67179,24.71254
2024-08-30,2024-08-23,rw,5,15.00000,15.86000,True,11.92838,12.68780,13.39025,13.86151,14.22924,14.52001,14.76005,15.01178,15.25123,15.47964,15.68410,15.90845,16.12145,16.40334,16.69691,17.09891,17.55513,18.14829,18.94627,20.48721,22.33025
2024-09-03,2024-08-26,rw,5,20.72000,16.15000,True,12.14694,12.92000,13.63516,14.11512,14.48981,14.78576,15.03096,15.28750,15.53043,15.76324,15.97112,16.19939,16.41738,16.70339,17.00470,17.41361,17.87589,18.47958,19.29202,20.86042,22.73595
2024-09-04,2024-08-27,rw,5,21.32000,15.43000,True,11.60549,12.34423,13.02741,13.48665,13.84389,14.12735,14.36150,14.60612,14.83941,15.05984,15.25887,15.47714,15.68473,15.95866,16.24558,16.63663,17.07814,17.65535,18.43191,19.92794,21.72197
2024-09-05,2024-08-28,rw,5,19.90000,17.11000,True,12.86918,13.68852,14.44597,14.95597,15.35126,15.66637,15.92589,16.19661,16.45660,16.70012,16.92048,17.16245,17.39352,17.69751,18.01325,18.44728,18.93670,19.57723,20.43872,22.09493,24.08664
2024-09-06,2024-08-29,rw,5,22.38000,15.65000,True,11.77114,12.52071,13.21342,13.68060,14.04046,14.32775,14.56528,14.81423,15.05030,15.27444,15.47643,15.69782,15.90873,16.18625,16.47514,16.87251,17.32001,17.90633,18.69464,20.20705,22.03096
2024-09-09,2024-08-30,rw,5,19.45000,15.00000,True,11.28232,12.00091,12.66475,13.11319,13.45767,13.73290,13.96107,14.19696,14.42424,14.63964,14.83343,15.04580,15.24727,15.51392,15.79051,16.17110,16.59987,17.16225,17.91816,19.36537,21.11559
2024-09-10,2024-09-03,rw,5,19.08000,20.72000,True,15.58476,16.57756,17.49442,18.11478,18.59002,18.97075,19.28577,19.61231,19.92511,20.22262,20.49020,20.78333,21.06304,21.43122,21.81428,22.34030,22.93427,23.70997,24.75552,26.74671,29.16718
2024-09-11,2024-09-04,rw,5,17.69000,21.32000,True,16.03617,17.05793,18.00120,18.64046,19.12843,19.52115,19.84514,20.18146,20.50396,20.80895,21.08385,21.38565,21.67390,22.05512,22.44837,22.98923,23.59964,24.40034,25.48066,27.56420,30.01130
2024-09-12,2024-09-05,rw,5,17.07000,19.90000,True,14.96821,15.92210,16.80242,17.39979,17.85448,18.22195,18.52406,18.83751,19.14006,19.42362,19.68029,19.96206,20.23091,20.58731,20.95341,21.45956,22.02838,22.77606,23.78266,25.72658,28.01196
2024-09-13,2024-09-06,rw,5,16.56000,22.38000,True,16.83371,17.90670,18.89658,19.56876,20.07965,20.49394,20.83298,21.18534,21.52784,21.84488,22.13370,22.45173,22.75219,23.15410,23.56688,24.13553,24.77490,25.61493,26.75441,28.95376,31.62252
2024-09-16,2024-09-09,rw,5,17.14000,19.45000,True,14.62994,15.56264,16.42280,17.00729,17.45089,17.81140,18.10587,18.41256,18.71203,18.98554,19.23659,19.51438,19.77451,20.12423,20.48430,20.97819,21.53280,22.26204,23.25547,25.18387,27.47933
2024-09-17,2024-09-10,rw,5,17.61000,19.08000,True,14.35174,15.26688,16.11055,16.68423,17.11900,17.47309,17.76064,18.06132,18.35221,18.62367,18.87002,19.14152,19.39732,19.74063,20.09310,20.57830,21.12313,21.83842,22.81267,24.70333,26.95349
2024-09-18,2024-09-11,rw,5,18.23000,17.69000,True,13.30630,14.15494,14.93551,15.46513,15.87157,16.19831,16.46500,16.74468,17.01290,17.26630,17.49469,17.74552,17.98418,18.30178,18.62844,19.07840,19.58386,20.24736,21.15036,22.90230,24.98703
2024-09-19,2024-09-12,rw,5,16.33000,17.07000,True,12.84003,13.65909,14.41219,14.91899,15.31400,15.62804,15.88578,16.15539,16.41496,16.66043,16.88092,17.12293,17.35385,17.65983,17.97472,18.40901,18.89708,19.53761,20.40872,22.09831,24.10851
2024-09-20,2024-09-13,rw,5,16.15000,16.56000,True,12.44288,13.24655,13.98080,14.47237,14.85490,15.16034,15.40897,15.67149,15.92401,16.16216,16.37634,16.61082,16.83512,17.13185,17.43689,17.85860,18.33210,18.95378,19.79861,21.43681,23.38554
2024-09-23,2024-09-16,rw,5,15.89000,17.14000,True,12.87916,13.71072,14.47054,14.97941,15.37353,15.69045,15.94798,16.21968,16.48124,16.72823,16.94966,17.19238,17.42427,17.73151,18.04728,18.48367,18.97376,19.61755,20.49167,22.18630,24.20182
2024-09-24,2024-09-17,rw,5,15.39000,17.61000,True,13.23281,14.08690,14.86742,15.39033,15.79557,16.12101,16.38400,16.66410,16.93269,17.18639,17.41431,17.66377,17.90156,18.21657,18.54209,18.99010,19.49363,20.15543,21.05320,22.79332,24.86261
2024-09-25,2024-09-18,rw,5,15.41000,18.23000,True,13.69921,14.58309,15.39094,15.93235,16.35211,16.68891,16.96152,17.25099,17.52918,17.79204,18.02756,18.28573,18.53261,18.85640,19.19483,19.65825,20.17986,20.86499,21.79403,23.59441,25.73500
2024-09-26,2024-09-19,rw,5,15.37000,16.33000,True,12.27188,13.06339,13.78691,14.27198,14.64821,14.94978,15.19422,15.45320,15.70171,15.93698,16.14854,16.37987,16.60060,16.88975,17.19387,17.60897,18.07656,18.69031,19.52223,21.13406,23.05015
2024-09-27,2024-09-20,rw,5,16.96000,16.15000,True,12.13706,12.91960,13.63502,14.11481,14.48712,14.78525,15.02701,15.28322,15.52900,15.76020,15.97041,16.19924,16.41700,16.70334,17.00328,17.41445,17.87723,18.48424,19.30669,20.89987,22.79346
2024-09-30,2024-09-23,rw,5,16.73000,15.89000,True,11.94211,12.71180,13.41557,13.88773,14.25426,14.54747,14.78414,15.03668,15.27844,15.50508,15.71315,15.93824,16.15194,16.43437,16.72849,17.13368,17.58935,18.18661,18.99553,20.56218,22.42393
2024-10-01,2024-09-24,rw,5,19.26000,15.39000,True,11.56676,12.31200,12.99350,13.44991,13.80430,14.08899,14.31761,14.56323,14.79708,15.01578,15.21856,15.43652,15.64296,15.91718,16.20109,16.59415,17.03580,17.61429,18.39748,19.91398,21.71584
2024-10-02,2024-09-25,rw,5,18.90000,15.41000,True,11.58222,12.32823,13.01052,13.46735,13.82056,14.10649,14.33515,14.58205,14.81626,15.03280,15.23797,15.45627,15.66282,15.93782,16.22210,16.61506,17.05771,17.63706,18.42071,19.93943,21.74156
2024-10-03,2024-09-26,rw,5,20.49000,15.37000,True,11.55258,12.29646,12.97688,13.43240,13.78511,14.07014,14.29839,14.54292,14.77765,14.99168,15.19805,15.41585,15.62169,15.89641,16.17995,16.57128,17.01321,17.59116,18.37221,19.88725,21.68264
2024-10-04,2024-09-27,rw,5,19.21000,16.96000,True,12.74815,13.56877,14.31947,14.82196,15.21162,15.52597,15.77804,16.04872,16.30652,16.54436,16.77067,17.01100,17.23851,17.54095,17.85369,18.28484,18.77295,19.41080,20.27204,21.94408,23.92292
2024-10-07,2024-09-30,rw,5,22.64000,16.73000,True,12.57573,13.38501,14.12542,14.62097,15.00578,15.31571,15.56465,15.83114,16.08542,16.32221,16.54363,16.78067,17.00579,17.30319,17.61168,18.03616,18.51812,19.14743,19.99638,21.64602,23.59578
2024-10-08,2024-10-01,rw,5,21.42000,19.26000,True,14.47804,15.40945,16.26171,16.83203,17.27556,17.63214,17.91913,18.22528,18.51799,18.79248,19.04564,19.31864,19.57887,19.92111,20.27660,20.76613,21.31966,22.04372,23.02582,24.91892,27.16094
2024-10-09,2024-10-02,rw,5,20.86000,18.90000,True,14.20795,15.12171,15.95791,16.51743,16.95309,17.30286,17.58490,17.88472,18.17235,18.44264,18.68983,18.95772,19.21373,19.55168,19.89934,20.37976,20.92152,21.63207,22.59907,24.45262,26.65020
2024-10-10,2024-10-03,rw,5,20.93000,20.49000,True,15.40379,16.39417,17.30058,17.90706,18.37978,18.75882,19.06489,19.38953,19.70166,19.99558,20.26231,20.55264,20.83072,21.19769,21.57426,22.09580,22.68314,23.45267,24.50333,26.53361,28.88889
2024-10-11,2024-10-04,rw,5,20.46000,19.21000,True,14.44205,15.37032,16.21999,16.78859,17.23204,17.58727,17.87424,18.17847,18.47133,18.74754,18.99668,19.26929,19.52947,19.87446,20.22680,20.71687,21.26714,21.98746,22.97247,24.87459,27.08110
2024-10-14,2024-10-07,rw,5,19.70000,22.64000,True,17.02135,18.11507,19.11631,19.78646,20.30940,20.72865,21.06612,21.42466,21.76986,22.09610,22.38891,22.71076,23.01773,23.42481,23.83957,24.41883,25.06464,25.93208,27.07755,29.34456,31.91284
2024-10-15,2024-10-08,rw,5,20.64000,21.42000,True,16.10472,17.13923,18.08638,18.72043,19.21548,19.61272,19.93130,20.27066,20.59714,20.90541,21.18274,21.48906,21.77908,22.16325,22.55735,23.10601,23.71408,24.53064,25.61657,27.76201,30.18969
2024-10-16,2024-10-09,rw,5,19.58000,20.86000,True,15.68427,16.69146,17.61365,18.23121,18.71362,19.10100,19.41153,19.74121,20.05909,20.35886,20.62969,20.92926,21.21023,21.58420,21.97151,22.50404,23.09408,23.88539,24.94671,27.03498,29.39705
2024-10-17,2024-10-10,rw,5,19.11000,20.93000,True,15.73748,16.74779,17.67287,18.29258,18.77692,19.16614,19.47799,19.80858,20.12684,20.42782,20.69966,20.99959,21.28233,21.65646,22.04356,22.57952,23.17155,23.96159,25.03027,27.12447,29.49230
2024-10-18,2024-10-11,rw,5,18.03000,20.46000,True,15.38465,16.37201,17.27613,17.88200,18.35576,18.73631,19.04189,19.36532,19.67598,19.96979,20.23551,20.52822,20.80610,21.17037,21.55211,22.07146,22.65120,23.41966,24.46804,26.51417,28.82672
2024-10-21,2024-10-14,rw,5,18.37000,19.70000,True,14.81373,15.76416,16.63451,17.21671,17.67205,18.03784,18.33167,18.64349,18.94384,19.22718,19.48320,19.76552,20.03217,20.38392,20.75023,21.25063,21.80978,22.54840,23.55902,25.52813,27.75275
2024-10-22,2024-10-15,rw,5,18.20000,20.64000,True,15.52115,16.51667,17.42835,18.03841,18.51576,18.89955,19.20767,19.53434,19.84818,20.14414,20.41212,20.70856,20.98689,21.35635,21.73868,22.26359,22.85043,23.62418,24.68300,26.74501,29.07365
2024-10-23,2024-10-16,rw,5,19.24000,19.58000,True,14.72458,15.66873,16.53340,17.11220,17.56533,17.92991,18.22247,18.52952,18.82824,19.10961,19.36312,19.64425,19.90874,20.25934,20.62069,21.11924,21.67686,22.41079,23.41523,25.37033,27.57736
2024-10-24,2024-10-17,rw,5,19.08000,19.11000,True,14.37166,15.29290,16.13664,16.70162,17.14415,17.49667,17.78224,18.08393,18.37571,18.65007,18.89806,19.17107,19.43052,19.77281,20.12438,20.61148,21.15648,21.87272,22.85303,24.76021,26.91230
2024-10-25,2024-10-18,rw,5,20.33000,18.03000,True,13.55995,14.42890,15.22478,15.75790,16.17354,16.50638,16.77629,17.06157,17.33671,17.59483,17.82978,18.08629,18.33177,18.65469,18.98619,19.44585,19.96078,20.63647,21.56136,23.35983,25.38844
2024-10-28,2024-10-21,rw,5,19.80000,18.37000,True,13.81617,14.70127,15.51199,16.05523,16.47896,16.81794,17.09296,17.38308,17.66299,17.92501,18.16587,18.42676,18.67649,19.00572,19.34333,19.81177,20.33715,21.02550,21.96782,23.79926,25.86423
2024-10-29,2024-10-22,rw,5,19.34000,18.20000,True,13.68882,14.56549,15.36854,15.90682,16.32478,16.66144,16.93406,17.22209,17.49883,17.75745,17.99762,18.25566,18.50269,18.82910,19.16344,19.62765,20.14890,20.83081,21.76439,23.57795,25.62193
2024-10-30,2024-10-23,rw,5,20.35000,19.24000,True,14.47114,15.39788,16.24686,16.81680,17.25807,17.61383,17.90204,18.20628,18.49926,18.77361,19.02586,19.29878,19.55996,19.90463,20.25842,20.74876,21.29980,22.02108,23.00766,24.92378,27.08560
2024-10-31,2024-10-24,rw,5,23.16000,19.08000,True,14.35090,15.26991,16.11187,16.67796,17.11499,17.46765,17.75349,18.05494,18.34591,18.61893,18.86783,19.13824,19.39728,19.73870,20.08987,20.57576,21.12222,21.83789,22.81592,24.71505,26.85991
2024-11-01,2024-10-25,rw,5,21.88000,20.33000,True,15.29119,16.27037,17.16754,17.77167,18.23672,18.61234,18.91694,19.23788,19.54826,19.83995,20.10409,20.39213,20.66810,21.03266,21.40652,21.92560,22.50708,23.26850,24.31025,26.33266,28.61913
2024-11-04,2024-10-28,rw,5,21.98000,19.80000,True,14.89266,15.84628,16.72010,17.30941,17.76175,18.12743,18.42472,18.73655,19.03901,19.32383,19.58012,19.86083,20.13035,20.48578,20.85069,21.35315,21.92028,22.66183,23.67606,25.64465,27.87257
2024-11-05,2024-10-29,rw,5,20.49000,19.34000,True,14.54678,15.47821,16.33177,16.90829,17.34955,17.70725,17.99789,18.30147,18.59705,18.87538,19.12551,19.40017,19.66421,20.01091,20.36949,20.85661,21.41097,22.13528,23.12560,25.04738,27.22458
2024-11-06,2024-10-30,rw,5,16.27000,20.35000,True,15.30657,16.28662,17.18479,17.79237,18.25610,18.63300,18.93908,19.25752,19.56867,19.86111,20.12459,20.41484,20.69167,21.05639,21.43652,21.94532,22.52864,23.29120,24.33286,26.35388,28.64587
2024-11-07,2024-10-31,rw,5,15.20000,23.16000,True,17.42029,18.53562,19.55787,20.25021,20.77752,21.20706,21.55556,21.91722,22.27127,22.60387,22.90430,23.23622,23.54987,23.96414,24.39877,24.97771,25.64019,26.50775,27.69629,29.99113,32.60086
2024-11-08,2024-11-01,rw,5,14.94000,21.88000,True,16.45763,17.51128,18.47708,19.13157,19.62972,20.03608,20.36516,20.70642,21.04157,21.35536,21.63921,21.95271,22.25012,22.63989,23.05079,23.59631,24.22307,25.04266,26.16542,28.33191,30.79857
2024-11-11,2024-11-04,rw,5,14.97000,21.98000,True,16.53297,17.59140,18.56166,19.21955,19.71997,20.12825,20.45917,20.80208,21.13966,21.45370,21.73883,22.05315,22.35291,22.74366,23.15656,23.70697,24.33396,25.15704,26.28485,28.45971,30.93883
2024-11-12,2024-11-05,rw,5,14.71000,20.49000,True,15.41233,16.39898,17.30351,17.91719,18.38367,18.76434,19.07314,19.39349,19.70842,19.99994,20.26586,20.55860,20.83832,21.20525,21.58745,22.09903,22.68437,23.45161,24.50288,26.52889,28.84104
2024-11-13,2024-11-06,rw,5,14.02000,16.27000,True,12.23818,13.01870,13.73890,14.22372,14.59591,14.89805,15.14334,15.39738,15.64726,15.88031,16.09149,16.32419,16.54622,16.83611,17.14120,17.54695,18.01239,18.62160,19.45606,21.06390,22.90073
2024-11-14,2024-11-07,rw,5,14.31000,15.20000,True,11.42058,12.15848,12.83458,13.28463,13.63458,13.91601,14.14551,14.38410,14.61672,14.83530,15.03272,15.25054,15.45771,15.72808,16.01370,16.39232,16.82776,17.39690,18.17621,19.67746,21.39431
2024-11-15,2024-11-08,rw,5,16.14000,14.94000,True,11.21510,11.94802,12.61396,13.05663,13.39986,13.67727,13.90158,14.13765,14.36623,14.58108,14.77505,14.98961,15.19272,15.45894,15.73959,16.11157,16.53988,17.09927,17.86498,19.33973,21.02801
2024-11-18,2024-11-11,rw,5,15.58000,14.97000,True,11.20518,11.97134,12.63851,13.08281,13.42545,13.70397,13.92890,14.16578,14.39465,14.61036,14.80419,15.01884,15.22241,15.48988,15.77108,16.14356,16.57306,17.13351,17.90054,19.37742,21.06989
2024-11-19,2024-11-12,rw,5,16.35000,14.71000,True,10.99370,11.76279,12.41869,12.85507,13.19193,13.46497,13.68590,13.91965,14.14423,14.35615,14.54686,14.75673,14.95723,15.22078,15.49711,15.86282,16.28518,16.83582,17.58932,19.03974,20.70360
2024-11-20,2024-11-13,rw,5,17.16000,14.02000,True,10.47806,11.21106,11.83617,12.25048,12.57281,12.83201,13.04279,13.26519,13.48023,13.68179,13.86431,14.06367,14.25539,14.50677,14.77013,15.11841,15.52096,16.04599,16.76397,18.14557,19.73214
2024-11-21,2024-11-14,rw,5,16.87000,14.31000,True,10.69484,11.44300,12.08101,12.50424,12.83296,13.09790,13.31304,13.53727,13.75868,13.96360,14.15098,14.35412,14.55001,14.80679,15.07541,15.43076,15.84167,16.37779,17.11042,18.51981,20.13996
2024-11-22,2024-11-15,rw,5,15.24000,16.14000,True,12.06257,12.90639,13.62597,14.10373,14.47416,14.77341,15.01614,15.26975,15.51840,15.75044,15.96077,16.19039,16.41112,16.70043,17.00364,17.40528,17.86716,18.47209,19.29820,20.88693,22.71513
2024-11-25,2024-11-18,rw,5,14.60000,15.58000,True,11.64408,12.45863,13.15321,13.61478,13.97205,14.26133,14.49572,14.74141,14.98037,15.20483,15.40721,15.63009,15.84270,16.12114,16.41361,16.80101,17.24686,17.83106,18.62829,20.16103,21.92664
2024-11-26,2024-11-19,rw,5,14.10000,16.35000,True,12.21961,13.07440,13.80329,14.28807,14.66268,14.96669,15.21274,15.47149,15.72115,15.95721,16.16890,16.40427,16.62702,16.91810,17.22497,17.63253,18.10079,18.71218,19.54860,21.15618,23.00993
2024-11-27,2024-11-20,rw,5,14.10000,17.16000,True,12.82503,13.72216,14.48720,14.99604,15.38919,15.70846,15.96669,16.23803,16.50032,16.74775,16.97054,17.21705,17.45132,17.75984,18.07886,18.50826,18.99770,19.63997,20.52035,22.20381,24.14947
2024-11-29,2024-11-21,rw,5,13.51000,16.87000,True,12.60834,13.49030,14.24244,14.74273,15.12922,15.44328,15.69714,15.96367,16.22178,16.46472,16.68434,16.92622,17.15725,17.46214,17.77404,18.19787,18.67674,19.30845,20.17320,21.82810,23.74096
2024-12-02,2024-11-22,rw,5,13.34000,15.24000,True,11.39015,12.18688,12.86639,13.31838,13.66750,13.95140,14.18072,14.42114,14.65399,14.87387,15.07174,15.29068,15.49890,15.77419,16.05636,16.43882,16.87215,17.44279,18.22372,19.71862,21.44673
2024-12-03,2024-11-25,rw,5,13.30000,14.60000,True,10.91186,11.67513,12.32613,12.75918,13.09363,13.36577,13.58590,13.81318,14.03808,14.24889,14.43828,14.64849,14.84770,15.11012,15.38185,15.74775,16.16360,16.71024,17.45810,18.89013,20.54574
2024-12-04,2024-11-26,rw,5,13.45000,14.10000,True,10.53821,11.27533,11.90407,12.32122,12.64488,12.90730,13.11964,13.33858,13.55678,13.75995,13.94362,14.14613,14.33890,14.59106,14.85488,15.20784,15.61003,16.13793,16.85992,18.24282,19.84179
2024-12-05,2024-11-27,rw,5,13.54000,14.10000,True,10.53825,11.27536,11.90371,12.31941,12.64455,12.90614,13.11889,13.33848,13.55673,13.75880,13.94342,14.14492,14.33813,14.58989,14.85469,15.20724,15.61000,16.13788,16.85962,18.24243,19.84146
2024-12-06,2024-11-29,rw,5,12.77000,13.51000,True,10.09733,10.80359,11.40534,11.80385,12.11534,12.36465,12.56877,12.78000,12.98933,13.18183,13.35987,13.55213,13.73743,13.97930,14.23297,14.57033,14.95678,15.46254,16.15386,17.47872,19.01090
2024-12-09,2024-12-02,rw,5,14.19000,13.34000,True,9.97031,10.66767,11.26189,11.65533,11.96251,12.20736,12.40966,12.61868,12.82559,13.01406,13.19166,13.38117,13.56409,13.80330,14.05382,14.38642,14.76854,15.26787,15.95031,17.25841,18.77138
2024-12-10,2024-12-03,rw,5,14.18000,13.30000,True,9.94045,10.63571,11.22820,11.62039,11.92682,12.16803,12.37157,12.58006,12.78631,12.97289,13.15197,13.34067,13.52319,13.76183,14.01162,14.34296,14.72423,15.22198,15.90220,17.20629,18.71478
2024-12-11,2024-12-04,rw,5,13.58000,13.45000,True,10.05260,10.75570,11.35490,11.75146,12.06152,12.30618,12.51146,12.72237,12.92942,13.11866,13.30017,13.49109,13.67547,13.91699,14.16959,14.50440,14.89026,15.39355,16.08126,17.39997,18.92554
2024-12-12,2024-12-05,rw,5,13.92000,13.54000,True,10.11990,10.82770,11.43089,11.83011,12.14224,12.38945,12.59558,12.80792,13.01593,13.20604,13.38885,13.58133,13.76626,14.01007,14.26385,14.60113,14.98957,15.49645,16.18858,17.51602,19.05186
2024-12-13,2024-12-06,rw,5,13.81000,12.77000,True,9.54443,10.21197,10.78084,11.15736,11.45173,11.68575,11.87967,12.07881,12.27538,12.45434,12.62714,12.80882,12.98272,13.21323,13.45216,13.77048,14.13683,14.61509,15.26768,16.51956,17.96812
2024-12-16,2024-12-09,rw,5,14.69000,14.19000,True,10.60580,11.34755,11.97966,12.39805,12.72516,12.98579,13.20108,13.42240,13.64077,13.83987,14.03159,14.23332,14.42750,14.68268,14.94920,15.30136,15.70848,16.24015,16.96511,18.35611,19.96581
2024-12-17,2024-12-10,rw,5,15.87000,14.18000,True,10.59836,11.33959,11.97123,12.38956,12.71620,12.97725,13.19227,13.41339,13.63116,13.83054,14.02204,14.22334,14.41795,14.67244,14.93881,15.29021,15.69708,16.22834,16.95285,18.34278,19.95141
2024-12-18,2024-12-11,rw,5,27.62000,13.58000,True,10.14995,10.85981,11.46470,11.86567,12.17815,12.42872,12.63457,12.84610,13.05439,13.24563,13.42886,13.62177,13.80765,14.05154,14.30664,14.64288,15.03256,15.54120,16.23523,17.56626,19.10689
2024-12-19,2024-12-12,rw,5,24.09000,13.92000,True,10.40411,11.13173,11.75175,12.16310,12.48313,12.74049,12.95142,13.16794,13.38198,13.57825,13.76521,13.96336,14.15371,14.40330,14.66478,15.00913,15.40886,15.92983,16.64141,18.00568,19.58494
2024-12-20,2024-12-13,rw,5,18.36000,13.81000,True,10.32194,11.04380,11.65889,12.06734,12.38457,12.64025,12.84949,13.06410,13.27699,13.47278,13.65654,13.85413,14.04248,14.28958,14.54903,14.89160,15.28703,15.80347,16.50961,17.86301,19.42986
2024-12-23,2024-12-16,rw,5,16.78000,14.69000,True,10.97971,11.74756,12.40183,12.83667,13.17382,13.44619,13.66854,13.89665,14.12353,14.33304,14.52687,14.73848,14.93849,15.20033,15.47606,15.84014,16.26108,16.80999,17.56132,19.00086,20.66762
2024-12-24,2024-12-17,rw,5,14.27000,15.87000,True,11.86172,12.69124,13.39804,13.86820,14.23212,14.52679,14.76675,15.01298,15.25826,15.48557,15.69399,15.92274,16.13925,16.42321,16.71950,17.11373,17.56789,18.15974,18.97162,20.52670,22.32742
2024-12-26,2024-12-18,rw,5,14.73000,27.62000,True,20.64411,22.08778,23.31785,24.13679,24.76962,25.28317,25.70039,26.12855,26.55574,26.95302,27.31407,27.71194,28.08953,28.58858,29.09933,29.78657,30.57761,31.61043,33.02338,35.73907,38.88340
2024-12-27,2024-12-19,rw,5,15.95000,24.09000,True,18.00752,19.26489,20.33780,21.05213,21.60405,22.05226,22.41725,22.79142,23.16182,23.50961,23.82403,24.17069,24.50153,24.93645,25.38146,25.98275,26.66985,27.57150,28.80741,31.20654,34.06609
2024-12-30,2024-12-20,rw,5,17.40000,18.36000,True,13.72569,14.68263,15.50037,16.04484,16.46547,16.80727,17.08628,17.37202,17.65264,17.91869,18.15795,18.42189,18.67467,19.00614,19.34542,19.80516,20.32631,21.01382,21.95680,23.80464,25.96022
2024-12-31,2024-12-23,rw,5,17.35000,16.78000,True,12.54580,13.41913,14.16653,14.66420,15.04860,15.36119,15.61695,15.87840,16.13375,16.37688,16.59589,16.83692,17.06761,17.37121,17.68175,18.10248,18.57756,19.20539,20.06715,21.75511,23.72344
2025-01-02,2024-12-24,rw,5,17.93000,14.27000,True,10.67026,11.41189,12.04753,12.47079,12.79767,13.06267,13.27883,13.50096,13.72020,13.92682,14.11296,14.31816,14.51458,14.77246,15.03649,15.39464,15.79850,16.33254,17.06534,18.50008,20.17251
2025-01-03,2024-12-26,rw,5,16.13000,14.73000,True,11.00823,11.77912,12.43557,12.87174,13.20986,13.48233,13.70584,13.93456,14.16242,14.37475,14.56737,14.77945,14.98245,15.24834,15.52074,15.89016,16.30758,16.85898,17.61534,19.09557,20.82039
2025-01-06,2024-12-27,rw,5,16.04000,15.95000,True,11.91868,12.75400,13.46513,13.93579,14.30359,14.59711,14.84016,15.08857,15.33506,15.56403,15.77333,16.00327,16.22247,16.51086,16.80574,17.20546,17.65823,18.25526,19.07420,20.67621,22.54223
2025-01-07,2024-12-30,rw,5,17.82000,17.40000,True,13.00223,13.91350,14.68933,15.20284,15.60402,15.92487,16.18980,16.46032,16.72843,16.97734,17.20702,17.45789,17.69628,18.01120,18.33305,18.76873,19.26350,19.91475,20.80810,22.55484,24.58870
2025-01-08,2024-12-31,rw,5,17.70000,17.35000,True,12.96490,13.87356,14.64721,15.15960,15.55928,15.87985,16.14357,16.41308,16.68096,16.92986,17.15782,17.40802,17.64687,17.95880,18.28000,18.71393,19.20813,19.85739,20.74818,22.48901,24.51523
2025-01-10,2025-01-02,rw,5,19.54000,17.93000,True,13.39834,14.33739,15.13696,15.66683,16.07952,16.41128,16.68355,16.96252,17.23886,17.49713,17.73204,17.99034,18.23731,18.56038,18.89216,19.34220,19.85053,20.52164,21.44436,23.23975,25.33185
2025-01-13,2025-01-03,rw,5,19.19000,16.13000,True,12.05331,12.89809,13.61744,14.09444,14.46538,14.76426,15.00895,15.26115,15.50848,15.74149,15.95249,16.18462,16.40647,16.69786,16.99673,17.40128,17.85752,18.46142,19.29016,20.90575,22.78615
2025-01-14,2025-01-06,rw,5,18.71000,16.04000,True,11.98609,12.82616,13.54147,14.01621,14.38477,14.68240,14.92622,15.17751,15.42198,15.65456,15.86401,16.09473,16.31492,16.60434,16.90140,17.30416,17.75787,18.35836,19.18242,20.78817,22.65641
2025-01-15,2025-01-07,rw,5,16.12000,17.82000,True,13.31625,14.24956,15.04422,15.57208,15.98119,16.31231,16.58375,16.86254,17.13344,17.39189,17.62507,17.88203,18.12639,18.44642,18.77644,19.22442,19.72848,20.39557,21.31101,23.09403,25.16776
2025-01-16,2025-01-08,rw,5,16.60000,17.70000,True,13.22662,14.15364,14.94292,15.46767,15.87368,16.20278,16.47319,16.74905,17.01832,17.27478,17.50662,17.76260,18.00715,18.32155,18.64945,19.09408,19.59561,20.25817,21.16737,22.93748,24.99541
2025-01-17,2025-01-10,rw,5,15.97000,19.54000,True,14.60163,15.62503,16.49632,17.07587,17.52394,17.88748,18.18662,18.49027,18.78796,19.07102,19.32678,19.60949,19.88026,20.22742,20.58956,21.08004,21.63265,22.36399,23.36768,25.32079,27.59064
2025-01-21,2025-01-13,rw,5,15.06000,19.19000,True,14.34012,15.34520,16.20086,16.77014,17.21016,17.56742,17.86168,18.15923,18.45192,18.73008,18.98493,19.25974,19.52437,19.86588,20.22171,20.70264,21.24525,21.96381,22.94898,24.86612,27.09332
2025-01-22,2025-01-14,rw,5,15.10000,18.71000,True,13.98147,14.96141,15.79564,16.35080,16.78019,17.12833,17.41569,17.70521,17.99073,18.26217,18.51427,18.78074,19.03735,19.36982,19.71742,20.18518,20.71479,21.41501,22.37482,24.24304,26.41260
2025-01-23,2025-01-15,rw,5,15.02000,16.12000,True,12.04606,12.89036,13.60908,14.08749,14.45777,14.75643,15.00327,15.25400,15.49979,15.73353,15.94773,16.17901,16.40127,16.68807,16.98702,17.39087,17.84706,18.45046,19.27739,20.88617,22.75373
2025-01-24,2025-01-16,rw,5,14.85000,16.60000,True,12.40479,13.27424,14.01432,14.50709,14.88873,15.19612,15.45072,15.70811,15.96068,16.20133,16.41886,16.65915,16.88918,17.18461,17.49256,17.90860,18.37828,18.99974,19.85128,21.50711,23.42857
2025-01-27,2025-01-17,rw,5,17.90000,15.97000,True,11.93403,12.77049,13.48228,13.95558,14.32228,14.61832,14.86242,15.11041,15.35470,15.58634,15.79552,16.02665,16.24809,16.53208,16.82841,17.22883,17.68059,18.27856,19.09777,20.68994,22.53683
2025-01-28,2025-01-21,rw,5,16.41000,15.06000,True,11.25404,12.04212,12.71329,13.15819,13.50581,13.78389,14.01332,14.24678,14.47971,14.69820,14.89526,15.11318,15.32214,15.58972,15.86923,16.24700,16.67292,17.23692,18.00944,19.51010,21.25019
2025-01-29,2025-01-22,rw,5,16.56000,15.10000,True,11.28396,12.07414,12.74532,13.19306,13.54133,13.81857,14.04994,14.28451,14.51783,14.73620,14.93432,15.15247,15.36123,15.63057,15.91092,16.29012,16.71719,17.28265,18.05695,19.56076,21.30419
2025-01-30,2025-01-23,rw,5,15.84000,15.02000,True,11.22421,12.01021,12.67799,13.12317,13.46967,13.74600,13.97576,14.20858,14.44029,14.65704,14.85470,15.07135,15.27825,15.54720,15.82616,16.20380,16.62861,17.19104,17.96096,19.45598,21.18889
2025-01-31,2025-01-24,rw,5,16.43000,14.85000,True,11.09720,11.87431,12.53468,12.97466,13.31703,13.58814,13.81689,14.04733,14.27564,14.48978,14.68604,14.90038,15.10453,15.37052,15.64657,16.02037,16.44038,16.99642,17.75736,19.23463,20.94666
2025-02-03,2025-01-27,rw,5,18.62000,17.90000,True,13.37646,14.31318,15.10938,15.63950,16.05219,16.38019,16.65513,16.93275,17.20864,17.46714,17.70301,17.96142,18.20872,18.52886,18.86147,19.31084,19.81731,20.48721,21.40411,23.18380,25.24594
2025-02-04,2025-01-28,rw,5,17.21000,16.41000,True,12.26303,13.12179,13.85188,14.33768,14.71601,15.01740,15.26903,15.52352,15.77708,16.01423,16.22995,16.46743,16.69564,16.98746,17.29225,17.70373,18.16751,18.78180,19.62208,21.25271,23.14180
2025-02-05,2025-01-29,rw,5,15.77000,16.56000,True,12.37516,13.24177,13.97871,14.46876,14.85062,15.15537,15.40888,15.66562,15.92154,16.16154,16.37885,16.61865,16.84843,17.14341,17.45165,17.86596,18.33355,18.95343,19.80109,21.44571,23.35065
2025-02-06,2025-01-30,rw,5,15.50000,15.84000,True,11.83714,12.66608,13.37114,13.83983,14.20504,14.49712,14.73944,14.98457,15.22953,15.45946,15.66694,15.89642,16.11638,16.39879,16.69580,17.08904,17.53643,18.12929,18.93983,20.51207,22.33284
2025-02-07,2025-01-31,rw,5,16.54000,16.43000,True,12.27808,13.13790,13.86939,14.35574,14.73423,15.03780,15.28949,15.54276,15.79694,16.03529,16.25072,16.49036,16.71785,17.01040,17.31924,17.72601,18.18960,18.80443,19.64495,21.27483,23.16203
2025-02-10,2025-02-03,rw,5,15.81000,18.62000,True,13.91469,14.88913,15.71832,16.26974,16.69831,17.04283,17.32864,17.61529,17.90260,18.17275,18.42102,18.69115,18.94675,19.27867,19.62713,20.08859,20.61412,21.31078,22.26308,24.10918,26.24634
2025-02-11,2025-02-04,rw,5,16.02000,17.21000,True,12.86104,13.76169,14.52827,15.03815,15.43393,15.75282,16.01751,16.28298,16.54697,16.79720,17.02997,17.27795,17.51213,17.81929,18.14027,18.56722,19.05310,19.69688,20.57684,22.28219,24.25605
2025-02-12,2025-02-05,rw,5,15.89000,15.77000,True,11.78496,12.61026,13.31274,13.78028,14.14263,14.43525,14.67796,14.92202,15.16239,15.39114,15.60147,15.83065,16.04677,16.32811,16.62119,17.01352,17.45884,18.04868,18.85479,20.41658,22.22394
2025-02-13,2025-02-06,rw,5,15.10000,15.50000,True,11.58321,12.39439,13.08490,13.54474,13.90058,14.18860,14.42731,14.66720,14.90283,15.12810,15.33087,15.55778,15.77197,16.04824,16.33539,16.72209,17.15989,17.73954,18.53164,20.06584,21.84093
2025-02-14,2025-02-07,rw,5,14.77000,16.54000,True,12.36044,13.22606,13.96294,14.45397,14.83337,15.14090,15.39604,15.65138,15.90299,16.14372,16.36325,16.60399,16.82978,17.12460,17.43014,17.84398,18.31122,18.92968,19.77470,21.41092,23.30371
2025-02-18,2025-02-10,rw,5,15.35000,15.81000,True,11.81494,12.64236,13.34677,13.81375,14.17832,14.47136,14.71497,14.96008,15.20087,15.43054,15.63748,15.86935,16.08623,16.36838,16.66026,17.05632,17.50301,18.09380,18.90159,20.46473,22.27264
2025-02-19,2025-02-11,rw,5,15.27000,16.02000,True,11.97191,12.81032,13.52414,13.99764,14.36674,14.66409,14.91110,15.15601,15.40272,15.63514,15.84497,16.07822,16.29914,16.58538,16.88128,17.28277,17.73546,18.33358,19.15231,20.73532,22.56589
2025-02-20,2025-02-12,rw,5,15.66000,15.89000,True,11.87479,12.70641,13.41448,13.88446,14.25025,14.54561,14.79077,15.03451,15.27776,15.50850,15.71661,15.95008,16.16676,16.45038,16.74402,17.14241,17.59116,18.18426,18.99655,20.56584,22.38020
2025-02-21,2025-02-13,rw,5,18.21000,15.10000,True,11.28444,12.07472,12.74764,13.19455,13.54186,13.82271,14.05586,14.28845,14.51824,14.73724,14.93503,15.15528,15.36289,15.63212,15.91123,16.29012,16.71622,17.27968,18.05178,19.54221,21.26508
2025-02-24,2025-02-14,rw,5,18.98000,14.77000,True,11.03786,11.81087,12.46913,12.90657,13.24556,13.51941,13.74742,13.97362,14.20090,14.41517,14.60843,14.82263,15.02631,15.29016,15.56304,15.93409,16.35055,16.90154,17.65696,19.11400,20.79796
2025-02-25,2025-02-18,rw,5,19.43000,15.35000,True,11.47133,12.27471,12.95886,13.41379,13.76579,14.05080,14.28791,14.52379,14.75859,14.98037,15.18158,15.40445,15.61474,15.89025,16.17371,16.55978,16.99225,17.56471,18.34999,19.86340,21.61219
2025-02-26,2025-02-19,rw,5,19.10000,15.27000,True,11.41158,12.21077,12.89140,13.34427,13.69414,13.97806,14.21410,14.44952,14.68161,14.90125,15.10195,15.32392,15.53173,15.80711,16.08894,16.47345,16.90333,17.47264,18.25403,19.75871,21.49708
2025-02-27,2025-02-20,rw,5,21.13000,15.66000,True,11.70308,12.52267,13.22066,13.68520,14.04398,14.33534,14.57714,14.81862,15.05663,15.28271,15.48710,15.71442,15.92841,16.21024,16.49953,16.89341,17.33497,17.91852,18.71955,20.26292,22.04576
2025-02-28,2025-02-21,rw,5,19.63000,18.21000,True,13.60880,14.56184,15.37347,15.91376,16.33094,16.66996,16.95083,17.23168,17.50842,17.77229,18.00960,18.27437,18.52309,18.85086,19.18737,19.64521,20.15910,20.83965,21.77169,23.56193,25.63517
2025-03-03,2025-02-24,rw,5,22.78000,18.98000,True,14.18430,15.17763,16.02354,16.58680,17.02160,17.37517,17.66761,17.96040,18.24902,18.52402,18.77175,19.04746,19.30936,19.64872,19.99998,20.47609,21.01251,21.72270,22.69594,24.55770,26.71870
2025-03-04,2025-02-25,rw,5,23.51000,19.43000,True,14.52065,15.53752,16.40346,16.98019,17.42529,17.78746,18.08672,18.38643,18.68219,18.96321,19.21746,19.50035,19.76834,20.11551,20.47494,20.96195,21.51087,22.23835,23.23613,25.13940,27.35172
2025-03-05,2025-02-26,rw,5,21.93000,19.10000,True,14.27408,15.27367,16.12487,16.69194,17.12945,17.48566,17.77986,18.07435,18.36538,18.64151,18.89132,19.17196,19.43280,19.77479,20.12992,20.60645,21.14561,21.86111,22.85029,24.71191,26.88674
2025-03-06,2025-02-27,rw,5,24.87000,21.13000,True,15.79123,16.89705,17.83868,18.46615,18.95059,19.34442,19.66991,19.99565,20.31770,20.62350,20.89943,21.21247,21.49969,21.87754,22.27265,22.79952,23.39409,24.18790,25.28893,27.36400,29.74384
2025-03-07,2025-02-28,rw,5,23.37000,19.63000,True,14.67028,15.69759,16.57235,17.15535,17.60583,17.97148,18.27400,18.57664,18.87572,19.16009,19.42022,19.70907,19.97443,20.32500,20.69311,21.17971,21.73312,22.46832,23.49347,25.41994,27.63190
2025-03-10,2025-03-03,rw,5,27.86000,22.78000,True,17.02447,18.21661,19.23171,19.90826,20.43164,20.85570,21.20718,21.55815,21.90514,22.23531,22.54170,22.87274,23.17986,23.58696,24.01494,24.58289,25.22568,26.09674,27.26579,29.49730,32.06543
2025-03-11,2025-03-04,rw,5,26.92000,23.51000,True,17.57009,18.80042,19.84801,20.54624,21.08703,21.52521,21.88758,22.25009,22.60759,22.94859,23.26416,23.60600,23.92313,24.34306,24.78576,25.37129,26.04150,26.94161,28.14274,30.44076,33.09244
2025-03-12,2025-03-05,rw,5,24.23000,21.93000,True,16.38935,17.53698,18.51413,19.16543,19.67046,20.07969,20.41736,20.75643,21.08870,21.40757,21.70077,22.01995,22.31593,22.70739,23.12128,23.66701,24.29315,25.13447,26.25074,28.39329,30.86794
2025-03-13,2025-03-06,rw,5,24.66000,24.87000,True,18.58662,19.88810,20.99630,21.73482,22.30812,22.77286,23.15490,23.54099,23.91809,24.27895,24.61020,24.97265,25.31067,25.75202,26.22129,26.84060,27.55176,28.51097,29.76966,32.19787,35.00561
2025-03-14,2025-03-07,rw,5,21.77000,23.37000,True,17.46566,18.68863,19.73005,20.42392,20.96317,21.40051,21.75866,22.12206,22.47755,22.81503,23.12602,23.46877,23.78614,24.19924,24.64008,25.22182,25.89333,26.80294,27.97383,30.25410,32.89375
2025-03-17,2025-03-10,rw,5,20.51000,27.86000,True,20.82136,22.27927,23.52084,24.34791,24.99140,25.51288,25.93945,26.37260,26.79918,27.19879,27.56955,27.98034,28.35667,28.85131,29.37444,30.07051,30.87062,31.97056,33.35495,36.06458,39.21287
2025-03-18,2025-03-11,rw,5,21.70000,26.92000,True,20.11892,21.52763,22.72736,23.52658,24.14881,24.65280,25.06467,25.48308,25.89860,26.28162,26.63975,27.03840,27.40262,27.88175,28.38380,29.05936,29.83008,30.88963,32.22874,34.84569,37.88920
2025-03-19,2025-03-12,rw,5,19.90000,24.23000,True,18.10859,19.37652,20.45642,21.17590,21.73628,22.19001,22.56046,22.93816,23.31393,23.65595,23.98122,24.33791,24.66780,25.10044,25.54991,26.15957,26.84859,27.80003,29.00753,31.36185,34.10253
2025-03-20,2025-03-13,rw,5,19.80000,24.66000,True,18.43003,19.72044,20.81956,21.55194,22.12262,22.58448,22.96124,23.34726,23.72877,24.07614,24.41033,24.76881,25.10326,25.54326,26.00195,26.62205,27.32498,28.29040,29.52157,31.91653,34.70717
2025-03-21,2025-03-14,rw,5,19.28000,21.77000,True,16.27021,17.40938,18.37973,19.02639,19.53051,19.93792,20.27104,20.60801,20.94547,21.25412,21.54647,21.86466,22.15927,22.54743,22.95381,23.50110,24.12259,24.97230,26.06117,28.17443,30.63920
2025-03-24,2025-03-17,rw,5,17.48000,20.51000,True,15.32664,16.40088,17.31529,17.92445,18.39819,18.78265,19.09667,19.41484,19.72904,20.02342,20.29648,20.59778,20.87564,21.24085,21.62515,22.13995,22.72636,23.52447,24.55219,26.54219,28.86539
2025-03-25,2025-03-18,rw,5,17.15000,21.70000,True,16.21594,17.35252,18.31969,18.96424,19.46357,19.87017,20.20390,20.53945,20.87037,21.18479,21.47377,21.79113,22.08655,22.47168,22.87969,23.42351,24.04488,24.88675,25.97607,28.08051,30.53967
2025-03-26,2025-03-19,rw,5,18.33000,19.90000,True,14.87088,15.91318,16.79910,17.39037,17.84691,18.21898,18.52738,18.83290,19.13657,19.42719,19.69224,19.98196,20.25421,20.60622,20.98169,21.47962,22.05031,22.82000,23.82078,25.74973,28.00597
2025-03-27,2025-03-20,rw,5,18.69000,19.80000,True,14.79619,15.83326,16.71240,17.30012,17.75676,18.12650,18.43271,18.73738,19.03979,19.32818,19.59316,19.88124,20.15083,20.50248,20.87616,21.37100,21.93869,22.70380,23.70081,25.61978,27.86477
2025-03-28,2025-03-21,rw,5,21.65000,19.28000,True,14.40764,15.41748,16.27374,16.84627,17.28997,17.64947,17.94753,18.24466,18.53917,18.81936,19.07847,19.35881,19.62007,19.96385,20.32780,20.80907,21.36172,22.10606,23.07811,24.94640,27.13253
2025-03-31,2025-03-24,rw,5,22.28000,17.48000,True,13.06256,13.97813,14.75463,15.27253,15.67553,16.00052,16.27133,16.54098,16.80785,17.06177,17.29721,17.55126,17.78747,18.09984,18.42989,18.86571,19.36665,20.04087,20.92328,22.61689,24.59900
2025-04-01,2025-03-25,rw,5,21.77000,17.15000,True,12.81599,13.71347,14.47144,14.98411,15.37932,15.69679,15.96411,16.22858,16.48994,16.73903,16.97059,17.21975,17.45137,17.75799,18.08186,18.50895,19.00032,19.66120,20.52805,22.18944,24.13421
2025-04-02,2025-03-26,rw,5,21.51000,18.33000,True,13.69783,14.65706,15.46785,16.01511,16.43774,16.77739,17.06120,17.34388,17.62382,17.88999,18.13412,18.40342,18.65179,18.97966,19.32588,19.78244,20.30687,21.01257,21.94023,23.71567,25.79433
2025-04-03,2025-03-27,rw,5,30.02000,18.69000,True,13.96689,14.94497,15.77236,16.32966,16.76059,17.10750,17.39708,17.68126,17.96988,18.24099,18.48606,18.76294,19.01802,19.35228,19.70534,20.17094,20.70536,21.42382,22.37089,24.18092,26.30049
2025-04-04,2025-03-28,rw,5,45.31000,21.65000,True,16.17892,17.31191,18.27112,18.91586,19.41504,19.81758,20.15293,20.48353,20.81589,21.13013,21.41864,21.73721,22.03026,22.41749,22.82641,23.36628,23.98762,24.81546,25.91356,28.00993,30.46529
2025-04-07,2025-03-31,rw,5,46.98000,22.28000,True,16.64976,17.81573,18.80367,19.46632,19.98002,20.39497,20.73939,21.08167,21.42193,21.74577,22.04693,22.37071,22.67190,23.07019,23.49091,24.04854,24.68763,25.54694,26.67103,28.82439,31.35130
2025-04-08,2025-04-01,rw,5,52.33000,21.77000,True,16.26868,17.40797,18.37408,19.02075,19.52269,19.92850,20.26468,20.60030,20.93213,21.24872,21.54235,21.85889,22.15487,22.54250,22.95350,23.50110,24.12336,24.97581,26.06678,28.16398,30.63314
2025-04-09,2025-04-02,rw,5,33.62000,21.51000,True,16.07443,17.20012,18.15547,18.79360,19.28954,19.69087,20.02267,20.35435,20.68269,20.99555,21.28516,21.59822,21.89286,22.27559,22.67973,23.22450,23.83776,24.68414,25.75445,27.82701,30.26679
2025-04-10,2025-04-03,rw,5,40.72000,30.02000,True,22.43401,24.00507,25.33871,26.22894,26.92124,27.48170,27.94475,28.40724,28.86594,29.30285,29.70640,30.14391,30.55497,31.09296,31.65644,32.42064,33.27068,34.45072,35.95643,38.86530,42.30581
2025-04-11,2025-04-04,rw,5,37.56000,45.31000,True,33.86035,36.23162,38.24498,39.58810,40.63322,41.47967,42.17855,42.87616,43.56898,44.23002,44.83697,45.50149,46.12020,46.93840,47.78294,48.94936,50.21927,51.99769,54.27800,58.72002,64.10547
2025-04-14,2025-04-07,rw,5,30.89000,46.98000,True,35.10844,37.56712,39.65518,41.04725,42.13112,43.00923,43.73393,44.45695,45.17574,45.86289,46.49022,47.18293,47.82666,48.67142,49.54487,50.75587,52.08155,53.91532,56.29558,60.92777,66.58105
2025-04-15,2025-04-08,rw,5,30.12000,52.33000,True,39.10664,41.84533,44.17172,45.72255,46.92924,47.90788,48.71575,49.52018,50.32136,51.08716,51.78521,52.56016,53.27716,54.21498,55.18735,56.53978,58.03060,60.06725,62.72213,67.90205,74.22293
2025-04-16,2025-04-09,rw,5,32.64000,33.62000,True,25.12457,26.88408,28.37905,29.37583,30.15042,30.77948,31.29913,31.81547,32.33023,32.82198,33.27480,33.76972,34.23008,34.83419,35.45599,36.32854,37.28672,38.59388,40.31746,43.64692,47.68716
2025-04-17,2025-04-10,rw,5,29.65000,40.72000,True,30.43055,32.56167,34.37277,35.58057,36.51794,37.28025,37.91038,38.53535,39.16142,39.75417,40.30773,40.90244,41.46084,42.19595,42.94448,44.00771,45.16112,46.75008,48.86077,52.87206,57.75752
2025-04-21,2025-04-11,rw,5,33.82000,37.56000,True,28.06912,30.03487,31.69808,32.81674,33.68316,34.38542,34.96544,35.54330,36.11869,36.66835,37.17435,37.72745,38.24217,38.91829,39.61131,40.59037,41.65647,43.12099,45.06721,48.76792,53.27498
2025-04-22,2025-04-14,rw,5,30.57000,30.89000,True,23.08161,24.69973,26.05688,26.98889,27.70120,28.27759,28.75479,29.23082,29.70367,30.15617,30.56841,31.02674,31.45006,32.00537,32.57694,33.38041,34.25900,35.46251,37.06256,40.10668,43.81397
2025-04-23,2025-04-15,rw,5,28.45000,30.12000,True,22.49365,24.08215,25.39207,26.31588,27.01022,27.57069,28.03730,28.50181,28.96237,29.40265,29.80599,30.25140,30.66517,31.20604,31.76479,32.54657,33.40501,34.57762,36.13724,39.10605,42.72152
2025-04-24,2025-04-16,rw,5,26.47000,32.64000,True,24.37610,26.09705,27.51704,28.51776,29.27047,29.87845,30.38308,30.88653,31.38612,31.86036,32.29924,32.78029,33.22976,33.81525,34.42230,35.26767,36.19984,37.46957,39.15910,42.37692,46.29551
2025-04-25,2025-04-17,rw,5,24.84000,29.65000,True,22.12488,23.70548,24.99190,25.90458,26.58756,27.13856,27.59976,28.05697,28.51016,28.94077,29.34026,29.77504,30.18296,30.71753,31.26893,32.03610,32.88279,34.03679,35.56885,38.49482,42.05458
2025-04-28,2025-04-21,rw,5,25.15000,33.82000,True,25.23707,27.03949,28.50734,29.54798,30.32730,30.95137,31.47947,32.00009,32.51879,33.00983,33.46648,33.95990,34.42474,35.03759,35.66651,36.54071,37.50637,38.82333,40.56779,43.90861,47.96917
2025-04-29,2025-04-22,rw,5,24.17000,30.57000,True,22.81235,24.44113,25.76838,26.70866,27.41335,27.97834,28.45569,28.92745,29.39451,29.83858,30.25065,30.69554,31.11498,31.67005,32.23897,33.02837,33.90114,35.09215,36.66619,39.68898,43.35947
2025-04-30,2025-04-23,rw,5,24.70000,28.45000,True,21.23078,22.74621,23.98184,24.85657,25.51264,26.03929,26.48273,26.91678,27.35504,27.76825,28.15262,28.56640,28.95679,29.47074,30.00305,30.73706,31.54922,32.65819,34.12048,36.93646,40.35253
2025-05-01,2025-04-24,rw,5,24.60000,26.47000,True,19.75363,21.16321,22.30876,23.12537,23.73565,24.22367,24.63775,25.04058,25.45022,25.83459,26.19320,26.57797,26.94115,27.41688,27.91475,28.59744,29.35268,30.38499,31.74310,34.36571,37.54416
2025-05-02,2025-04-25,rw,5,22.68000,24.84000,True,18.53761,19.86004,20.93271,21.69802,22.27387,22.72755,23.11778,23.49843,23.88292,24.24324,24.58015,24.94108,25.28014,25.72617,26.19560,26.83602,27.54257,28.51360,29.78582,32.24939,35.23222
2025-05-05,2025-04-28,rw,5,23.64000,25.15000,True,18.75231,20.10017,21.19335,21.95942,22.55099,23.00750,23.40259,23.79105,24.18073,24.54580,24.88124,25.25131,25.59361,26.04541,26.52191,27.17050,27.88366,28.86890,30.15495,32.65174,35.67191
2025-05-06,2025-04-29,rw,5,24.76000,24.17000,True,18.02201,19.30685,20.36601,21.09349,21.66776,22.11028,22.48935,22.86308,23.23797,23.58814,23.90626,24.26488,24.59514,25.02876,25.48710,26.11136,26.79461,27.74299,28.97743,31.37931,34.28191
2025-05-07,2025-04-30,rw,5,23.55000,24.70000,True,18.41763,19.73074,20.81296,21.55045,22.13662,22.59277,22.98102,23.36297,23.74600,24.10369,24.43014,24.79438,25.13404,25.57647,26.04459,26.68103,27.37958,28.35033,29.61029,32.06729,35.03364
2025-05-08,2025-05-01,rw,5,22.48000,24.60000,True,18.34348,19.65139,20.72905,21.46391,22.04717,22.50208,22.88584,23.26762,23.64786,24.00389,24.33090,24.69104,25.03186,25.47268,25.93776,26.57011,27.26616,28.23454,29.48787,31.93734,34.89180
2025-05-09,2025-05-02,rw,5,21.90000,22.68000,True,16.91219,18.11811,19.11128,19.78934,20.32828,20.74426,21.09806,21.45112,21.80216,22.12818,22.43115,22.76121,23.07805,23.48435,23.91319,24.49367,25.13771,26.02994,27.18578,29.44457,32.16854
2025-05-12,2025-05-05,rw,5,18.39000,23.64000,True,17.62845,18.88552,19.92034,20.62767,21.19068,21.62245,21.99180,22.35870,22.72435,23.06100,23.37984,23.72398,24.05479,24.47818,24.92522,25.52766,26.20136,27.13077,28.33588,30.69079,33.53016
2025-05-13,2025-05-06,rw,5,18.22000,24.76000,True,18.46407,19.78080,20.86423,21.60567,22.19668,22.64765,23.03445,23.41822,23.80165,24.15684,24.48833,24.84931,25.19461,25.63768,26.10593,26.73532,27.44231,28.41514,29.67770,32.14472,35.11873
2025-05-14,2025-05-07,rw,5,18.62000,23.55000,True,17.56215,18.81463,19.84472,20.55123,21.11389,21.54162,21.90959,22.27401,22.63719,22.97252,23.29083,23.63375,23.96326,24.38459,24.83002,25.42710,26.10085,27.02616,28.22675,30.57373,33.40250
2025-05-15,2025-05-08,rw,5,17.83000,22.48000,True,16.76459,17.96027,18.94318,19.61917,20.15642,20.56133,20.91246,21.26161,21.60682,21.92650,22.23180,22.55958,22.87439,23.27652,23.70174,24.27021,24.91459,25.79818,26.94367,29.18450,31.88485
2025-05-16,2025-05-09,rw,5,17.24000,21.90000,True,16.33243,17.49735,18.45454,19.11464,19.63661,20.03095,20.37355,20.71324,21.05055,21.36017,21.65743,21.97678,22.28316,22.67585,23.09011,23.64245,24.27142,25.13252,26.24793,28.43142,31.06220
2025-05-19,2025-05-12,rw,5,18.14000,18.39000,True,13.71508,14.68637,15.49543,16.04576,16.48463,16.82022,17.10693,17.39315,17.67466,17.93587,18.18604,18.45344,18.71087,19.04140,19.38927,19.85233,20.38103,21.10440,22.04058,23.87451,26.08373
2025-05-20,2025-05-13,rw,5,18.09000,18.22000,True,13.57791,14.54867,15.34864,15.89498,16.32899,16.66342,16.94764,17.23229,17.50822,17.76908,18.01767,18.28199,18.53740,18.86517,19.20994,19.66796,20.19233,20.90927,21.83635,23.65373,25.84261
2025-05-21,2025-05-14,rw,5,20.87000,18.62000,True,13.87623,14.86528,15.67873,16.24264,16.68586,17.02792,17.31895,17.61049,17.89131,18.15879,18.41309,18.68302,18.94424,19.27911,19.63157,20.09889,20.63532,21.36827,22.31526,24.17294,26.40995
2025-05-22,2025-05-15,rw,5,20.28000,17.83000,True,13.28773,14.22596,15.01350,15.55315,15.97324,16.30523,16.58396,16.86318,17.13188,17.38810,17.63173,17.89003,18.14036,18.46092,18.79856,19.24531,19.75952,20.46163,21.36800,23.14726,25.28944
2025-05-23,2025-05-16,rw,5,22.29000,17.24000,True,12.84825,13.72996,14.51228,15.03765,15.44371,15.76487,16.03427,16.30515,16.56452,16.81218,17.04812,17.29775,17.53825,17.84959,18.17608,18.60788,19.10517,19.78454,20.66012,22.38051,24.45260
2025-05-27,2025-05-19,rw,5,18.96000,18.14000,True,13.51921,14.44811,15.27039,15.82284,16.25019,16.58814,16.87174,17.15636,17.42958,17.69031,17.93793,18.20045,18.45189,18.78094,19.12450,19.57866,20.10201,20.81736,21.73780,23.54803,25.72913
2025-05-28,2025-05-20,rw,5,19.31000,18.09000,True,13.48218,14.40968,15.22882,15.77938,16.20565,16.54271,16.82565,17.10909,17.38182,17.64182,17.88866,18.15016,18.40006,18.72870,19.07135,19.52407,20.04608,20.75996,21.67703,23.48229,25.65821
2025-05-29,2025-05-21,rw,5,19.18000,20.87000,True,15.55433,16.62572,17.56972,18.20447,18.69637,19.08526,19.41157,19.73844,20.05326,20.35319,20.63793,20.93963,21.22994,21.60787,22.00335,22.52662,23.12885,23.95026,25.00729,27.08999,29.60126
2025-05-30,2025-05-22,rw,5,18.57000,20.28000,True,15.11486,16.15727,17.07360,17.69000,18.16810,18.54580,18.86290,19.18052,19.48662,19.77840,20.05464,20.34809,20.63300,20.99780,21.38183,21.89262,22.47633,23.27316,24.29937,26.32322,28.76442
2025-06-02,2025-05-23,rw,5,18.36000,22.29000,True,16.61321,17.76037,18.76644,19.44349,19.97025,20.38402,20.73255,21.08163,21.42047,21.73967,22.04248,22.36531,22.67823,23.07945,23.50131,24.06667,24.70545,25.57994,26.71536,28.93115,31.61533
2025-06-03,2025-05-27,rw,5,17.69000,18.96000,True,14.13153,15.10853,15.96338,16.53887,16.98805,17.33885,17.63545,17.93219,18.22249,18.49259,18.74972,19.02447,19.29082,19.63174,19.99024,20.46989,21.01429,21.75841,22.72373,24.60812,26.89218
2025-06-04,2025-05-28,rw,5,17.61000,19.31000,True,14.39264,15.38893,16.25861,16.84425,17.30292,17.65901,17.96152,18.26326,18.56048,18.83440,19.09611,19.37673,19.64831,19.99437,20.35949,20.84638,21.40190,22.16005,23.14270,25.06149,27.38860
2025-06-05,2025-05-29,rw,5,18.48000,19.18000,True,14.29599,15.28680,16.14970,16.73092,17.18769,17.54076,17.83982,18.14023,18.43286,18.70707,18.96728,19.24529,19.51511,19.85963,20.22233,20.70515,21.25751,22.01085,22.98639,24.89189,27.20421
2025-06-06,2025-05-30,rw,5,16.77000,18.57000,True,13.84155,14.80205,15.63660,16.19887,16.64228,16.98352,17.27224,17.56317,17.84351,18.11115,18.36378,18.63289,18.89357,19.22791,19.57909,20.04578,20.58114,21.31080,22.25484,24.09937,26.33901
2025-06-09,2025-06-02,rw,5,17.16000,18.36000,True,13.68526,14.63608,15.45507,16.01510,16.44925,16.79015,17.07594,17.36443,17.64137,17.90541,18.15598,18.42185,18.67978,19.01037,19.35758,19.81824,20.34809,21.06979,22.00230,23.82600,26.04115
2025-06-10,2025-06-03,rw,5,16.95000,17.69000,True,13.18607,14.10334,14.89158,15.43082,15.85014,16.17752,16.45320,16.73074,16.99720,17.25175,17.49329,17.74929,17.99798,18.31647,18.65108,19.09420,19.60525,20.30089,21.19855,22.95572,25.09084
2025-06-11,2025-06-04,rw,5,17.26000,17.61000,True,13.12667,14.04092,14.82474,15.36119,15.77962,16.10412,16.37750,16.65470,16.91986,17.17340,17.41401,17.66872,17.91559,18.23342,18.56664,19.00724,19.51630,20.20907,21.10185,22.85109,24.97737
2025-06-12,2025-06-05,rw,5,18.02000,18.48000,True,13.77541,14.73602,15.55766,16.12019,16.56041,16.89981,17.18741,17.47781,17.75610,18.02125,18.27414,18.54146,18.79872,19.13399,19.48356,19.94562,20.48017,21.20738,22.14349,23.97917,26.21135
2025-06-13,2025-06-06,rw,5,20.82000,16.77000,True,12.50094,13.37375,14.11855,14.62861,15.02913,15.33561,15.59439,15.86002,16.11263,16.35248,16.58279,16.82571,17.05744,17.36310,17.68029,18.09942,18.58481,19.24488,20.09371,21.75954,23.78594
2025-06-16,2025-06-09,rw,5,19.11000,17.16000,True,12.79188,13.68609,14.44738,14.96887,15.37877,15.69252,15.95851,16.22782,16.48731,16.73070,16.96803,17.21631,17.45412,17.76645,18.09104,18.51975,19.01651,19.69231,20.56019,22.26479,24.33910
2025-06-17,2025-06-10,rw,5,21.60000,16.95000,True,12.63555,13.51992,14.27106,14.78574,15.19068,15.50056,15.76430,16.02995,16.28521,16.52503,16.75861,17.00417,17.24051,17.54858,17.86925,18.29309,18.78330,19.45120,20.30778,21.99154,24.04125
2025-06-18,2025-06-11,rw,5,20.14000,17.26000,True,12.86686,13.76851,14.53255,15.05622,15.46863,15.78413,16.05301,16.32348,16.58337,16.82782,17.06330,17.31388,17.55533,17.86908,18.19569,18.62763,19.12633,19.80681,20.67838,22.39294,24.48093
2025-06-20,2025-06-12,rw,5,20.62000,18.02000,True,13.43365,14.37617,15.17297,15.71925,16.14987,16.47922,16.76027,17.04254,17.31361,17.57007,17.81458,18.07568,18.32733,18.65543,18.99651,19.44783,19.96798,20.67882,21.58805,23.37813,25.55889
2025-06-23,2025-06-13,rw,5,19.83000,20.82000,True,15.52127,16.61158,17.53118,18.16183,18.65943,19.03990,19.36500,19.69100,20.00388,20.30175,20.58274,20.88515,21.17683,21.55517,21.94927,22.46976,23.07309,23.89283,24.95131,27.00973,29.53030
2025-06-24,2025-06-16,rw,5,17.48000,19.11000,True,14.24680,15.24772,16.09131,16.67042,17.12846,17.47675,17.77459,18.07375,18.36125,18.63475,18.89422,19.17180,19.43754,19.78572,20.14762,20.62625,21.17930,21.93031,22.90109,24.79075,27.10424
2025-06-25,2025-06-17,rw,5,16.76000,21.60000,True,16.10350,17.23502,18.18798,18.84285,19.36205,19.75466,20.09069,20.42874,20.75407,21.06331,21.35836,21.67172,21.97138,22.36455,22.77350,23.31657,23.94033,24.78803,25.89065,28.02026,30.63513
2025-06-26,2025-06-18,rw,5,16.59000,20.14000,True,15.01537,16.07057,16.95861,17.56950,18.05497,18.42006,18.73281,19.04793,19.35156,19.64009,19.91517,20.20697,20.48949,20.85334,21.23443,21.74386,22.32700,23.11273,24.14010,26.12566,28.56372
2025-06-27,2025-06-20,rw,5,16.32000,20.62000,True,15.37359,16.45411,17.36279,17.98853,18.48698,18.85976,19.17967,19.50199,19.81305,20.10872,20.39030,20.68879,20.97907,21.35057,21.74076,22.26651,22.86625,23.66354,24.71489,26.74767,29.24377
2025-06-30,2025-06-23,rw,5,16.73000,19.83000,True,14.78493,15.82422,16.69758,17.29963,17.78033,18.13730,18.44538,18.75491,19.05357,19.33768,19.60863,19.89596,20.17517,20.53247,20.90772,21.41201,21.98956,22.75689,23.76748,25.72228,28.12269
2025-07-01,2025-06-24,rw,5,16.83000,17.48000,True,13.03311,13.94938,14.71880,15.24974,15.67342,15.98799,16.25863,16.53218,16.79511,17.04550,17.28445,17.53807,17.78240,18.09909,18.42992,18.87328,19.38181,20.06000,20.95040,22.67345,24.78934
2025-07-02,2025-06-25,rw,5,16.64000,16.76000,True,12.49657,13.35543,14.11109,14.62026,15.02351,15.32871,15.58876,15.85118,16.10301,16.34294,16.57075,16.81516,17.04816,17.35338,17.67070,18.09469,18.58172,19.23370,20.08701,21.73900,23.76769
2025-07-03,2025-06-26,rw,5,16.38000,16.59000,True,12.37010,13.22125,13.96408,14.47157,14.86817,15.17157,15.42986,15.69022,15.93964,16.17592,16.40094,16.64317,16.87435,17.17716,17.49138,17.90997,18.39150,19.03860,19.88283,21.51798,23.52604
2025-07-07,2025-06-27,rw,5,17.79000,16.32000,True,12.16905,12.98331,13.73447,14.23537,14.62477,14.92443,15.17686,15.43436,15.67962,15.91114,16.13396,16.37101,16.59971,16.89731,17.20662,17.61773,18.09048,18.72873,19.55880,21.16726,23.14259
2025-07-08,2025-06-30,rw,5,16.81000,16.73000,True,12.47506,13.31067,14.07961,14.59265,14.98779,15.29877,15.55482,15.82097,16.07263,16.31047,16.53924,16.78175,17.01673,17.32137,17.63880,18.05955,18.54321,19.19923,20.04973,21.69851,23.72341
2025-07-09,2025-07-01,rw,5,15.94000,16.83000,True,12.54992,13.39142,14.16406,14.67987,15.07848,15.39048,15.64923,15.91626,16.16931,16.40756,16.63737,16.88153,17.11751,17.42447,17.74382,18.16672,18.65378,19.31398,20.16878,21.82768,23.86463
2025-07-10,2025-07-02,rw,5,15.78000,16.64000,True,12.40852,13.24142,14.00444,14.51415,14.90935,15.21699,15.47397,15.73704,15.98737,16.22267,16.45026,16.69084,16.92333,17.22732,17.54310,17.96085,18.44292,19.09592,19.94030,21.58073,23.59464
2025-07-11,2025-07-03,rw,5,16.40000,16.38000,True,12.21492,13.03568,13.78590,14.28737,14.67746,14.97930,15.23358,15.49142,15.73787,15.96942,16.19252,16.43000,16.65827,16.95772,17.26858,17.67964,18.15448,18.79753,19.62796,21.24301,23.22541
2025-07-14,2025-07-07,rw,5,17.20000,17.79000,True,13.26669,14.15906,14.97291,15.51734,15.94208,16.26881,16.54567,16.82523,17.09262,17.34506,17.58715,17.84437,18.09341,18.41831,18.75609,19.20379,19.71695,20.41554,21.31671,23.07107,25.22405
2025-07-15,2025-07-08,rw,5,17.38000,16.81000,True,12.53616,13.38026,14.14838,14.66268,15.06498,15.37268,15.63460,15.89846,16.15106,16.39086,16.61838,16.86170,17.09576,17.40326,17.72246,18.14513,18.63053,19.29078,20.14163,21.79962,23.83395
2025-07-16,2025-07-09,rw,5,17.16000,15.94000,True,11.88762,12.68890,13.41641,13.90395,14.28540,14.57714,14.82580,15.07565,15.31513,15.54106,15.75824,15.98873,16.21061,16.50214,16.80484,17.20529,17.66604,18.29227,19.09845,20.67088,22.59987
2025-07-17,2025-07-10,rw,5,16.52000,15.78000,True,11.76857,12.56264,13.28201,13.76452,14.14212,14.43135,14.67724,14.92434,15.16110,15.38436,15.59938,15.82819,16.04754,16.33608,16.63579,17.03204,17.48846,18.10855,18.90601,20.46289,22.37248
2025-07-18,2025-07-11,rw,5,16.41000,16.40000,True,12.23124,13.05739,13.80415,14.30547,14.69788,14.99891,15.25399,15.51078,15.75709,15.98927,16.21300,16.45000,16.67742,16.97757,17.28907,17.70066,18.17531,18.81991,19.64805,21.26637,23.25093
2025-07-21,2025-07-14,rw,5,16.65000,17.20000,True,12.82819,13.69556,14.47782,15.00345,15.41498,15.73113,15.99817,16.26748,16.52575,16.76871,17.00313,17.25222,17.49001,17.80537,18.13207,18.56351,19.06163,19.73783,20.60568,22.30321,24.38453
2025-07-22,2025-07-15,rw,5,16.50000,17.38000,True,12.96273,13.84011,14.62963,15.16061,15.57641,15.89634,16.16568,16.43779,16.69872,16.94443,17.18182,17.43304,17.67447,17.99132,18.32145,18.75718,19.26082,19.94426,20.82050,22.53607,24.63911
2025-07-23,2025-07-16,rw,5,15.37000,17.16000,True,12.79894,13.66624,14.44493,14.96877,15.38066,15.69521,15.96151,16.22976,16.48765,16.73126,16.96439,17.21243,17.45132,17.76428,18.09039,18.51973,19.01651,19.68972,20.55668,22.24979,24.32663
2025-07-24,2025-07-17,rw,5,15.39000,16.52000,True,12.32188,13.15782,13.90666,14.41055,14.80838,15.10993,15.36665,15.62449,15.87302,16.10851,16.33174,16.57064,16.80129,17.10247,17.41534,17.82900,18.30679,18.95338,19.78973,21.41899,23.41877
2025-07-25,2025-07-18,rw,5,14.93000,16.41000,True,12.24011,13.07147,13.81453,14.31465,14.71113,15.00941,15.26477,15.52051,15.76759,16.00181,16.22471,16.46015,16.68878,16.98817,17.29903,17.71026,18.18442,18.82518,19.65769,21.27541,23.26227
2025-07-28,2025-07-21,rw,5,15.03000,16.65000,True,12.41941,13.26393,14.01705,14.52407,14.92765,15.22901,15.48849,15.74765,15.99841,16.23499,16.46026,16.70083,16.93248,17.23627,17.55153,17.96926,18.44988,19.09849,19.94492,21.58559,23.60191
2025-07-29,2025-07-22,rw,5,15.98000,16.50000,True,12.30781,13.14571,13.89124,14.39328,14.79453,15.09201,15.34945,15.60593,15.85395,16.08719,16.31191,16.55024,16.77956,17.08063,17.39284,17.80715,18.28319,18.92443,19.76497,21.39015,23.38871
2025-07-30,2025-07-23,rw,5,15.48000,15.37000,True,11.46518,12.24661,12.94034,13.40761,13.77627,14.05809,14.29721,14.53690,14.76779,14.98467,15.19474,15.41660,15.62958,15.91046,16.20116,16.58741,17.03102,17.62654,18.41112,19.92435,21.78641
2025-07-31,2025-07-24,rw,5,16.72000,15.39000,True,11.48036,12.26373,12.95761,13.42517,13.79546,14.07646,14.31624,14.55572,14.78672,15.00391,15.21385,15.43642,15.64907,15.93059,16.22149,16.60878,17.05313,17.64784,18.43483,19.94937,21.81423
2025-08-01,2025-07-25,rw,5,20.38000,14.93000,True,11.13747,11.89833,12.57074,13.02411,13.38435,13.65549,13.88739,14.12058,14.34472,14.55433,14.75847,14.97473,15.18080,15.45388,15.73546,16.11214,16.54337,17.11920,17.88358,19.35221,21.16169
2025-08-04,2025-07-28,rw,5,17.52000,15.03000,True,11.21233,11.97918,12.65537,13.11156,13.47523,13.74545,13.97980,14.21503,14.44024,14.65037,14.85702,15.07476,15.28222,15.55635,15.83967,16.21992,16.65413,17.23271,18.00312,19.48095,21.30291
2025-08-05,2025-07-29,rw,5,17.85000,15.98000,True,11.92130,12.73758,13.45573,13.94052,14.32828,14.61479,14.86349,15.11359,15.35354,15.57619,15.79577,16.02751,16.24789,16.53782,16.83959,17.24499,17.70673,18.32070,19.14079,20.71134,22.64885
2025-08-06,2025-07-30,rw,5,16.77000,15.48000,True,11.54856,12.34022,13.03472,13.50455,13.88012,14.15802,14.39884,14.64077,14.87317,15.08886,15.30184,15.52614,15.73868,16.01862,16.31242,16.70528,17.15206,17.74627,18.54116,20.06239,21.93965
2025-08-07,2025-07-31,rw,5,16.57000,16.72000,True,12.47393,13.33001,14.07884,14.58655,14.99215,15.29268,15.55268,15.81359,16.06458,16.29870,16.52790,16.77024,17.00043,17.30526,17.62115,18.04387,18.52531,19.16652,20.02558,21.66848,23.69651
2025-08-08,2025-08-01,rw,5,15.15000,20.38000,True,15.20481,16.24951,17.16070,17.77983,18.27414,18.64035,18.95770,19.27523,19.58131,19.86809,20.14673,20.44169,20.72234,21.09566,21.48185,21.99452,22.58231,23.37125,24.41339,26.43056,28.88297
2025-08-11,2025-08-04,rw,5,16.25000,17.52000,True,13.07137,13.97051,14.75248,15.28514,15.70985,16.02457,16.29780,16.57031,16.83370,17.08055,17.32023,17.57332,17.81541,18.13636,18.46864,18.90823,19.41393,20.10350,20.98709,22.72092,24.82911
2025-08-12,2025-08-05,rw,5,14.73000,17.85000,True,13.31788,14.23503,15.03035,15.57356,16.00595,16.32650,16.60531,16.88255,17.15110,17.40252,17.64652,17.90450,18.15243,18.47869,18.81755,19.26504,19.78168,20.48000,21.38211,23.14831,25.29616
2025-08-13,2025-08-06,rw,5,14.49000,16.77000,True,12.51238,13.37505,14.12096,14.63178,15.03755,15.33877,15.60111,15.86123,16.11360,16.35029,16.57889,16.82126,17.05470,17.36141,17.67988,18.10117,18.58432,19.23885,20.08813,21.74722,23.76506
2025-08-14,2025-08-07,rw,5,14.83000,16.57000,True,12.36344,13.21681,13.95255,14.45776,14.85824,15.15604,15.41559,15.67222,15.92165,16.15656,16.38290,16.62061,16.85093,17.15392,17.46864,17.88472,18.36220,19.00740,19.84829,21.48733,23.48106
2025-08-15,2025-08-08,rw,5,15.09000,15.15000,True,11.29391,12.06217,12.75598,13.21674,13.58456,13.85687,14.09343,14.32890,14.55691,14.77058,14.97735,15.19619,15.40628,15.68354,15.97130,16.35153,16.78817,17.37668,18.14711,19.64546,21.46828
2025-08-18,2025-08-11,rw,5,14.99000,16.25000,True,12.11414,12.93912,13.68262,14.17660,14.57107,14.86306,15.11564,15.36912,15.61345,15.84253,16.06476,16.29933,16.52400,16.82193,17.13059,17.53820,18.00664,18.63639,19.46445,21.07135,23.02648
2025-08-19,2025-08-12,rw,5,15.57000,14.73000,True,10.98119,11.72985,12.39899,12.84936,13.20748,13.47256,13.70083,13.93146,14.15260,14.36040,14.56204,14.77453,14.97756,15.24811,15.52791,15.89719,16.32190,16.89139,17.64354,19.09990,20.87211
2025-08-20,2025-08-13,rw,5,15.69000,14.49000,True,10.80252,11.53985,12.19738,12.63971,12.98751,13.25160,13.47744,13.70435,13.92197,14.12502,14.32415,14.53351,14.73328,14.99913,15.27441,15.63816,16.05592,16.61506,17.35539,18.78785,20.53105
2025-08-21,2025-08-14,rw,5,16.60000,14.83000,True,11.05625,11.81177,12.48401,12.93635,13.29073,13.56191,13.79316,14.02584,14.24836,14.45528,14.65962,14.87424,15.07873,15.35053,15.63230,16.00509,16.43261,17.00378,17.76192,19.22782,21.01180
2025-08-22,2025-08-15,rw,5,14.22000,15.09000,True,11.25035,12.02002,12.70331,13.16320,13.52385,13.79975,14.03533,14.27176,14.49844,14.70964,14.91728,15.13489,15.34257,15.61894,15.90585,16.28567,16.72066,17.30073,18.07261,19.56404,21.37916
2025-08-25,2025-08-18,rw,5,14.79000,14.99000,True,11.17605,11.94152,12.61955,13.07602,13.43433,13.70837,13.94152,14.17716,14.40181,14.61123,14.81778,15.03451,15.24010,15.51374,15.79948,16.17773,16.60981,17.18492,17.95214,19.43351,21.23647
2025-08-26,2025-08-19,rw,5,14.62000,15.57000,True,11.60874,12.40477,13.10828,13.58202,13.95425,14.23930,14.48131,14.72572,14.95961,15.17727,15.39179,15.61633,15.83101,16.11642,16.41252,16.80347,17.25243,17.84865,18.64602,20.18453,22.05711
2025-08-27,2025-08-20,rw,5,14.85000,15.69000,True,11.69848,12.50158,13.20975,13.68676,14.06308,14.34956,14.59327,14.83924,15.07493,15.29548,15.51109,15.73694,15.95343,16.24171,16.54013,16.93323,17.38475,17.98501,18.78898,20.33917,22.22605
2025-08-28,2025-08-21,rw,5,14.43000,16.60000,True,12.37727,13.22794,13.97637,14.48069,14.88009,15.18237,15.43994,15.69997,15.94928,16.18355,16.41077,16.65007,16.87944,17.18446,17.50026,17.91595,18.39389,19.02710,19.87794,21.51784,23.51401
2025-08-29,2025-08-22,rw,5,15.36000,14.22000,True,10.60294,11.33250,11.97294,12.40474,12.74785,13.00610,13.22633,13.44892,13.66255,13.86220,14.05786,14.26261,14.45887,14.72035,14.99089,15.34678,15.75665,16.29870,17.02730,18.43191,20.14176
2025-09-02,2025-08-25,rw,5,17.17000,14.79000,True,11.02821,11.78789,12.45329,12.90219,13.26006,13.52752,13.75657,13.98805,14.21023,14.41891,14.62072,14.83404,15.03819,15.30999,15.59147,15.96193,16.38819,16.95159,17.70913,19.16988,20.94813
2025-09-03,2025-08-26,rw,5,16.35000,14.62000,True,10.90170,11.65353,12.31056,12.75410,13.10885,13.37210,13.59852,13.82722,14.04686,14.25188,14.45203,14.66346,14.86509,15.13347,15.41195,15.77845,16.19978,16.75631,17.50488,18.94868,20.70636
2025-09-04,2025-08-27,rw,5,15.30000,14.85000,True,11.07346,11.83801,12.50423,12.95495,13.31524,13.58255,13.81284,14.04476,14.26704,14.47478,14.67909,14.89407,15.09815,15.37100,15.65390,16.02666,16.45402,17.01949,17.77982,19.24590,21.03111
2025-09-05,2025-08-28,rw,5,15.18000,14.43000,True,10.76051,11.50431,12.15058,12.58760,12.93492,13.19817,13.42170,13.64752,13.86289,14.06535,14.26364,14.47124,14.67037,14.93510,15.21066,15.57336,15.98805,16.53770,17.27652,18.70072,20.43532
2025-09-08,2025-08-29,rw,5,15.11000,15.36000,True,11.45428,12.24693,12.93368,13.39891,13.76983,14.04886,14.28679,14.52710,14.75674,14.97188,15.18322,15.40560,15.61708,15.89938,16.19214,16.57710,17.01783,17.60309,18.38952,19.90507,21.75132
2025-09-09,2025-09-02,rw,5,15.04000,17.17000,True,12.80434,13.69142,14.45776,14.97800,15.39386,15.70445,15.97066,16.23896,16.49627,16.73707,16.97273,17.22108,17.45813,17.77404,18.10105,18.53173,19.02538,19.68027,20.55600,22.24964,24.31330
2025-09-10,2025-09-03,rw,5,15.35000,16.35000,True,12.19311,13.03881,13.76730,14.26292,14.66003,14.95453,15.20837,15.46348,15.70904,15.93903,16.16286,16.39888,16.62479,16.92586,17.23749,17.64859,18.11698,18.73991,19.57380,21.18609,23.15105
2025-09-11,2025-09-04,rw,5,14.71000,15.30000,True,11.41033,12.20264,12.88316,13.34716,13.71873,13.99422,14.23210,14.47048,14.70022,14.91619,15.12554,15.34611,15.55839,15.83854,16.13012,16.51448,16.95345,17.53598,18.31631,19.82462,21.66325
2025-09-12,2025-09-05,rw,5,14.76000,15.18000,True,11.32110,12.10810,12.78212,13.24270,13.61129,13.88465,14.12089,14.35705,14.58495,14.79941,15.00696,15.22604,15.43737,15.71494,16.00325,16.38443,16.82044,17.39800,18.17219,19.66824,21.49232
2025-09-15,2025-09-08,rw,5,15.69000,15.11000,True,11.26915,12.05343,12.72318,13.18184,13.54869,13.82081,14.05622,14.29088,14.51784,14.73158,14.93771,15.15561,15.36560,15.64214,15.92914,16.30835,16.74282,17.31732,18.08794,19.57665,21.39219
2025-09-16,2025-09-09,rw,5,16.36000,15.04000,True,11.21720,11.99875,12.66424,13.12099,13.48420,13.75633,13.99011,14.22458,14.45043,14.66287,14.86785,15.08510,15.29359,15.56934,15.85502,16.23228,16.66521,17.23666,18.00369,19.48508,21.29207
2025-09-17,2025-09-10,rw,5,15.72000,15.35000,True,11.44867,12.24725,12.92527,13.39165,13.76339,14.03996,14.27888,14.51765,14.74824,14.96484,15.17364,15.39572,15.60798,15.88992,16.18149,16.56632,17.00866,17.59148,18.37432,19.88580,21.72990
2025-09-18,2025-09-11,rw,5,15.70000,14.71000,True,10.97159,11.73699,12.38705,12.83373,13.18970,13.45476,13.68397,13.91242,14.13335,14.33948,14.54070,14.75374,14.95697,15.22686,15.50632,15.87559,16.29889,16.85764,17.60803,19.05555,20.82291
2025-09-19,2025-09-12,rw,5,15.45000,14.76000,True,11.00913,11.77726,12.42983,12.87778,13.23470,13.50067,13.73092,13.95977,14.18141,14.38705,14.58983,14.80381,15.00756,15.27807,15.55852,15.92954,16.35368,16.91455,17.66768,19.11919,20.89269
2025-09-22,2025-09-15,rw,5,16.10000,15.69000,True,11.70307,12.51972,13.21374,13.68964,14.06876,14.35152,14.59655,14.83942,15.07511,15.29452,15.50942,15.73667,15.95356,16.24180,16.53829,16.93321,17.38345,17.97990,18.78068,20.32265,22.20804
2025-09-23,2025-09-16,rw,5,16.64000,16.36000,True,12.20310,13.05476,13.77875,14.27469,14.66970,14.96456,15.22042,15.47313,15.71914,15.94893,16.17204,16.40887,16.63585,16.93606,17.24583,17.65636,18.12509,18.74725,19.58244,21.18922,23.15528
2025-09-24,2025-09-17,rw,5,16.18000,15.72000,True,11.72599,12.54446,13.24045,13.71672,14.09600,14.37946,14.62558,14.86786,15.10449,15.32568,15.54007,15.76735,15.98635,16.27318,16.57063,16.96562,17.41539,18.01345,18.81617,20.35909,22.24838
2025-09-25,2025-09-18,rw,5,16.74000,15.70000,True,11.71134,12.52890,13.22433,13.69973,14.07809,14.36147,14.60756,14.84901,15.08548,15.30639,15.52098,15.74760,15.96654,16.25311,16.55067,16.94402,17.39294,17.99012,18.79203,20.33198,22.21902
2025-09-26,2025-09-19,rw,5,15.29000,15.45000,True,11.52512,12.32979,13.01447,13.48226,13.85394,14.13308,14.37543,14.61270,14.84547,15.06319,15.27388,15.49708,15.71307,15.99503,16.28673,16.67420,17.11571,17.70276,18.49258,20.00704,21.86417
2025-09-29,2025-09-22,rw,5,16.12000,16.10000,True,12.01027,12.84893,13.56274,14.05069,14.43682,14.72799,14.98049,15.22763,15.47104,15.69815,15.91652,16.14917,16.37548,16.66754,16.97138,17.37568,17.83550,18.44559,19.27038,20.84752,22.78294
2025-09-30,2025-09-23,rw,5,16.28000,16.64000,True,12.41338,13.28031,14.01841,14.52321,14.92106,15.22213,15.48322,15.73854,15.99180,16.22584,16.45211,16.69088,16.92495,17.22617,17.54003,17.95824,18.43340,19.06225,19.91649,21.54548,23.54596
2025-10-01,2025-09-24,rw,5,16.29000,16.18000,True,12.07050,12.91360,13.63163,14.12295,14.50861,14.80149,15.05548,15.30366,15.55153,15.77766,15.99899,16.23005,16.45730,16.74962,17.05459,17.46157,17.92353,18.53334,19.36570,20.94863,22.89396
2025-10-02,2025-09-25,rw,5,16.63000,16.74000,True,12.48856,13.36097,14.10367,14.61302,15.01098,15.31394,15.57761,15.83353,16.09069,16.32411,16.55313,16.79254,17.02692,17.33004,17.64621,18.06569,18.54354,19.17277,20.03578,21.67239,23.68521
2025-10-03,2025-09-26,rw,5,16.65000,15.29000,True,11.40708,12.20405,12.88225,13.34841,13.71095,13.98762,14.22926,14.46241,14.69777,14.91052,15.11967,15.33741,15.55205,15.82857,16.11719,16.50064,16.93701,17.51020,18.30013,19.79398,21.63259
2025-10-06,2025-09-29,rw,5,16.37000,16.12000,True,12.02658,12.86694,13.58178,14.07423,14.45545,14.74802,15.00270,15.24799,15.49606,15.72035,15.94059,16.16947,16.39620,16.68746,16.99154,17.39622,17.85609,18.45877,19.29336,20.86723,22.80580
2025-10-07,2025-09-30,rw,5,17.24000,16.28000,True,12.14623,12.99507,13.71683,14.21505,14.59915,14.89551,15.15241,15.39985,15.64988,15.87664,16.09865,16.32976,16.55878,16.85273,17.15915,17.56874,18.03299,18.64059,19.48468,21.07310,23.03107
2025-10-08,2025-10-01,rw,5,16.30000,16.29000,True,12.15397,13.00346,13.72549,14.22485,14.60833,14.90577,15.16241,15.40964,15.65950,15.88658,16.10870,16.34011,16.56880,16.86255,17.16840,17.57939,18.04374,18.65094,19.49647,21.08480,23.04411
2025-10-09,2025-10-02,rw,5,16.43000,16.63000,True,12.40793,13.27529,14.01221,14.52284,14.91325,15.21802,15.47958,15.73153,15.98724,16.21859,16.44507,16.68083,16.91385,17.21389,17.52542,17.94615,18.41870,19.03909,19.90321,21.52359,23.52396
2025-10-10,2025-10-03,rw,5,21.66000,16.65000,True,12.42314,13.29168,14.02930,14.54141,14.93120,15.23703,15.49868,15.75071,16.00737,16.23884,16.46498,16.70133,16.93504,17.23570,17.54956,17.96818,18.43920,19.06086,19.92697,21.54820,23.55113
2025-10-13,2025-10-06,rw,5,19.03000,16.37000,True,12.21450,13.06857,13.79361,14.29795,14.68012,14.98149,15.23805,15.48592,15.73865,15.96640,16.18822,16.42111,16.64979,16.94528,17.25315,17.66587,18.12750,18.73921,19.59168,21.18457,23.15397
2025-10-14,2025-10-07,rw,5,20.81000,17.24000,True,12.86395,13.76355,14.52694,15.05896,15.46032,15.77843,16.04791,16.30900,16.57514,16.81534,17.04880,17.29542,17.53522,17.84677,18.17249,18.60458,19.08920,19.73395,20.63271,22.30913,24.38335
2025-10-15,2025-10-08,rw,5,20.64000,16.30000,True,12.16283,13.01352,13.73510,14.23895,14.61737,14.91882,15.17292,15.41982,15.67144,15.89886,16.11945,16.35100,16.57897,16.87333,17.18108,17.59004,18.04676,18.65687,19.50755,21.09148,23.05276
2025-10-16,2025-10-09,rw,5,25.31000,16.43000,True,12.26009,13.11742,13.84473,14.35281,14.73404,15.03833,15.29421,15.54434,15.79662,16.02784,16.24778,16.48089,16.71044,17.00730,17.31681,17.72925,18.19048,18.80556,19.66171,21.25924,23.23395
2025-10-17,2025-10-10,rw,5,20.78000,21.66000,True,16.16307,17.29311,18.25188,18.92198,19.42431,19.82603,20.16304,20.49444,20.82526,21.13268,21.42008,21.72819,22.03081,22.42227,22.83181,23.37463,23.98758,24.79873,25.92419,28.05702,30.62627
2025-10-20,2025-10-13,rw,5,18.23000,19.03000,True,14.20082,15.19348,16.03580,16.62478,17.06588,17.41933,17.71513,18.00750,18.29676,18.56838,18.81989,19.09190,19.35606,19.70048,20.06097,20.53704,21.07949,21.79863,22.77622,24.64882,26.90448
2025-10-21,2025-10-14,rw,5,17.87000,20.81000,True,15.52944,16.61477,17.53583,18.18017,18.66229,19.04934,19.37273,19.69193,20.00822,20.30677,20.58098,20.87912,21.16667,21.54419,21.93844,22.45888,23.05283,23.84659,24.90896,26.95278,29.41765
2025-10-22,2025-10-15,rw,5,18.60000,20.64000,True,15.40290,16.47918,17.39267,18.03202,18.50995,18.89409,19.21517,19.53114,19.84482,20.14222,20.41354,20.70865,20.99377,21.36920,21.76036,22.27548,22.86600,23.65496,24.70967,26.73102,29.17398
2025-10-23,2025-10-16,rw,5,17.30000,25.31000,True,18.88836,20.20793,21.32805,22.11239,22.69816,23.16950,23.56364,23.95039,24.33556,24.70101,25.03313,25.39454,25.74786,26.20542,26.68497,27.31730,28.04385,29.01214,30.30906,32.80971,35.85349
2025-10-24,2025-10-17,rw,5,16.37000,20.78000,True,15.50804,16.59125,17.51085,18.15498,18.63575,19.02298,19.34677,19.66395,19.97940,20.27858,20.55200,20.84914,21.13728,21.51461,21.90864,22.42731,23.02368,23.81826,24.88335,26.93619,29.43501
2025-10-27,2025-10-20,rw,5,15.79000,18.23000,True,13.60527,14.55539,15.36210,15.92720,16.34899,16.68891,16.97289,17.25110,17.52758,17.78855,18.02938,18.29058,18.54246,18.87399,19.21969,19.67453,20.19760,20.89489,21.82895,23.62966,25.82168
2025-10-28,2025-10-21,rw,5,16.42000,17.87000,True,13.33688,14.26808,15.05882,15.61118,16.02571,16.35840,16.63679,16.91008,17.18122,17.43562,17.67270,17.92915,18.17628,18.50080,18.83971,19.28599,19.79800,20.48174,21.39703,23.16198,25.31056
2025-10-29,2025-10-22,rw,5,16.92000,18.60000,True,13.88199,14.85107,15.67407,16.24923,16.68048,17.02512,17.31494,17.60069,17.88275,18.14499,18.39398,18.65997,18.91878,19.25609,19.60886,20.07381,20.60599,21.31788,22.27023,24.10707,26.34325
2025-10-30,2025-10-23,rw,5,16.91000,17.30000,True,12.90039,13.80793,14.57783,15.10985,15.51424,15.83334,16.10407,16.36975,16.63280,16.87421,17.10813,17.35430,17.59633,17.90978,18.23798,18.67078,19.16547,19.82741,20.71319,22.42115,24.50089
2025-10-31,2025-10-24,rw,5,17.44000,16.37000,True,12.20718,13.05097,13.79218,14.29127,14.68010,14.98009,15.23806,15.48691,15.73818,15.96665,16.18822,16.42076,16.65025,16.94661,17.25721,17.66708,18.13490,18.76107,19.59922,21.21489,23.18269
2025-11-03,2025-10-27,rw,5,17.17000,15.79000,True,11.77494,12.58978,13.30374,13.77841,14.15953,14.44610,14.69792,14.93728,15.17928,15.40039,15.61454,15.83846,16.05988,16.34584,16.64544,17.04090,17.49208,18.09589,18.90433,20.46230,22.36024
2025-11-04,2025-10-28,rw,5,19.00000,16.42000,True,12.24503,13.09337,13.83478,14.32914,14.72469,15.02361,15.28272,15.53309,15.78446,16.01395,16.23741,16.47018,16.69989,16.99766,17.30908,17.72058,18.18969,18.81744,19.65809,21.27776,23.25128
2025-11-05,2025-10-29,rw,5,18.01000,16.92000,True,12.61819,13.49337,14.25631,14.76674,15.17330,15.47861,15.74583,16.00559,16.26510,16.50098,16.73168,16.97166,17.20763,17.51470,17.83557,18.25994,18.74328,19.39000,20.25619,21.92469,23.95815
2025-11-06,2025-10-30,rw,5,19.50000,16.91000,True,12.61102,13.48670,14.24813,14.75929,15.16434,15.46963,15.73759,15.99640,16.25549,16.49167,16.72163,16.96151,17.19708,17.50372,17.82444,18.24891,18.73186,19.37810,20.24371,21.91074,23.94285
2025-11-07,2025-10-31,rw,5,19.08000,17.44000,True,13.00658,13.91076,14.69496,15.22320,15.63964,15.95567,16.23182,16.49804,16.76498,17.00933,17.24590,17.49326,17.73687,18.05349,18.38451,18.82073,19.31860,19.98500,20.87767,22.59645,24.69210
2025-11-10,2025-11-03,rw,5,17.60000,17.17000,True,12.80552,13.69672,14.46770,14.98881,15.39753,15.70982,15.98126,16.24271,16.50590,16.74668,16.97907,17.22250,17.46347,17.77468,18.10081,18.52998,19.01917,19.67515,20.55393,22.24561,24.30867
2025-11-11,2025-11-04,rw,5,17.28000,19.00000,True,14.17067,15.15800,16.00997,16.58777,17.03863,17.38549,17.68536,17.97395,18.26616,18.53199,18.78887,19.05871,19.32536,19.66998,20.03102,20.50549,21.04776,21.77503,22.74403,24.61546,26.89823
2025-11-12,2025-11-05,rw,5,17.51000,18.01000,True,13.43261,14.36958,15.17602,15.72482,16.15085,16.48085,16.76463,17.03748,17.31537,17.56678,17.81000,18.06635,18.31867,18.64595,18.98833,19.43702,19.95073,20.63991,21.55840,23.33180,25.49548
2025-11-13,2025-11-06,rw,5,20.00000,19.50000,True,14.54425,15.55890,16.43166,17.02705,17.48715,17.84517,18.15161,18.44885,18.74796,19.02269,19.28373,19.56306,19.83422,20.18951,20.55952,21.04515,21.60270,22.35073,23.34171,25.26059,27.60345
2025-11-14,2025-11-07,rw,5,19.83000,19.08000,True,14.23132,15.22427,16.07784,16.66157,17.11061,17.46163,17.76067,18.05327,18.34421,18.61549,18.86866,19.14335,19.40805,19.75536,20.11693,20.59321,21.13707,21.86877,22.83871,24.71505,27.00763
2025-11-17,2025-11-10,rw,5,22.38000,17.60000,True,13.12773,14.04380,14.83079,15.37032,15.78348,16.10791,16.38303,16.65434,16.92141,17.17307,17.40568,17.65853,17.90542,18.22272,18.55641,18.99522,19.49719,20.17193,21.06692,22.79660,24.91151
2025-11-18,2025-11-11,rw,5,24.69000,17.28000,True,12.88934,13.78889,14.56123,15.09200,15.49660,15.81283,16.08512,16.34875,16.61360,16.85880,17.08860,17.33739,17.57802,17.89095,18.21893,18.64926,19.14238,19.80466,20.68366,22.38079,24.45741
2025-11-19,2025-11-12,rw,5,23.66000,17.51000,True,13.06120,13.97287,14.75512,15.29403,15.70297,16.02405,16.29923,16.56799,16.83478,17.08037,17.31580,17.56729,17.81013,18.12862,18.46133,18.89746,19.39685,20.06775,20.95873,22.67733,24.78176
2025-11-20,2025-11-13,rw,5,26.42000,20.00000,True,14.91890,15.96038,16.85346,17.47023,17.93612,18.30359,18.61707,18.92539,19.22900,19.51192,19.77847,20.06644,20.34600,20.70607,21.08651,21.58474,22.15477,22.92089,23.93889,25.90061,28.30448
2025-11-21,2025-11-14,rw,5,23.43000,19.83000,True,14.79243,15.82523,16.71030,17.32272,17.78378,18.14886,18.45895,18.76460,19.06579,19.34831,19.61106,19.89598,20.17524,20.53103,20.90704,21.40125,21.96605,22.72550,23.73514,25.67894,28.06256
2025-11-24,2025-11-17,rw,5,20.52000,22.38000,True,16.69502,17.86081,18.85924,19.55070,20.07078,20.48363,20.83302,21.17767,21.51768,21.83806,22.13370,22.45484,22.76987,23.17208,23.59596,24.15337,24.79245,25.65154,26.79074,28.97935,31.66970
2025-11-25,2025-11-18,rw,5,18.56000,24.69000,True,18.41866,19.70498,20.80595,21.56911,22.14258,22.59869,22.98377,23.36373,23.73873,24.09393,24.41910,24.77308,25.12139,25.56441,26.03177,26.64899,27.35381,28.30842,29.56311,32.00164,34.99461
2025-11-26,2025-11-19,rw,5,17.19000,23.66000,True,17.65069,18.88354,19.93810,20.66973,21.21899,21.65669,22.02535,22.38931,22.74847,23.09012,23.40119,23.74012,24.07509,24.49824,24.94608,25.54028,26.21660,27.14127,28.33987,30.68659,33.53391
2025-11-28,2025-11-20,rw,5,16.35000,26.42000,True,19.71014,21.08703,22.26397,23.08137,23.69496,24.18385,24.59556,25.00136,25.40282,25.78512,26.13135,26.51015,26.88369,27.35633,27.85655,28.52397,29.27518,30.31849,31.64961,34.28556,37.44481
2025-12-01,2025-11-21,rw,5,17.24000,23.43000,True,17.47991,18.70117,19.74435,20.46963,21.01400,21.44767,21.81283,22.17233,22.52854,22.86712,23.17433,23.51156,23.84152,24.26073,24.70589,25.30089,25.96417,26.88807,28.06739,30.40432,33.20630
2025-12-02,2025-11-24,rw,5,16.59000,20.52000,True,15.30926,16.37901,17.29214,17.92767,18.40462,18.78424,19.10218,19.41798,19.72971,20.02664,20.29581,20.59028,20.88019,21.24738,21.63628,22.15706,22.73883,23.54856,24.58110,26.62716,29.08138
2025-12-03,2025-11-25,rw,5,16.08000,18.56000,True,13.84729,14.79981,15.63983,16.21341,16.64505,16.98851,17.27686,17.56291,17.84491,18.11250,18.35697,18.62300,18.88570,19.21775,19.56921,20.03936,20.56636,21.29918,22.23290,24.08297,26.30298
2025-12-04,2025-11-26,rw,5,15.78000,17.19000,True,12.81403,13.68273,14.48381,15.01075,15.41599,15.73267,16.00136,16.26640,16.52763,16.77417,17.00139,17.24805,17.49158,17.79909,18.12460,18.55894,19.04776,19.72687,20.59151,22.30451,24.36085
2025-12-05,2025-11-28,rw,5,15.41000,16.35000,True,12.18036,12.99610,13.77184,14.27052,14.66230,14.96179,15.21895,15.46974,15.71971,15.95298,16.17007,16.40492,16.63606,16.92923,17.23881,17.65087,18.11693,18.76278,19.58503,21.21383,23.16987
2025-12-08,2025-12-01,rw,5,16.66000,17.24000,True,12.84026,13.69943,14.51672,15.04236,15.46029,15.77269,16.04568,16.30905,16.57517,16.81902,17.04966,17.29762,17.54081,17.85067,18.17708,18.61088,19.10305,19.78399,20.65084,22.36779,24.43051
2025-12-09,2025-12-02,rw,5,16.93000,16.59000,True,12.35634,13.18332,13.96843,14.47298,14.87692,15.17656,15.43838,15.69404,15.95016,16.18222,16.40624,16.64521,16.87901,17.17745,17.49166,17.90842,18.38276,19.03795,19.87198,21.52369,23.50883
2025-12-10,2025-12-03,rw,5,15.77000,16.08000,True,11.97668,12.77842,13.53948,14.02694,14.41891,14.70938,14.96216,15.21128,15.45894,15.68392,15.90166,16.13344,16.36001,16.64920,16.95386,17.35715,17.81759,18.45258,19.26083,20.86128,22.78558
2025-12-11,2025-12-04,rw,5,14.85000,15.78000,True,11.75342,12.54040,13.28732,13.76530,14.14993,14.43526,14.68238,14.92703,15.16924,15.39087,15.60477,15.83238,16.05467,16.33838,16.63748,17.03259,17.48512,18.10820,18.90123,20.47135,22.35993
2025-12-12,2025-12-05,rw,5,15.74000,15.41000,True,11.47789,12.24652,12.97577,13.44276,13.81836,14.09694,14.33838,14.57612,14.81355,15.02916,15.23876,15.45983,15.67659,15.95489,16.24729,16.63268,17.07450,17.68174,18.45732,19.99087,21.83461
2025-12-15,2025-12-08,rw,5,16.50000,16.66000,True,12.40900,13.24008,14.02832,14.53342,14.93947,15.24059,15.50174,15.75901,16.01517,16.24748,16.47474,16.71245,16.94644,17.24865,17.56512,17.98128,18.45883,19.11400,19.95372,21.61192,23.60462
2025-12-16,2025-12-09,rw,5,16.48000,16.93000,True,12.61018,13.45483,14.25567,14.76920,15.18181,15.48776,15.75326,16.01490,16.27519,16.51142,16.74187,16.98507,17.22379,17.52775,17.84970,18.27211,18.75728,19.42172,20.27630,21.96164,23.98603
2025-12-17,2025-12-10,rw,5,17.62000,15.77000,True,11.74623,12.53311,13.27891,13.75747,14.14180,14.42673,14.67464,14.91785,15.16091,15.38080,15.59464,15.81994,16.04198,16.32638,16.62640,17.01960,17.47143,18.08908,18.88627,20.45639,22.34150
2025-12-18,2025-12-11,rw,5,16.87000,14.85000,True,11.06103,11.80210,12.50424,12.95509,13.31699,13.58611,13.81948,14.04696,14.27523,14.48270,14.68472,14.89620,15.10453,15.37353,15.65607,16.02669,16.45156,17.03199,17.78377,19.26252,21.03713
2025-12-19,2025-12-12,rw,5,14.91000,15.74000,True,11.72401,12.50959,13.25366,13.73175,14.11512,14.40143,14.64871,14.88926,15.13164,15.35139,15.56497,15.79015,16.01230,16.29452,16.59399,16.98719,17.43726,18.05086,18.84886,20.41648,22.29688
2025-12-22,2025-12-15,rw,5,14.08000,16.50000,True,12.29017,13.11378,13.89361,14.39509,14.79668,15.09793,15.35694,15.60844,15.86316,16.09324,16.31665,16.55145,16.78369,17.08093,17.39484,17.80739,18.27891,18.92068,19.75819,21.40176,23.37236
2025-12-23,2025-12-16,rw,5,14.00000,16.48000,True,12.27534,13.09806,13.87677,14.37812,14.77876,15.08075,15.33903,15.58978,15.84441,16.07296,16.29674,16.53086,16.76247,17.05987,17.37341,17.78579,18.25646,18.89648,19.73346,21.37530,23.34292
2025-12-24,2025-12-17,rw,5,13.47000,17.62000,True,13.12455,14.00430,14.83670,15.37324,15.80109,16.12471,16.40085,16.66838,16.94049,17.18554,17.42420,17.67507,17.92389,18.24070,18.57614,19.01618,19.52103,20.20228,21.09769,22.85338,24.95647
2025-12-26,2025-12-18,rw,5,13.60000,16.87000,True,12.56597,13.40838,14.20517,14.71936,15.12853,15.43908,15.70346,15.95895,16.21946,16.45441,16.68266,16.92439,17.16365,17.46506,17.78641,18.20794,18.69290,19.34107,20.19886,21.88009,23.89305
2025-12-29,2025-12-19,rw,5,14.20000,14.91000,True,11.10608,11.85071,12.55547,13.00966,13.37094,13.64596,13.87900,14.10485,14.33498,14.54225,14.74431,14.95680,15.16794,15.43554,15.71957,16.09198,16.52050,17.09283,17.85166,19.33753,21.11609
2025-12-30,2025-12-22,rw,5,14.33000,14.08000,True,10.48789,11.19116,11.85719,12.28341,12.62650,12.88453,13.10559,13.31958,13.53657,13.73196,13.92343,14.12366,14.32208,14.57595,14.84416,15.19569,15.60026,16.14023,16.85748,18.26062,19.93966
2025-12-31,2025-12-23,rw,5,14.95000,14.00000,True,10.42836,11.12772,11.79046,12.21255,12.55436,12.80845,13.02964,13.24359,13.45851,13.65333,13.84418,14.04296,14.23996,14.49283,14.75947,15.10934,15.51104,16.04745,16.76128,18.15642,19.82542
2026-01-02,2025-12-24,rw,5,14.51000,13.47000,True,10.03363,10.70271,11.34223,11.74994,12.07853,12.32238,12.53439,12.74177,12.94864,13.13626,13.31995,13.51117,13.70087,13.94388,14.20042,14.53732,14.92328,15.43933,16.12634,17.46865,19.07398
2026-01-05,2025-12-26,rw,5,14.90000,13.60000,True,10.13052,10.80633,11.44975,11.86273,12.19501,12.44077,12.65441,12.86394,13.07360,13.26274,13.44818,13.64153,13.83308,14.07801,14.33718,14.67761,15.06675,15.58793,16.28157,17.63681,19.25714
2026-01-06,2025-12-29,rw,5,14.75000,14.20000,True,10.57751,11.28342,11.95529,12.38620,12.73305,12.98990,13.21293,13.43192,13.64921,13.84741,14.04114,14.24325,14.44323,14.69857,14.96940,15.32514,15.73120,16.27522,16.99945,18.41446,20.10577
2026-01-07,2025-12-30,rw,5,15.38000,14.33000,True,10.67441,11.38706,12.06515,12.49972,12.84964,13.10897,13.33436,13.55534,13.77495,13.97456,14.17003,14.37376,14.57560,14.83260,15.10608,15.46524,15.87496,16.42380,17.15464,18.58259,20.28886
2026-01-08,2025-12-31,rw,5,15.45000,14.95000,True,11.13630,11.88008,12.58758,13.04066,13.40562,13.67628,13.91222,14.14209,14.37135,14.57952,14.78346,14.99571,15.20624,15.47538,15.76046,16.13414,16.56153,17.13395,17.89641,19.38611,21.16567
2026-01-09,2026-01-02,rw,5,14.49000,14.51000,True,10.80861,11.53078,12.21752,12.65698,13.01109,13.27391,13.50368,13.72610,13.94839,14.15059,14.34851,14.55484,14.76025,15.02069,15.29738,15.65909,16.07384,16.62925,17.36925,18.81509,20.54176
2026-01-12,2026-01-05,rw,5,15.12000,14.90000,True,11.09918,11.84106,12.54633,12.99730,13.36083,13.63083,13.86757,14.09526,14.32330,14.53110,14.73431,14.94662,15.15936,15.42502,15.70939,16.08060,16.50560,17.07577,17.83566,19.32033,21.09287
2026-01-13,2026-01-06,rw,5,15.98000,14.75000,True,10.98750,11.72201,12.42003,12.86651,13.22652,13.49462,13.72859,13.95342,14.17990,14.38547,14.58609,14.79770,15.00690,15.27045,15.55088,15.91851,16.33914,16.90348,17.65591,19.12497,20.87953
2026-01-14,2026-01-07,rw,5,16.75000,15.38000,True,11.45686,12.22284,12.95051,13.41612,13.79166,14.07205,14.31562,14.54945,14.78639,15.00058,15.20921,15.43107,15.64835,15.92342,16.21558,16.59820,17.03670,17.62506,18.40982,19.94093,21.77030
2026-01-15,2026-01-08,rw,5,15.84000,15.45000,True,11.50907,12.27863,13.00946,13.47723,13.85464,14.13715,14.38143,14.61592,14.85413,15.06928,15.27865,15.50138,15.72068,15.99549,16.28930,16.67353,17.11393,17.70487,18.49340,20.03078,21.86834
2026-01-16,2026-01-09,rw,5,15.86000,14.49000,True,10.79400,11.51583,12.20111,12.63987,12.99396,13.25972,13.48804,13.70911,13.93120,14.13326,14.32950,14.53813,14.74317,15.00122,15.27688,15.63730,16.05025,16.60438,17.34411,18.78529,20.50855
2026-01-20,2026-01-12,rw,5,20.09000,15.12000,True,11.26337,12.01668,12.73159,13.18948,13.55912,13.83687,14.07449,14.30657,14.53694,14.74901,14.95306,15.17029,15.38345,15.65305,15.94073,16.31705,16.74778,17.32591,18.09800,19.60116,21.39921
2026-01-21,2026-01-13,rw,5,16.90000,15.98000,True,11.90407,12.70034,13.45575,13.93973,14.33035,14.62457,14.87504,15.12139,15.36397,15.59002,15.80414,16.03337,16.25959,16.54415,16.84812,17.24573,17.69878,18.31096,19.12717,20.71510,22.61528
2026-01-22,2026-01-14,rw,5,15.64000,16.75000,True,12.47774,13.31248,14.10412,14.61154,15.02087,15.32997,15.59190,15.85008,16.10449,16.34313,16.56622,16.80630,17.04390,17.34214,17.66016,18.07720,18.54995,19.19231,20.04859,21.71228,23.70387
2026-01-23,2026-01-15,rw,5,16.09000,15.84000,True,11.79991,12.58940,13.33787,13.81794,14.20483,14.49780,14.74509,14.98902,15.22967,15.45643,15.66673,15.89358,16.11804,16.39956,16.70063,17.09508,17.54060,18.14771,18.95918,20.53175,22.41501
2026-01-26,2026-01-16,rw,5,16.15000,15.86000,True,11.81487,12.60546,13.35471,13.83561,14.22278,14.51661,14.76398,15.00805,15.24894,15.47710,15.68672,15.91399,16.13870,16.42104,16.72191,17.11672,17.56118,18.16871,18.98290,20.55675,22.44224
2026-01-27,2026-01-20,rw,5,16.35000,20.09000,True,14.96609,15.96765,16.91653,17.52598,18.01613,18.38896,18.70200,19.01104,19.31601,19.60611,19.87078,20.15968,20.44355,20.80125,21.18202,21.68331,22.25284,23.02188,24.04821,26.05637,28.42643
2026-01-28,2026-01-21,rw,5,16.35000,16.90000,True,12.58976,13.43240,14.23121,14.74334,15.15553,15.46961,15.73297,15.99254,16.24935,16.49389,16.71940,16.95971,17.19901,17.49865,17.81891,18.23973,18.71774,19.36590,20.22948,21.91846,23.91159
2026-01-29,2026-01-22,rw,5,16.88000,15.64000,True,11.65118,12.43109,13.17091,13.64436,14.02568,14.31676,14.56051,14.79989,15.03743,15.26310,15.46934,15.69444,15.91573,16.19387,16.49029,16.87930,17.32067,17.92164,18.72104,20.28381,22.12778
2026-01-30,2026-01-23,rw,5,17.44000,16.09000,True,11.98647,12.78893,13.55061,14.03717,14.42933,14.72897,14.97999,15.22589,15.47032,15.70315,15.91805,16.14690,16.37302,16.65961,16.96464,17.36494,17.81744,18.43687,19.25947,20.86692,22.76336
2026-02-02,2026-01-26,rw,5,16.34000,16.15000,True,12.03124,12.83679,13.60188,14.08990,14.48323,14.78417,15.03618,15.28284,15.52843,15.76201,15.98106,16.20743,16.43523,16.72153,17.02780,17.42968,17.88228,18.50418,19.33108,20.94422,22.84715
2026-02-03,2026-01-27,rw,5,18.00000,16.35000,True,12.18030,12.99593,13.76730,14.26292,14.66221,14.96616,15.22132,15.47178,15.72010,15.95670,16.17528,16.40788,16.63773,16.92825,17.23859,17.64551,18.10212,18.73136,19.57026,21.20308,23.12899
2026-02-04,2026-01-28,rw,5,18.64000,16.35000,True,12.18036,12.99610,13.76730,14.26315,14.66230,14.96669,15.22187,15.47195,15.72052,15.95558,16.17159,16.40732,16.63745,16.92782,17.23851,17.64549,18.10191,18.72938,19.57004,21.20256,23.12789
2026-02-05,2026-01-29,rw,5,21.77000,16.88000,True,12.57527,13.41756,14.21358,14.72574,15.13769,15.45214,15.71576,15.97366,16.23055,16.47374,16.69961,16.93982,17.17759,17.47734,17.79751,18.21754,18.68849,19.33447,20.20419,21.88933,23.87646
2026-02-06,2026-01-30,rw,5,20.37000,17.44000,True,12.99253,13.86287,14.68513,15.21452,15.63999,15.96508,16.23737,16.50398,16.76939,17.02102,17.25756,17.50215,17.74911,18.05755,18.38823,18.82232,19.30826,19.97379,20.87425,22.61497,24.66740
2026-02-09,2026-02-02,rw,5,17.36000,16.34000,True,12.17311,12.98866,13.75889,14.25512,14.65362,14.95839,15.21345,15.46341,15.71199,15.94745,16.16913,16.40025,16.62859,16.91840,17.22830,17.63495,18.09022,18.71200,19.55742,21.18805,23.11044
2026-02-10,2026-02-03,rw,5,17.79000,18.00000,True,13.40987,14.30838,15.15667,15.70356,16.14240,16.47835,16.75924,17.03478,17.30852,17.56757,17.81185,18.06902,18.31960,18.63757,18.97885,19.42711,19.92780,20.61080,21.54404,23.34000,25.45704
2026-02-11,2026-02-04,rw,5,17.65000,18.64000,True,13.88690,14.81844,15.69644,16.26245,16.71646,17.06454,17.35543,17.64102,17.92433,18.19283,18.44528,18.71381,18.97145,19.30043,19.65610,20.11917,20.63729,21.34237,22.30985,24.16877,26.35915
2026-02-12,2026-02-05,rw,5,20.82000,21.77000,True,16.21904,17.30827,18.33316,18.99385,19.52359,19.93033,20.27008,20.60393,20.93461,21.24849,21.54272,21.85849,22.15765,22.54161,22.95817,23.50008,24.10940,24.93990,26.05863,28.22588,30.78180
2026-02-13,2026-02-06,rw,5,20.60000,20.37000,True,15.17627,16.19664,17.15512,17.77297,18.26818,18.64896,18.96688,19.27958,19.58943,19.88262,20.15764,20.45304,20.73315,21.09232,21.48210,21.99218,22.56381,23.34293,24.38257,26.40951,28.79896
2026-02-17,2026-02-09,rw,5,20.29000,17.36000,True,12.93395,13.80455,14.62097,15.14723,15.56886,15.89355,16.16507,16.43151,16.69630,16.94512,17.17927,17.43103,17.67123,17.97589,18.30790,18.74123,19.22928,19.89317,20.77941,22.50605,24.54063
2026-02-18,2026-02-10,rw,5,19.62000,17.79000,True,13.25454,14.14774,14.98395,15.52293,15.95460,16.28791,16.56664,16.83933,17.11141,17.36563,17.60453,17.86257,18.10727,18.42097,18.76132,19.20462,19.70522,20.38545,21.29388,23.06247,25.14560
2026-02-19,2026-02-11,rw,5,20.23000,17.65000,True,13.15046,14.03765,14.86684,15.40129,15.82952,16.16040,16.43743,16.70745,16.97443,17.22808,17.46573,17.72182,17.96453,18.27584,18.61362,19.05266,19.54841,20.22456,21.12607,22.87994,24.94485
2026-02-20,2026-02-12,rw,5,19.09000,20.82000,True,15.51259,16.56033,17.53794,18.16833,18.67313,19.06367,19.39074,19.70839,20.02106,20.32160,20.60251,20.90387,21.19073,21.55807,21.95659,22.47362,23.05731,23.85576,24.92010,26.98804,29.42165
2026-02-23,2026-02-13,rw,5,21.01000,20.60000,True,15.34893,16.38679,17.35357,17.97791,18.47637,18.86302,19.18637,19.50036,19.81062,20.10744,20.38494,20.68387,20.96649,21.33009,21.72442,22.23519,22.81163,23.60119,24.65651,26.70165,29.10741
2026-02-24,2026-02-17,rw,5,19.55000,20.29000,True,15.11821,16.14163,17.09336,17.70890,18.19889,18.57939,18.89817,19.20775,19.51428,19.80548,20.07847,20.37285,20.65143,21.00943,21.39778,21.90341,22.47478,23.25161,24.28519,26.29864,28.66610
2026-02-25,2026-02-18,rw,5,17.93000,19.62000,True,14.61924,15.61000,16.52982,17.12561,17.59847,17.96610,18.27463,18.57510,18.87161,19.15260,19.41574,19.70047,19.96991,20.31602,20.69135,21.18385,21.73224,22.48330,23.48301,25.42907,27.71633
2026-02-26,2026-02-19,rw,5,18.63000,20.23000,True,15.07401,16.09676,17.04404,17.65958,18.14609,18.52490,18.84280,19.15427,19.46107,19.74922,20.01991,20.31350,20.59363,20.94856,21.33480,21.84698,22.40955,23.18515,24.21289,26.21849,28.57477
2026-02-27,2026-02-20,rw,5,19.86000,19.09000,True,14.22481,15.19102,16.08386,16.66587,17.12396,17.48121,17.78032,18.07198,18.36099,18.63498,18.89126,19.16836,19.43135,19.76737,20.13249,20.61434,21.14634,21.87819,22.84824,24.73991,26.96143
2026-03-02,2026-02-23,rw,5,21.44000,21.01000,True,15.65575,16.72037,17.70182,18.34364,18.84671,19.23997,19.56913,19.89131,20.21000,20.51042,20.79181,21.09710,21.38864,21.75530,22.15727,22.68615,23.27273,24.07814,25.14600,27.22692,29.66970
2026-03-03,2026-02-24,rw,5,23.57000,19.55000,True,14.56806,15.55984,16.47199,17.07028,17.53749,17.90350,18.20943,18.51065,18.80823,19.08377,19.34647,19.63032,19.90049,20.24331,20.61748,21.10827,21.65510,22.40444,23.39837,25.33375,27.60476
2026-03-04,2026-02-25,rw,5,21.15000,17.93000,True,13.36112,14.27175,15.10731,15.65694,16.08467,16.41876,16.69975,16.97405,17.24607,17.50145,17.74307,18.00339,18.24977,18.56570,18.90897,19.35786,19.86030,20.54744,21.45928,23.23343,25.31440
2026-03-05,2026-02-26,rw,5,23.75000,18.63000,True,13.88298,14.83024,15.69738,16.26943,16.71307,17.05997,17.35010,17.63540,17.91692,18.18408,18.43550,18.70601,18.96199,19.29036,19.64712,20.11228,20.63381,21.34914,22.29686,24.13938,26.29967
2026-03-06,2026-02-27,rw,5,29.49000,19.86000,True,14.79982,15.81078,16.73405,17.34488,17.81699,18.18686,18.49665,18.79996,19.10159,19.38519,19.65295,19.94136,20.21512,20.56428,20.94418,21.43922,21.99415,22.75815,23.76874,25.73196,28.03282
2026-03-09,2026-03-02,rw,5,25.50000,21.44000,True,15.97752,17.07016,18.06567,18.72620,19.23498,19.63433,19.96873,20.29716,20.62363,20.92816,21.21680,21.52823,21.82639,22.20013,22.61027,23.14386,23.74182,24.56815,25.65948,27.77786,30.25955
2026-03-10,2026-03-03,rw,5,24.93000,23.57000,True,17.56514,18.76769,19.86078,20.58815,21.14648,21.58558,21.95317,22.31556,22.67571,23.00865,23.32523,23.66898,23.99661,24.40604,24.85685,25.44701,26.10796,27.01234,28.21104,30.53612,33.26193
2026-03-11,2026-03-04,rw,5,24.23000,21.15000,True,15.76194,16.84225,17.82193,18.47570,18.97582,19.36990,19.69971,20.02609,20.35038,20.64749,20.93090,21.24090,21.53380,21.90058,22.30489,22.83883,23.42909,24.24161,25.31425,27.39965,29.84340
2026-03-12,2026-03-05,rw,5,27.29000,23.75000,True,17.69988,18.91453,20.01292,20.74736,21.30864,21.75129,22.12143,22.48816,22.85313,23.18604,23.50401,23.85395,24.18210,24.59605,25.04704,25.65212,26.31098,27.22258,28.42900,30.76610,33.50825
2026-03-13,2026-03-06,rw,5,27.19000,29.49000,True,21.97803,23.48814,24.84986,25.76220,26.45872,27.00852,27.46783,27.92349,28.37768,28.79015,29.18460,29.62111,30.02772,30.54536,31.10139,31.85642,32.67413,33.81264,35.30732,38.23524,41.74292
2026-03-16,2026-03-09,rw,5,23.51000,25.50000,True,19.00472,20.31216,21.48780,22.27702,22.87896,23.35450,23.75143,24.14571,24.53888,24.89536,25.23887,25.61406,25.96564,26.41761,26.89450,27.54862,28.25559,29.25303,30.52947,33.06051,36.09338
2026-03-17,2026-03-10,rw,5,22.37000,24.93000,True,18.58023,19.86004,21.00760,21.77951,22.36765,22.83270,23.22100,23.60633,23.99063,24.33943,24.67759,25.04228,25.38561,25.82758,26.29411,26.93241,27.62391,28.59612,29.84630,32.32004,35.28490
2026-03-18,2026-03-11,rw,5,25.09000,24.23000,True,18.05883,19.30427,20.41785,21.16840,21.73969,22.19161,22.56970,22.94384,23.31726,23.65634,23.98514,24.34005,24.67305,25.10331,25.55676,26.17741,26.84859,27.79025,29.00753,31.41111,34.29252
2026-03-19,2026-03-12,rw,5,24.06000,27.29000,True,20.33982,21.74431,22.99655,23.84224,24.48547,24.99421,25.42083,25.84215,26.26458,26.64408,27.01474,27.41494,27.79115,28.27617,28.78523,29.48539,30.24246,31.31653,32.67006,35.37641,38.62147
2026-03-20,2026-03-13,rw,5,26.78000,27.19000,True,20.26563,21.66672,22.91241,23.75524,24.39603,24.90265,25.32581,25.74639,26.16562,26.54622,26.91523,27.31369,27.68788,28.17118,28.67951,29.37656,30.13085,31.20054,32.54953,35.24518,38.47811
2026-03-23,2026-03-16,rw,5,26.15000,23.51000,True,17.52310,18.73608,19.81147,20.54023,21.09441,21.53225,21.89789,22.26121,22.62388,22.95283,23.27197,23.61621,23.93981,24.35719,24.79748,25.39994,26.05214,26.97489,28.14345,30.47358,33.26875
2026-03-24,2026-03-17,rw,5,26.95000,22.37000,True,16.67369,17.82929,18.85092,19.54434,20.07178,20.48809,20.83549,21.18135,21.52574,21.83924,22.14093,22.47039,22.77882,23.17545,23.59464,24.16792,24.78822,25.66417,26.77810,28.99460,31.65404
2026-03-25,2026-03-18,rw,5,25.33000,25.09000,True,18.70138,19.99911,21.14315,21.92088,22.51259,22.97929,23.36954,23.75707,24.14420,24.49526,24.83597,25.20352,25.54877,25.99332,26.46308,27.10611,27.80153,28.78167,30.03333,32.51862,35.50120
2026-03-26,2026-03-19,rw,5,27.44000,24.06000,True,17.93395,19.17996,20.27521,21.02110,21.58741,22.03566,22.40873,22.78060,23.15142,23.48905,23.81362,24.16811,24.49978,24.92618,25.37639,25.99293,26.66014,27.59721,28.80008,31.18225,34.04218
2026-03-27,2026-03-20,rw,5,31.05000,26.78000,True,19.96173,21.35034,22.56738,23.39768,24.02816,24.52706,24.94274,25.35706,25.76990,26.14507,26.50267,26.89972,27.26933,27.74245,28.24485,28.93100,29.67400,30.71385,32.05559,34.70585,37.88886
2026-03-30,2026-03-23,rw,5,30.61000,26.15000,True,19.49246,20.85009,22.03652,22.84737,23.46316,23.95009,24.35663,24.76080,25.16438,25.53059,25.88222,26.26769,26.62807,27.09148,27.58125,28.25172,28.97761,29.98814,31.30113,33.88786,36.99576
2026-03-31,2026-03-24,rw,5,25.25000,26.95000,True,20.08913,21.49003,22.71072,23.54639,24.18124,24.68281,25.10200,25.51857,25.93451,26.31197,26.67714,27.07231,27.44420,27.92077,28.42619,29.11804,29.86691,30.92405,32.26465,34.92300,38.12575
2026-04-01,2026-03-25,rw,5,24.54000,25.33000,True,18.88187,20.20019,21.34559,22.13101,22.72793,23.19912,23.59309,23.98494,24.37582,24.73049,25.07403,25.44589,25.79316,26.24200,26.71699,27.36698,28.07115,29.06210,30.32442,32.82224,35.83225
2026-04-02,2026-03-26,rw,5,23.87000,27.44000,True,20.45508,21.88499,23.12373,23.97455,24.62140,25.13165,25.55840,25.98329,26.40894,26.79086,27.16323,27.56650,27.94390,28.42961,28.94345,29.64905,30.41131,31.47966,32.84964,35.55474,38.81524
2026-04-06,2026-03-27,rw,5,24.17000,31.05000,True,23.14654,24.76657,26.16593,27.12866,27.86082,28.43828,28.92116,29.40208,29.88623,30.31598,30.73960,31.19431,31.62267,32.17286,32.75156,33.55513,34.41422,35.63184,37.17039,40.23048,43.91967
2026-04-07,2026-03-30,rw,5,25.78000,30.61000,True,22.81893,24.41797,25.79519,26.74426,27.46626,28.03562,28.51223,28.98703,29.46483,29.88691,30.30676,30.75349,31.17705,31.72168,32.29707,33.08284,33.93393,35.12779,36.64274,39.65859,43.29524
2026-04-08,2026-03-31,rw,5,21.04000,25.25000,True,18.82351,20.14418,21.27833,22.06119,22.65694,23.12667,23.52031,23.90960,24.30242,24.65300,24.99759,25.36754,25.71638,26.16492,26.63770,27.28925,27.98925,28.97668,30.22561,32.71265,35.71227
2026-04-09,2026-04-01,rw,5,19.49000,24.54000,True,18.29453,19.57965,20.68005,21.44088,22.02005,22.47664,22.85967,23.23764,23.62139,23.95928,24.29248,24.65344,24.99193,25.42715,25.88485,26.52134,27.19966,28.16187,29.37497,31.79136,34.70643
2026-04-10,2026-04-02,rw,5,19.23000,23.87000,True,17.79545,19.04569,20.11585,20.85538,21.41810,21.86222,22.23390,22.60257,22.97308,23.30494,23.62878,23.97966,24.30834,24.73172,25.17802,25.79585,26.45666,27.39281,28.57265,30.92155,33.75499
2026-04-13,2026-04-06,rw,5,19.12000,24.17000,True,18.01952,19.25088,20.36794,21.11693,21.68635,22.13668,22.51263,22.88609,23.25939,23.59755,23.92529,24.28035,24.61258,25.04133,25.49436,26.11863,26.78878,27.73690,28.93143,31.30832,34.17530
2026-04-14,2026-04-07,rw,5,18.36000,25.78000,True,19.22027,20.53520,21.72374,22.52164,23.13018,23.61095,24.01201,24.41009,24.80833,25.16872,25.51601,25.89691,26.25131,26.70824,27.19246,27.85692,28.57281,29.58431,30.85825,33.39183,36.44758
2026-04-15,2026-04-08,rw,5,18.17000,21.04000,True,15.68673,16.76115,17.72740,18.37591,18.87662,19.26916,19.59582,19.91898,20.24594,20.54062,20.82211,21.13476,21.42452,21.79752,22.19247,22.73382,23.31898,24.14468,25.18427,27.25068,29.74279
2026-04-16,2026-04-09,rw,5,17.94000,19.49000,True,14.53143,15.49968,16.41747,17.01458,17.48412,17.84803,18.14974,18.44958,18.75314,19.02708,19.28813,19.57727,19.84607,20.19167,20.55721,21.05847,21.60077,22.36581,23.32870,25.24165,27.54849
2026-04-17,2026-04-10,rw,5,17.48000,19.23000,True,14.33791,15.29427,16.19435,16.77998,17.24910,17.60897,17.90529,18.20307,18.49908,18.77238,19.03079,19.31569,19.58098,19.92169,20.28262,20.77699,21.31230,22.06731,23.01724,24.90344,27.17787
2026-04-20,2026-04-13,rw,5,18.87000,19.12000,True,14.25623,15.19610,16.09975,16.68086,17.14843,17.50708,17.80214,18.09750,18.38984,18.66366,18.92144,19.20451,19.46863,19.80570,20.16628,20.65759,21.19007,21.94021,22.88532,24.75952,27.01931
2026-04-21,2026-04-14,rw,5,19.50000,18.36000,True,13.67992,14.58549,15.45873,16.01625,16.46558,16.80907,17.09393,17.37674,17.65646,17.92100,18.16886,18.43996,18.69432,19.01650,19.36445,19.83594,20.34748,21.06589,21.97541,23.77395,25.94234
2026-04-22,2026-04-15,rw,5,18.92000,18.17000,True,13.53858,14.43498,15.29927,15.84988,16.29475,16.63427,16.91609,17.19590,17.47256,17.73493,17.98057,18.24793,18.50029,18.81804,19.16381,19.63036,20.13661,20.84568,21.74775,23.52652,25.67092
2026-04-23,2026-04-16,rw,5,19.31000,17.94000,True,13.36744,14.25268,15.10612,15.64932,16.08859,16.42399,16.70054,16.97739,17.25083,17.50969,17.75271,18.01550,18.26555,18.57857,18.92099,19.38157,19.88142,20.57964,21.47223,23.22734,25.34306
2026-04-24,2026-04-17,rw,5,18.71000,17.48000,True,13.02490,13.88765,14.71879,15.24811,15.67617,16.00200,16.27163,16.54140,16.80802,17.06006,17.29740,17.55215,17.79666,18.10095,18.43549,18.88431,19.37113,20.04984,20.92147,22.63043,24.69041
2026-04-27,2026-04-20,rw,5,18.02000,18.87000,True,14.06087,14.99243,15.88922,16.46070,16.92284,17.27481,17.56586,17.85710,18.14493,18.41724,18.67276,18.94746,19.21125,19.53974,19.90109,20.38566,20.91097,21.64191,22.58493,24.42854,26.65071
2026-04-28,2026-04-21,rw,5,17.83000,19.50000,True,14.53056,15.49344,16.41971,17.01033,17.48795,17.85185,18.15265,18.45375,18.75110,19.03280,19.29630,19.58084,19.85355,20.19390,20.56638,21.06552,21.60854,22.36209,23.33874,25.24262,27.53732
2026-04-29,2026-04-22,rw,5,18.81000,18.92000,True,14.09861,15.03306,15.93133,16.50459,16.96791,17.32117,17.61326,17.90532,18.19377,18.46726,18.72248,19.00030,19.26393,19.59594,19.95433,20.43824,20.96527,21.69523,22.64436,24.49036,26.71519
2026-04-30,2026-04-23,rw,5,16.89000,19.31000,True,14.38947,15.34340,16.25972,16.84507,17.31778,17.67852,17.97698,18.27495,18.56921,18.84846,19.10869,19.39368,19.66192,20.00369,20.36633,20.85879,21.39687,22.14095,23.11092,24.99370,27.26274
2026-05-01,2026-04-24,rw,5,16.99000,18.71000,True,13.94260,14.86709,15.75451,16.32192,16.78019,17.12951,17.41903,17.70767,17.99386,18.26356,18.51522,18.79256,19.05149,19.38361,19.73416,20.20996,20.73197,21.45155,22.39261,24.21566,26.41260
2026-05-04,2026-04-27,rw,5,18.29000,18.02000,True,13.42864,14.31924,15.17350,15.72025,16.16185,16.49849,16.77713,17.05518,17.32851,17.58918,17.83214,18.09835,18.34857,18.66873,19.00609,19.46321,19.96734,20.65906,21.56660,23.32124,25.43562
2026-05-05,2026-04-28,rw,5,17.38000,17.83000,True,13.28728,14.16869,15.01352,15.55475,15.99193,16.32328,16.59895,16.87436,17.14524,17.40312,17.64386,17.90631,18.15467,18.47025,18.80545,19.25657,19.75675,20.43986,21.33901,23.07397,25.16454
2026-05-06,2026-04-29,rw,5,17.39000,18.81000,True,14.01783,14.94790,15.83872,16.40996,16.87141,17.22076,17.51192,17.80240,18.08800,18.36018,18.61390,18.88899,19.15193,19.48344,19.83881,20.31348,20.84259,21.56186,22.51168,24.34076,26.54462
2026-05-07,2026-04-30,rw,5,17.08000,16.89000,True,12.58719,13.42252,14.22201,14.73518,15.14745,15.46218,15.72309,15.98430,16.24116,16.48552,16.71367,16.95956,17.19649,17.49290,17.81357,18.23867,18.71506,19.35966,20.21365,21.85492,23.83239
2026-05-08,2026-05-01,rw,5,17.19000,16.99000,True,12.66193,13.50216,14.30651,14.82291,15.23760,15.55284,15.81550,16.07819,16.33685,16.58242,16.81252,17.05971,17.29778,17.59527,17.91870,18.34544,18.82517,19.47417,20.33186,21.98384,23.97074
2026-05-11,2026-05-04,rw,5,18.38000,18.29000,True,13.63100,14.53548,15.40149,15.95763,16.40401,16.74319,17.02595,17.30886,17.58722,17.85186,18.09905,18.36566,18.62076,18.94028,19.28940,19.74784,20.26483,20.96413,21.88599,23.66544,25.80191
2026-05-12,2026-05-05,rw,5,17.99000,17.38000,True,12.95302,13.81246,14.63550,15.16417,15.58832,15.91046,16.17913,16.44810,16.71252,16.96293,17.19844,17.45137,17.69322,17.99687,18.32933,18.76406,19.25585,19.92096,20.79557,22.48750,24.51535
2026-05-13,2026-05-06,rw,5,17.87000,17.39000,True,12.96070,13.82059,14.64422,15.17340,15.59776,15.91992,16.18775,16.45678,16.72163,16.97222,17.20822,17.46115,17.70177,18.00719,18.33972,18.77362,19.26621,19.93231,20.80603,22.49996,24.52664
2026-05-14,2026-05-07,rw,5,17.26000,17.08000,True,12.72987,13.57440,14.38346,14.90341,15.32018,15.63639,15.89947,16.16382,16.42387,16.67000,16.90158,17.15020,17.38461,17.68616,18.01274,18.43816,18.92206,19.57687,20.43366,22.09839,24.08665
2026-05-15,2026-05-08,rw,5,18.43000,17.19000,True,12.81207,13.66200,14.47639,14.99989,15.41924,15.73737,16.00217,16.26837,16.53000,16.77795,17.01054,17.26173,17.49633,17.80000,18.12869,18.55611,19.04361,19.70284,20.56378,22.24024,24.23900
2026-05-18,2026-05-11,rw,5,17.82000,18.38000,True,13.69924,14.60796,15.47885,16.03909,16.48708,16.82709,17.11035,17.39511,17.67469,17.94001,18.18838,18.45850,18.70728,19.03205,19.38361,19.83982,20.36160,21.06657,21.98574,23.77933,25.91399
2026-05-19,2026-05-12,rw,5,18.06000,17.99000,True,13.40878,14.29819,15.15071,15.70012,16.13766,16.47033,16.74790,17.02655,17.30063,17.55985,17.80271,18.06835,18.31071,18.62804,18.97226,19.41801,19.92923,20.61916,21.51768,23.27427,25.36122
2026-05-20,2026-05-13,rw,5,17.44000,17.87000,True,13.31957,14.20300,15.04996,15.59675,16.03043,16.36115,16.63679,16.91364,17.18680,17.44327,17.68442,17.94924,18.19038,18.50362,18.84565,19.28807,19.79597,20.48122,21.37261,23.11852,25.18916
2026-05-21,2026-05-14,rw,5,16.76000,17.26000,True,12.86512,13.71835,14.53652,15.06565,15.48362,15.80332,16.06947,16.33708,16.60163,16.84882,17.08120,17.33708,17.56782,17.87184,18.20229,18.62925,19.11991,19.78169,20.64155,22.32888,24.32652
2026-05-22,2026-05-15,rw,5,16.70000,18.43000,True,13.73744,14.64847,15.52244,16.08829,16.53365,16.87528,17.15902,17.44537,17.72949,17.99200,18.23911,18.51282,18.76128,19.08362,19.43631,19.89164,20.41562,21.12221,22.04064,23.84197,25.97256
2026-05-25,2026-05-18,rw,5,16.59000,17.82000,True,13.28298,14.16381,15.00919,15.55714,15.98685,16.31743,16.59133,16.86842,17.14507,17.39525,17.63540,17.89966,18.13864,18.45183,18.79294,19.23284,19.73954,20.42270,21.31101,23.05235,25.11003
2026-05-26,2026-05-19,rw,5,17.01000,18.06000,True,13.46210,14.35476,15.21186,15.76802,16.20259,16.53739,16.81502,17.09581,17.37760,17.63056,17.87294,18.14034,18.38196,18.70018,19.04598,19.49166,20.00502,20.69735,21.59789,23.36232,25.44529
2026-05-27,2026-05-20,rw,5,16.29000,17.44000,True,13.00017,13.86214,14.69014,15.22791,15.64678,15.96986,16.23803,16.50910,16.78180,17.02409,17.25933,17.51671,17.75067,18.05806,18.39203,18.82232,19.31790,19.98637,20.85631,22.55981,24.56893
2026-05-28,2026-05-21,rw,5,15.74000,16.76000,True,12.49349,13.32182,14.11785,14.63527,15.03710,15.34737,15.60517,15.86643,16.12821,16.35941,16.58595,16.83263,17.05832,17.35385,17.67478,18.08824,18.56434,19.20665,20.04298,21.67971,23.60825
2026-05-29,2026-05-22,rw,5,15.32000,16.70000,True,12.44898,13.27430,14.06779,14.58397,14.98334,15.29186,15.54870,15.80844,16.06936,16.30028,16.52614,16.77118,16.99696,17.29163,17.61137,18.02330,18.49623,19.13745,19.97111,21.60164,23.52104
2026-06-01,2026-05-25,rw,5,16.05000,16.59000,True,12.36719,13.18704,13.97561,14.48900,14.88471,15.19133,15.44576,15.70389,15.96166,16.19226,16.41704,16.65937,16.88471,17.17764,17.49497,17.90456,18.37276,19.01096,19.83944,21.45889,23.36343
2026-06-02,2026-05-26,rw,5,15.77000,17.01000,True,12.68049,13.52107,14.32991,14.85694,15.26161,15.57611,15.83702,16.10000,16.36231,16.60148,16.83242,17.08000,17.31149,17.61233,17.93693,18.35782,18.83621,19.49180,20.34158,22.00168,23.95215
2026-06-03,2026-05-27,rw,5,16.06000,16.29000,True,12.14396,12.94892,13.72383,14.22914,14.61568,14.91699,15.16689,15.41739,15.66720,15.89865,16.11983,16.35679,16.57770,16.86663,17.17678,17.58076,18.03730,18.66633,19.48045,21.06994,22.93567
2026-06-04,2026-05-28,rw,5,15.40000,15.74000,True,11.73414,12.51189,13.26093,13.74976,14.12228,14.41352,14.65502,14.89597,15.13616,15.36186,15.57547,15.80429,16.01700,16.29697,16.59595,16.98716,17.42675,18.03568,18.82261,20.35812,22.15875
2026-06-05,2026-05-29,rw,5,21.51000,15.32000,True,11.42130,12.17911,12.90730,13.38314,13.74560,14.02934,14.26349,14.49781,14.73180,14.95163,15.15980,15.38242,15.58934,15.86170,16.15300,16.53366,16.96155,17.55391,18.32003,19.81452,21.56712
2026-06-08,2026-06-01,rw,5,18.92000,16.05000,True,11.96580,12.76057,13.52257,14.02113,14.40074,14.69827,14.94337,15.18902,15.43410,15.66366,15.88210,16.11524,16.33190,16.61710,16.92258,17.32127,17.76956,18.38982,19.19264,20.75830,22.59442
2026-06-09,2026-06-02,rw,5,19.87000,15.77000,True,11.75732,12.53908,13.28689,13.77681,14.14968,14.44228,14.68217,14.92334,15.16435,15.38965,15.60147,15.83312,16.04681,16.32679,16.62724,17.01887,17.45936,18.06847,18.85748,20.39579,22.19989
2026-06-10,2026-06-03,rw,5,22.22000,16.06000,True,11.97380,12.77079,13.53146,14.03044,14.41004,14.70830,14.95239,15.19815,15.44355,15.67328,15.88475,16.12304,16.34183,16.62661,16.93291,17.33161,17.78023,18.40020,19.20391,20.77047,22.60775
2026-06-11,2026-06-04,rw,5,19.44000,15.40000,True,11.48200,12.24706,12.97560,13.45412,13.81801,14.10400,14.33811,14.57394,14.80921,15.02958,15.23175,15.45970,15.67018,15.94292,16.23696,16.61922,17.04934,17.64351,18.41438,19.91653,21.67831
2026-06-12,2026-06-05,rw,5,17.68000,21.51000,True,16.03788,17.10764,18.12403,18.79247,19.30052,19.70001,20.02710,20.35675,20.68669,20.99299,21.27528,21.59480,21.88752,22.26937,22.67931,23.21374,23.81481,24.64761,25.72327,27.82941,30.27875
2026-06-15,2026-06-08,rw,5,16.20000,18.92000,True,14.10710,15.04906,15.94200,16.52994,16.97671,17.32813,17.61593,17.90618,18.19748,18.46547,18.71781,18.99638,19.25231,19.58886,19.94884,20.41915,20.95314,21.68263,22.62581,24.47797,26.63248
2026-06-16,2026-06-09,rw,5,16.41000,19.87000,True,14.81578,15.80610,16.74277,17.36003,17.82929,18.19839,18.50077,18.80587,19.11341,19.39264,19.66214,19.95090,20.21951,20.57325,20.95278,21.44449,22.00996,22.77391,23.76633,25.70649,27.96927
2026-06-17,2026-06-10,rw,5,18.44000,22.22000,True,16.56841,17.67703,18.72323,19.41329,19.93811,20.35071,20.68920,21.03084,21.37693,21.68627,21.98765,22.31073,22.61243,23.00693,23.43267,23.98144,24.61480,25.46867,26.59274,28.77046,31.27665
2026-06-18,2026-06-11,rw,5,16.40000,19.44000,True,14.49583,15.46679,16.38101,16.98454,17.44376,17.80460,18.10104,18.40052,18.70503,18.97372,19.23680,19.51973,19.78517,20.12873,20.50131,20.98219,21.53658,22.28752,23.26757,25.16943,27.36310
2026-06-22,2026-06-12,rw,5,17.28000,17.68000,True,13.18375,14.06775,14.89563,15.44582,15.86393,16.19246,16.46159,16.73323,17.00799,17.25526,17.49512,17.75224,17.99281,18.30628,18.64508,19.08215,19.58645,20.26835,21.16084,22.88936,24.88537
2026-06-23,2026-06-15,rw,5,19.49000,16.20000,True,12.08041,12.89128,13.64895,14.15017,14.53533,14.83652,15.08303,15.33158,15.58135,15.81081,16.03053,16.26603,16.48560,16.77370,17.08417,17.48440,17.94657,18.57044,19.38929,20.97204,22.80183
2026-06-24,2026-06-16,rw,5,18.63000,16.41000,True,12.23729,13.05955,13.82207,14.32742,14.72328,15.02751,15.27803,15.52954,15.78118,16.01567,16.23463,16.47672,16.69865,16.99094,17.30550,17.71086,18.17891,18.80990,19.64045,21.24263,23.09703
2026-06-25,2026-06-17,rw,5,18.89000,18.44000,True,13.75142,14.67639,15.52843,16.09192,16.54396,16.88557,17.16738,17.44988,17.73220,17.99650,18.23879,18.51397,18.76404,19.09257,19.44554,19.90158,20.42740,21.13623,22.06987,23.86904,25.95382
2026-06-26,2026-06-18,rw,5,18.41000,16.40000,True,12.23040,13.05391,13.81082,14.30848,14.71213,15.01653,15.26748,15.51909,15.76999,16.00502,16.22082,16.46452,16.68791,16.98002,17.29338,17.69971,18.16724,18.79783,19.62812,21.22717,23.08219
2026-06-29,2026-06-22,rw,5,17.65000,17.28000,True,12.88696,13.75559,14.55218,15.07676,15.50198,15.82296,16.08705,16.35201,16.61654,16.86433,17.09098,17.34704,17.58328,17.89069,18.22035,18.64926,19.14172,19.80638,20.68115,22.36487,24.32035
2026-06-30,2026-06-23,rw,5,16.45000,19.49000,True,14.53545,15.51622,16.41364,17.00554,17.48506,17.84683,18.14482,18.44353,18.74210,19.02151,19.27706,19.56701,19.83232,20.17970,20.55316,21.03502,21.59127,22.34434,23.32819,25.22369,27.43031
2026-07-01,2026-06-24,rw,5,16.59000,18.63000,True,13.89439,14.83288,15.68970,16.25571,16.71397,17.05955,17.34444,17.63011,17.91611,18.18243,18.42671,18.70536,18.95770,19.28969,19.64689,20.10793,20.64077,21.35696,22.29858,24.10926,26.21951
2026-07-02,2026-06-25,rw,5,16.15000,18.89000,True,14.08863,15.04122,15.90899,16.48312,16.94769,17.29785,17.58677,17.87661,18.16780,18.43619,18.68813,18.96693,19.22362,19.55866,19.92093,20.38812,20.92805,21.65356,22.60952,24.44428,26.58499
2026-07-06,2026-06-26,rw,5,15.57000,18.41000,True,13.73095,14.66033,15.50506,16.06481,16.51749,16.85851,17.14015,17.42280,17.70776,17.96772,18.21741,18.48519,18.73688,19.06209,19.41507,19.87135,20.39931,21.10192,22.03477,23.82173,25.90904
2026-07-07,2026-06-29,rw,5,16.13000,17.65000,True,13.16441,14.05648,14.86549,15.40296,15.83569,16.16304,16.43281,16.70408,16.97913,17.22658,17.46544,17.72242,17.96385,18.27496,18.61344,19.05061,19.55646,20.23067,21.12494,22.83783,24.83905
2026-07-08,2026-06-30,rw,5,16.90000,16.45000,True,12.26967,13.10207,13.85528,14.35227,14.75778,15.06332,15.31503,15.56756,15.82181,16.05481,16.27792,16.51725,16.74223,17.03227,17.34781,17.75500,18.22616,18.85511,19.68850,21.28466,23.14990
2026-07-09,2026-07-01,rw,5,15.84000,16.59000,True,12.37437,13.21485,13.97368,14.47489,14.88181,15.19050,15.44479,15.69932,15.95428,16.19144,16.41271,16.65763,16.88404,17.17698,17.49532,17.90571,18.38059,19.01546,19.85588,21.46535,23.34653
2026-07-10,2026-07-02,rw,5,15.03000,16.15000,True,12.04646,12.86561,13.60354,14.08898,14.48556,14.78576,15.03442,15.28259,15.53010,15.76189,15.97377,16.21568,16.43523,16.72099,17.03067,17.43043,17.89243,18.51103,19.32909,20.89559,22.72696
2026-07-13,2026-07-06,rw,5,17.16000,15.57000,True,11.61410,12.40477,13.11544,13.58202,13.96364,14.25402,14.49384,14.73352,14.97187,15.19549,15.39989,15.63259,15.84401,16.12008,16.41816,16.80428,17.24921,17.84613,18.63475,20.14473,21.91040
2026-07-14,2026-07-07,rw,5,16.50000,16.13000,True,12.03209,12.85217,13.58763,14.07058,14.46630,14.76587,15.01467,15.26333,15.50991,15.74145,15.95355,16.19359,16.41358,16.69944,17.00776,17.40849,17.86931,18.48788,19.30480,20.86882,22.69807
2026-07-15,2026-07-08,rw,5,15.67000,16.90000,True,12.60676,13.46700,14.23676,14.74239,15.15734,15.47104,15.73153,15.99202,16.25062,16.49344,16.71536,16.96822,17.19794,17.49618,17.81899,18.23933,18.72204,19.37024,20.22617,21.86457,23.78122
2026-07-16,2026-07-09,rw,5,16.73000,15.84000,True,11.81632,12.62354,13.34426,13.81794,14.20708,14.50095,14.74509,14.98902,15.23092,15.45830,15.66673,15.90272,16.11862,16.39838,16.70124,17.09515,17.54747,18.15494,18.95738,20.49274,22.28925
2026-07-17,2026-07-10,rw,5,18.77000,15.03000,True,11.21233,11.97918,12.66232,13.11156,13.48099,13.75966,13.99072,14.22244,14.45154,14.66711,14.86509,15.08844,15.29411,15.55946,15.84709,16.22095,16.64988,17.22623,17.98780,19.44440,21.14911
2026-07-20,2026-07-13,rw,5,18.65000,17.16000,True,12.80160,13.67815,14.45728,14.96992,15.39193,15.70990,15.97346,16.23806,16.50000,16.74635,16.97229,17.22824,17.46199,17.76529,18.09317,18.52013,19.00914,19.66708,20.53678,22.19951,24.14589
2026-07-21,2026-07-14,rw,5,17.05000,16.50000,True,12.30951,13.15334,13.90147,14.39439,14.80032,15.10593,15.35938,15.61357,15.86569,16.10290,16.31973,16.56705,16.79193,17.08158,17.39716,17.80763,18.27768,18.91028,19.74548,21.34523,23.21682
2026-07-22,2026-07-15,rw,5,16.64000,15.67000,True,11.69058,12.49290,13.20241,13.67053,14.05618,14.34631,14.58647,14.82806,15.06711,15.29213,15.49859,15.73258,15.94626,16.22195,16.52192,16.91168,17.35794,17.95868,18.75087,20.27106,22.04858
2026-07-23,2026-07-16,rw,5,18.70000,16.73000,True,12.48168,13.33927,14.09573,14.59551,15.00740,15.31741,15.57319,15.83117,16.08669,16.32722,16.54722,16.79802,17.02653,17.32006,17.64010,18.05566,18.53178,19.17312,20.01783,21.64184,23.53968
2026-07-24,2026-07-17,rw,5,18.58000,18.77000,True,14.00397,14.96727,15.81479,16.37569,16.83778,17.18588,17.47235,17.76163,18.04860,18.31856,18.56518,18.84654,19.10360,19.43292,19.79354,20.25774,20.79297,21.51343,22.46483,24.28025,26.40959
2026-07-27,2026-07-20,rw,5,18.67000,18.65000,True,13.91476,14.87302,15.71396,16.27154,16.73057,17.07672,17.36096,17.64824,17.93355,18.20177,18.45070,18.72633,18.98196,19.30959,19.66793,20.12908,20.65970,21.37547,22.32100,24.12450,26.24032
2026-07-28,2026-07-21,rw,5,18.21000,17.05000,True,12.72130,13.59836,14.36609,14.87608,15.29565,15.61235,15.87184,16.13436,16.39537,16.64039,16.87164,17.12010,17.35384,17.65256,17.98047,18.40179,18.88694,19.54127,20.40588,22.05437,23.98874
2026-07-29,2026-07-22,rw,5,20.66000,16.64000,True,12.41567,13.27265,14.02087,14.51884,14.92824,15.23711,15.49047,15.74655,16.00146,16.24024,16.46600,16.70958,16.93754,17.22884,17.54840,17.95910,18.43243,19.07098,19.91500,21.52356,23.41150
2026-07-30,2026-07-23,rw,5,17.09000,18.70000,True,13.95303,14.91722,15.75691,16.31679,16.77677,17.12365,17.40853,17.69636,17.98343,18.25090,18.50453,18.78004,19.03701,19.36217,19.72103,20.18349,20.71576,21.43151,22.38024,24.18762,26.30937
2026-07-31,2026-07-24,rw,5,15.99000,18.58000,True,13.86381,14.82293,15.65606,16.21262,16.66956,17.01397,17.29718,17.58324,17.86965,18.13441,18.38591,18.65802,18.91310,19.23769,19.59441,20.05353,20.58249,21.29356,22.23642,24.03189,26.14010
2026-08-03,2026-07-27,rw,5,15.86000,18.67000,True,13.93129,14.89617,15.73217,16.29169,16.75076,17.09660,17.38133,17.66885,17.95785,18.22290,18.47509,18.74689,19.00297,19.33065,19.68927,20.15023,20.68185,21.39629,22.34392,24.14778,26.26629
2026-08-04,2026-07-28,rw,5,16.50000,18.21000,True,13.58833,14.52961,15.34464,15.89166,16.33812,16.67586,16.95334,17.23407,17.51785,17.77442,18.02015,18.28680,18.53732,18.85479,19.20429,19.65355,20.17191,20.86864,21.79183,23.55238,25.61870
2026-08-05,2026-07-29,rw,5,15.81000,20.66000,True,15.41685,16.48498,17.40923,18.03131,18.53636,18.92002,19.23456,19.55339,19.87751,20.16639,20.44492,20.74909,21.03362,21.39189,21.78822,22.29898,22.88741,23.67905,24.72732,26.72066,29.06500
2026-08-06,2026-07-30,rw,5,15.15000,17.09000,True,12.75312,13.63685,14.40104,14.91683,15.33339,15.64956,15.91028,16.17365,16.43927,16.68110,16.91183,17.16238,17.39799,17.69531,18.02321,18.44536,18.93221,19.58698,20.45431,22.10298,24.04223
2026-08-07,2026-07-31,rw,5,14.90000,15.99000,True,11.93252,12.75951,13.47419,13.95185,14.34587,14.64173,14.88548,15.13191,15.37867,15.60683,15.82306,16.05643,16.27667,16.55615,16.86309,17.25775,17.71335,18.32590,19.13759,20.67994,22.49438
2026-08-10,2026-08-03,rw,5,15.46000,15.86000,True,11.83576,12.65618,13.36472,13.83621,14.22771,14.52086,14.76380,15.00834,15.25156,15.47928,15.69432,15.92519,16.14285,16.42135,16.72594,17.11726,17.56905,18.17655,18.98183,20.51143,22.31112
2026-08-11,2026-08-04,rw,5,15.28000,16.50000,True,12.31363,13.16732,13.90410,14.39478,14.80224,15.10567,15.35908,15.61365,15.86649,16.10360,16.32753,16.56756,16.79404,17.08374,17.40083,17.80782,18.27768,18.90966,19.74763,21.33874,23.21106
2026-08-12,2026-08-05,rw,5,14.55000,15.81000,True,11.79894,12.59841,13.32152,13.79155,14.18176,14.47321,14.71676,14.96058,15.20251,15.43018,15.64468,15.87452,16.09152,16.36891,16.67309,17.06295,17.51302,18.11852,18.92164,20.44602,22.24004
2026-08-13,2026-08-06,rw,5,14.63000,15.15000,True,11.30663,12.07365,12.76562,13.21602,13.58821,13.86821,14.10111,14.33516,14.56745,14.78580,14.99152,15.21168,15.41953,15.68518,15.97694,16.35048,16.78162,17.36175,18.13158,19.59212,21.31126
2026-08-14,2026-08-07,rw,5,14.25000,14.90000,True,11.12028,11.87557,12.55518,12.99815,13.36439,13.63963,13.86905,14.09601,14.32654,14.54149,14.74077,14.96040,15.16482,15.42596,15.71318,16.08065,16.50440,17.07486,17.83222,19.26847,20.95924
2026-08-17,2026-08-10,rw,5,15.19000,15.46000,True,11.53847,12.32309,13.02728,13.48689,13.86709,14.15253,14.39096,14.62724,14.86538,15.08733,15.29130,15.52148,15.73450,16.00533,16.30362,16.68501,17.12438,17.71619,18.50225,19.99228,21.74661
2026-08-18,2026-08-11,rw,5,15.84000,15.28000,True,11.40437,12.18079,12.87568,13.33008,13.70599,13.98802,14.22189,14.45487,14.69172,14.91088,15.11306,15.33959,15.55035,15.81858,16.11294,16.49073,16.92349,17.50952,18.28551,19.75915,21.49306
2026-08-19,2026-08-12,rw,5,14.89000,14.55000,True,10.85976,11.59998,12.26061,12.69344,13.05153,13.32000,13.54148,13.76419,13.98943,14.19718,14.39084,14.60628,14.80651,15.06250,15.34233,15.70287,16.11354,16.67263,17.41067,18.81481,20.46589
2026-08-20,2026-08-13,rw,5,16.01000,14.63000,True,10.91970,11.66489,12.32810,12.76344,13.12362,13.39347,13.61619,13.83993,14.06655,14.27361,14.46948,14.68622,14.88734,15.14500,15.42586,15.78900,16.20069,16.76392,17.50513,18.91791,20.57807
2026-08-21,2026-08-14,rw,5,15.13000,14.25000,True,10.63629,11.36300,12.00795,12.43226,12.78308,13.04581,13.26301,13.48050,13.70097,13.90057,14.09318,14.30350,14.50041,14.75132,15.02486,15.37870,15.77848,16.32805,17.04922,18.42620,20.04324
2026-08-24,2026-08-17,rw,5,15.85000,15.19000,True,11.33816,12.11373,12.80013,13.25280,13.62667,13.90661,14.13855,14.37077,14.60479,14.81952,15.02229,15.24520,15.45666,15.72400,16.01586,16.39294,16.81781,17.40461,18.17256,19.64132,21.36504
2026-08-25,2026-08-18,rw,5,15.45000,15.84000,True,11.82358,12.63332,13.34794,13.82036,14.21015,14.50195,14.74423,14.98720,15.23016,15.45536,15.66568,15.89989,16.11848,16.39755,16.70108,17.09419,17.53727,18.14885,18.94882,20.48142,22.27890
2026-08-26,2026-08-19,rw,5,15.21000,14.89000,True,11.11470,11.87679,12.54747,12.99192,13.35826,13.63277,13.86038,14.08974,14.31712,14.52956,14.72663,14.94739,15.15251,15.41379,15.69934,16.06884,16.48528,17.05988,17.81108,19.25269,20.94238
2026-08-27,2026-08-20,rw,5,14.51000,16.01000,True,11.95098,12.77137,13.49135,13.96961,14.36343,14.65881,14.90295,15.14981,15.39438,15.62352,15.83487,16.07220,16.29376,16.57383,16.88048,17.27810,17.72507,18.34255,19.14942,20.70047,22.51726
2026-08-28,2026-08-21,rw,5,14.43000,15.13000,True,11.29433,12.07055,12.74986,13.20220,13.57430,13.85366,14.08381,14.31714,14.54850,14.76535,14.96470,15.19004,15.39891,15.66352,15.95363,16.32819,16.75061,17.33384,18.09555,19.56229,21.27923
2026-08-31,2026-08-24,rw,5,14.92000,15.85000,True,11.83205,12.64619,13.35667,13.83092,14.22065,14.51353,14.75404,14.99852,15.24112,15.46861,15.67705,15.91439,16.13212,16.40968,16.71193,17.10498,17.54753,18.15818,18.95531,20.49284,22.29148
2026-09-01,2026-08-25,rw,5,16.34000,15.45000,True,11.53369,12.32743,13.01962,13.48304,13.86183,14.14744,14.38196,14.62017,14.85681,15.07750,15.28120,15.51157,15.72473,15.99515,16.29007,16.67318,17.10468,17.69858,18.47683,19.97470,21.72856
2026-09-02,2026-08-26,rw,5,15.20000,15.21000,True,11.35476,12.13633,12.81739,13.27474,13.64656,13.92784,14.15881,14.39322,14.62634,14.84388,15.04403,15.27182,15.48084,15.74628,16.03691,16.41404,16.83896,17.42232,18.18970,19.66345,21.39067
2026-09-03,2026-08-27,rw,5,14.32000,14.51000,True,10.83242,11.57815,12.22753,12.66490,13.01858,13.28597,13.50669,13.73052,13.95274,14.16004,14.35147,14.56808,14.76814,15.02123,15.29875,15.65850,16.06397,16.61924,17.35246,18.75758,20.40588
2026-09-04,2026-08-28,rw,5,14.53000,14.43000,True,10.77292,11.51468,12.16014,12.59616,12.94686,13.21327,13.43239,13.65497,13.87540,14.08105,14.27215,14.48664,14.68647,14.93810,15.21432,15.57204,15.97539,16.52635,17.25668,18.65326,20.29304
2026-09-07,2026-08-31,rw,5,15.30000,14.92000,True,11.13898,11.90607,12.57308,13.02502,13.38656,13.66212,13.88877,14.11844,14.34615,14.55783,14.75630,14.97784,15.18491,15.44503,15.73087,16.09984,16.51785,17.08624,17.84256,19.28573,20.98178
2026-09-08,2026-09-01,rw,5,15.72000,16.34000,True,12.19938,13.03963,13.76974,14.26590,14.66078,14.96259,15.21090,15.46224,15.71184,15.94459,16.16126,16.40442,16.63056,16.91566,17.22826,17.63105,18.08988,18.71098,19.54059,21.12021,22.97832
2026-09-09,2026-09-02,rw,5,16.46000,15.20000,True,11.34850,12.13028,12.80909,13.27170,13.63809,13.91886,14.14995,14.38364,14.61595,14.83314,15.03393,15.25901,15.47002,15.73516,16.02619,16.39998,16.82776,17.40434,18.17719,19.64575,21.37482
2024-01-02,2023-12-22,ewma,5,13.20000,13.71297,True,10.65950,10.96385,11.30874,11.61025,11.83312,12.04388,12.23635,12.44727,12.67677,12.90780,13.13495,13.40206,13.70607,14.03231,14.45181,14.89229,15.46769,16.20236,17.19432,19.05563,21.52937
2024-01-03,2023-12-26,ewma,5,14.04000,13.67589,True,10.63094,10.93429,11.27819,11.57894,11.80169,12.01135,12.20344,12.41375,12.64275,12.87244,13.09887,13.36236,13.66794,13.99417,14.41206,14.85126,15.42553,16.15840,17.14750,19.00343,21.46550
2024-01-04,2023-12-27,ewma,5,14.13000,13.61073,True,10.58055,10.88227,11.22448,11.52393,11.74603,11.95416,12.14538,12.35424,12.58215,12.80973,13.03590,13.29724,13.60178,13.92730,14.34302,14.77976,15.35171,16.08128,17.06549,18.91222,21.35760
2024-01-05,2023-12-28,ewma,5,13.35000,13.55129,True,10.53460,10.83484,11.17549,11.47381,11.69531,11.90200,12.09237,12.29939,12.52690,12.75292,12.97885,13.23872,13.54135,13.86641,14.28017,14.71447,15.28435,16.01093,16.99065,18.82896,21.25873
2024-01-08,2023-12-29,ewma,5,13.08000,13.49398,True,10.49031,10.78910,11.12825,11.42548,11.64589,11.85171,12.04126,12.24695,12.47123,12.69872,12.92384,13.18200,13.48368,13.80773,14.21956,14.65151,15.21899,15.94310,16.91848,18.74867,21.16325
2024-01-09,2024-01-02,ewma,5,12.76000,13.47913,True,10.47902,10.77731,11.11603,11.41311,11.63312,11.83867,12.02809,12.23354,12.45930,12.68496,12.90974,13.16641,13.46842,13.79250,14.20363,14.63523,15.20152,15.92544,16.89954,18.72738,21.13440
2024-01-10,2024-01-03,ewma,5,12.69000,13.50663,True,10.50067,10.79939,11.13874,11.43659,11.65691,11.86283,12.05282,12.25893,12.48572,12.71126,12.93620,13.19460,13.49652,13.82070,14.23221,14.66494,15.23182,15.95781,16.93371,18.76493,21.17195
2024-01-11,2024-01-04,ewma,5,12.44000,13.53713,True,10.52464,10.82387,11.16393,11.46262,11.68328,11.88962,12.08023,12.28710,12.51411,12.74109,12.96597,13.22509,13.52824,13.85213,14.26395,14.69791,15.26549,15.99374,16.97164,18.80665,21.21418
2024-01-12,2024-01-05,ewma,5,12.70000,13.52772,True,10.51758,10.81642,11.15619,11.45485,11.67520,11.88136,12.07202,12.27903,12.50560,12.73334,12.95750,13.21644,13.51780,13.84231,14.25363,14.68753,15.25415,15.98249,16.95952,18.79290,21.19384
2024-01-16,2024-01-08,ewma,5,13.84000,13.50497,True,10.50025,10.79840,11.13812,11.43560,11.65579,11.86185,12.05209,12.25853,12.48491,12.71201,12.93594,13.19377,13.49466,13.81900,14.22853,14.66201,15.22825,15.95447,16.93036,18.76119,21.15793
2024-01-17,2024-01-09,ewma,5,14.79000,13.46671,True,10.47086,10.76797,11.10726,11.40322,11.62298,11.82871,12.01832,12.22394,12.44988,12.67608,12.89906,13.15594,13.45602,13.77982,14.18710,14.61965,15.18486,15.90812,16.88175,18.70793,21.09772
2024-01-18,2024-01-10,ewma,5,14.13000,13.42677,True,10.44016,10.73619,11.07501,11.36942,11.58873,11.79409,11.98304,12.18782,12.41393,12.63839,12.86026,13.11599,13.41587,13.73887,14.14390,14.57547,15.13957,15.85980,16.83104,18.65233,21.03488
2024-01-19,2024-01-11,ewma,5,13.30000,13.37562,True,10.40074,10.69545,11.03351,11.32613,11.54480,11.74963,11.93758,12.14149,12.36550,12.58969,12.81073,13.06495,13.36469,13.68619,14.08949,14.51913,15.08165,15.79825,16.76629,18.58117,20.95448
2024-01-22,2024-01-12,ewma,5,13.19000,13.34100,True,10.37417,10.66793,11.00564,11.29683,11.51513,11.72138,11.90677,12.11016,12.33383,12.55576,12.77745,13.03032,13.33002,13.65043,14.05279,14.48086,15.04237,15.75622,16.72226,18.53297,20.89998
2024-01-23,2024-01-16,ewma,5,12.55000,13.36552,True,10.39359,10.68769,11.02656,11.31760,11.53645,11.74508,11.92874,12.13253,12.35811,12.57993,12.80105,13.05532,13.35463,13.67615,14.07838,14.50679,15.06381,15.78404,16.75235,18.56692,20.93812
2024-01-24,2024-01-17,ewma,5,13.14000,13.43337,True,10.44670,10.74211,11.08323,11.37510,11.59516,11.80688,11.98950,12.19429,12.42248,12.64456,12.86658,13.12291,13.42270,13.74573,14.15040,14.58263,15.13405,15.86333,16.83676,18.66106,21.04414
2024-01-25,2024-01-18,ewma,5,13.45000,13.46737,True,10.47350,10.76946,11.11197,11.40397,11.62467,11.83895,12.02030,12.22532,12.45474,12.67665,12.89970,13.15689,13.45729,13.78067,14.18598,14.61872,15.16610,15.90325,16.87873,18.70818,21.09714
2024-01-26,2024-01-19,ewma,5,13.26000,13.45895,True,10.46731,10.76289,11.10572,11.39692,11.61755,11.83156,12.01323,12.21831,12.44696,12.66885,12.89186,13.14921,13.44847,13.77193,14.17687,14.60889,15.15038,15.89307,16.86754,18.69638,21.08368
2024-01-29,2024-01-22,ewma,5,13.60000,13.44537,True,10.45710,10.75220,11.09521,11.38550,11.60599,11.81963,12.00156,12.20723,12.43440,12.65649,12.87909,13.13977,13.43450,13.75801,14.16233,14.59347,15.12886,15.87680,16.84988,18.67741,21.06214
2024-01-30,2024-01-23,ewma,5,13.31000,13.39913,True,10.42149,10.71537,11.05714,11.34642,11.56615,11.77898,11.96030,12.16647,12.39176,12.61248,12.83456,13.09119,13.38821,13.71065,14.11222,14.54258,15.07662,15.82195,16.79171,18.61305,20.98943
2024-01-31,2024-01-24,ewma,5,14.35000,13.38605,True,10.41167,10.70507,11.04644,11.33543,11.55494,11.76749,11.94864,12.15537,12.37980,12.60055,12.82226,13.08255,13.37507,13.69706,14.09706,14.52770,15.06170,15.80628,16.77511,18.59477,20.96867
2024-02-01,2024-01-25,ewma,5,13.88000,13.38924,True,10.41450,10.70778,11.04917,11.33821,11.55778,11.77046,11.95151,12.15868,12.38295,12.60398,12.82533,13.08877,13.37718,13.69998,14.09902,14.53107,15.06509,15.80981,16.77889,18.59910,20.97340
2024-02-02,2024-01-26,ewma,5,13.85000,13.38275,True,10.40981,10.70275,11.04391,11.33295,11.55225,11.76493,11.94580,12.15319,12.37721,12.59816,12.81914,13.08279,13.36861,13.69299,14.09075,14.52393,15.05758,15.80154,16.77055,18.58997,20.96297
2024-02-05,2024-01-29,ewma,5,13.67000,13.39353,True,10.41854,10.71153,11.05290,11.34239,11.56164,11.77457,11.95555,12.16363,12.38745,12.60854,12.82982,13.09464,13.38251,13.70378,14.10063,14.53553,15.06950,15.81349,16.78384,18.60483,20.97958
2024-02-06,2024-01-30,ewma,5,13.06000,13.38934,True,10.41564,10.70834,11.04954,11.33915,11.55809,11.77106,11.95193,12.16057,12.38413,12.60486,12.82616,13.09298,13.37623,13.69930,14.09476,14.53088,15.06418,15.80776,16.77838,18.59890,20.97275
2024-02-07,2024-01-31,ewma,5,12.83000,13.43581,True,10.45214,10.74567,11.08798,11.37882,11.59826,11.81192,11.99351,12.20352,12.42766,12.64891,12.87073,13.14038,13.42479,13.74723,14.14710,14.58103,15.11584,15.86184,16.83640,18.66334,21.04527
2024-02-08,2024-02-01,ewma,5,12.79000,13.45767,True,10.46951,10.76332,11.10612,11.39765,11.61720,11.83115,12.01308,12.22374,12.44854,12.66974,12.89173,13.16347,13.44675,13.77025,14.16866,14.60447,15.13983,15.88687,16.86359,18.69361,21.07926
2024-02-09,2024-02-02,ewma,5,12.93000,13.47702,True,10.48491,10.77896,11.12219,11.41436,11.63396,11.84816,12.03039,12.24161,12.46722,12.68799,12.91033,13.18391,13.46653,13.79038,14.18756,14.62518,15.16098,15.90893,16.88762,18.72038,21.10929
2024-02-12,2024-02-05,ewma,5,13.93000,13.48661,True,10.49273,10.78678,11.13019,11.42279,11.64230,11.85659,12.03899,12.25060,12.47685,12.69705,12.91958,13.19476,13.47672,13.80015,14.19617,14.63530,15.17114,15.91945,16.89941,18.73358,21.12404
2024-02-13,2024-02-06,ewma,5,15.85000,13.46495,True,10.47623,10.76983,11.11301,11.40452,11.62363,11.83768,12.02007,12.23209,12.45734,12.67685,12.89968,13.17236,13.45467,13.77765,14.17321,14.61120,15.14672,15.89365,16.87176,18.70344,21.08984
2024-02-14,2024-02-07,ewma,5,14.38000,13.43247,True,10.45131,10.74421,11.08689,11.37707,11.59563,11.80926,11.99148,12.20374,12.42780,12.64645,12.86772,13.13939,13.42181,13.74407,14.13886,14.57535,15.11012,15.85507,16.83056,18.65827,21.03870
2024-02-15,2024-02-08,ewma,5,14.01000,13.39959,True,10.42609,10.71828,11.06044,11.34930,11.56728,11.78048,11.96254,12.17486,12.39771,12.61600,12.83616,13.10589,13.38871,13.71010,14.10409,14.53909,15.07308,15.81602,16.78885,18.61255,20.98694
2024-02-16,2024-02-09,ewma,5,14.24000,13.37571,True,10.40786,10.69954,11.04142,11.32914,11.54669,11.75962,11.94138,12.15320,12.37576,12.59410,12.81335,13.08115,13.36478,13.68547,14.07866,14.51258,15.04616,15.78760,16.75843,18.57933,20.94927
2024-02-20,2024-02-12,ewma,5,15.42000,13.40290,True,10.42936,10.72164,11.06454,11.35224,11.57019,11.78355,11.96568,12.17793,12.40106,12.62012,12.84023,13.10943,13.39205,13.71376,14.10691,14.54174,15.07668,15.81945,16.79197,18.61704,20.99158
2024-02-21,2024-02-13,ewma,5,15.34000,13.51575,True,10.51754,10.81229,11.15840,11.44790,11.66765,11.88280,12.06647,12.28051,12.50577,12.72669,12.94919,13.22139,13.50543,13.82988,14.22641,14.66572,15.20386,15.95241,16.93285,18.77375,21.16806
2024-02-22,2024-02-14,ewma,5,14.54000,13.55770,True,10.55054,10.84622,11.19373,11.48354,11.70390,11.91972,12.10412,12.31869,12.54489,12.76709,12.99050,13.26391,13.54828,13.87295,14.27095,14.71064,15.25100,16.00157,16.98490,18.83197,21.23349
2024-02-23,2024-02-15,ewma,5,13.75000,13.57997,True,10.56822,10.86439,11.21281,11.50257,11.72316,11.93933,12.12452,12.33898,12.56578,12.79015,13.01295,13.28651,13.57208,13.89588,14.29422,14.73420,15.27598,16.02727,17.01227,18.86284,21.26809
2024-02-26,2024-02-16,ewma,5,13.74000,13.61223,True,10.59369,10.89057,11.24015,11.53007,11.75105,11.96809,12.15386,12.36844,12.59592,12.82249,13.04494,13.31865,13.60592,13.92925,14.32989,14.76886,15.31221,16.06477,17.05217,18.90760,21.31834
2024-02-27,2024-02-20,ewma,5,13.43000,13.69737,True,10.66031,10.95906,11.31115,11.60236,11.82458,12.04334,12.23041,12.44604,12.67499,12.90347,13.12760,13.40272,13.69265,14.01673,14.42301,14.86279,15.40822,16.16467,17.15830,19.02581,21.45140
2024-02-28,2024-02-21,ewma,5,13.84000,13.77515,True,10.72121,11.02167,11.37567,11.66842,11.89174,12.11213,12.30022,12.51697,12.74727,12.97754,13.20245,13.47957,13.77059,14.09703,14.50826,14.94871,15.49825,16.25588,17.25531,19.13380,21.57295
2024-02-29,2024-02-22,ewma,5,13.40000,13.81242,True,10.75058,11.05186,11.40674,11.70017,11.92391,12.14530,12.33386,12.55160,12.78206,13.01316,13.23846,13.51617,13.80806,14.13698,14.54928,14.98886,15.53955,16.29928,17.30156,19.18552,21.63104
2024-03-01,2024-02-23,ewma,5,13.11000,13.80929,True,10.74851,11.04973,11.40444,11.69769,11.92122,12.14285,12.33143,12.54992,12.77939,13.01068,13.23716,13.51333,13.80519,14.13280,14.54574,14.98485,15.53540,16.29500,17.29720,19.18112,21.62586
2024-03-04,2024-02-26,ewma,5,13.49000,13.80582,True,10.74617,11.04733,11.40186,11.69483,11.91822,12.14009,12.32852,12.54793,12.77634,13.00780,13.23553,13.51037,13.80223,14.12827,14.54104,14.98047,15.53086,16.29065,17.29241,19.17624,21.62015
2024-03-05,2024-02-27,ewma,5,14.46000,13.78678,True,10.73171,11.03247,11.38643,11.67874,11.90179,12.12364,12.31161,12.53117,12.75889,12.99020,13.21794,13.49204,13.78278,14.10837,14.51955,14.95920,15.50881,16.26810,17.26813,19.14974,21.59006
2024-03-06,2024-02-28,ewma,5,14.50000,13.78944,True,10.73414,11.03496,11.38891,11.68103,11.90420,12.12627,12.31408,12.53388,12.76190,12.99342,13.22116,13.49475,13.78606,14.11089,14.52092,14.96147,15.51173,16.27116,17.27102,19.15338,21.59394
2024-03-07,2024-02-29,ewma,5,14.44000,13.76970,True,10.71914,11.01954,11.37289,11.66435,11.88728,12.10899,12.29673,12.51624,12.74418,12.97600,13.20267,13.47534,13.76591,14.09049,14.49867,14.93971,15.48947,16.24778,17.24586,19.12591,21.56276
2024-03-08,2024-03-01,ewma,5,14.74000,13.73594,True,10.69322,10.99290,11.34529,11.63578,11.85826,12.07939,12.26722,12.48605,12.71323,12.94515,13.16986,13.44215,13.73186,14.05576,14.46163,14.90273,15.45144,16.20786,17.20315,19.07897,21.50962
2024-03-11,2024-03-04,ewma,5,15.22000,13.72354,True,10.68393,10.98334,11.33533,11.62531,11.84767,12.06857,12.25678,12.47532,12.70178,12.93371,13.15841,13.42965,13.71929,14.04288,14.44707,14.88893,15.43742,16.19315,17.18718,19.06169,21.48992
2024-03-12,2024-03-05,ewma,5,13.84000,13.75945,True,10.71225,11.01246,11.36529,11.65578,11.87879,12.10024,12.28949,12.50851,12.73505,12.96781,13.19328,13.46524,13.75546,14.07998,14.48337,14.92755,15.47777,16.23544,17.23172,19.11152,21.54588
2024-03-13,2024-03-06,ewma,5,13.75000,13.79557,True,10.74057,11.04138,11.39525,11.68650,11.91049,12.13206,12.32181,12.54136,12.76866,13.00251,13.22819,13.50069,13.79219,14.11730,14.52122,14.96660,15.51773,16.27686,17.27556,19.16164,21.60201
2024-03-14,2024-03-07,ewma,5,14.40000,13.82709,True,10.76532,11.06662,11.42143,11.71335,11.93823,12.15986,12.35002,12.57004,12.79803,13.03289,13.25871,13.53193,13.82436,14.15060,14.55423,15.00066,15.55253,16.31287,17.31364,19.20539,21.65096
2024-03-15,2024-03-08,ewma,5,14.41000,13.87137,True,10.80000,11.10207,11.45813,11.75099,11.97698,12.19886,12.38963,12.61035,12.83930,13.07567,13.30160,13.57685,13.86930,14.19773,14.60168,15.04856,15.60166,16.36390,17.36768,19.26684,21.71987
2024-03-18,2024-03-11,ewma,5,14.33000,13.93587,True,10.85042,11.15371,11.51155,11.80577,12.03319,12.25565,12.44739,12.66937,12.89941,13.13764,13.36389,13.64176,13.93436,14.26404,14.67313,15.11894,15.67354,16.43879,17.44703,19.35639,21.82044
2024-03-19,2024-03-12,ewma,5,13.82000,13.93106,True,10.84688,11.14987,11.50771,11.80183,12.02956,12.25156,12.44329,12.66538,12.89537,13.13370,13.36121,13.63915,13.93006,14.25903,14.66654,15.11359,15.66746,16.43191,17.43960,19.34967,21.81249
2024-03-20,2024-03-13,ewma,5,13.04000,13.92195,True,10.84000,11.14260,11.50032,11.79425,12.02178,12.24368,12.43535,12.65777,12.88719,13.12525,13.35440,13.63194,13.92061,14.24936,14.65543,15.10357,15.65710,16.41996,17.42679,19.33697,21.79780
2024-03-21,2024-03-14,ewma,5,12.92000,13.94547,True,10.85852,11.16144,11.51988,11.81427,12.04218,12.26450,12.45652,12.68056,12.90921,13.14757,13.37765,13.65636,13.94467,14.27386,14.67912,15.12895,15.68344,16.44644,17.45483,19.36960,21.83421
2024-03-22,2024-03-15,ewma,5,13.06000,13.96834,True,10.87653,11.17975,11.53891,11.83364,12.06201,12.28474,12.47704,12.70275,12.93078,13.16928,13.40027,13.67972,13.96816,14.29800,14.70302,15.15362,15.70904,16.47203,17.48204,19.40132,21.86958
2024-03-25,2024-03-18,ewma,5,13.19000,13.98620,True,10.89064,11.19407,11.55380,11.84878,12.07752,12.30071,12.49309,12.71984,12.94788,13.18639,13.41796,13.69802,13.98627,14.31832,14.72165,15.17227,15.72902,16.49172,17.50299,19.42609,21.89713
2024-03-26,2024-03-19,ewma,5,13.24000,13.97784,True,10.88434,11.18739,11.54704,11.84171,12.07038,12.29361,12.48572,12.71234,12.94071,13.17970,13.41049,13.69060,13.97787,14.30867,14.71268,15.16247,15.71951,16.48048,17.49112,19.41444,21.88362
2024-03-27,2024-03-20,ewma,5,12.78000,13.92939,True,10.84682,11.14862,11.50771,11.80066,12.02901,12.25125,12.44251,12.66838,12.89591,13.13267,13.36345,13.64252,13.92900,14.25798,14.66131,15.10918,15.66430,16.42198,17.43046,19.34709,21.80734
2024-03-28,2024-03-21,ewma,5,13.01000,13.87710,True,10.80630,11.10678,11.46521,11.75636,11.98432,12.20551,12.39587,12.62159,12.84755,13.08319,13.31274,13.59065,13.87630,14.20394,14.60589,15.05174,15.60478,16.35896,17.36500,19.27442,21.72505
2024-04-01,2024-03-22,ewma,5,13.65000,13.83505,True,10.77377,11.07315,11.43117,11.72075,11.94847,12.16862,12.35838,12.58463,12.80882,13.04337,13.27173,13.54882,13.83389,14.16081,14.56127,15.00538,15.55679,16.30803,17.31237,19.21598,21.65881
2024-04-02,2024-03-25,ewma,5,14.61000,13.80206,True,10.74828,11.04676,11.40460,11.69287,11.92044,12.13969,12.32906,12.55589,12.77861,13.01242,13.23940,13.51555,13.80057,14.12696,14.52636,14.96885,15.51898,16.26851,17.27107,19.17012,21.60674
2024-04-03,2024-03-26,ewma,5,14.33000,13.77340,True,10.72616,11.02383,11.38161,11.66868,11.89615,12.11457,12.30365,12.53157,12.75241,12.98554,13.21000,13.48636,13.77157,14.09690,14.49611,14.93701,15.48605,16.23447,17.23519,19.13027,21.56146
2024-04-04,2024-03-27,ewma,5,16.35000,13.72195,True,10.68629,10.98266,11.33979,11.62518,11.85181,12.06941,12.25787,12.48670,12.70427,12.93685,13.15875,13.43460,13.71968,14.04327,14.44186,14.88046,15.42817,16.17356,17.17078,19.05876,21.48049
2024-04-05,2024-03-28,ewma,5,16.03000,13.68544,True,10.65807,10.95346,11.31031,11.59435,11.82038,12.03760,12.22545,12.45542,12.67080,12.90226,13.12331,13.39718,13.68273,14.00494,14.40327,14.84054,15.38711,16.13028,17.12507,19.00801,21.42293
2024-04-08,2024-04-01,ewma,5,15.19000,13.68367,True,10.65689,10.95205,11.30953,11.59294,11.81895,12.03635,12.22408,12.45452,12.66982,12.90073,13.12204,13.39750,13.68053,14.00282,14.40105,14.83829,15.38510,16.12793,17.12283,19.00551,21.41974
2024-04-09,2024-04-02,ewma,5,14.98000,13.72856,True,10.69205,10.98799,11.34732,11.63106,11.85783,12.07614,12.26438,12.49589,12.71239,12.94320,13.16699,13.44294,13.72606,14.04990,14.44885,14.88664,15.43555,16.18058,17.17899,19.06781,21.48959
2024-04-10,2024-04-03,ewma,5,15.80000,13.75802,True,10.71520,11.01159,11.37237,11.65612,11.88338,12.10237,12.29091,12.52322,12.74067,12.97112,13.19715,13.47317,13.75619,14.08185,14.47977,14.91826,15.46866,16.21504,17.21583,19.10869,21.53529
2024-04-11,2024-04-04,ewma,5,14.91000,13.87727,True,10.80828,11.10725,11.47100,11.75724,11.98653,12.20767,12.39855,12.63252,12.85154,13.08474,13.31222,13.59075,13.87593,14.20408,14.60549,15.04856,15.60281,16.35707,17.36478,19.27404,21.72153
2024-04-12,2024-04-05,ewma,5,17.31000,13.97769,True,10.88670,11.18785,11.55408,11.84241,12.07343,12.29642,12.48938,12.72469,12.94497,13.18062,13.40925,13.68990,13.97689,14.30789,14.71177,15.15932,15.71790,16.47518,17.49016,19.41323,21.87829
2024-04-15,2024-04-08,ewma,5,19.23000,14.03594,True,10.93228,11.23469,11.60229,11.89185,12.12390,12.34808,12.54254,12.77845,12.99967,13.23620,13.46568,13.74771,14.03576,14.36956,14.77389,15.22476,15.78268,16.54357,17.56277,19.49384,21.96904
2024-04-16,2024-04-09,ewma,5,18.40000,14.08170,True,10.96813,11.27154,11.64018,11.93071,12.16358,12.38874,12.58382,12.82066,13.04312,13.27984,13.51013,13.79309,14.08177,14.41783,14.82246,15.27660,15.83341,16.59724,17.61974,19.55710,22.04024
2024-04-17,2024-04-10,ewma,5,18.21000,14.16300,True,11.03166,11.33683,11.70744,11.99968,12.23396,12.46028,12.65649,12.89524,13.11950,13.35766,13.58880,13.87294,14.16312,14.50199,14.91073,15.36522,15.92773,16.69279,17.72118,19.66972,22.16705
2024-04-18,2024-04-11,ewma,5,18.00000,14.19944,True,11.06025,11.36623,11.73763,12.03065,12.26553,12.49237,12.68907,12.92894,13.15356,13.39370,13.62444,13.91125,14.19964,14.53952,14.95267,15.40462,15.96799,16.73548,17.76650,19.72004,22.22366
2024-04-19,2024-04-12,ewma,5,18.71000,14.34078,True,11.17055,11.47958,11.85453,12.15055,12.38770,12.61673,12.81542,13.05804,13.28478,13.52817,13.76099,14.05437,14.34120,14.68521,15.10498,15.55859,16.12801,16.90359,17.94305,19.91603,22.44443
2024-04-22,2024-04-15,ewma,5,16.94000,14.55268,True,11.33583,11.64944,12.02976,12.33039,12.57083,12.80317,13.00489,13.25142,13.48135,13.72820,13.96528,14.26359,14.55364,14.90301,15.32920,15.78958,16.36796,17.16111,18.21026,20.21002,22.77563
2024-04-23,2024-04-16,ewma,5,15.69000,14.72437,True,11.46978,11.78711,12.17175,12.47617,12.71923,12.95460,13.15842,13.40817,13.64064,13.89043,14.13042,14.43224,14.72572,15.07893,15.51162,15.97783,16.56325,17.37102,18.42676,20.44815,23.04389
2024-04-24,2024-04-17,ewma,5,15.97000,14.88163,True,11.59250,11.91322,12.30181,12.60972,12.85516,13.09334,13.29906,13.55177,13.78656,14.04021,14.28172,14.58809,14.88330,15.24287,15.68019,16.14977,16.74040,17.55985,18.63708,20.66623,23.28955
2024-04-25,2024-04-18,ewma,5,15.37000,15.02386,True,11.70352,12.02732,12.41954,12.73054,12.97832,13.21886,13.42731,13.68169,13.91843,14.17584,14.41845,14.72926,15.02604,15.39196,15.83109,16.30487,16.90315,17.72946,18.81949,20.86344,23.51168
2024-04-26,2024-04-19,ewma,5,15.03000,15.18959,True,11.83285,12.16024,12.55670,12.87129,13.12180,13.36507,13.57659,13.83288,14.07208,14.33245,14.57773,14.89221,15.19242,15.56390,16.00651,16.48507,17.09101,17.92820,19.03219,21.09328,23.77059
2024-04-29,2024-04-22,ewma,5,14.67000,15.27265,True,11.89778,12.22697,12.62553,12.94199,13.19386,13.43830,13.65199,13.90868,14.14918,14.41089,14.65841,14.97407,15.27637,15.65051,16.09478,16.57756,17.19910,18.02596,19.13568,21.20831,23.90011
2024-04-30,2024-04-23,ewma,5,15.65000,15.29325,True,11.91405,12.24370,12.64271,12.95958,13.21196,13.45658,13.67125,13.92759,14.16847,14.43037,14.67916,14.99457,15.29761,15.67290,16.11822,16.59913,17.21521,18.04975,19.16091,21.23660,23.93188
2024-05-01,2024-04-24,ewma,5,15.39000,15.32640,True,11.94010,12.27048,12.67027,12.98771,13.24090,13.48589,13.70158,13.95939,14.19938,14.46167,14.71132,15.02746,15.33127,15.70853,16.15382,16.63433,17.24541,18.08822,19.20186,21.28232,23.98329
2024-05-02,2024-04-25,ewma,5,14.68000,15.32858,True,11.94202,12.27246,12.67223,12.98960,13.24307,13.48795,13.70421,13.96356,14.20155,14.46399,14.71375,15.03008,15.33604,15.70987,16.15601,16.63590,17.24763,18.09014,19.20400,21.28502,23.98623
2024-05-03,2024-04-26,ewma,5,13.49000,15.31351,True,11.93051,12.26064,12.65993,12.97688,13.23034,13.47615,13.69134,13.95201,14.18773,14.45033,14.70111,15.01720,15.31924,15.69353,16.13981,16.61944,17.23044,18.07171,19.18454,21.26379,23.96218
2024-05-06,2024-04-29,ewma,5,13.49000,15.28067,True,11.90515,12.23459,12.63294,12.94910,13.20226,13.44871,13.66240,13.92244,14.15790,14.41980,14.67141,14.98320,15.28536,15.65920,16.10447,16.58369,17.19326,18.03231,19.14283,21.21788,23.91034
2024-05-07,2024-04-30,ewma,5,13.23000,15.29893,True,11.91961,12.24945,12.64820,12.96461,13.21832,13.46624,13.67914,13.93911,14.17585,14.43715,14.68903,15.00339,15.30551,15.67725,16.12296,16.60339,17.21357,18.05321,19.16512,21.24292,23.93845
2024-05-08,2024-05-01,ewma,5,13.00000,15.30347,True,11.92337,12.25332,12.65211,12.96850,13.22253,13.47169,13.68362,13.94328,14.18109,14.44155,14.69349,15.01054,15.31265,15.68125,16.12701,16.60821,17.21844,18.05792,19.17022,21.24891,23.94509
2024-05-09,2024-05-02,ewma,5,12.69000,15.27168,True,11.89861,12.22798,12.62599,12.94163,13.19526,13.44390,13.65545,13.91457,14.15191,14.41157,14.66287,14.97715,15.27911,15.64751,16.09326,16.57338,17.18197,18.02031,19.12991,21.20400,23.89372
2024-05-10,2024-05-03,ewma,5,12.55000,15.17725,True,11.82505,12.15248,12.54808,12.86167,13.11387,13.36096,13.57021,13.82824,14.06361,14.32241,14.57211,14.88236,15.18292,15.54960,15.99350,16.47058,17.07503,17.90879,19.01115,21.07213,23.74437
2024-05-13,2024-05-06,ewma,5,13.60000,15.08808,True,11.75559,12.08120,12.47453,12.78617,13.03702,13.28266,13.48943,13.74694,13.97946,14.23812,14.48470,14.79414,15.09271,15.45697,15.89929,16.37349,16.97402,17.80348,18.89898,20.94758,23.60327
2024-05-14,2024-05-07,ewma,5,13.42000,14.98926,True,11.67861,12.00218,12.39299,12.70249,12.95184,13.19509,13.39950,13.65324,13.88725,14.14454,14.38804,14.69685,14.99353,15.35370,15.79479,16.26593,16.86217,17.68679,18.77473,20.80964,23.44709
2024-05-15,2024-05-08,ewma,5,12.45000,14.88293,True,11.59577,11.91715,12.30524,12.61244,12.85917,13.09723,13.30211,13.55385,13.78852,14.04354,14.28564,14.59229,14.88684,15.24277,15.68230,16.14988,16.74186,17.56123,18.64107,20.66128,23.27918
2024-05-16,2024-05-09,ewma,5,12.42000,14.76478,True,11.50373,11.82266,12.20771,12.51198,12.75598,12.99157,13.19457,13.44598,13.67877,13.93174,14.17191,14.47621,14.76810,15.12032,15.55737,16.02103,16.60890,17.42174,18.49262,20.49652,23.09282
2024-05-17,2024-05-10,ewma,5,11.99000,14.64529,True,11.41064,11.72708,12.10907,12.41047,12.65159,12.88577,13.08754,13.33650,13.56782,13.81896,14.05628,14.35877,14.64802,14.99790,15.43076,15.89071,16.47441,17.28026,18.34249,20.32991,22.90437
2024-05-20,2024-05-13,ewma,5,12.15000,14.59116,True,11.36848,11.68385,12.06448,12.36465,12.60513,12.83853,13.03928,13.28646,13.51752,13.76782,14.00340,14.30534,14.59344,14.94242,15.37252,15.83134,16.41347,17.21514,18.27424,20.25405,22.81818
2024-05-21,2024-05-14,ewma,5,11.86000,14.53025,True,11.32103,11.63519,12.01427,12.31308,12.55279,12.78507,12.98495,13.23021,13.46080,13.71026,13.94473,14.24513,14.53220,14.87976,15.30712,15.76488,16.34488,17.14201,18.19749,20.16877,22.72138
2024-05-22,2024-05-15,ewma,5,12.29000,14.41843,True,11.23392,11.54575,11.92197,12.21723,12.45503,12.68580,12.88477,13.12740,13.35687,13.60320,13.83720,14.13403,14.42005,14.76464,15.18812,15.64319,16.21903,17.00884,18.05699,20.01284,22.54499
2024-05-23,2024-05-16,ewma,5,12.77000,14.31127,True,11.15044,11.46005,11.83342,12.12524,12.36212,12.59076,12.78897,13.02869,13.25714,13.50056,13.73398,14.02752,14.31268,14.65431,15.07499,15.52657,16.09780,16.88119,17.92134,19.86339,22.37592
2024-05-24,2024-05-17,ewma,5,11.93000,14.18519,True,11.05222,11.35919,11.72788,12.01790,12.25266,12.47979,12.67478,12.91249,13.13952,13.38147,13.61262,13.90353,14.18639,14.52489,14.94193,15.38943,15.95531,16.73125,17.76203,19.68769,22.17729
2024-05-28,2024-05-20,ewma,5,12.92000,14.07577,True,10.96698,11.27168,11.63757,11.92468,12.15762,12.38229,12.57471,12.81178,13.03656,13.27759,13.50670,13.79600,14.07670,14.41274,14.82643,15.27058,15.83156,16.60098,17.62360,19.53513,22.00474
2024-05-29,2024-05-21,ewma,5,14.28000,13.95574,True,10.87347,11.17566,11.53701,11.82297,12.05317,12.27567,12.46699,12.70114,12.92442,13.16236,13.39060,13.67578,13.95632,14.28972,14.69894,15.14023,15.69589,16.45809,17.47190,19.36785,21.81561
2024-05-30,2024-05-22,ewma,5,14.47000,13.86733,True,10.80459,11.10497,11.46406,11.74807,11.97495,12.19719,12.38755,12.61703,12.84190,13.07762,13.30512,13.58547,13.86757,14.19865,14.60438,15.04418,15.59579,16.35246,17.35982,19.24446,21.67594
2024-05-31,2024-05-23,ewma,5,12.92000,13.81029,True,10.76016,11.05939,11.41705,11.69975,11.92615,12.14711,12.33624,12.56228,12.78756,13.02324,13.24973,13.52747,13.81048,14.13952,14.54287,14.98216,15.53152,16.28383,17.28702,19.16461,21.58531
2024-06-03,2024-05-24,ewma,5,13.11000,13.70959,True,10.68172,10.97886,11.33395,11.61403,11.83849,12.05827,12.24613,12.46851,12.69316,12.92716,13.15259,13.42867,13.70973,14.03570,14.43538,14.87220,15.41817,16.16375,17.15959,19.02420,21.42648
2024-06-04,2024-05-28,ewma,5,13.16000,13.66899,True,10.65009,10.94644,11.30052,11.57977,11.80351,12.02265,12.20993,12.43267,12.65508,12.88744,13.11310,13.38863,13.66909,13.99312,14.39114,14.82744,15.37239,16.11453,17.10739,18.96717,21.36158
2024-06-05,2024-05-29,ewma,5,12.63000,13.69891,True,10.67342,10.97051,11.32540,11.60525,11.82943,12.04905,12.23673,12.46115,12.68311,12.91682,13.14234,13.41824,13.69908,14.02268,14.42114,14.85918,15.40593,16.14845,17.14346,19.00801,21.40688
2024-06-06,2024-05-30,ewma,5,12.58000,13.73647,True,10.70269,11.00069,11.35660,11.63721,11.86195,12.08218,12.27035,12.49658,12.71822,12.95341,13.17892,13.45524,13.73671,14.06312,14.45918,14.89921,15.44806,16.19137,17.18908,19.05944,21.46412
2024-06-07,2024-05-31,ewma,5,12.22000,13.69445,True,10.66996,10.96707,11.32200,11.60161,11.82612,12.04553,12.23300,12.46029,12.68030,12.91236,13.13806,13.41391,13.69464,14.01903,14.41478,14.85288,15.40009,16.14158,17.13647,18.99930,21.39701
2024-06-10,2024-06-03,ewma,5,12.74000,13.66462,True,10.64673,10.94322,11.29749,11.57634,11.80082,12.01959,12.20653,12.43509,12.65368,12.88540,13.10890,13.38452,13.66476,13.98742,14.38321,14.81978,15.36584,16.10616,17.09912,18.95607,21.34895
2024-06-11,2024-06-04,ewma,5,12.85000,13.63893,True,10.62673,10.92269,11.27640,11.55459,11.77909,11.99731,12.18378,12.41344,12.63060,12.86181,13.08480,13.35885,13.63903,13.96020,14.35601,14.79118,15.33626,16.07563,17.06696,18.91861,21.30738
2024-06-12,2024-06-05,ewma,5,12.04000,13.58662,True,10.58598,10.88083,11.23330,11.51027,11.73437,11.95160,12.13725,12.36634,12.58096,12.81159,13.03408,13.30701,13.58669,13.90657,14.30065,14.73371,15.27674,16.01372,17.00148,18.84423,21.22422
2024-06-13,2024-06-06,ewma,5,11.94000,13.53443,True,10.54533,10.83907,11.19030,11.46606,11.68975,11.90608,12.09083,12.31934,12.53115,12.76096,12.98334,13.25527,13.53446,13.85306,14.24535,14.67679,15.21736,15.95195,16.93615,18.77003,21.14126
2024-06-14,2024-06-07,ewma,5,12.66000,13.46547,True,10.49161,10.78388,11.13343,11.40765,11.63029,11.84581,12.02876,12.25564,12.46682,12.69521,12.91653,13.18710,13.46510,13.78215,14.17241,14.60169,15.13981,15.87042,16.84984,18.67258,21.03212
2024-06-17,2024-06-10,ewma,5,12.75000,13.42823,True,10.46261,10.75410,11.10279,11.37613,11.59823,11.81345,11.99569,12.22225,12.43267,12.65993,12.87895,13.14984,13.42747,13.74309,14.13295,14.56099,15.09792,15.82624,16.80322,18.61915,20.97254
2024-06-18,2024-06-11,ewma,5,12.30000,13.39871,True,10.43962,10.73049,11.07852,11.35122,11.57283,11.78787,11.96952,12.19588,12.40598,12.63193,12.84878,13.11984,13.39759,13.71193,14.10179,14.52866,15.06471,15.79108,16.76626,18.57642,20.92501
2024-06-20,2024-06-12,ewma,5,13.28000,13.32727,True,10.38396,10.67331,11.01960,11.29078,11.51123,11.72503,11.90525,12.12993,12.33903,12.56442,12.77985,13.04874,13.32583,13.63826,14.02651,14.45082,14.98437,15.70653,16.67685,18.47558,20.81203
2024-06-21,2024-06-13,ewma,5,13.20000,13.25423,True,10.32706,10.61485,10.95935,11.22899,11.44823,11.66079,11.83957,12.06055,12.27092,12.49430,12.70939,12.97559,13.25247,13.56347,13.94955,14.37124,14.90223,15.62008,16.58542,18.37254,20.69656
2024-06-24,2024-06-14,ewma,5,13.33000,13.22387,True,10.30341,10.59057,10.93429,11.20336,11.42215,11.63409,11.81263,12.03480,12.24313,12.46438,12.68000,12.94425,13.22168,13.53236,13.91726,14.33795,14.86784,15.58394,16.54717,18.32868,20.64775
2024-06-25,2024-06-17,ewma,5,12.84000,13.19976,True,10.28464,10.57130,10.91441,11.18303,11.40148,11.61290,11.79128,12.01394,12.22113,12.44271,12.65662,12.91936,13.19715,13.50759,13.89155,14.31144,14.84049,15.55517,16.51674,18.29350,20.60871
2024-06-26,2024-06-18,ewma,5,12.55000,13.15325,True,10.24841,10.53408,10.87600,11.14371,11.36145,11.57232,11.74991,11.97209,12.17759,12.39767,12.61160,12.87260,13.15023,13.45984,13.84226,14.26060,14.78795,15.50000,16.45827,18.22727,20.53470
2024-06-27,2024-06-20,ewma,5,12.24000,13.15956,True,10.25334,10.53917,10.88127,11.14914,11.36705,11.57820,11.75574,11.97833,12.18375,12.40457,12.61807,12.88029,13.15613,13.46615,13.84731,14.26704,14.79480,15.50730,16.46590,18.23425,20.54316
2024-06-28,2024-06-21,ewma,5,12.44000,13.16157,True,10.25492,10.54082,10.88299,11.15094,11.36894,11.58032,11.75774,11.98081,12.18593,12.40757,12.62028,12.88399,13.15775,13.46804,13.84722,14.26881,14.79682,15.50965,16.46817,18.23528,20.54492
2024-07-01,2024-06-24,ewma,5,12.22000,13.16995,True,10.26145,10.54756,10.88997,11.15811,11.37625,11.58802,11.76542,11.98915,12.19464,12.41614,12.62857,12.89416,13.16672,13.47643,13.85381,14.27748,14.80385,15.51948,16.47838,18.24512,20.55659
2024-07-02,2024-06-25,ewma,5,12.03000,13.15325,True,10.24845,10.53423,10.87621,11.14405,11.36190,11.57345,11.75098,11.97466,12.18014,12.40053,12.61298,12.87620,13.14963,13.45916,13.83455,14.25893,14.78270,15.49978,16.45722,18.22022,20.52914
2024-07-03,2024-06-26,ewma,5,12.09000,13.12241,True,10.22443,10.50956,10.85076,11.11801,11.33534,11.54644,11.72447,11.94713,12.15227,12.37158,12.58299,12.84448,13.11851,13.42755,13.80148,14.22504,14.74566,15.46341,16.41837,18.17574,20.47962
2024-07-05,2024-06-27,ewma,5,12.48000,13.07681,True,10.18892,10.47308,10.81311,11.07946,11.29603,11.50645,11.68477,11.90613,12.11045,12.32844,12.53900,12.79862,13.07276,13.38086,13.75289,14.17517,14.69206,15.40965,16.36107,18.11084,20.40708
2024-07-08,2024-06-28,ewma,5,12.37000,13.04421,True,10.16353,10.44701,10.78620,11.05192,11.26795,11.47789,11.65668,11.87696,12.08066,12.29783,12.50747,12.76548,13.04001,13.34747,13.71797,14.13938,14.65307,15.37121,16.32002,18.06394,20.35483
2024-07-09,2024-07-01,ewma,5,12.51000,13.00171,True,10.13045,10.41297,10.75113,11.01618,11.23150,11.44173,11.61871,11.83865,12.04229,12.25760,12.46631,12.72381,12.99741,13.30392,13.67280,14.09290,14.60531,15.32094,16.26653,18.00503,20.28714
2024-07-10,2024-07-02,ewma,5,12.85000,12.95131,True,10.09122,10.37262,10.70952,10.97374,11.18822,11.39861,11.57369,11.79313,11.99442,12.20972,12.41757,12.67440,12.94691,13.25229,13.61932,14.03787,14.54869,15.26137,16.20316,17.93518,20.20713
2024-07-11,2024-07-03,ewma,5,12.92000,12.90682,True,10.05660,10.33699,10.67280,10.93631,11.15005,11.36069,11.53395,11.75300,11.95262,12.16646,12.37429,12.63058,12.90187,13.20668,13.57206,13.98924,14.49870,15.20876,16.14718,17.87352,20.13636
2024-07-12,2024-07-05,ewma,5,12.46000,12.88514,True,10.03974,10.31963,10.65493,10.91820,11.13157,11.34283,11.51464,11.73360,11.93294,12.14710,12.35288,12.60902,12.87917,13.18422,13.54795,13.96533,14.47433,15.18302,16.11974,17.84344,20.10118
2024-07-15,2024-07-08,ewma,5,13.12000,12.85888,True,10.01932,10.29860,10.63328,10.89622,11.10914,11.31988,11.49127,11.71003,11.90902,12.12289,12.32613,12.58312,12.85190,13.15708,13.51861,13.93670,14.44482,15.15190,16.08658,17.80703,20.05886
2024-07-16,2024-07-09,ewma,5,13.19000,12.84121,True,10.00558,10.28446,10.61874,10.88150,11.09412,11.30448,11.47557,11.69422,11.89363,12.10636,12.31076,12.56572,12.83326,13.13875,13.49830,13.91738,14.42454,15.13089,16.06416,17.78250,20.02994
2024-07-17,2024-07-10,ewma,5,14.48000,12.84165,True,10.00597,10.28481,10.61917,10.88206,11.09474,11.30503,11.47635,11.69475,11.89501,12.10690,12.31181,12.56627,12.83272,13.13901,13.49754,13.91769,14.42462,15.13098,16.06439,17.78306,20.02927
2024-07-18,2024-07-11,ewma,5,15.93000,12.84555,True,10.00905,10.28795,10.62246,10.88541,11.09835,11.30863,11.48082,11.69843,11.89926,12.11072,12.31617,12.57043,12.83809,13.14282,13.50145,13.92175,14.42859,15.13464,16.06897,17.78842,20.03401
2024-07-19,2024-07-12,ewma,5,16.52000,12.82600,True,9.99385,10.27229,10.60635,10.86888,11.08170,11.29145,11.46431,11.68148,11.88141,12.09253,12.29783,12.55098,12.81757,13.12269,13.48069,13.90037,14.40620,15.11066,16.04419,17.76128,20.00216
2024-07-22,2024-07-15,ewma,5,14.91000,12.84054,True,10.00522,10.28394,10.61845,10.88124,11.09450,11.30429,11.47829,11.69656,11.89515,12.10734,12.31218,12.56560,12.83356,13.13755,13.49578,13.91595,14.42211,15.12686,16.06207,17.78137,20.02349
2024-07-23,2024-07-16,ewma,5,14.72000,12.85779,True,10.01870,10.29776,10.63279,10.89589,11.10958,11.31951,11.49429,11.71411,11.91134,12.12470,12.32898,12.58287,12.85234,13.15531,13.51363,13.93447,14.44132,15.14625,16.08294,17.80521,20.04904
2024-07-24,2024-07-17,ewma,5,18.04000,12.93440,True,10.07843,10.35913,10.69623,10.96085,11.17595,11.38699,11.56336,11.78471,11.98252,12.19747,12.40272,12.65795,12.93001,13.23405,13.59470,14.01805,14.52881,15.23555,16.17807,17.91125,20.16714
2024-07-25,2024-07-18,ewma,5,18.46000,13.06983,True,10.18399,10.46759,10.80830,11.07565,11.29313,11.50625,11.68502,11.90813,12.10813,12.32564,12.53298,12.79096,13.06556,13.37308,13.73803,14.16533,14.68181,15.40021,16.34674,18.09873,20.37692
2024-07-26,2024-07-19,ewma,5,16.39000,13.22382,True,10.30402,10.59093,10.93572,11.20620,11.42636,11.64185,11.82314,12.04846,12.25088,12.47205,12.68106,12.94319,13.21972,13.53109,13.90405,14.33324,14.85722,15.58273,16.54344,18.31192,20.61561
2024-07-29,2024-07-22,ewma,5,16.60000,13.30341,True,10.36608,10.65468,11.00162,11.27370,11.49531,11.71196,11.89466,12.12115,12.32471,12.54868,12.75923,13.02283,13.29954,13.61265,13.98974,14.42080,14.95628,15.67633,16.64269,18.42208,20.73829
2024-07-30,2024-07-23,ewma,5,17.69000,13.37089,True,10.41870,10.70873,11.05751,11.33094,11.55395,11.77140,11.95535,12.18286,12.38740,12.61325,12.82580,13.09089,13.36761,13.68178,14.06195,14.49532,15.03314,15.75565,16.72678,18.51547,20.84208
2024-07-31,2024-07-24,ewma,5,16.36000,13.57263,True,10.57594,10.87031,11.22443,11.50196,11.72862,11.94947,12.13606,12.36691,12.57449,12.80369,13.01999,13.29002,13.56994,13.88830,14.27566,14.71530,15.26027,15.99398,16.98195,18.80116,21.15512
2024-08-01,2024-07-25,ewma,5,18.59000,13.78296,True,10.73987,11.03877,11.39845,11.68025,11.91071,12.13510,12.32436,12.55882,12.76950,13.00249,13.22243,13.49734,13.78090,14.10387,14.50175,14.94453,15.49821,16.24269,17.24708,19.12531,21.48150
2024-08-02,2024-07-26,ewma,5,23.39000,13.90286,True,10.83334,11.13480,11.49770,11.78193,12.01467,12.24114,12.43181,12.66836,12.88072,13.11694,13.33801,13.61567,13.90135,14.22689,14.63138,15.07565,15.63530,16.38601,17.39710,19.29100,21.66692
2024-08-05,2024-07-29,ewma,5,38.57000,14.02666,True,10.92985,11.23396,11.60017,11.88690,12.12201,12.35062,12.54275,12.78145,12.99556,13.23509,13.45733,13.73772,14.02566,14.35387,14.76251,15.21091,15.77498,16.53343,17.55200,19.46209,21.85838
2024-08-06,2024-07-30,ewma,5,27.71000,14.19035,True,11.05744,11.36507,11.73570,12.02568,12.26397,12.49475,12.68976,12.93098,13.14817,13.38960,13.61504,13.89881,14.18996,14.52145,14.93500,15.39073,15.96179,16.73430,17.75701,19.68730,22.11197
2024-08-07,2024-07-31,ewma,5,27.85000,14.29166,True,11.13642,11.44623,11.81965,12.11159,12.35202,12.58396,12.78100,13.02367,13.24300,13.48526,13.71292,13.99871,14.29170,14.62603,15.04222,15.50288,16.07662,16.86095,17.88376,19.82593,22.26833
2024-08-08,2024-08-01,ewma,5,23.79000,14.48080,True,11.28385,11.59772,11.97624,12.27194,12.51600,12.75050,12.95080,13.19637,13.41889,13.66376,13.89535,14.18419,14.48090,14.82150,15.24213,15.70971,16.29083,17.08691,18.13071,20.08637,22.56151
2024-08-09,2024-08-02,ewma,5,20.37000,14.83216,True,11.55768,11.87915,12.26700,12.56977,12.82021,13.05988,13.26556,13.51663,13.74475,13.99532,14.23348,14.53025,14.83234,15.18144,15.61239,16.09132,16.68838,17.50345,18.57795,20.59153,23.16992
2024-08-12,2024-08-05,ewma,5,20.71000,15.55810,True,12.12341,12.46057,12.86757,13.18505,13.44823,13.69911,13.91530,14.17825,14.41776,14.68063,14.93052,15.24646,15.55837,15.92546,16.37949,16.88007,17.50613,18.36324,19.49215,21.60725,24.35058
2024-08-13,2024-08-06,ewma,5,18.12000,16.01366,True,12.47844,12.82545,13.24453,13.57119,13.84202,14.10025,14.32324,14.59360,14.84164,15.11108,15.36813,15.69547,16.01452,16.39410,16.86312,17.37616,18.04844,18.90298,20.06696,22.24226,25.08022
2024-08-14,2024-08-07,ewma,5,16.19000,16.46294,True,12.82858,13.18530,13.61631,13.95218,14.23039,14.49587,14.72572,15.00358,15.25979,15.53548,15.79954,16.13624,16.46433,16.85578,17.34023,17.86548,18.56296,19.43877,20.63388,22.86741,25.88086
2024-08-15,2024-08-08,ewma,5,15.23000,16.76879,True,13.06697,13.43027,13.86946,14.21198,14.49478,14.76519,15.00020,15.28287,15.54444,15.82422,16.09331,16.43765,16.77056,17.17013,17.66355,18.19846,18.90844,19.80180,21.02359,23.29434,26.56423
2024-08-16,2024-08-09,ewma,5,14.80000,16.93270,True,13.19474,13.56157,14.00523,14.35150,14.63648,14.90952,15.14773,15.43263,15.69689,15.97902,16.25170,16.60043,16.93497,17.33822,17.83802,18.37671,19.09459,20.00199,21.23341,23.52190,26.82266
2024-08-19,2024-08-12,ewma,5,14.65000,17.10405,True,13.32831,13.69882,14.14715,14.49733,14.78460,15.06041,15.30193,15.58896,15.85625,16.14074,16.41724,16.76909,17.10690,17.51475,18.02187,18.56455,19.29147,20.20829,21.45902,23.75979,27.09285
2024-08-20,2024-08-13,ewma,5,15.88000,17.15346,True,13.36687,13.73842,14.18808,14.53982,14.82748,15.10393,15.34631,15.63415,15.90215,16.18741,16.46506,16.81805,17.15731,17.56640,18.07512,18.62099,19.34883,20.26653,21.51982,23.82829,27.16989
2024-08-21,2024-08-14,ewma,5,16.27000,17.10396,True,13.32835,13.69878,14.14719,14.49846,14.78484,15.06034,15.30218,15.58929,15.85635,16.14159,16.41792,16.76985,17.10714,17.51527,18.02245,18.56620,19.29258,20.20788,21.45652,23.75938,27.09024
2024-08-22,2024-08-15,ewma,5,17.55000,17.00500,True,13.25129,13.61955,14.06541,14.41518,14.69947,14.97403,15.21381,15.49871,15.76448,16.04730,16.32256,16.67255,17.00766,17.41323,17.91768,18.45792,19.18056,20.09083,21.33120,23.62178,26.93229
2024-08-23,2024-08-16,ewma,5,15.86000,16.88733,True,13.15964,13.52532,13.96813,14.31579,14.59790,14.86959,15.10816,15.39106,15.65484,15.93622,16.20923,16.55681,16.88960,17.29202,17.79258,18.32933,19.04744,19.95079,21.18241,23.45818,26.74470
2024-08-26,2024-08-19,ewma,5,16.15000,16.76775,True,13.06651,13.42957,13.86928,14.21466,14.49391,14.76426,14.99957,15.28106,15.54323,15.82329,16.09338,16.43915,16.76963,17.16928,17.66519,18.19868,18.91217,19.80809,21.03125,23.29194,26.55411
2024-08-27,2024-08-20,ewma,5,15.43000,16.72221,True,13.03107,13.39311,13.83167,14.17628,14.45470,14.72418,14.95973,15.24010,15.49833,15.78015,16.04860,16.39350,16.72386,17.12251,17.61581,18.14839,18.85990,19.75287,20.97296,23.22854,26.48078
2024-08-28,2024-08-21,ewma,5,17.11000,16.69930,True,13.01327,13.37478,13.81278,14.15710,14.43506,14.70402,14.93989,15.21977,15.47888,15.75867,16.02637,16.36935,16.70072,17.09893,17.59065,18.12341,18.83318,19.72439,20.94306,23.19658,26.44330
2024-08-29,2024-08-22,ewma,5,15.65000,16.74084,True,13.04569,13.40807,13.84720,14.19255,14.47112,14.74060,14.97721,15.25784,15.51853,15.79797,16.06649,16.41215,16.74260,17.14171,17.63411,18.16837,18.87913,19.77203,20.99399,23.25414,26.50787
2024-08-30,2024-08-23,ewma,5,15.00000,16.69566,True,13.01053,13.37190,13.80989,14.15449,14.43222,14.70082,14.93694,15.21681,15.47715,15.75520,16.02288,16.36615,16.69719,17.09531,17.58623,18.11921,18.82728,19.71725,20.93617,23.19124,26.43512
2024-09-03,2024-08-26,ewma,5,20.72000,16.66794,True,12.98898,13.34972,13.78702,14.13123,14.40841,14.67643,14.91230,15.19170,15.45196,15.72917,15.99653,16.33729,16.66924,17.06680,17.55674,18.08901,18.79514,19.68310,20.90025,23.15261,26.39003
2024-09-04,2024-08-27,ewma,5,21.32000,16.60375,True,12.93907,13.29832,13.73411,14.07719,14.35326,14.62070,14.85488,15.13351,15.39170,15.66844,15.93467,16.27403,16.60464,17.00020,17.48740,18.01900,18.72262,19.60701,20.81937,23.06338,26.28148
2024-09-05,2024-08-28,ewma,5,19.90000,16.62870,True,12.95862,13.31832,13.75495,14.09874,14.37517,14.64346,14.87722,15.15658,15.41533,15.69212,15.95887,16.29920,16.63011,17.02673,17.51195,18.04572,18.75062,19.63618,20.85027,23.09798,26.31405
2024-09-06,2024-08-29,ewma,5,22.38000,16.57834,True,12.91949,13.27800,13.71349,14.05643,14.33197,14.59991,14.83218,15.11098,15.36895,15.64444,15.91029,16.24920,16.57944,16.97493,17.45719,17.99072,18.69370,19.57643,20.78675,23.02796,26.22745
2024-09-09,2024-08-30,ewma,5,19.45000,16.49562,True,12.85513,13.21176,13.64525,13.98668,14.26080,14.52785,14.75870,15.03501,15.29172,15.56601,15.83066,16.16779,16.49631,16.88936,17.36830,17.90060,18.60029,19.47845,20.68264,22.91299,26.08971
2024-09-10,2024-09-03,ewma,5,19.08000,16.68475,True,13.00264,13.36325,13.80189,14.14743,14.42464,14.69471,14.92873,15.20771,15.46754,15.74482,16.01241,16.35357,16.68605,17.08410,17.57155,18.10690,18.81409,19.70532,20.91939,23.17564,26.38190
2024-09-11,2024-09-04,ewma,5,17.69000,16.89052,True,13.16311,13.52807,13.97231,14.32230,14.60259,14.87624,15.11366,15.39556,15.65840,15.93913,16.21014,16.55660,16.89219,17.29505,17.79139,18.33082,19.04974,19.95562,21.18406,23.46140,26.70024
2024-09-12,2024-09-05,ewma,5,17.07000,17.02957,True,13.27159,13.63945,14.08753,14.44053,14.72284,14.99901,15.23872,15.52251,15.78739,16.07044,16.34467,16.69502,17.03167,17.43858,17.93855,18.48284,19.20867,20.12074,21.35726,23.65447,26.91295
2024-09-13,2024-09-06,ewma,5,16.56000,17.26380,True,13.45425,13.82707,14.28150,14.63932,14.92539,15.20562,15.44861,15.73623,16.00475,16.29151,16.57058,16.92562,17.26650,17.67940,18.18827,18.73972,19.47411,20.39851,21.66080,23.97976,27.27594
2024-09-16,2024-09-09,ewma,5,17.14000,17.36703,True,13.53481,13.90977,14.36710,14.72703,15.01469,15.29715,15.54128,15.83072,16.10077,16.38906,16.67005,17.02736,17.37060,17.78522,18.29948,18.85495,19.59328,20.52030,21.78964,24.12308,27.43182
2024-09-17,2024-09-10,ewma,5,17.61000,17.44891,True,13.59874,13.97536,14.43503,14.79664,15.08552,15.36989,15.61485,15.90598,16.17700,16.46736,16.74903,17.10800,17.45349,17.87248,18.38696,18.94530,19.69408,20.61686,21.89169,24.23674,27.55389
2024-09-18,2024-09-11,ewma,5,18.23000,17.46088,True,13.60819,13.98496,14.44596,14.80697,15.09602,15.38105,15.62631,15.91753,16.18818,16.47969,16.76261,17.12011,17.46605,17.88846,18.39906,18.95811,19.70549,20.63083,21.90549,24.25331,27.56555
2024-09-19,2024-09-12,ewma,5,16.33000,17.44113,True,13.59291,13.96916,14.43063,14.79039,15.07908,15.36427,15.60937,15.89992,16.16994,16.46140,16.74573,17.10129,17.44765,17.86654,18.37773,18.93646,19.68109,20.60730,21.87949,24.22580,27.52711
2024-09-20,2024-09-13,ewma,5,16.15000,17.39598,True,13.55784,13.93301,14.39428,14.75228,15.04019,15.32463,15.56969,15.85898,16.12840,16.41905,16.70030,17.05657,17.40131,17.81793,18.32964,18.88638,19.62804,20.55377,21.82164,24.16302,27.44863
2024-09-23,2024-09-16,ewma,5,15.89000,17.38309,True,13.54791,13.92270,14.38463,14.74145,15.02919,15.31341,15.55881,15.84746,16.11701,16.40718,16.69000,17.04449,17.38804,17.80237,18.31492,18.87132,19.61139,20.53838,21.80426,24.14506,27.42107
2024-09-24,2024-09-17,ewma,5,15.39000,17.39436,True,13.55682,13.93175,14.39498,14.75108,15.03908,15.32347,15.56951,15.86046,16.12803,16.41813,16.70094,17.05724,17.39989,17.81320,18.32534,18.88250,19.62202,20.55155,21.81719,24.16065,27.43164
2024-09-25,2024-09-18,ewma,5,15.41000,17.43522,True,13.58878,13.96449,14.42980,14.78579,15.07471,15.35960,15.60669,15.90145,16.16708,16.45706,16.74027,17.10037,17.44371,17.85778,18.36693,18.92579,19.66790,20.59967,21.86722,24.21733,27.48883
2024-09-26,2024-09-19,ewma,5,15.37000,17.37822,True,13.54447,13.91885,14.38364,14.73752,15.02573,15.30949,15.55629,15.85320,16.11540,16.40283,16.68544,17.04196,17.38473,17.79705,18.30582,18.86303,19.60339,20.53218,21.79452,24.13810,27.39176
2024-09-27,2024-09-20,ewma,5,16.96000,17.31465,True,13.49504,13.86795,14.33204,14.68367,14.97106,15.25359,15.50003,15.79661,16.05812,16.34245,16.62429,16.97758,17.31996,17.73156,18.23854,18.79314,19.53147,20.45692,21.71359,24.04973,27.28437
2024-09-30,2024-09-23,ewma,5,16.73000,17.24048,True,13.43734,13.80855,14.27164,14.62083,14.90723,15.18835,15.43428,15.72995,15.98708,16.27211,16.55102,16.90440,17.24539,17.65554,18.16011,18.71175,19.44759,20.36913,21.61936,23.94664,27.16034
2024-10-01,2024-09-24,ewma,5,19.26000,17.14288,True,13.36139,13.73040,14.19185,14.53813,14.82313,15.10247,15.34540,15.63903,15.89485,16.17967,16.45528,16.80826,17.14738,17.55554,18.05700,18.60494,19.33729,20.25367,21.49578,23.81101,26.99947
2024-10-02,2024-09-25,ewma,5,18.90000,17.05178,True,13.29050,13.65763,14.11650,14.46119,14.74447,15.02237,15.26247,15.54913,15.80955,16.09246,16.36745,16.71866,17.05561,17.46153,17.95927,18.50595,19.23413,20.14459,21.38115,23.68442,26.84893
2024-10-03,2024-09-26,ewma,5,20.49000,16.96348,True,13.22179,13.58710,14.04347,14.38663,14.66822,14.94473,15.18188,15.46479,15.72710,16.00812,16.28232,16.63181,16.96664,17.37040,17.86450,18.40999,19.13413,20.03883,21.27004,23.56172,26.70286
2024-10-04,2024-09-27,ewma,5,19.21000,16.96330,True,13.22177,13.58715,14.04340,14.38680,14.66818,14.94474,15.18244,15.46534,15.72725,16.00874,16.28253,16.63125,16.96595,17.36959,17.86255,18.40968,19.13353,20.03718,21.26943,23.56143,26.69556
2024-10-07,2024-09-30,ewma,5,22.64000,16.95156,True,13.21273,13.57794,14.03375,14.37716,14.65813,14.93455,15.17257,15.45826,15.71691,15.99866,16.27164,16.61931,16.95384,17.35744,17.84837,18.39681,19.11989,20.02187,21.25431,23.54507,26.67006
2024-10-08,2024-10-01,ewma,5,21.42000,17.06012,True,13.29746,13.66509,14.12369,14.46955,14.75211,15.03080,15.27033,15.56091,15.81811,16.10170,16.37787,16.72626,17.06297,17.46926,17.96687,18.51500,19.24192,20.14864,21.39003,23.69580,26.83379
2024-10-09,2024-10-02,ewma,5,20.86000,17.14771,True,13.36585,13.73544,14.19628,14.54416,14.82796,15.10859,15.34933,15.64372,15.90048,16.18463,16.46400,16.81256,17.15156,17.56028,18.06229,18.61194,19.33980,20.25063,21.49945,23.81740,26.96446
2024-10-10,2024-10-03,ewma,5,20.93000,17.30106,True,13.48550,13.85848,14.32331,14.67484,14.96068,15.24434,15.48722,15.78465,16.04385,16.32966,16.61135,16.96326,17.30580,17.71762,18.22454,18.78122,19.51491,20.44007,21.69132,24.03036,27.19845
2024-10-11,2024-10-04,ewma,5,20.46000,17.39184,True,13.55637,13.93139,14.39853,14.75300,15.03929,15.32495,15.56913,15.86849,16.12971,16.41565,16.69862,17.05277,17.39717,17.81200,18.32317,18.88295,19.61854,20.54584,21.80473,24.15639,27.33396
2024-10-14,2024-10-07,ewma,5,19.70000,17.62269,True,13.73643,14.11651,14.58972,14.95000,15.23902,15.52867,15.77644,16.08005,16.34602,16.63386,16.92055,17.27967,17.63027,18.05287,18.56886,19.13418,19.88170,20.82121,22.09865,24.47697,27.68948
2024-10-15,2024-10-08,ewma,5,20.64000,17.79547,True,13.87123,14.25512,14.73284,15.09777,15.38855,15.68124,15.93179,16.23851,16.50852,16.79739,17.08675,17.45199,17.80614,18.23202,18.75215,19.32393,20.08524,21.02634,22.32649,24.71690,27.95360
2024-10-16,2024-10-09,ewma,5,19.58000,17.93741,True,13.98199,14.36902,14.85043,15.21939,15.51137,15.80663,16.05887,16.36883,16.64155,16.93180,17.22326,17.59412,17.95049,18.37881,18.90240,19.48088,20.24603,21.19484,22.50332,24.91399,28.16915
2024-10-17,2024-10-10,ewma,5,19.11000,18.07633,True,14.09039,14.48051,14.96551,15.33847,15.63157,15.92936,16.18325,16.49616,16.77180,17.06349,17.35687,17.73112,18.09160,18.52223,19.05025,19.63437,20.40312,21.36027,22.67634,25.10689,28.37984
2024-10-18,2024-10-11,ewma,5,18.03000,18.18863,True,14.17805,14.57068,15.05857,15.43498,15.72876,16.02858,16.28380,16.59902,16.87687,17.17007,17.46470,17.84194,18.20560,18.63863,19.17041,19.76069,20.53274,21.49224,22.81595,25.26281,28.54864
2024-10-21,2024-10-14,ewma,5,18.37000,18.26137,True,14.23487,14.62916,15.11886,15.49716,15.79174,16.09293,16.34901,16.66577,16.94474,17.23927,17.53455,17.91374,18.27937,18.71470,19.24736,19.84240,20.61347,21.57789,22.90592,25.36378,28.65526
2024-10-22,2024-10-15,ewma,5,18.20000,18.37351,True,14.32241,14.71921,15.21178,15.59241,15.88879,16.19202,16.44954,16.76865,17.04917,17.34567,17.64287,18.02459,18.39226,18.83161,19.36725,19.96585,20.74564,21.71033,23.04530,25.51949,28.82364
2024-10-23,2024-10-16,ewma,5,19.24000,18.43203,True,14.36815,14.76630,15.26031,15.64215,15.93952,16.24385,16.50206,16.82265,17.10372,17.40135,17.69971,18.08329,18.45097,18.89290,19.43190,20.03051,20.81032,21.77941,23.11741,25.60071,28.90783
2024-10-24,2024-10-17,ewma,5,19.08000,18.46535,True,14.39425,14.79320,15.28797,15.67051,15.96845,16.27334,16.53200,16.85366,17.13489,17.43311,17.73362,18.11660,18.48444,18.92787,19.47174,20.06636,20.84653,21.81871,23.15791,25.64693,28.95247
2024-10-25,2024-10-18,ewma,5,20.33000,18.44333,True,14.37722,14.77578,15.26982,15.65190,15.94953,16.25406,16.51235,16.83376,17.11475,17.41262,17.71439,18.09524,18.46233,18.90489,19.44651,20.04208,20.82027,21.79262,23.12902,25.61630,28.91034
2024-10-28,2024-10-21,ewma,5,19.80000,18.43966,True,14.37448,14.77304,15.26686,15.64887,15.94647,16.25095,16.50911,16.83053,17.11166,17.40938,17.71120,18.09318,18.45876,18.90066,19.44062,20.03773,20.81472,21.78821,23.12313,25.61114,28.89697
2024-10-29,2024-10-22,ewma,5,19.34000,18.42760,True,14.36520,14.76359,15.25695,15.63871,15.93616,16.24045,16.49837,16.81965,17.10080,17.39822,17.69995,18.08318,18.44663,18.88783,19.42589,20.02427,20.79971,21.77389,23.10672,25.59434,28.87048
2024-10-30,2024-10-23,ewma,5,20.35000,18.46740,True,14.39627,14.79579,15.28993,15.67359,15.97130,16.27578,16.53484,16.85618,17.13779,17.43914,17.73843,18.12260,18.48655,18.92949,19.46686,20.06689,20.84458,21.82071,23.15619,25.64923,28.93245
2024-10-31,2024-10-24,ewma,5,23.16000,18.49755,True,14.41982,14.82026,15.31494,15.70029,15.99811,16.30263,16.56268,16.88391,17.16583,17.47097,17.76765,18.15283,18.51781,18.96091,19.49768,20.09903,20.87857,21.85615,23.19357,25.69073,28.97933
2024-11-01,2024-10-25,ewma,5,21.88000,18.58512,True,14.48814,14.89074,15.38748,15.77574,16.07459,16.38007,16.64193,16.96403,17.24719,17.55513,17.85377,18.24056,18.60853,19.05076,19.59262,20.19580,20.97736,21.95943,23.30294,25.81198,29.11615
2024-11-04,2024-10-28,ewma,5,21.98000,18.64406,True,14.53413,14.93828,15.43632,15.82688,16.12630,16.43228,16.69521,17.01792,17.30202,17.61171,17.91240,18.29991,18.66857,19.11207,19.65951,20.25948,21.04383,22.02887,23.37641,25.89344,29.20810
2024-11-05,2024-10-29,ewma,5,20.49000,18.67825,True,14.56083,14.96599,15.46467,15.85703,16.15661,16.46304,16.72618,17.04924,17.33389,17.64471,17.94545,18.33450,18.70281,19.14781,19.69352,20.29601,21.08238,22.06907,23.41885,25.94055,29.26130
2024-11-06,2024-10-30,ewma,5,16.27000,18.75848,True,14.62342,15.03059,15.53113,15.92626,16.22623,16.53438,16.79838,17.12290,17.40849,17.72104,18.02273,18.41470,18.78424,19.23029,19.78338,20.38454,21.17278,22.16367,23.51900,26.05159,29.38661
2024-11-07,2024-10-31,ewma,5,15.20000,18.95722,True,14.77840,15.19016,15.69572,16.09591,16.39836,16.71019,16.97674,17.30557,17.59307,17.90988,18.21372,18.61161,18.98493,19.43564,19.99953,20.60276,21.39741,22.39962,23.76774,26.32721,29.69757
2024-11-08,2024-11-01,ewma,5,14.94000,19.09362,True,14.88478,15.29978,15.80869,16.21221,16.51657,16.83106,17.09933,17.43135,17.72003,18.04097,18.34481,18.74617,19.12438,19.57738,20.14601,20.75557,21.55437,22.56058,23.93831,26.51624,29.91087
2024-11-11,2024-11-04,ewma,5,14.97000,19.22849,True,14.98997,15.40818,15.92040,16.32722,16.63346,16.95002,17.22057,17.55528,17.84582,18.17047,18.47521,18.87880,19.26186,19.71762,20.28956,20.91042,21.71237,22.71974,24.10696,26.70315,30.12177
2024-11-12,2024-11-05,ewma,5,14.71000,19.28968,True,15.03772,15.45754,15.97111,16.37966,16.68662,17.00402,17.27582,17.61130,17.90323,18.22892,18.53484,18.93951,19.32532,19.78092,20.35445,20.98013,21.78010,22.79184,24.18322,26.78773,30.21724
2024-11-13,2024-11-06,ewma,5,14.02000,19.12618,True,14.91031,15.32684,15.83573,16.24131,16.54533,16.85913,17.12834,17.46126,17.75056,18.07347,18.37691,18.77842,19.16008,19.61319,20.18178,20.80209,21.59403,22.59845,23.97733,26.56028,29.96073
2024-11-14,2024-11-07,ewma,5,14.31000,18.90771,True,14.74005,15.15210,15.65453,16.05221,16.35554,16.66466,16.93178,17.25948,17.54713,17.86434,18.16619,18.56372,18.93982,19.38854,19.95112,20.56428,21.34594,22.34012,23.70255,26.25651,29.61812
2024-11-15,2024-11-08,ewma,5,16.14000,18.68635,True,14.56753,14.96940,15.47064,15.85828,16.16214,16.46876,16.73258,17.05658,17.34148,17.65308,17.95347,18.34623,18.71646,19.16053,19.71741,20.32086,21.09462,22.07838,23.42417,25.94873,29.27100
2024-11-18,2024-11-11,ewma,5,15.58000,18.48032,True,14.40306,14.80151,15.29937,15.68297,15.98163,16.28666,16.54613,16.86829,17.15007,17.45779,17.75548,18.14292,18.50825,18.94825,19.49943,20.09416,20.86062,21.83477,23.16501,25.66224,28.94789
2024-11-19,2024-11-12,ewma,5,16.35000,18.27068,True,14.23659,14.63328,15.12018,15.49890,15.79987,16.10139,16.35778,16.67656,16.95532,17.25891,17.55387,17.93568,18.29648,18.73232,19.27744,19.86360,20.62259,21.58692,22.90135,25.37075,28.61913
2024-11-20,2024-11-13,ewma,5,17.16000,18.03035,True,14.04819,14.44049,14.91521,15.29167,15.59174,15.88885,16.14245,16.45693,16.73221,17.03082,17.32278,17.69862,18.05511,18.48498,19.02311,19.59975,20.35128,21.30282,22.59926,25.03667,28.24234
2024-11-21,2024-11-14,ewma,5,16.87000,17.82321,True,13.88052,14.27433,14.74242,15.11489,15.41220,15.70537,15.95670,16.26758,16.53977,16.83226,17.12184,17.49449,17.84700,18.27167,18.80317,19.37316,20.11743,21.05793,22.33878,24.74868,27.91752
2024-11-22,2024-11-15,ewma,5,15.24000,17.73503,True,13.81210,14.20375,14.66954,15.04017,15.33549,15.62607,15.87769,16.18602,16.45746,16.74505,17.03521,17.40700,17.75835,18.18103,18.70751,19.27589,20.01785,20.95358,22.22741,24.62586,27.77904
2024-11-25,2024-11-18,ewma,5,14.60000,17.62052,True,13.72318,14.11209,14.57489,14.94258,15.23584,15.52375,15.77450,16.08066,16.35081,16.63601,16.92498,17.29322,17.64368,18.06352,18.58412,19.15003,19.88855,20.81814,22.08305,24.46650,27.59932
2024-11-26,2024-11-19,ewma,5,14.10000,17.55471,True,13.67219,14.05943,14.52052,14.88694,15.17924,15.46593,15.71405,16.01993,16.28939,16.57361,16.86153,17.22725,17.57779,17.99594,18.51211,19.07711,19.81422,20.74023,21.99974,24.37476,27.49589
2024-11-27,2024-11-20,ewma,5,14.10000,17.53476,True,13.65691,14.04346,14.50422,14.87009,15.16210,15.44899,15.69685,16.00209,16.27111,16.55499,16.84205,17.20738,17.55589,17.97500,18.48915,19.05509,19.79156,20.71517,21.97446,24.34618,27.46429
2024-11-29,2024-11-21,ewma,5,13.51000,17.50091,True,13.63080,14.01635,14.47642,14.84145,15.13294,15.41979,15.66720,15.97155,16.23994,16.52325,16.80921,17.17387,17.52008,17.93981,18.45154,19.01796,19.75321,20.67369,21.93176,24.29831,27.41092
2024-12-02,2024-11-22,ewma,5,13.34000,17.38028,True,13.53711,13.91975,14.37684,14.73922,15.02781,15.31210,15.55771,15.86081,16.12765,16.40909,16.69155,17.05434,17.39834,17.81573,18.32246,18.88654,19.61691,20.52972,21.78032,24.12997,27.22164
2024-12-03,2024-11-25,ewma,5,13.30000,17.22946,True,13.41989,13.79897,14.25228,14.61066,14.89636,15.17875,15.42130,15.72180,15.98723,16.26641,16.54492,16.90494,17.24730,17.66109,18.16223,18.72232,19.44654,20.35010,21.59104,23.91971,26.98507
2024-12-04,2024-11-26,ewma,5,13.45000,17.05764,True,13.28631,13.66137,14.10906,14.46361,14.74725,15.02707,15.26591,15.56342,15.82728,16.10385,16.37933,16.73564,17.07525,17.48493,17.98021,18.53503,19.25247,20.14571,21.37546,23.68033,26.71563
2024-12-05,2024-11-27,ewma,5,13.54000,16.89600,True,13.16066,13.53192,13.97430,14.32442,14.60732,14.88431,15.12002,15.41409,15.67538,15.95077,16.22353,16.57688,16.91337,17.31909,17.80894,18.35883,19.06799,19.95338,21.17264,23.45509,26.46213
2024-12-06,2024-11-29,ewma,5,12.77000,16.70812,True,13.00787,13.38081,13.81745,14.16379,14.44382,14.71795,14.95173,15.23678,15.49876,15.77280,16.04312,16.39210,16.72521,17.12607,17.61028,18.15411,18.85394,19.73045,20.93693,23.19344,26.16754
2024-12-09,2024-12-02,ewma,5,14.19000,16.52110,True,12.85701,13.22925,13.66191,14.00206,14.28117,14.55146,14.78392,15.06156,15.32216,15.59563,15.86354,16.20767,16.53777,16.93395,17.41306,17.95035,18.64090,19.50931,20.70231,22.93301,25.87431
2024-12-10,2024-12-03,ewma,5,14.18000,16.34292,True,12.70289,13.08278,13.51383,13.84997,14.12668,14.39365,14.62340,14.89872,15.15478,15.42680,15.69225,16.03200,16.35903,16.75067,17.22515,17.75545,18.43789,19.29862,20.47878,22.68486,25.59492
2024-12-11,2024-12-04,ewma,5,13.58000,16.18450,True,12.58007,12.95352,13.38226,13.71533,13.98968,14.25229,14.47982,14.75338,15.00624,15.27677,15.53993,15.87626,16.20008,16.58735,17.05807,17.58205,18.25720,19.11126,20.28001,22.46415,25.34649
2024-12-12,2024-12-05,ewma,5,13.92000,16.04077,True,12.46866,12.83850,13.26184,13.59320,13.86319,14.12418,14.35120,14.62145,14.87220,15.14063,15.40166,15.73495,16.05527,16.43911,16.90580,17.42464,18.09488,18.94126,20.09930,22.26386,25.12108
2024-12-13,2024-12-06,ewma,5,13.81000,15.85892,True,12.31759,12.68934,13.11001,13.43846,13.70428,13.96404,14.18829,14.45531,14.70304,14.96864,15.22680,15.55605,15.87232,16.25196,16.71337,17.22583,17.88955,18.72624,19.87083,22.01067,24.83596
2024-12-16,2024-12-09,ewma,5,14.69000,15.77099,True,12.24933,12.61941,13.03749,13.36428,13.62710,13.88656,14.10905,14.37467,14.62142,14.88532,15.14228,15.46928,15.78317,16.16118,16.61994,17.12957,17.79017,18.62214,19.76006,21.88785,24.69795
2024-12-17,2024-12-10,ewma,5,15.87000,15.68736,True,12.18440,12.55292,12.96851,13.29354,13.55504,13.81289,14.03227,14.29793,14.54356,14.80609,15.06188,15.38557,15.69812,16.07481,16.53138,17.03798,17.69564,18.52269,19.65468,21.77100,24.56667
2024-12-18,2024-12-11,ewma,5,27.62000,15.57461,True,12.09687,12.46313,12.87547,13.19638,13.45680,13.71308,13.93007,14.19490,14.43861,14.69901,14.95177,15.27276,15.58395,15.95873,16.41232,16.91478,17.56828,18.38866,19.51284,21.61376,24.38980
2024-12-19,2024-12-12,ewma,5,24.09000,15.48740,True,12.02915,12.39375,12.80353,13.12279,13.38165,13.63472,13.85081,14.11473,14.35762,14.61558,14.86620,15.18581,15.49494,15.86886,16.32016,16.81931,17.46953,18.28478,19.40298,21.49195,24.25290
2024-12-20,2024-12-13,ewma,5,18.36000,15.39888,True,11.96043,12.32333,12.73051,13.04811,13.30537,13.55667,13.77003,14.03318,14.27525,14.53162,14.78089,15.09862,15.40464,15.77767,16.22657,16.72234,17.36932,18.17938,19.29150,21.36835,24.11398
2024-12-23,2024-12-16,ewma,5,16.78000,15.36264,True,11.93231,12.29475,12.70071,13.01771,13.27426,13.52480,13.73831,14.00060,14.24192,14.49739,14.74576,15.06271,15.36735,15.73989,16.18792,16.68214,17.32808,18.13569,19.24551,21.31729,24.05692
2024-12-24,2024-12-17,ewma,5,14.27000,15.38762,True,11.95174,12.31515,12.72152,13.03920,13.29605,13.54683,13.76134,14.02387,14.26516,14.52099,14.77008,15.08766,15.39424,15.76481,16.21379,16.70843,17.35589,18.16428,19.27622,21.35118,24.09573
2024-12-26,2024-12-18,ewma,5,14.73000,15.84433,True,12.30651,12.68111,13.09927,13.42654,13.69089,13.94896,14.17051,14.44063,14.68865,14.95201,15.20882,15.53598,15.85383,16.23401,16.69612,17.20694,17.87253,18.70866,19.85377,21.99990,24.82328
2024-12-27,2024-12-19,ewma,5,15.95000,16.17976,True,12.56735,12.94958,13.37676,13.71083,13.98113,14.24481,14.47099,14.74648,14.99992,15.26950,15.53272,15.86773,16.19156,16.57865,17.05019,17.57355,18.25167,19.10633,20.27639,22.47195,25.34847
2024-12-30,2024-12-20,ewma,5,17.40000,16.28235,True,12.64735,13.03171,13.46175,13.79781,14.07019,14.33568,14.56324,14.84014,15.09533,15.36728,15.63315,15.97080,16.29611,16.68490,17.15962,17.68835,18.37349,19.23422,20.40469,22.61410,25.50887
2024-12-31,2024-12-23,ewma,5,17.35000,16.30688,True,12.66672,13.05136,13.48221,13.81864,14.09179,14.35782,14.58568,14.86266,15.11825,15.39084,15.65680,15.99552,16.32210,16.71132,17.18709,17.71814,18.39920,19.26181,20.43517,22.64784,25.54697
2025-01-02,2024-12-24,ewma,5,17.93000,16.19845,True,12.58281,12.96459,13.39274,13.72681,13.99849,14.26290,14.48944,14.76415,15.01780,15.28788,15.55260,15.88863,16.21262,16.59951,17.07225,17.59979,18.27490,19.13236,20.29904,22.49691,25.37678
2025-01-03,2024-12-26,ewma,5,16.13000,16.12167,True,12.52347,12.90315,13.32943,13.66179,13.93254,14.19530,14.42162,14.69447,14.94668,15.21425,15.47695,15.81178,16.13482,16.52014,16.99054,17.51508,18.18633,19.04030,20.20256,22.38994,25.25616
2025-01-06,2024-12-27,ewma,5,16.04000,16.11304,True,12.51708,12.89626,13.32247,13.65452,13.92565,14.18771,14.41477,14.68689,14.93920,15.20706,15.47059,15.80497,16.12479,16.51066,16.98067,17.50442,18.17640,19.02874,20.19149,22.37763,25.24233
2025-01-07,2024-12-30,ewma,5,17.82000,16.17507,True,12.56558,12.94592,13.37393,13.70714,13.97982,14.24233,14.47089,14.74363,14.99723,15.26632,15.53025,15.86647,16.18873,16.57545,17.04786,17.57052,18.24618,19.10098,20.26896,22.46344,25.33917
2025-01-08,2024-12-31,ewma,5,17.70000,16.23188,True,12.61002,12.99141,13.42108,13.75535,14.02949,14.29236,14.52186,14.79562,15.05072,15.32019,15.58489,15.92267,16.24702,16.63510,17.10822,17.63094,18.31007,19.16778,20.33989,22.54200,25.42784
2025-01-10,2025-01-02,ewma,5,19.54000,16.31283,True,12.67323,13.05622,13.48820,13.82402,14.10003,14.36366,14.59444,14.86977,15.12688,15.39685,15.66289,16.00249,16.32891,16.71983,17.19455,17.72276,18.40119,19.26309,20.44108,22.65409,25.55433
2025-01-13,2025-01-03,ewma,5,19.19000,16.30364,True,12.66640,13.04888,13.48077,13.81630,14.09266,14.35558,14.58637,14.86198,15.11945,15.38846,15.65433,15.99455,16.31933,16.70946,17.18400,17.71148,18.39063,19.25195,20.42930,22.64099,25.53961
2025-01-14,2025-01-06,ewma,5,18.71000,16.29036,True,12.65639,13.03826,13.46985,13.80511,14.08119,14.34391,14.57450,14.85046,15.10715,15.37621,15.64178,15.98257,16.30508,16.69489,17.16989,17.69575,18.37526,19.23598,20.41204,22.62221,25.51847
2025-01-15,2025-01-07,ewma,5,16.12000,16.36362,True,12.71363,13.09692,13.53050,13.86726,14.14454,14.40844,14.64006,14.91763,15.17511,15.44576,15.71233,16.05467,16.37956,16.77175,17.24837,17.77924,18.45751,19.32220,20.50322,22.72362,25.63292
2025-01-16,2025-01-08,ewma,5,16.60000,16.42798,True,12.76395,13.14844,13.58378,13.92187,14.20019,14.46511,14.69765,14.97651,15.23583,15.50691,15.77413,16.11841,16.44456,16.83880,17.31854,17.85084,18.52972,19.39791,20.58323,22.81265,25.73340
2025-01-17,2025-01-10,ewma,5,15.97000,16.57109,True,12.87546,13.26301,13.70218,14.04322,14.32391,14.59113,14.82623,15.10719,15.37062,15.64248,15.91155,16.26047,16.58809,16.98618,17.47364,18.00755,18.69252,19.56854,20.76192,23.01105,25.95725
2025-01-21,2025-01-13,ewma,5,15.06000,16.69311,True,12.97059,13.36068,13.80314,14.14670,14.42940,14.69858,14.93621,15.22105,15.48589,15.75818,16.02930,16.38127,16.71035,17.11132,17.60764,18.14212,18.83096,19.71234,20.91416,23.18014,26.14805
2025-01-22,2025-01-14,ewma,5,15.10000,16.78859,True,13.04510,13.43712,13.88215,14.22768,14.51208,14.78266,15.02245,15.31170,15.57573,15.84882,16.12156,16.47529,16.80600,17.20976,17.71297,18.24990,18.94677,19.82479,21.03314,23.31238,26.29726
2025-01-23,2025-01-15,ewma,5,15.02000,16.75451,True,13.01894,13.40986,13.85404,14.19888,14.48278,14.75345,14.99257,15.28421,15.54538,15.81713,16.09058,16.44300,16.77183,17.17435,17.67571,18.21152,18.90629,19.78425,20.98981,23.26471,26.24355
2025-01-24,2025-01-16,ewma,5,14.85000,16.74675,True,13.01323,13.40366,13.84768,14.19237,14.47623,14.74742,14.98584,15.27849,15.53898,15.81025,16.08486,16.43700,16.76415,17.16630,17.66504,18.20175,18.89551,19.77480,20.97945,23.25359,26.23106
2025-01-27,2025-01-17,ewma,5,17.90000,16.70703,True,12.98269,13.37189,13.81491,14.15878,14.44205,14.71324,14.95051,15.24324,15.50247,15.77303,16.04702,16.39670,16.72433,17.12554,17.62067,18.15725,18.84867,19.72760,20.92906,23.19810,26.16851
2025-01-28,2025-01-21,ewma,5,16.41000,16.62056,True,12.91581,13.30269,13.74347,14.08557,14.36745,14.63788,14.87335,15.16252,15.42172,15.69105,15.96366,16.31052,16.63772,17.03687,17.52701,18.06194,18.74911,19.62520,20.82010,23.07768,26.03273
2025-01-29,2025-01-22,ewma,5,16.56000,16.54101,True,12.85432,13.23929,13.67778,14.01874,14.29903,14.56812,14.80223,15.08338,15.34604,15.61537,15.88554,16.23219,16.55801,16.95491,17.44132,17.97518,18.65918,19.53031,20.71994,22.96641,25.90781
2025-01-30,2025-01-23,ewma,5,15.84000,16.46143,True,12.79279,13.17585,13.61205,13.95187,14.23057,14.49832,14.73108,15.00709,15.26993,15.53965,15.80740,16.15382,16.47827,16.87291,17.35560,17.88838,18.56921,19.43538,20.61972,22.85509,25.78283
2025-01-31,2025-01-24,ewma,5,16.43000,16.37685,True,12.72738,13.10841,13.54220,13.88077,14.15779,14.42412,14.65519,14.92960,15.18841,15.45918,15.72561,16.06973,16.39338,16.78572,17.26464,17.79615,18.47360,19.33457,20.51327,22.73685,25.65003
2025-02-03,2025-01-27,ewma,5,18.62000,16.44984,True,12.78441,13.16708,13.60264,13.94321,14.22121,14.48869,14.72062,14.99634,15.25815,15.52859,15.79627,16.14250,16.46670,16.86139,17.34578,17.87514,18.55574,19.41978,20.60416,22.83736,25.76401
2025-02-04,2025-01-28,ewma,5,17.21000,16.44784,True,12.78318,13.16575,13.60107,13.94210,14.21983,14.48752,14.71890,14.99474,15.25835,15.52720,15.79606,16.14088,16.46463,16.85892,17.34188,17.87242,18.55329,19.41646,20.60114,22.83377,25.76056
2025-02-05,2025-01-29,ewma,5,15.77000,16.45343,True,12.78784,13.17048,13.60578,13.94742,14.22470,14.49302,14.72397,15.00099,15.26478,15.53295,15.80314,16.14738,16.47034,16.86408,17.34597,17.87794,18.55920,19.42210,20.60762,22.84071,25.76899
2025-02-06,2025-01-30,ewma,5,15.50000,16.42220,True,12.76389,13.14574,13.58004,13.92141,14.19775,14.46609,14.69629,14.97604,15.23705,15.50388,15.77344,16.11578,16.43901,16.83111,17.31156,17.84345,18.52359,19.38450,20.56799,22.79654,25.71975
2025-02-07,2025-01-31,ewma,5,16.54000,16.42259,True,12.76451,13.14631,13.58045,13.92197,14.19813,14.46702,14.69734,14.97992,15.23820,15.50452,15.77412,16.11740,16.43951,16.83055,17.31111,17.84332,18.52364,19.38467,20.56796,22.79627,25.72003
2025-02-10,2025-02-03,ewma,5,15.81000,16.52603,True,12.84522,13.22937,13.66607,14.00990,14.28760,14.55827,14.79061,15.07671,15.33452,15.60244,15.87370,16.22051,16.54315,16.93835,17.42311,17.95738,18.64169,19.50647,20.69699,22.93903,25.88170
2025-02-11,2025-02-04,ewma,5,16.02000,16.55958,True,12.87162,13.25648,13.69389,14.03857,14.31665,14.58794,14.82134,15.10829,15.36598,15.63432,15.90614,16.25441,16.57681,16.97375,17.45667,17.99327,18.67933,19.54577,20.73847,22.98477,25.93390
2025-02-12,2025-02-05,ewma,5,15.89000,16.51918,True,12.84053,13.22440,13.66059,14.00455,14.28185,14.55248,14.78575,15.07240,15.32872,15.59638,15.86711,16.21401,16.53631,16.93192,17.41320,17.94881,18.63336,19.49779,20.68738,22.92787,25.87030
2025-02-13,2025-02-06,ewma,5,15.10000,16.46666,True,12.80003,13.18261,13.61726,13.96027,14.23659,14.50634,14.73932,15.02533,15.28021,15.54655,15.81644,16.16123,16.48369,16.87736,17.35698,17.89120,18.57374,19.43551,20.62113,22.85416,25.78773
2025-02-14,2025-02-07,ewma,5,14.77000,16.47032,True,12.80319,13.18580,13.62039,13.96360,14.23989,14.50967,14.74317,15.02940,15.28386,15.55021,15.82018,16.16622,16.48743,16.88015,17.35997,17.89386,18.57748,19.43954,20.62522,22.85842,25.79313
2025-02-18,2025-02-10,ewma,5,15.35000,16.43666,True,12.77734,13.15911,13.59265,13.93540,14.21092,14.48011,14.71364,14.99942,15.25291,15.52048,15.78763,16.13207,16.45368,16.84469,17.32413,17.85598,18.53912,19.39925,20.58258,22.81088,25.74008
2025-02-19,2025-02-11,ewma,5,15.27000,16.41557,True,12.76126,13.14248,13.57531,13.91790,14.19282,14.46163,14.69538,14.98063,15.23364,15.50354,15.76759,16.11008,16.43252,16.82231,17.30179,17.83177,18.51495,19.37366,20.55568,22.78080,25.70673
2025-02-20,2025-02-12,ewma,5,15.66000,16.38888,True,12.74083,13.12137,13.55334,13.89566,14.17003,14.43822,14.67210,14.95661,15.20892,15.48034,15.74219,16.08305,16.40573,16.79426,17.27356,17.80148,18.48397,19.34147,20.52178,22.74295,25.66461
2025-02-21,2025-02-13,ewma,5,18.21000,16.32190,True,12.68907,13.06800,13.49805,13.83925,14.11240,14.37936,14.61255,14.89582,15.14657,15.41442,15.67762,16.01705,16.33860,16.72493,17.20262,17.72794,18.40755,19.26173,20.43742,22.64918,25.55939
2025-02-24,2025-02-14,ewma,5,18.98000,16.24057,True,12.62616,13.00314,13.43089,13.77067,14.04236,14.30786,14.53974,14.82097,15.07066,15.33401,15.59928,15.93673,16.25696,16.64104,17.11611,17.63882,18.31496,19.16506,20.33509,22.53551,25.43170
2025-02-25,2025-02-18,ewma,5,19.43000,16.19484,True,12.59092,12.96678,13.39317,13.73227,14.00310,14.26771,14.49881,14.77957,15.02851,15.28998,15.55506,15.89054,16.21080,16.59365,17.06713,17.58837,18.26252,19.11041,20.27735,22.47125,25.35977
2025-02-26,2025-02-19,ewma,5,19.10000,16.14729,True,12.55426,12.92896,13.35395,13.69234,13.96227,14.22597,14.45625,14.73651,14.98467,15.24485,15.50910,15.84257,16.16283,16.54442,17.01624,17.53596,18.20804,19.05362,20.21734,22.40447,25.28499
2025-02-27,2025-02-20,ewma,5,21.13000,16.12257,True,12.53546,12.90929,13.33369,13.67153,13.94100,14.20478,14.43423,14.71447,14.96179,15.22171,15.48368,15.81815,16.13714,16.51838,16.98993,17.50823,18.18003,19.02435,20.18524,22.36801,25.24579
2025-02-28,2025-02-21,ewma,5,19.63000,16.22102,True,12.61243,12.98823,13.41529,13.75518,14.02622,14.29210,14.52248,14.80485,15.05319,15.31486,15.57991,15.91520,16.23682,16.62040,17.09498,17.61758,18.29091,19.14042,20.30734,22.50241,25.39945
2025-03-03,2025-02-24,ewma,5,22.78000,16.34892,True,12.71231,13.09076,13.52125,13.86380,14.13692,14.40538,14.63711,14.92205,15.17197,15.43796,15.70305,16.04231,16.36542,16.75243,17.23140,17.75937,18.43715,19.29124,20.46629,22.67764,25.59923
2025-03-04,2025-02-25,ewma,5,23.51000,16.49067,True,12.82296,13.20439,13.63867,13.98416,14.25959,14.53088,14.76409,15.05154,15.30364,15.57480,15.83950,16.18257,16.50758,16.89896,17.38105,17.91728,18.60004,19.46066,20.64257,22.87205,25.82068
2025-03-05,2025-02-26,ewma,5,21.93000,16.61223,True,12.91792,13.30185,13.73940,14.08742,14.36482,14.63828,14.87297,15.16261,15.41657,15.69140,15.95649,16.30220,16.62938,17.02504,17.51071,18.05105,18.73872,19.60743,20.79356,23.03843,26.01052
2025-03-06,2025-02-27,ewma,5,24.87000,16.81324,True,13.07467,13.46293,13.90585,14.25805,14.53874,14.81571,15.05299,15.34621,15.60325,15.88209,16.14980,16.50050,16.83068,17.23287,17.72530,18.27069,18.96627,19.84683,21.05315,23.31495,26.32474
2025-03-07,2025-02-28,ewma,5,23.37000,16.94396,True,13.17677,13.56773,14.01416,14.36903,14.65189,14.93119,15.17031,15.46571,15.72468,16.00628,16.27719,16.63042,16.96195,17.36781,17.86743,18.41474,19.12007,20.00674,21.21633,23.49394,26.52890
2025-03-10,2025-03-03,ewma,5,27.86000,17.19657,True,13.37366,13.77013,14.22329,14.58332,14.87043,15.15410,15.39726,15.69647,15.95946,16.24540,16.52172,16.87949,17.21594,17.62733,18.13953,18.69340,19.40956,20.30696,21.53731,23.87063,26.92388
2025-03-11,2025-03-04,ewma,5,26.92000,17.46757,True,13.58487,13.98726,14.44763,14.81320,15.10488,15.39315,15.64069,15.94398,16.21152,16.50208,16.78227,17.14645,17.48878,17.90519,18.42958,18.99546,19.71591,20.63381,21.88179,24.25771,27.34764
2025-03-12,2025-03-05,ewma,5,24.23000,17.66740,True,13.74075,14.14741,14.61311,14.98274,15.27780,15.56950,15.82043,16.12648,16.39755,16.69293,16.97445,17.34424,17.69063,18.11076,18.64220,19.21568,19.94166,20.87389,22.13817,24.53486,27.65997
2025-03-13,2025-03-06,ewma,5,24.66000,17.97206,True,13.97817,14.39151,14.86517,15.24117,15.54133,15.83823,16.09357,16.40467,16.68048,16.98288,17.26720,17.64490,17.99569,18.42384,18.96396,19.54753,20.29100,21.23481,22.52249,24.96212,28.13640
2025-03-14,2025-03-07,ewma,5,21.77000,18.20962,True,14.16341,14.58187,15.06172,15.44270,15.74684,16.04784,16.30665,16.62224,16.90114,17.20812,17.49548,17.87833,18.23392,18.66759,19.21574,19.80623,20.56447,21.51642,22.82743,25.29203,28.50776
2025-03-17,2025-03-10,ewma,5,20.51000,18.60094,True,14.46827,14.89537,15.38546,15.77463,16.08531,16.39284,16.65742,16.98068,17.26449,17.57853,17.87225,18.26285,18.62685,19.07009,19.63019,20.23510,21.01149,21.97944,23.32278,25.83672,29.13721
2025-03-18,2025-03-11,ewma,5,21.70000,18.94794,True,14.73867,15.17338,15.67254,16.06916,16.38546,16.69877,16.96857,17.29871,17.58667,17.90682,18.20646,18.60421,18.97658,19.42771,19.99655,20.61496,21.40732,22.39383,23.76711,26.32057,29.68038
2025-03-19,2025-03-12,ewma,5,19.90000,19.18234,True,14.92150,15.36123,15.86649,16.26831,16.58824,16.90548,17.17893,17.51318,17.80434,18.12859,18.43194,18.83531,19.21419,19.66999,20.24550,20.87163,21.67257,22.67218,24.07022,26.64602,30.04716
2025-03-20,2025-03-13,ewma,5,19.80000,19.42478,True,15.11060,15.55552,16.06709,16.47429,16.79802,17.11927,17.39651,17.73468,18.02981,18.35825,18.66515,19.07468,19.45921,19.91944,20.50301,21.13647,21.94654,22.96145,24.37847,26.98263,30.42653
2025-03-21,2025-03-14,ewma,5,19.28000,19.53580,True,15.19747,15.64458,16.15899,16.56881,16.89415,17.21740,17.49634,17.83620,18.13330,18.46407,18.77260,19.18439,19.57230,20.03394,20.62047,21.25780,22.07409,23.09747,24.51774,27.13669,30.60004
2025-03-24,2025-03-17,ewma,5,17.48000,19.58339,True,15.23501,15.68283,16.19842,16.60955,16.93543,17.25962,17.53926,17.88111,18.17803,18.50982,18.81910,19.23146,19.62121,20.08968,20.67174,21.31076,22.12717,23.15269,24.57741,27.20264,30.67420
2025-03-25,2025-03-18,ewma,5,17.15000,19.68414,True,15.31390,15.76366,16.28183,16.69537,17.02269,17.34870,17.62980,17.97478,18.27222,18.60537,18.91667,19.33060,19.72353,20.19687,20.77973,21.42246,22.24478,23.27074,24.70379,27.34243,30.83161
2025-03-26,2025-03-19,ewma,5,18.33000,19.69488,True,15.32277,15.77241,16.29078,16.70484,17.03210,17.35844,17.63971,17.98627,18.28286,18.61584,18.92774,19.34132,19.73573,20.20903,20.79009,21.43308,22.25525,23.28238,24.71720,27.35718,30.84804
2025-03-27,2025-03-20,ewma,5,18.69000,19.70012,True,15.32737,15.77666,16.29534,16.71061,17.03741,17.36372,17.64504,17.99108,18.28775,18.62099,18.93308,19.34773,19.74113,20.21379,20.79512,21.43829,22.26047,23.28796,24.72301,27.36439,30.85585
2025-03-28,2025-03-21,ewma,5,21.65000,19.67890,True,15.31137,15.75972,16.27802,16.69392,17.01984,17.34567,17.62667,17.97173,18.26807,18.60111,18.91298,19.32803,19.71977,20.19140,20.77222,21.41469,22.23578,23.26225,24.69561,27.33483,30.82222
2025-03-31,2025-03-24,ewma,5,22.28000,19.56266,True,15.22144,15.66668,16.18209,16.59662,16.92007,17.24387,17.52119,17.86552,18.16013,18.49101,18.80096,19.21295,19.60276,20.07107,20.64902,21.28770,22.10374,23.12422,24.54897,27.17329,30.63976
2025-04-01,2025-03-25,ewma,5,21.77000,19.43434,True,15.12210,15.56397,16.07617,16.48906,16.80985,17.12881,17.40557,17.74548,18.04033,18.36943,18.67735,19.08591,19.47322,19.93571,20.51333,21.14756,21.95805,22.97193,24.38718,26.99497,30.43839
2025-04-02,2025-03-26,ewma,5,21.51000,19.37757,True,15.07844,15.51856,16.02944,16.44219,16.76152,17.07942,17.35502,17.69530,17.98830,18.31539,18.62205,19.02963,19.41540,19.87379,20.45330,21.08562,21.89322,22.90422,24.31520,26.91605,30.34909
2025-04-03,2025-03-27,ewma,5,30.02000,19.34260,True,15.05174,15.49060,16.00073,16.41381,16.73150,17.04925,17.32400,17.66456,17.95586,18.28265,18.58770,18.99515,19.37955,19.83527,20.41627,21.04740,21.85369,22.86228,24.27056,26.86740,30.29393
2025-04-04,2025-03-28,ewma,5,45.31000,19.45190,True,15.13730,15.57819,16.09138,16.50746,16.82627,17.14624,17.42230,17.76440,18.05734,18.38623,18.69348,19.10266,19.49034,19.95320,20.53191,21.16717,21.97717,22.99100,24.40695,27.01914,30.46473
2025-04-07,2025-03-31,ewma,5,46.98000,19.58437,True,15.24090,15.68433,16.20119,16.61996,16.94109,17.26366,17.54158,17.88541,18.18053,18.51164,18.82154,19.23371,19.62452,20.09423,20.67277,21.31282,22.12827,23.14741,24.57240,27.20308,30.67181
2025-04-08,2025-04-01,ewma,5,52.33000,19.68825,True,15.32226,15.76758,16.28735,16.70820,17.03117,17.35529,17.63525,17.98054,18.27735,18.61000,18.92166,19.33698,19.72918,20.20196,20.78406,21.42904,22.24494,23.27002,24.70197,27.34729,30.83410
2025-04-09,2025-04-02,ewma,5,33.62000,19.77556,True,15.39072,15.83755,16.35981,16.78238,17.10693,17.43232,17.71409,18.06086,18.35880,18.69259,19.00587,19.42343,19.81682,20.29343,20.87852,21.52528,22.34287,23.37305,24.81074,27.46849,30.97044
2025-04-10,2025-04-03,ewma,5,40.72000,20.19263,True,15.71585,16.17163,16.70602,17.13641,17.46788,17.80004,18.08791,18.44236,18.74613,19.08688,19.40972,19.83371,20.23506,20.72382,21.31945,21.98346,22.81698,23.86804,25.34109,28.05007,31.62321
2025-04-11,2025-04-04,ewma,5,37.56000,21.02533,True,16.36449,16.83857,17.39617,17.84318,18.18839,18.53415,18.83405,19.20329,19.51933,19.87444,20.21327,20.65208,21.06992,21.58182,22.19970,22.90272,23.76397,24.85668,26.38747,29.21693,33.00978
2025-04-14,2025-04-07,ewma,5,30.89000,21.88777,True,17.03631,17.52932,18.11101,18.57517,18.93462,19.29466,19.60684,19.99123,20.32102,20.69017,21.04427,21.50110,21.93480,22.46854,23.11286,23.84734,24.74428,25.88275,27.47360,30.43393,34.66554
2025-04-15,2025-04-08,ewma,5,30.12000,22.86277,True,17.79581,18.31024,18.91911,19.40357,19.77826,20.15444,20.48033,20.88202,21.22822,21.61256,21.98367,22.46483,22.91409,23.46999,24.15186,24.91190,25.84950,27.03927,28.70297,31.80595,36.27259
2025-04-16,2025-04-09,ewma,5,32.64000,23.30786,True,18.14286,18.66676,19.28878,19.78270,20.16348,20.54708,20.87904,21.28893,21.64350,22.03414,22.41206,22.90555,23.36320,23.92753,24.63085,25.40116,26.35296,27.56840,29.27197,32.43828,37.02910
2025-04-17,2025-04-10,ewma,5,29.65000,23.96722,True,18.65673,19.19490,19.83584,20.34378,20.73438,21.12864,21.46970,21.89162,22.25606,22.65841,23.04652,23.55369,24.02668,24.60493,25.33452,26.13148,27.10225,28.34956,30.11318,33.36175,38.09634
2025-04-21,2025-04-11,ewma,5,33.82000,24.51168,True,19.08120,19.63101,20.28787,20.80739,21.20589,21.60898,21.95764,22.38938,22.76194,23.17419,23.57118,24.09014,24.57499,25.16453,25.91231,26.72779,27.72431,28.99419,30.80601,34.13558,38.99742
2025-04-22,2025-04-14,ewma,5,30.57000,24.79678,True,19.30379,19.85941,20.52529,21.05089,21.45304,21.86068,22.21370,22.65040,23.02692,23.44468,23.84647,24.37244,24.86311,25.46053,26.21446,27.04079,28.05362,29.33243,31.16984,34.53660,39.45012
2025-04-23,2025-04-15,ewma,5,28.45000,25.03907,True,19.49306,20.05353,20.72731,21.25809,21.66317,22.07465,22.43143,22.87235,23.25208,23.67427,24.08088,24.61227,25.10692,25.71298,26.47286,27.30756,28.33332,29.62340,31.49158,34.87326,39.83470
2025-04-24,2025-04-16,ewma,5,26.47000,25.37318,True,19.75383,20.32118,21.00536,21.54326,21.95274,22.36957,22.73142,23.17818,23.56250,23.99067,24.40361,24.94228,25.44210,26.06007,26.83072,27.67591,28.71447,30.03490,31.91441,35.35408,40.36532
2025-04-25,2025-04-17,ewma,5,24.84000,25.57157,True,19.90829,20.48008,21.16970,21.71235,22.12440,22.54623,22.90952,23.35953,23.74860,24.17956,24.59455,25.14164,25.64143,26.26533,27.04160,27.89245,28.94390,30.29288,32.16365,35.62969,40.67998
2025-04-28,2025-04-21,ewma,5,25.15000,25.93153,True,20.18854,20.76838,21.46781,22.01865,22.43585,22.86538,23.23238,23.68849,24.08480,24.52126,24.94089,25.49941,26.00269,26.63924,27.42944,28.28866,29.36034,30.72811,32.62277,36.13040,41.25165
2025-04-29,2025-04-22,ewma,5,24.17000,26.14577,True,20.35534,20.93998,21.64528,22.20123,22.62122,23.05609,23.42470,23.88462,24.28501,24.72542,25.14845,25.71144,26.21761,26.86669,27.66641,28.52673,29.60833,30.98630,32.89154,36.42807,41.59149
2025-04-30,2025-04-23,ewma,5,24.70000,26.25642,True,20.44148,21.02861,21.73700,22.29585,22.71697,23.15546,23.52489,23.98782,24.38832,24.83171,25.25638,25.82145,26.32909,26.98435,27.78491,28.64986,29.73620,31.11681,33.02996,36.58139,41.76652
2025-05-01,2025-04-24,ewma,5,24.60000,26.26706,True,20.44977,21.03714,21.74591,22.30555,22.72618,23.16571,23.53582,23.99967,24.39875,24.84426,25.26680,25.83283,26.34051,26.99765,27.79556,28.66066,29.74599,31.12878,33.04258,36.59536,41.78245
2025-05-02,2025-04-25,ewma,5,22.68000,26.19380,True,20.39273,20.97847,21.68537,22.24400,22.66283,23.10196,23.47157,23.93456,24.33779,24.77811,25.19652,25.76003,26.26655,26.92168,27.71743,28.57993,29.66292,31.04133,32.94965,36.49245,41.66494
2025-05-05,2025-04-28,ewma,5,23.64000,26.14059,True,20.35132,20.93587,21.64143,22.19926,22.61683,23.05590,23.42502,23.88703,24.29545,24.72998,25.14613,25.70684,26.21270,26.86503,27.65903,28.52108,29.60256,30.97752,32.88196,36.41749,41.57933
2025-05-06,2025-04-29,ewma,5,24.76000,26.03835,True,20.27172,20.85400,21.55690,22.11244,22.52841,22.96658,23.33397,23.79469,24.18984,24.63037,25.04699,25.60519,26.10989,26.75799,27.54580,28.40873,29.48668,30.85536,32.75259,36.27422,41.41573
2025-05-07,2025-04-30,ewma,5,23.55000,25.96974,True,20.21831,20.79906,21.50021,22.05419,22.46908,22.90714,23.27306,23.73266,24.13314,24.56166,24.98081,25.53634,26.04104,26.68468,27.46818,28.33211,29.40889,30.77306,32.66553,36.17780,41.30563
2025-05-08,2025-05-01,ewma,5,22.48000,25.89948,True,20.16361,20.74280,21.44214,21.99453,22.40833,22.84624,23.21066,23.66857,24.07486,24.49305,24.91303,25.46364,25.97052,26.60856,27.38884,28.25370,29.32922,30.68880,32.57639,36.07909,41.19291
2025-05-09,2025-05-02,ewma,5,21.90000,25.72816,True,20.03023,20.60560,21.30041,21.84904,22.26039,22.69213,23.05580,23.51137,23.90515,24.32909,24.74676,25.29162,25.79845,26.42865,27.20719,28.06505,29.13264,30.48481,32.36061,35.83960,40.91945
2025-05-12,2025-05-05,ewma,5,18.39000,25.61950,True,19.94564,20.51858,21.21056,21.75678,22.16666,22.59714,22.95899,23.41010,23.79698,24.22474,24.64077,25.18324,25.68923,26.31491,27.09182,27.94478,29.00704,30.35507,32.22364,35.68741,40.74568
2025-05-13,2025-05-06,ewma,5,18.22000,25.57582,True,19.91164,20.48361,21.17450,21.71970,22.12917,22.55967,22.92041,23.37125,23.76014,24.18475,24.59864,25.13899,25.64524,26.26924,27.04516,27.89709,28.95504,30.30234,32.16841,35.62575,40.67526
2025-05-14,2025-05-07,ewma,5,18.62000,25.47051,True,19.82966,20.39928,21.08742,21.63042,22.03834,22.46784,22.82648,23.27276,23.65833,24.08357,24.49723,25.03386,25.53953,26.16027,26.93232,27.78218,28.83328,30.17453,32.03567,35.47824,40.50682
2025-05-15,2025-05-08,ewma,5,17.83000,25.31195,True,19.70622,20.27230,20.95625,21.49600,21.90143,22.32504,22.68320,23.12407,23.51027,23.93250,24.34331,24.87626,25.38043,25.99565,26.76268,27.60918,28.65126,29.98264,31.83594,35.25656,40.25371
2025-05-16,2025-05-09,ewma,5,17.24000,25.12936,True,19.56407,20.12608,20.80519,21.34117,21.74230,22.16151,22.51776,22.95567,23.33792,23.75924,24.16632,24.69579,25.19581,25.80600,26.56767,27.40998,28.44338,29.76235,31.60601,35.00144,39.96240
2025-05-19,2025-05-12,ewma,5,18.14000,24.74010,True,19.24605,19.81395,20.48199,21.00996,21.40513,21.81314,22.16588,22.59978,22.97453,23.39015,23.79084,24.31311,24.80401,25.40416,26.15477,26.98409,28.00160,29.29737,31.11614,34.45846,39.34245
2025-05-20,2025-05-13,ewma,5,18.09000,24.36458,True,18.93274,19.51172,20.16754,20.68978,21.08014,21.47965,21.82829,22.25561,22.62556,23.03384,23.42861,23.94280,24.42590,25.01676,25.75755,26.57323,27.57539,28.84877,30.64355,33.93464,38.74436
2025-05-21,2025-05-14,ewma,5,20.87000,24.03919,True,18.67059,19.24754,19.88673,20.40919,20.79810,21.19180,21.53568,21.95743,22.32305,22.72513,23.11529,23.61793,24.09798,24.68095,25.41336,26.21709,27.20598,28.45967,30.23404,33.48068,38.22604
2025-05-22,2025-05-15,ewma,5,20.28000,23.68271,True,18.39213,18.95508,19.58934,20.09850,20.48777,20.87667,21.21485,21.63100,21.99159,22.38710,22.77209,23.26266,23.73894,24.31325,25.03630,25.82708,26.80140,28.03386,29.78542,32.98343,37.65830
2025-05-23,2025-05-16,ewma,5,22.29000,23.30970,True,18.09737,18.65608,19.28007,19.78137,20.16434,20.54763,20.88069,21.28981,21.64218,22.03382,22.41142,22.89585,23.36303,23.93009,24.64104,25.41972,26.37856,27.58968,29.31433,32.46380,37.06429
2025-05-27,2025-05-19,ewma,5,18.96000,23.01928,True,17.86694,18.41240,19.03767,19.52762,19.91212,20.29000,20.62019,21.02371,21.37046,21.75874,22.13021,22.61017,23.06996,23.63171,24.33312,25.10244,26.04920,27.24334,28.94715,32.05919,36.60164
2025-05-28,2025-05-20,ewma,5,19.31000,22.74360,True,17.64806,18.18603,18.80817,19.28914,19.67132,20.04516,20.37249,20.77068,21.11428,21.49806,21.86178,22.33882,22.79247,23.34846,24.04079,24.80124,25.73654,26.91450,28.59855,31.67511,36.16243
2025-05-29,2025-05-21,ewma,5,19.18000,22.64604,True,17.57263,18.10829,18.72763,19.20683,19.58784,19.95821,20.28341,20.68144,21.02318,21.40570,21.76463,22.24240,22.69427,23.24798,23.93501,24.69430,25.62546,26.79650,28.47397,31.53912,36.00647
2025-05-30,2025-05-22,ewma,5,18.57000,22.52144,True,17.47622,18.00893,18.62473,19.10157,19.47650,19.84793,20.17075,20.56623,20.90683,21.28766,21.64454,22.11909,22.56898,23.11973,23.79979,24.55761,25.48377,26.64651,28.31540,31.36545,35.80751
2025-06-02,2025-05-23,ewma,5,18.36000,22.50981,True,17.46747,17.99990,18.61525,19.09213,19.46733,19.83783,20.16067,20.55700,20.89649,21.27688,21.63303,22.10650,22.55711,23.10748,23.78399,24.54411,25.46917,26.63021,28.29889,31.34913,35.78818
2025-06-03,2025-05-27,ewma,5,17.69000,22.31748,True,17.31849,17.84637,18.45503,18.92662,19.29969,19.66772,19.98762,20.37835,20.71748,21.09482,21.44733,21.91679,22.36415,22.90974,23.57713,24.33358,25.25012,26.40090,28.05521,31.08115,35.48156
2025-06-04,2025-05-28,ewma,5,17.61000,22.15654,True,17.19387,17.71794,18.32206,18.79056,19.16004,19.52496,19.84234,20.22886,20.56805,20.94231,21.29182,21.75858,22.20272,22.74423,23.40320,24.15730,25.06661,26.21023,27.85103,30.85689,35.22487
2025-06-05,2025-05-29,ewma,5,18.48000,21.99730,True,17.07056,17.59086,18.19049,18.65459,19.02192,19.38347,19.69863,20.08314,20.41945,20.79135,21.13793,21.60202,22.04303,22.57978,23.23111,23.98008,24.88503,26.02156,27.64900,30.63499,34.97087
2025-06-06,2025-05-30,ewma,5,16.77000,21.81180,True,16.92687,17.44278,18.03608,18.49636,18.86095,19.21805,19.53156,19.91164,20.24614,20.61487,20.95882,21.41955,21.85704,22.38748,23.03135,23.77430,24.67378,25.80184,27.41400,30.37652,34.67515
2025-06-09,2025-06-02,ewma,5,17.16000,21.62472,True,16.78195,17.29343,17.88063,18.33582,18.69864,19.05146,19.36176,19.73877,20.07176,20.43693,20.77878,21.23553,21.66852,22.19359,22.83319,23.56686,24.46056,25.58026,27.17871,30.11587,34.37694
2025-06-10,2025-06-03,ewma,5,16.95000,21.40865,True,16.61453,17.11673,17.70002,18.15004,18.51056,18.86052,19.16725,19.54132,19.87066,20.23239,20.57089,21.02227,21.45097,21.97034,22.60443,23.32789,24.21459,25.32439,26.90699,29.81484,34.03266
2025-06-11,2025-06-04,ewma,5,17.26000,21.20059,True,16.45331,16.94662,17.52600,17.97179,18.32957,18.67683,18.98078,19.35104,19.67735,20.03528,20.37005,20.81679,21.24153,21.75560,22.38412,23.10095,23.97769,25.07799,26.64532,29.52495,33.70111
2025-06-12,2025-06-05,ewma,5,18.02000,21.05550,True,16.34097,16.83095,17.40628,17.84458,18.20356,18.54857,18.85054,19.21821,19.54242,19.89733,20.22974,20.67354,21.09528,21.60551,22.23056,22.94265,23.81204,24.90622,26.46281,29.32278,33.46969
2025-06-13,2025-06-06,ewma,5,20.82000,20.81728,True,16.14696,16.63368,17.20802,17.64175,17.99738,18.33766,18.63715,19.00051,19.32102,19.67041,20.00082,20.43904,20.85574,21.36026,21.97878,22.68286,23.54110,24.62435,26.16325,28.99090,33.09023
2025-06-16,2025-06-09,ewma,5,19.11000,20.61715,True,15.99184,16.46516,17.03797,17.47166,17.82268,18.15918,18.45745,18.81698,19.13429,19.47837,19.80850,20.24214,20.65370,21.15427,21.76722,22.46459,23.31397,24.38754,25.91157,28.71208,32.77134
2025-06-17,2025-06-10,ewma,5,21.60000,20.41624,True,15.83611,16.30198,16.86517,17.30100,17.64801,17.98113,18.27580,18.63242,18.94710,19.28705,19.61525,20.04470,20.45090,20.94748,21.55459,22.24407,23.08597,24.14980,25.65891,28.43217,32.45122
2025-06-18,2025-06-11,ewma,5,20.14000,20.24552,True,15.70381,16.16567,16.72192,17.15528,17.50003,17.82848,18.12131,18.47585,18.78843,19.12507,19.45101,19.87660,20.27813,20.76892,21.37335,22.05647,22.89213,23.94779,25.44420,28.19431,32.17912
2025-06-20,2025-06-12,ewma,5,20.62000,20.12798,True,15.61275,16.07182,16.62526,17.05610,17.39767,17.72304,18.01431,18.36733,18.67913,19.01292,19.33591,19.75963,20.15841,20.64451,21.24827,21.92683,22.75844,23.80868,25.29632,28.03051,31.99154
2025-06-23,2025-06-13,ewma,5,19.83000,20.16203,True,15.63927,16.09901,16.65380,17.08536,17.42780,17.75303,18.04564,18.39930,18.71088,19.04607,19.37080,19.79498,20.19050,20.67559,21.28321,21.96233,22.79614,23.84887,25.33896,28.07781,32.04491
2025-06-24,2025-06-16,ewma,5,17.48000,20.10808,True,15.59766,16.05610,16.60944,17.03970,17.38119,17.70649,17.99806,18.35048,18.66059,18.99391,19.31679,19.74044,20.13569,20.62019,21.22575,21.89951,22.73509,23.78496,25.27003,28.00188,31.95877
2025-06-25,2025-06-17,ewma,5,16.76000,20.18017,True,15.65382,16.11383,16.66918,17.10085,17.44352,17.77093,18.06328,18.41668,18.72763,19.06298,19.38822,19.81283,20.20967,20.69748,21.30369,21.97396,22.81655,23.87013,25.35950,28.10147,32.07295
2025-06-26,2025-06-18,ewma,5,16.59000,20.17816,True,15.65251,16.11239,16.66771,17.09921,17.44180,17.77013,18.06219,18.41529,18.72592,19.06175,19.38651,19.81107,20.20626,20.69212,21.30057,21.96771,22.81422,23.86765,25.35585,28.09787,32.06937
2025-06-27,2025-06-20,ewma,5,16.32000,20.20002,True,15.66971,16.13002,16.68597,17.11779,17.46072,17.79035,18.08250,18.43590,18.74636,19.08298,19.40774,19.83293,20.23055,20.71447,21.32297,21.98744,22.83890,23.89341,25.38220,28.12751,32.10373
2025-06-30,2025-06-23,ewma,5,16.73000,20.18136,True,15.65548,16.11528,16.67075,17.10204,17.44461,17.77427,18.06655,18.41952,18.72920,19.06691,19.38984,19.81532,20.20986,20.69525,21.30276,21.96705,22.81774,23.87123,25.35763,28.10073,32.07368
2025-07-01,2025-06-24,ewma,5,16.83000,20.03687,True,15.54364,16.00007,16.55159,16.97966,17.31990,17.64474,17.93549,18.28644,18.59488,18.92873,19.25099,19.67288,20.06439,20.54672,21.14974,21.80971,22.65353,23.70023,25.17497,27.89875,31.84367
2025-07-02,2025-06-25,ewma,5,16.64000,19.85876,True,15.40571,15.85801,16.40465,16.82839,17.16570,17.48599,17.77444,18.12307,18.42936,18.75977,19.07964,19.49756,19.88526,20.36299,20.96136,21.61577,22.45132,23.48936,24.95007,27.64996,31.56023
2025-07-03,2025-06-26,ewma,5,16.38000,19.68099,True,15.26804,15.71621,16.25564,16.67557,17.01061,17.32943,17.61342,17.95981,18.26417,18.59080,18.90863,19.32285,19.70686,20.17963,20.77360,21.42219,22.24950,23.27869,24.72563,27.40166,31.27732
2025-07-07,2025-06-27,ewma,5,17.79000,19.49757,True,15.12598,15.56991,16.09990,16.51910,16.84955,17.16786,17.44810,17.79081,18.09382,18.41638,18.73031,19.14245,19.52320,19.99051,20.57988,21.22150,22.04132,23.06136,24.49411,27.14552,30.98546
2025-07-08,2025-06-30,ewma,5,16.81000,19.34890,True,15.01088,15.45135,15.97813,16.39240,16.71914,17.03692,17.31488,17.65316,17.95576,18.27195,18.58540,18.99497,19.37433,19.83706,20.42284,21.05865,21.87243,22.88513,24.30626,26.93777,30.74882
2025-07-09,2025-07-01,ewma,5,15.94000,19.21444,True,14.90680,15.34413,15.86750,16.27803,16.60194,16.91786,17.19397,17.52709,17.83047,18.14108,18.45598,18.86147,19.23841,19.69819,20.27999,20.91127,21.71882,22.72571,24.13610,26.74981,30.53477
2025-07-10,2025-07-02,ewma,5,15.78000,19.07673,True,14.80019,15.23432,15.75417,16.16110,16.48163,16.79468,17.06926,17.39389,17.70222,18.01077,18.32345,18.72536,19.09926,19.55651,20.13374,20.76038,21.56156,22.56246,23.96188,26.55734,30.31556
2025-07-11,2025-07-03,ewma,5,16.40000,18.93191,True,14.68807,15.11883,15.63497,16.03740,16.35504,16.66703,16.93785,17.25921,17.56745,17.87373,18.18400,18.58236,18.95323,19.40792,19.97999,20.60229,21.39628,22.39080,23.77875,26.35498,30.08506
2025-07-14,2025-07-07,ewma,5,17.20000,18.87311,True,14.64268,15.07203,15.58680,15.98773,16.30463,16.61532,16.88585,17.20585,17.51238,17.81784,18.12718,18.52337,18.89356,19.34752,19.91758,20.53783,21.32824,22.32079,23.70367,26.27238,29.99126
2025-07-15,2025-07-08,ewma,5,17.38000,18.76419,True,14.55839,14.98520,15.49723,15.89564,16.21090,16.51927,16.78777,17.10610,17.41073,17.71450,18.02061,18.41498,18.78371,19.23544,19.80256,20.41881,21.20356,22.19145,23.56565,26.12001,29.81781
2025-07-16,2025-07-09,ewma,5,17.16000,18.61177,True,14.44036,14.86363,15.37174,15.76602,16.07773,16.38494,16.65127,16.96621,17.26720,17.56995,17.87231,18.26445,18.63107,19.07868,19.64164,20.25248,21.03067,22.01069,23.37302,25.90710,29.57524
2025-07-17,2025-07-10,ewma,5,16.52000,18.45881,True,14.32191,14.74163,15.24579,15.63561,15.94489,16.24958,16.51401,16.82559,17.12274,17.42486,17.72478,18.11404,18.47789,18.92136,19.47992,20.08587,20.85716,21.82928,23.17973,25.69345,29.33182
2025-07-18,2025-07-11,ewma,5,16.41000,18.34998,True,14.23769,14.65487,15.15629,15.54367,15.85100,16.15005,16.41463,16.72597,17.01835,17.32142,17.61963,18.00668,18.36888,18.80970,19.36434,19.96729,20.73354,21.70008,23.04188,25.54125,29.15854
2025-07-21,2025-07-14,ewma,5,16.65000,18.29070,True,14.19192,14.60768,15.10771,15.49368,15.79990,16.09962,16.36258,16.67139,16.96221,17.26489,17.56271,17.94702,18.30945,18.74888,19.30105,19.90262,20.66590,21.62947,22.96625,25.45801,29.06399
2025-07-22,2025-07-15,ewma,5,16.50000,18.24405,True,14.15594,14.57057,15.06956,15.45440,15.75971,16.06030,16.32183,16.62922,16.91892,17.22031,17.51792,17.89976,18.26267,18.70102,19.25109,19.85170,20.61254,21.57381,22.90650,25.39236,28.98951
2025-07-23,2025-07-16,ewma,5,15.37000,18.18826,True,14.11287,14.52648,15.02365,15.40718,15.71188,16.01141,16.27208,16.57859,16.86535,17.16725,17.46412,17.84483,18.20640,18.64337,19.19209,19.79066,20.54949,21.50685,22.83592,25.31460,28.90051
2025-07-24,2025-07-17,ewma,5,15.39000,18.10098,True,14.04537,14.45724,14.95173,15.33330,15.63685,15.93481,16.19417,16.49851,16.78290,17.08455,17.38008,17.75901,18.11861,18.55344,19.09986,19.69537,20.45087,21.40268,22.72583,25.19302,28.76148
2025-07-25,2025-07-18,ewma,5,14.93000,18.01243,True,13.97688,14.38698,14.87876,15.25834,15.56072,15.85709,16.11429,16.41716,16.69993,17.00094,17.29477,17.67129,18.02924,18.46214,19.00630,19.59870,20.35081,21.29701,22.61414,25.06968,28.62044
2025-07-28,2025-07-21,ewma,5,15.03000,17.94173,True,13.92224,14.33097,14.82054,15.19850,15.50000,15.79508,16.05148,16.35240,16.63402,16.93409,17.22660,17.60090,17.95742,18.38863,18.93115,19.52145,20.27093,21.21246,22.52487,24.97119,28.50776
2025-07-29,2025-07-22,ewma,5,15.98000,17.86674,True,13.86426,14.27153,14.75877,15.13502,15.43558,15.72910,15.98455,16.28361,16.56438,16.86300,17.15448,17.52667,17.88131,18.31072,18.85125,19.43925,20.18619,21.12284,22.43022,24.86671,28.38826
2025-07-30,2025-07-23,ewma,5,15.48000,17.73278,True,13.76052,14.16498,14.64828,15.02116,15.31842,15.61067,15.86379,16.16086,16.43969,16.73573,17.02575,17.39490,17.74571,18.17248,18.70915,19.29290,20.03473,20.96351,22.26153,24.68017,28.17507
2025-07-31,2025-07-24,ewma,5,16.72000,17.60759,True,13.66359,14.06543,14.54504,14.91527,15.20960,15.49834,15.74959,16.04631,16.32325,16.61631,16.90345,17.27166,17.61891,18.04343,18.57569,19.15609,19.89319,20.81469,22.10387,24.50583,27.97582
2025-08-01,2025-07-25,ewma,5,20.38000,17.46296,True,13.55157,13.95034,14.42574,14.79156,15.08408,15.36604,15.61885,15.91418,16.18903,16.47945,16.76252,17.12921,17.47314,17.89448,18.42053,18.99815,19.72969,20.64317,21.92181,24.30444,27.74569
2025-08-04,2025-07-28,ewma,5,17.52000,17.33245,True,13.45050,13.84653,14.31809,14.68032,14.97073,15.25071,15.50100,15.79511,16.06747,16.35626,16.63686,17.00040,17.34198,17.76008,18.28029,18.85516,19.58214,20.48835,21.75748,24.12270,27.53800
2025-08-05,2025-07-29,ewma,5,17.85000,17.26219,True,13.39618,13.79084,14.26022,14.62090,14.91008,15.18905,15.43857,15.73039,16.00156,16.28980,16.56903,16.92900,17.27111,17.68753,18.20363,18.77772,19.50266,20.40475,21.66878,24.02481,27.42603
2025-08-06,2025-07-30,ewma,5,16.77000,17.16839,True,13.32360,13.71634,14.18360,14.54155,14.82925,15.10575,15.35373,15.64412,15.91385,16.20107,16.47791,16.83454,17.17589,17.59086,18.10284,18.67469,19.39556,20.29334,21.55064,23.89417,27.27668
2025-08-07,2025-07-31,ewma,5,16.57000,17.14569,True,13.30619,13.69864,14.16570,14.52241,14.80983,15.08621,15.33384,15.62384,15.89331,16.17983,16.45503,16.81161,17.15182,17.56694,18.07703,18.64900,19.36878,20.26596,21.52173,23.86248,27.24028
2025-08-08,2025-08-01,ewma,5,15.15000,17.29447,True,13.42186,13.81796,14.28950,14.64852,14.93854,15.21729,15.46731,15.75988,16.03175,16.32037,16.59892,16.95873,17.30272,17.72053,18.23853,18.81385,19.53933,20.44128,21.70809,24.06946,27.47633
2025-08-11,2025-08-04,ewma,5,16.25000,17.30568,True,13.43077,13.82736,14.29963,14.65819,14.94841,15.22732,15.47762,15.77055,16.04265,16.33101,16.61078,16.97276,17.31520,17.73145,18.24824,18.82504,19.55190,20.45425,21.72175,24.08496,27.49380
2025-08-12,2025-08-05,ewma,5,14.73000,17.33250,True,13.45179,13.84923,14.32267,14.68113,14.97177,15.25108,15.50181,15.79517,16.06804,16.35635,16.63691,17.00105,17.34289,17.75997,18.27462,18.85320,19.58210,20.48580,21.75500,24.12218,27.53607
2025-08-13,2025-08-06,ewma,5,14.49000,17.30393,True,13.42983,13.82685,14.29993,14.65715,14.94720,15.22611,15.47648,15.76921,16.04165,16.32986,16.60987,16.97160,17.31373,17.73014,18.24260,18.82112,19.54868,20.45189,21.71873,24.08233,27.49036
2025-08-14,2025-08-07,ewma,5,14.83000,17.26647,True,13.40097,13.79736,14.26985,14.62564,14.91494,15.19479,15.44322,15.73514,16.00702,16.29553,16.57598,16.93238,17.27568,17.69120,18.20155,18.78028,19.50522,20.40747,21.67131,24.03010,27.43052
2025-08-15,2025-08-08,ewma,5,15.09000,17.15395,True,13.31384,13.70788,14.17771,14.53055,14.81785,15.09381,15.34205,15.63247,15.90256,16.18809,16.46590,16.82001,17.16213,17.57519,18.08203,18.65780,19.37697,20.27433,21.52968,23.87340,27.25142
2025-08-18,2025-08-11,ewma,5,14.99000,17.10758,True,13.27806,13.67127,14.14025,14.49149,14.77790,15.05317,15.30079,15.59028,15.85966,16.14408,16.42101,16.77410,17.11438,17.52693,18.03225,18.60726,19.32347,20.21939,21.47107,23.80877,27.17743
2025-08-19,2025-08-12,ewma,5,15.57000,16.98006,True,13.17929,13.56980,14.03571,14.38368,14.66734,14.94048,15.18625,15.47394,15.74131,16.02371,16.29824,16.64862,16.98546,17.39554,17.89695,18.46847,19.17831,20.06853,21.31063,23.63121,26.97453
2025-08-20,2025-08-13,ewma,5,15.69000,16.84596,True,13.07521,13.46287,13.92493,14.26887,14.55075,14.82119,15.06538,15.35090,15.61623,15.89700,16.16845,16.51686,16.85094,17.25802,17.75549,18.32243,19.02565,19.90935,21.14227,23.44393,26.76047
2025-08-21,2025-08-14,ewma,5,16.60000,16.73894,True,12.99216,13.37759,13.83655,14.17844,14.45802,14.72656,14.96880,15.25265,15.51628,15.79575,16.06467,16.41166,16.74352,17.14824,17.64258,18.20585,18.90360,19.78219,21.00791,23.29436,26.58945
2025-08-22,2025-08-15,ewma,5,14.22000,16.65237,True,12.92497,13.30864,13.76506,14.10532,14.38328,14.64996,14.89058,15.17315,15.43530,15.71332,15.98134,16.32640,16.65643,17.05913,17.55123,18.11152,18.80465,19.67920,20.89921,23.17325,26.45092
2025-08-25,2025-08-18,ewma,5,14.79000,16.56503,True,12.85719,13.23908,13.69294,14.03156,14.30788,14.57194,14.81184,15.09304,15.35282,15.63043,15.89727,16.24036,16.56844,16.96755,17.45861,18.01635,18.70486,19.57532,20.78954,23.05108,26.31119
2025-08-26,2025-08-19,ewma,5,14.62000,16.51381,True,12.81744,13.19837,13.65067,13.98837,14.26367,14.52727,14.76631,15.04664,15.30341,15.58205,15.84768,16.18901,16.51657,16.91297,17.40381,17.95827,18.64584,19.51411,20.72520,22.97916,26.22881
2025-08-27,2025-08-20,ewma,5,14.85000,16.47161,True,12.78469,13.16488,13.61586,13.95284,14.22740,14.49054,14.72885,15.00849,15.26559,15.54217,15.80675,16.14596,16.47412,16.86824,17.35854,17.91003,18.59694,19.46357,20.67218,22.91981,26.16079
2025-08-28,2025-08-21,ewma,5,14.43000,16.47800,True,12.78966,13.17022,13.62123,13.95841,14.23311,14.49656,14.73487,15.01465,15.27279,15.54827,15.81332,16.15429,16.48028,16.87474,17.36466,17.91463,18.60291,19.47066,20.68016,22.92808,26.16995
2025-08-29,2025-08-22,ewma,5,15.36000,16.35702,True,12.69577,13.07377,13.52130,13.85597,14.12818,14.38896,14.62603,14.90383,15.15876,15.43404,15.69679,16.03402,16.35910,16.75080,17.23691,17.78077,18.46509,19.32765,20.52828,22.75912,25.97682
2025-09-02,2025-08-25,ewma,5,17.17000,16.27487,True,12.63201,13.00833,13.45346,13.78642,14.05725,14.31708,14.55175,14.82846,15.08169,15.35642,15.61689,15.95197,16.27682,16.66634,17.15007,17.69017,18.37110,19.23051,20.42512,22.64419,25.84536
2025-09-03,2025-08-26,ewma,5,16.35000,16.18784,True,12.56447,12.93901,13.38159,13.71275,13.98212,14.24091,14.47291,14.74900,15.00060,15.27257,15.53232,15.86634,16.18966,16.57655,17.05810,17.59428,18.27164,19.12762,20.31585,22.52248,25.70617
2025-09-04,2025-08-27,ewma,5,15.30000,16.11817,True,12.51041,12.88355,13.32417,13.65377,13.92212,14.18000,14.41107,14.68448,14.93441,15.20511,15.46471,15.79773,16.11976,16.50453,16.98421,17.51728,18.19296,19.04524,20.22778,22.42494,25.59456
2025-09-05,2025-08-28,ewma,5,15.18000,16.02926,True,12.44140,12.81271,13.25083,13.57849,13.84550,14.10063,14.33016,14.59923,14.85086,15.12106,15.37864,15.70676,16.03062,16.41312,16.89004,17.41936,18.09255,18.94011,20.11557,22.30061,25.45239
2025-09-08,2025-08-29,ewma,5,15.11000,15.99511,True,12.41490,12.78564,13.22277,13.54961,13.81618,14.07097,14.30036,14.57041,14.81984,15.08809,15.34525,15.66906,15.99617,16.37803,16.85358,17.38195,18.05397,18.89970,20.07210,22.25250,25.39720
2025-09-09,2025-09-02,ewma,5,15.04000,16.05190,True,12.45899,12.83126,13.26988,13.59784,13.86541,14.12131,14.35166,14.62443,14.87354,15.14238,15.40036,15.72990,16.05337,16.43657,16.91453,17.44335,18.11803,18.96667,20.14273,22.33089,25.48639
2025-09-10,2025-09-03,ewma,5,15.35000,16.06667,True,12.47046,12.84330,13.28226,13.61051,13.87835,14.13469,14.36531,14.63857,14.88832,15.15647,15.41530,15.74740,16.06848,16.45142,16.92962,17.45909,18.13466,18.98396,20.16065,22.35083,25.50888
2025-09-11,2025-09-04,ewma,5,14.71000,16.02744,True,12.44002,12.81217,13.24999,13.57743,13.84456,14.10056,14.33067,14.60286,14.85226,15.12022,15.37690,15.70688,16.02902,16.41112,16.88781,17.41615,18.09025,18.93743,20.11079,22.29564,25.44562
2025-09-12,2025-09-05,ewma,5,14.76000,15.98397,True,12.40628,12.77765,13.21421,13.54076,13.80711,14.06233,14.29218,14.56329,14.81227,15.08074,15.33456,15.66003,15.98533,16.36648,16.84124,17.36837,18.04104,18.88590,20.05562,22.23455,25.37563
2025-09-15,2025-09-08,ewma,5,15.69000,15.93909,True,12.37146,12.74200,13.17728,13.50290,13.76844,14.02287,14.25232,14.52264,14.77145,15.03961,15.29088,15.61276,15.94014,16.31979,16.79263,17.31907,17.99026,18.83271,19.99869,22.17152,25.30341
2025-09-16,2025-09-09,ewma,5,16.36000,15.89289,True,12.33560,12.70529,13.13925,13.46392,13.72862,13.98224,14.21128,14.48081,14.72986,14.99447,15.24577,15.56743,15.89355,16.27165,16.74262,17.26832,17.93798,18.77795,19.94010,22.10664,25.22910
2025-09-17,2025-09-10,ewma,5,15.72000,15.86529,True,12.31419,12.68346,13.11660,13.44069,13.70488,13.95799,14.18687,14.45594,14.70551,14.96995,15.21852,15.54033,15.86557,16.24256,16.71222,17.23780,17.90670,18.74518,19.90486,22.06765,25.18433
2025-09-18,2025-09-11,ewma,5,15.70000,15.80543,True,12.26773,12.63570,13.06728,13.38998,13.65348,13.90573,14.13368,14.40172,14.64819,14.91162,15.16109,15.48156,15.80565,16.18004,16.64889,17.17151,17.83723,18.67431,19.82865,21.98379,25.08834
2025-09-19,2025-09-12,ewma,5,15.45000,15.75144,True,12.22584,12.59264,13.02281,13.34425,13.60716,13.85863,14.08573,14.35284,14.59679,14.85914,15.10930,15.42856,15.75161,16.12354,16.59174,17.11160,17.77440,18.61038,19.75982,21.90811,25.00169
2025-09-22,2025-09-15,ewma,5,16.10000,15.74837,True,12.22346,12.59028,13.02044,13.34165,13.60482,13.85633,14.08332,14.35036,14.59469,14.85744,15.10635,15.42570,15.74848,16.11932,16.58822,17.10700,17.76902,18.60661,19.75486,21.90325,24.99585
2025-09-23,2025-09-16,ewma,5,16.64000,15.77840,True,12.24677,12.61440,13.04544,13.36710,13.63108,13.88315,14.11054,14.37815,14.62375,14.88729,15.13517,15.45524,15.77859,16.15219,16.61867,17.13837,17.80100,18.64195,19.79143,21.94443,25.04256
2025-09-24,2025-09-17,ewma,5,16.18000,15.77547,True,12.24451,12.61216,13.04319,13.36462,13.62887,13.88073,14.10829,14.37590,14.62226,14.88524,15.13314,15.45246,15.77561,16.14796,16.61394,17.13444,17.79580,18.63836,19.78666,21.93977,25.03696
2025-09-25,2025-09-18,ewma,5,16.74000,15.77169,True,12.24158,12.60923,13.04024,13.36142,13.62590,13.87755,14.10529,14.37277,14.61921,14.88175,15.13028,15.45159,15.77178,16.14318,16.60832,17.12957,17.79134,18.63375,19.78082,21.93392,25.03000
2025-09-26,2025-09-19,ewma,5,15.29000,15.75545,True,12.22898,12.59635,13.02698,13.34770,13.61216,13.86341,14.09107,14.35803,14.60462,14.86648,15.11532,15.44078,15.75550,16.12646,16.58955,17.11117,17.77283,18.61403,19.75935,21.91075,25.00326
2025-09-29,2025-09-22,ewma,5,16.12000,15.77250,True,12.24222,12.61008,13.04125,13.36226,13.62719,13.87857,14.10652,14.37364,14.62089,14.88260,15.13230,15.45918,15.77261,16.14381,16.60578,17.12893,17.79187,18.63283,19.77964,21.93387,25.02936
2025-09-30,2025-09-23,ewma,5,16.28000,15.81478,True,12.27505,12.64399,13.07638,13.39818,13.66401,13.91728,14.14453,14.41229,14.66056,14.92258,15.17361,15.50101,15.81497,16.18727,16.65424,17.17398,17.83938,18.68143,19.83156,21.99208,25.09550
2025-10-01,2025-09-24,ewma,5,16.29000,15.83284,True,12.28907,12.65853,13.09149,13.41360,13.67992,13.93468,14.16088,14.42896,14.67779,14.94020,15.19169,15.52055,15.83312,16.20757,16.67162,17.19273,17.85956,18.70142,19.85310,22.01661,25.12320
2025-10-02,2025-09-25,ewma,5,16.63000,15.87701,True,12.32336,12.69395,13.12807,13.45113,13.71829,13.97507,14.20067,14.46942,14.71882,14.98245,15.23511,15.56569,15.87786,16.25492,16.72198,17.23983,17.90901,18.75224,19.90812,22.07744,25.19232
2025-10-03,2025-09-26,ewma,5,16.65000,15.84713,True,12.30018,12.67016,13.10343,13.42592,13.69268,13.95028,14.17423,14.44246,14.69120,14.95443,15.20748,15.53491,15.84760,16.22326,16.68886,17.20652,17.87493,18.71561,19.87028,22.03530,25.14395
2025-10-06,2025-09-29,ewma,5,16.37000,15.86066,True,12.31069,12.68108,13.11468,13.43750,13.70459,13.96240,14.18662,14.45510,14.70394,14.96732,15.22088,15.54975,15.86171,16.23588,16.70146,17.22103,17.88982,18.73024,19.88688,22.05352,25.16446
2025-10-07,2025-09-30,ewma,5,17.24000,15.88137,True,12.32677,12.69774,13.13187,13.45514,13.72269,13.98083,14.20581,14.47429,14.72343,14.98692,15.24117,15.57054,15.88283,16.25926,16.72156,17.24334,17.91281,18.75406,19.91248,22.08173,25.19635
2025-10-08,2025-10-01,ewma,5,16.30000,15.90156,True,12.34244,12.71398,13.14862,13.47235,13.74034,13.99880,14.22472,14.49289,14.74244,15.00600,15.26078,15.59074,15.90334,16.28148,16.74108,17.26507,17.93520,18.77762,19.93742,22.10920,25.22741
2025-10-09,2025-10-02,ewma,5,16.43000,15.93721,True,12.37012,12.74259,13.17816,13.50265,13.77154,14.03039,14.25747,14.52552,14.77556,15.04007,15.29523,15.62601,15.93918,16.31873,16.77687,17.30360,17.97456,18.81944,19.98175,22.15818,25.28301
2025-10-10,2025-10-03,ewma,5,21.66000,15.97211,True,12.39722,12.77060,13.20709,13.53233,13.80210,14.06116,14.28932,14.55748,14.80799,15.07395,15.32975,15.66067,15.97432,16.35478,16.81238,17.34052,18.01307,18.86038,20.02514,22.20611,25.33741
2025-10-13,2025-10-06,ewma,5,19.03000,15.99178,True,12.41249,12.78642,13.22341,13.54909,13.81949,14.07851,14.30706,14.57569,14.82651,15.09329,15.34964,15.68046,15.99433,16.37615,16.83288,17.36090,18.03439,18.88331,20.04942,22.23285,25.36763
2025-10-14,2025-10-07,ewma,5,20.81000,16.05199,True,12.45923,12.83466,13.27326,13.60020,13.87192,14.13155,14.36107,14.63087,14.88285,15.15035,15.40778,15.74190,16.05528,16.43844,16.89828,17.42596,18.10143,18.95413,20.12454,22.31596,25.46216
2025-10-15,2025-10-08,ewma,5,20.64000,16.06430,True,12.46879,12.84461,13.28350,13.61073,13.88296,14.14243,14.37224,14.64240,14.89479,15.16219,15.41996,15.75680,16.06852,16.45114,16.90948,17.43857,18.11445,18.96838,20.13960,22.33247,25.48072
2025-10-16,2025-10-09,ewma,5,25.31000,16.08239,True,12.48299,12.85927,13.29854,13.62639,13.89915,14.15840,14.38843,14.65909,14.91264,15.17929,15.43924,15.77458,16.08714,16.47347,16.92832,17.45798,18.13472,18.98880,20.16151,22.35684,25.50825
2025-10-17,2025-10-10,ewma,5,20.78000,16.32360,True,12.67038,13.05233,13.49808,13.83110,14.10819,14.37080,14.60425,14.87916,15.13741,15.40697,15.67275,16.01132,16.32943,16.72274,17.18480,17.72159,18.40947,19.27590,20.46771,22.69136,25.88965
2025-10-20,2025-10-13,ewma,5,18.23000,16.44929,True,12.76810,13.15303,13.60210,13.93794,14.21740,14.48150,14.71671,14.99399,15.25453,15.52583,15.79353,16.13523,16.45713,16.85176,17.32129,17.85977,18.55375,19.43002,20.62493,22.86527,26.08781
2025-10-21,2025-10-14,ewma,5,17.87000,16.64383,True,12.91927,13.30879,13.76305,14.10312,14.38613,14.65282,14.89131,15.17192,15.43496,15.70975,15.98042,16.32662,16.65298,17.05233,17.53019,18.07156,18.77456,19.66445,20.87698,23.13488,26.39514
2025-10-22,2025-10-15,ewma,5,18.60000,16.82388,True,13.05920,13.45296,13.91202,14.25603,14.54235,14.81189,15.05321,15.33665,15.60194,15.88006,16.15357,16.50366,16.83397,17.23803,17.72148,18.26981,18.97847,19.87806,21.11079,23.38432,26.67946
2025-10-23,2025-10-16,ewma,5,17.30000,17.17095,True,13.32878,13.73070,14.19912,14.55048,14.84237,15.11804,15.36459,15.65355,15.92595,16.20808,16.48710,16.84498,17.18347,17.59468,18.08854,18.64930,19.37829,20.28909,21.54988,23.87990,27.22861
2025-10-24,2025-10-17,ewma,5,16.37000,17.33552,True,13.45669,13.86250,14.33529,14.69019,14.98464,15.26352,15.51248,15.80380,16.08076,16.36389,16.64533,17.00764,17.35017,17.76463,18.26528,18.83109,19.56654,20.48393,21.75798,24.10812,27.48833
2025-10-27,2025-10-20,ewma,5,15.79000,17.37919,True,13.49076,13.89763,14.37149,14.72724,15.02240,15.30255,15.55178,15.84383,16.12300,16.40565,16.68748,17.05097,17.39540,17.81091,18.31280,18.88266,19.61568,20.53545,21.81237,24.16820,27.55630
2025-10-28,2025-10-21,ewma,5,16.42000,17.40340,True,13.50973,13.91720,14.39160,14.74782,15.04335,15.32388,15.57367,15.86764,16.14678,16.42905,16.71073,17.07496,17.42056,17.83761,18.33929,18.90759,19.64287,20.56400,21.84235,24.20123,27.59345
2025-10-29,2025-10-22,ewma,5,16.92000,17.46136,True,13.55489,13.96376,14.43962,14.79698,15.09347,15.37492,15.62577,15.92423,16.20188,16.48427,16.76638,17.13342,17.47919,17.89809,18.40102,18.97313,19.70814,20.63242,21.91468,24.28117,27.68408
2025-10-30,2025-10-23,ewma,5,16.91000,17.45326,True,13.54877,13.95749,14.43303,14.79017,15.08662,15.36779,15.61858,15.92058,16.19471,16.47713,16.75921,17.12708,17.47120,17.88934,18.39220,18.96374,19.69688,20.62277,21.90446,24.26925,27.66997
2025-10-31,2025-10-24,ewma,5,17.44000,17.39743,True,13.50561,13.91305,14.38697,14.74291,15.03853,15.31864,15.56869,15.87176,16.14327,16.42474,16.70500,17.07101,17.41523,17.83135,18.33309,18.90249,19.63178,20.55674,21.83433,24.19098,27.58020
2025-11-03,2025-10-27,ewma,5,17.17000,17.31331,True,13.44047,13.84598,14.31751,14.67167,14.96597,15.24459,15.49348,15.78973,16.06468,16.34489,16.62422,16.98705,17.33078,17.74411,18.24416,18.80971,19.53476,20.45727,21.72870,24.07335,27.44559
2025-11-04,2025-10-28,ewma,5,19.00000,17.26751,True,13.40509,13.80956,14.27974,14.63292,14.92654,15.20428,15.45278,15.75166,16.02253,16.30104,16.58024,16.94152,17.28453,17.69617,18.19547,18.75858,19.48100,20.40301,21.67116,24.00903,27.37174
2025-11-05,2025-10-29,ewma,5,18.01000,17.24996,True,13.39164,13.79574,14.26534,14.61813,14.91154,15.18885,15.43747,15.73735,16.00661,16.28498,16.56340,16.92413,17.26657,17.67737,18.17647,18.73815,19.45912,20.38210,21.64909,23.98400,27.34268
2025-11-06,2025-10-30,ewma,5,19.50000,17.23280,True,13.37849,13.78222,14.25125,14.60366,14.89705,15.17377,15.42251,15.72257,15.99092,16.26919,16.54692,16.90676,17.24838,17.65906,18.15788,18.71814,19.43956,20.36164,21.62750,23.95950,27.31424
2025-11-07,2025-10-31,ewma,5,19.08000,17.24311,True,13.38665,13.79067,14.25988,14.61246,14.90631,15.18284,15.43210,15.73285,16.00071,16.27920,16.55742,16.91744,17.25990,17.66888,18.16791,18.72850,19.45097,20.37363,21.64037,23.97317,27.32932
2025-11-10,2025-11-03,ewma,5,17.60000,17.23944,True,13.38398,13.78794,14.25695,14.60943,14.90349,15.17963,15.42916,15.72975,15.99758,16.27601,16.55450,16.91407,17.25553,17.66454,18.16261,18.72369,19.44663,20.36913,21.63572,23.96744,27.32227
2025-11-11,2025-11-04,ewma,5,17.28000,17.32346,True,13.44938,13.85535,14.32654,14.68070,14.97648,15.25362,15.50470,15.80655,16.07585,16.35555,16.63698,16.99796,17.34054,17.75185,18.25357,18.81799,19.54120,20.46822,21.74111,24.08361,27.45418
2025-11-12,2025-11-05,ewma,5,17.51000,17.35716,True,13.47571,13.88251,14.35452,14.70933,15.00597,15.28330,15.53520,15.83744,16.10743,16.38758,16.67115,17.03275,17.37488,17.78776,18.28856,18.85321,19.57901,20.50785,21.78335,24.12981,27.50633
2025-11-13,2025-11-06,ewma,5,20.00000,17.45848,True,13.55455,13.96402,14.43851,14.79527,15.09361,15.37335,15.62649,15.93067,16.20151,16.48453,16.76878,17.13253,17.47643,17.89348,18.39653,18.96743,19.69414,20.62741,21.90983,24.26981,27.66563
2025-11-14,2025-11-07,ewma,5,19.83000,17.53618,True,13.61505,14.02664,14.50297,14.86119,15.16083,15.44260,15.69665,16.00236,16.27368,16.55920,16.84373,17.20937,17.55432,17.97453,18.47931,19.05443,19.78158,20.71906,22.00665,24.37697,27.78750
2025-11-17,2025-11-10,ewma,5,22.38000,17.53937,True,13.61770,14.02966,14.50581,14.86397,15.16364,15.44625,15.70012,16.00599,16.27672,16.56396,16.84703,17.21419,17.55759,17.97726,18.48238,19.05730,19.78496,20.72267,22.00997,24.38054,27.79128
2025-11-18,2025-11-11,ewma,5,24.69000,17.52631,True,13.60773,14.01969,14.49521,14.85297,15.15239,15.43558,15.68907,15.99443,16.26473,16.55350,16.83473,17.20280,17.54446,17.96285,18.46817,19.04251,19.77002,20.70709,21.99290,24.36152,27.76932
2025-11-19,2025-11-12,ewma,5,23.66000,17.52549,True,13.60727,14.01951,14.49473,14.85236,15.15173,15.43518,15.68899,15.99404,16.26410,16.55404,16.83584,17.20296,17.54373,17.96099,18.46680,19.04023,19.76889,20.70597,21.99119,24.35953,27.76676
2025-11-20,2025-11-13,ewma,5,26.42000,17.64161,True,13.69760,14.11288,14.59097,14.95084,15.25227,15.53776,15.79360,16.10043,16.37200,16.66458,16.94929,17.31830,17.66110,18.08191,18.59021,19.16899,19.90071,20.84301,22.13621,24.52007,27.94946
2025-11-21,2025-11-14,ewma,5,23.43000,17.74506,True,13.77810,14.19612,14.67673,15.03877,15.34185,15.62918,15.88666,16.19542,16.46814,16.76291,17.04887,17.42155,17.76602,18.18895,18.69989,19.28293,20.02405,20.96462,22.26532,24.66298,28.11207
2025-11-24,2025-11-17,ewma,5,20.52000,17.95215,True,13.93907,14.36228,14.84823,15.21491,15.52105,15.81191,16.07208,16.38501,16.66068,16.95865,17.24803,17.62548,17.97515,18.40184,18.91997,19.50902,20.26238,21.21064,22.53018,24.94994,28.43886
2025-11-25,2025-11-18,ewma,5,18.56000,18.24050,True,14.16314,14.59346,15.08693,15.45994,15.77050,16.06652,16.33024,16.64858,16.92887,17.23119,17.52511,17.90877,18.26448,18.69749,19.22517,19.82674,20.58834,21.55237,22.89296,25.36530,28.89432
2025-11-26,2025-11-19,ewma,5,17.19000,18.47931,True,14.34875,14.78502,15.28466,15.66299,15.97712,16.27752,16.54404,16.86667,17.15110,17.45719,17.75458,18.14384,18.50361,18.94232,19.47715,20.09306,20.85807,21.83522,23.19660,25.69669,29.27127
2025-11-28,2025-11-20,ewma,5,16.35000,18.81257,True,14.60770,15.05216,15.56037,15.94613,16.26558,16.57173,16.84253,17.17097,17.46058,17.77244,18.07558,18.47177,18.83840,19.28417,19.83072,20.46100,21.23996,22.23103,23.61977,26.17360,29.79780
2025-12-01,2025-11-21,ewma,5,17.24000,19.02016,True,14.76909,15.21878,15.73215,16.12277,16.44540,16.75527,17.02853,17.36063,17.65344,17.97058,18.27586,18.67689,19.04797,19.49793,20.05333,20.68740,21.47983,22.47992,23.89083,26.46170,30.12525
2025-12-02,2025-11-24,ewma,5,16.59000,19.09248,True,14.82543,15.27716,15.79203,16.18474,16.50826,16.81913,17.09341,17.42685,17.72071,18.04114,18.34560,18.74893,19.12324,19.57253,20.13388,20.76639,21.56673,22.56523,23.98043,26.56158,30.23841
2025-12-03,2025-11-25,ewma,5,16.08000,19.06550,True,14.80466,15.25609,15.76978,16.16227,16.48526,16.79550,17.06934,17.40243,17.69578,18.01679,18.31992,18.72276,19.09859,19.54474,20.10390,20.73693,21.53499,22.53277,23.94530,26.52331,30.19430
2025-12-04,2025-11-26,ewma,5,15.78000,18.96704,True,14.72840,15.17781,15.68841,16.07908,16.40045,16.70891,16.98124,17.31269,17.60451,17.92211,18.22507,18.62580,18.99854,19.44340,19.99801,20.62973,21.42252,22.41563,23.82041,26.38561,30.03700
2025-12-05,2025-11-28,ewma,5,15.41000,18.82676,True,14.61965,15.06607,15.57244,15.96042,16.27927,16.58490,16.85546,17.18433,17.47413,17.78687,18.09002,18.48744,18.85615,19.29908,19.84804,20.47704,21.26274,22.24907,23.64301,26.18974,29.81348
2025-12-08,2025-12-01,ewma,5,16.66000,18.74406,True,14.55561,15.00039,15.50410,15.89058,16.20788,16.51219,16.78153,17.10848,17.39717,17.70744,18.00975,18.40519,18.77146,19.21379,19.75916,20.38689,21.16801,22.15058,23.53793,26.07398,29.68116
2025-12-09,2025-12-02,ewma,5,16.93000,18.62999,True,14.46722,14.90962,15.40982,15.79414,16.10937,16.41025,16.67912,17.00413,17.29104,17.59917,17.89936,18.29227,18.65594,19.09679,19.63794,20.26263,21.03788,22.01503,23.39349,25.91460,29.49920
2025-12-10,2025-12-03,ewma,5,15.77000,18.49338,True,14.36132,14.80079,15.29688,15.67645,15.99057,16.28828,16.55663,16.87874,17.16357,17.46992,17.76807,18.15760,18.51842,18.95674,19.49296,20.11385,20.88231,21.85285,23.22075,25.72387,29.28155
2025-12-11,2025-12-04,ewma,5,14.85000,18.34725,True,14.24802,14.68433,15.17607,15.54890,15.86294,16.15859,16.42578,16.74426,17.02706,17.33173,17.62763,18.01359,18.37137,18.80693,19.33796,19.95471,20.71599,21.67942,23.03607,25.51989,29.04884
2025-12-12,2025-12-05,ewma,5,15.74000,18.18790,True,14.12430,14.55681,15.04369,15.41342,15.72457,16.01564,16.28153,16.59814,16.87897,17.18012,17.47434,17.85698,18.21181,18.64354,19.16988,19.77880,20.53469,21.49106,22.83548,25.29757,28.79221
2025-12-15,2025-12-08,ewma,5,16.50000,18.10828,True,14.06249,14.49310,14.97790,15.34602,15.65588,15.94640,16.20873,16.52441,16.80488,17.10360,17.39764,17.77865,18.13208,18.56189,19.08584,19.68963,20.44341,21.39691,22.73499,25.18615,28.66185
2025-12-16,2025-12-09,ewma,5,16.48000,18.04746,True,14.01529,14.44445,14.92766,15.29456,15.60345,15.89370,16.15493,16.46741,16.74824,17.04379,17.33726,17.71781,18.07058,18.49945,19.02162,19.62093,20.37338,21.32498,22.65812,25.10089,28.56129
2025-12-17,2025-12-10,ewma,5,17.62000,17.92614,True,13.92111,14.34737,14.82738,15.19182,15.49807,15.78430,16.04487,16.35636,16.63553,16.92714,17.21879,17.59731,17.94792,18.37463,18.89314,19.48647,20.23507,21.18156,22.50530,24.93149,28.36503
2025-12-18,2025-12-11,ewma,5,16.87000,17.75820,True,13.79071,14.21297,14.68719,15.04907,15.35268,15.63639,15.89356,16.20231,16.47959,16.76694,17.05722,17.43138,17.77858,18.20203,18.71527,19.30249,20.04414,20.98304,22.29395,24.69725,28.09505
2025-12-19,2025-12-12,ewma,5,14.91000,17.65140,True,13.70780,14.12751,14.59907,14.95863,15.26040,15.54230,15.79713,16.10320,16.38002,16.66523,16.95440,17.32576,17.67090,18.09194,18.60186,19.18500,19.92355,20.85678,22.15937,24.54807,27.92188
2025-12-22,2025-12-15,ewma,5,14.08000,17.59197,True,13.66167,14.07996,14.55011,14.90834,15.20906,15.48999,15.74432,16.04279,16.32443,16.60885,16.89699,17.26643,17.61065,18.03000,18.53856,19.11900,19.85642,20.78645,22.08425,24.46475,27.82367
2025-12-23,2025-12-16,ewma,5,14.00000,17.53463,True,13.61717,14.03408,14.50289,14.85982,15.15954,15.43953,15.69335,15.99426,16.27087,16.55439,16.84160,17.20877,17.55284,17.97021,18.47785,19.05528,19.79165,20.71851,22.01177,24.38436,27.72881
2025-12-24,2025-12-17,ewma,5,13.47000,17.53889,True,13.62051,14.03751,14.50661,14.86351,15.16327,15.44328,15.69750,16.00068,16.27506,16.55869,16.84601,17.21464,17.55705,17.97367,18.48206,19.05957,19.79641,20.72336,22.01662,24.38963,27.73137
2025-12-26,2025-12-18,ewma,5,13.60000,17.50482,True,13.59408,14.01026,14.47864,14.83471,15.13386,15.41330,15.66736,15.97050,16.24368,16.52675,16.81297,17.17982,17.52289,17.93801,18.44588,19.02221,19.75791,20.68293,21.97335,24.34161,27.67334
2025-12-29,2025-12-19,ewma,5,14.20000,17.36496,True,13.48549,13.89834,14.36301,14.71577,15.01275,15.29011,15.54138,15.84003,16.11354,16.39443,16.67683,17.04118,17.38280,17.79395,18.29798,18.86989,19.59990,20.51748,21.79738,24.14647,27.44809
2025-12-30,2025-12-22,ewma,5,14.33000,17.18384,True,13.34486,13.75328,14.21157,14.56190,14.85507,15.13056,15.37842,15.66797,15.94507,16.22308,16.50111,16.86304,17.20142,17.60772,18.10662,18.67274,19.39533,20.30330,21.56962,23.89397,27.15771
2025-12-31,2025-12-23,ewma,5,14.95000,17.00868,True,13.20885,13.60977,14.06559,14.41309,14.70264,14.97632,15.22087,15.50590,15.78202,16.05730,16.33231,16.69087,17.02584,17.42769,17.92155,18.48183,19.19749,20.09617,21.34935,23.64978,26.87684
2026-01-02,2025-12-24,ewma,5,14.51000,16.81146,True,13.05105,13.44484,13.90167,14.24401,14.53168,14.80153,15.04422,15.32559,15.59758,15.87052,16.14235,16.49633,16.82803,17.22507,17.71264,18.26696,18.97475,19.86299,21.10141,23.37493,26.56119
2026-01-05,2025-12-26,ewma,5,14.90000,16.63420,True,12.91361,13.29976,13.75443,14.09307,14.37840,14.64430,14.88520,15.16289,15.43124,15.70257,15.97215,16.32105,16.65021,17.04278,17.52450,18.07380,18.77455,19.65342,20.87853,23.12786,26.27719
2026-01-06,2025-12-29,ewma,5,14.75000,16.50313,True,12.81201,13.19507,13.64500,13.98139,14.26278,14.52877,14.76702,15.04275,15.30655,15.57821,15.84629,16.19162,16.51805,16.90777,17.38503,17.93082,18.62462,19.49841,20.71362,22.94500,26.06620
2026-01-07,2025-12-30,ewma,5,15.38000,16.38703,True,12.72204,13.10235,13.54919,13.88272,14.16065,14.42643,14.66129,14.93653,15.19682,15.46808,15.73461,16.07754,16.40088,16.78811,17.26172,17.80338,18.49161,19.36110,20.56752,22.78297,25.87893
2026-01-08,2025-12-31,ewma,5,15.45000,16.31201,True,12.66396,13.04246,13.48734,13.81916,14.09622,14.35993,14.59387,14.86756,15.12722,15.39677,15.66236,16.00359,16.32461,16.71102,17.18240,17.72057,18.40498,19.27231,20.47297,22.67806,25.75657
2026-01-09,2026-01-02,ewma,5,14.49000,16.21681,True,12.59021,12.96645,13.40880,13.73852,14.01253,14.27416,14.50853,14.78038,15.03784,15.30654,15.57069,15.90926,16.22793,16.61336,17.08184,17.61586,18.29561,19.15970,20.35310,22.54510,25.60239
2026-01-12,2026-01-05,ewma,5,15.12000,16.14829,True,12.53717,12.91177,13.35232,13.68047,13.95353,14.21539,14.44738,14.71765,14.97266,15.24151,15.50463,15.84111,16.15797,16.54302,17.00937,17.54014,18.21635,19.07860,20.26672,22.44924,25.49037
2026-01-13,2026-01-06,ewma,5,15.98000,16.07532,True,12.48068,12.85362,13.29205,13.61877,13.89089,14.15136,14.38175,14.65056,14.90423,15.17262,15.43448,15.76921,16.08443,16.46623,16.93085,17.46012,18.13386,18.99103,20.17510,22.34702,25.37138
2026-01-14,2026-01-07,ewma,5,16.75000,16.03982,True,12.45328,12.82543,13.26276,13.58880,13.86061,14.12031,14.35014,14.61852,14.87184,15.13904,15.40029,15.73405,16.04838,16.42783,16.89179,17.42079,18.09362,18.94772,20.13049,22.29688,25.31154
2026-01-15,2026-01-08,ewma,5,15.84000,16.00980,True,12.43013,12.80161,13.23800,13.56348,13.83507,14.09409,14.32344,14.59146,14.84480,15.11077,15.36956,15.70414,16.01744,16.39533,16.85851,17.38741,18.05956,18.91090,20.09277,22.25437,25.26036
2026-01-16,2026-01-09,ewma,5,15.86000,15.93016,True,12.36845,12.73812,13.17221,13.49612,13.76664,14.02418,14.25183,14.51830,14.76990,15.03549,15.29120,15.62552,15.93649,16.31371,16.77293,17.30015,17.96953,18.81547,19.99276,22.14288,25.13091
2026-01-20,2026-01-12,ewma,5,20.09000,15.88864,True,12.33637,12.70511,13.13794,13.46105,13.73115,13.98767,14.21483,14.48078,14.73192,14.99603,15.25099,15.58455,15.89369,16.27114,16.72747,17.25419,17.92250,18.76508,19.94060,22.08439,25.06164
2026-01-21,2026-01-13,ewma,5,16.90000,15.89319,True,12.34006,12.70894,13.14177,13.46502,13.73565,13.99172,14.21906,14.48520,14.73721,15.00055,15.25572,15.58937,15.89789,16.27558,16.73053,17.25827,17.92727,18.76911,19.94626,22.08994,25.06505
2026-01-22,2026-01-14,ewma,5,15.64000,15.93497,True,12.37266,12.74254,13.17638,13.50052,13.77231,14.02854,14.25654,14.52342,14.77703,15.04014,15.29772,15.63097,15.94067,16.31864,16.77329,17.30277,17.97402,18.81745,19.99865,22.14723,25.12715
2026-01-23,2026-01-15,ewma,5,16.09000,15.93021,True,12.36912,12.73893,13.17250,13.49659,13.76876,14.02439,14.25229,14.51923,14.77316,15.03566,15.29505,15.62675,15.93510,16.31371,16.76808,17.29673,17.96827,18.81155,19.99262,22.13984,25.11586
2026-01-26,2026-01-16,ewma,5,16.15000,15.92669,True,12.36655,12.73630,13.16965,13.49371,13.76627,14.02134,14.24916,14.51624,14.76991,15.03239,15.29177,15.62370,15.93123,16.30979,16.76418,17.29273,17.96392,18.80712,19.98815,22.13417,25.10653
2026-01-27,2026-01-20,ewma,5,16.35000,16.11270,True,12.51113,12.88524,13.32352,13.65141,13.92762,14.18514,14.41558,14.68608,14.94242,15.20824,15.47047,15.80723,16.11782,16.50064,16.96043,17.49663,18.17525,19.03199,20.22206,22.39188,25.39593
2026-01-28,2026-01-21,ewma,5,16.35000,16.15118,True,12.54117,12.91621,13.35543,13.68411,13.96089,14.21906,14.45079,14.72146,14.98012,15.24485,15.50768,15.84603,16.15824,16.54100,17.00505,17.53753,18.21827,19.07607,20.27030,22.44457,25.45274
2026-01-29,2026-01-22,ewma,5,16.88000,16.12523,True,12.52118,12.89565,13.33405,13.66223,13.93848,14.19625,14.42835,14.69806,14.95807,15.22074,15.48302,15.82077,16.13099,16.51351,16.97597,17.50847,18.18862,19.04404,20.23768,22.40772,25.40802
2026-01-30,2026-01-23,ewma,5,17.44000,16.12347,True,12.51997,12.89443,13.33267,13.66083,13.93697,14.19525,14.42755,14.69665,14.95805,15.21947,15.48153,15.81963,16.13116,16.51165,16.97235,17.50638,18.18625,19.04059,20.23542,22.40448,25.40141
2026-02-02,2026-01-26,ewma,5,16.34000,16.12479,True,12.52116,12.89568,13.33385,13.66221,13.93813,14.19696,14.42914,14.69806,14.96049,15.22119,15.48301,15.82254,16.13366,16.51296,16.97303,17.50763,18.18736,19.04151,20.23703,22.40553,25.39968
2026-02-03,2026-01-27,ewma,5,18.00000,16.13598,True,12.53000,12.90482,13.34319,13.67202,13.94781,14.20735,14.43936,14.70873,14.97209,15.23225,15.49375,15.83454,16.14565,16.52392,16.98460,17.51959,18.19960,19.05444,20.25101,22.42029,25.41347
2026-02-04,2026-01-28,ewma,5,18.64000,16.14661,True,12.53842,12.91352,13.35206,13.68136,13.95716,14.21726,14.44909,14.71901,14.98229,15.24278,15.50396,15.84530,16.15839,16.53413,16.99560,17.53096,18.21073,19.06671,20.26431,22.43427,25.42639
2026-02-05,2026-01-29,ewma,5,21.77000,16.18251,True,12.56646,12.94243,13.38183,13.71211,13.98834,14.24887,14.48137,14.75232,15.01593,15.27714,15.53900,15.88145,16.19619,16.57206,17.03311,17.56918,18.25035,19.10882,20.30931,22.48336,25.47909
2026-02-06,2026-01-30,ewma,5,20.37000,16.24318,True,12.61373,12.99114,13.43208,13.76385,14.04093,14.30229,14.53573,14.80789,15.07250,15.33484,15.59782,15.94227,16.25833,16.63428,17.09751,17.63428,18.31790,19.18017,20.38540,22.56685,25.57075
2026-02-09,2026-02-02,ewma,5,17.36000,16.24801,True,12.61764,12.99519,13.43616,13.76827,14.04525,14.30655,14.54011,14.81250,15.07720,15.33966,15.60414,15.94747,16.26402,16.63917,17.10239,17.63876,18.32248,19.18559,20.39140,22.57276,25.57450
2026-02-10,2026-02-03,ewma,5,17.79000,16.33141,True,12.68257,13.06210,13.50521,13.83929,14.11750,14.37999,14.61481,14.88874,15.15481,15.41867,15.68594,16.02963,16.34808,16.72469,17.19065,17.73160,18.41566,19.28378,20.49602,22.68784,25.70191
2026-02-11,2026-02-04,ewma,5,17.65000,16.43973,True,12.76671,13.14918,13.59489,13.93113,14.21148,14.47539,14.71213,14.99102,15.25562,15.52115,15.79028,16.13685,16.45663,16.83950,17.30886,17.84977,18.54132,19.41073,20.63133,22.83819,25.86947
2026-02-12,2026-02-05,ewma,5,20.82000,16.67220,True,12.94727,13.33557,13.78723,14.12817,14.41278,14.68011,14.92054,15.20658,15.47164,15.74084,16.01387,16.36608,16.68944,17.07987,17.55776,18.10419,18.80558,19.68755,20.92415,23.16100,26.23232
2026-02-13,2026-02-06,ewma,5,20.60000,16.84003,True,13.07763,13.47027,13.92612,14.27044,14.55820,14.82790,15.07112,15.36287,15.62756,15.90030,16.17530,16.53244,16.85752,17.25206,17.73810,18.28908,18.99608,19.89157,21.13472,23.39400,26.49340
2026-02-17,2026-02-09,ewma,5,20.29000,16.86566,True,13.09755,13.49122,13.94742,14.29220,14.58070,14.85049,15.09440,15.38711,15.65140,15.92575,16.20014,16.55868,16.88393,17.27960,17.76579,18.31610,19.02479,19.92041,21.16683,23.42946,26.53073
2026-02-18,2026-02-10,ewma,5,19.62000,16.91071,True,13.13257,13.52772,13.98478,14.33043,14.61999,14.89016,15.13506,15.42908,15.69326,15.96986,16.24525,16.60310,16.93012,17.32700,17.81580,18.36747,19.07541,19.97218,21.22332,23.49191,26.59861
2026-02-19,2026-02-11,ewma,5,20.23000,16.94693,True,13.16072,13.55715,14.01484,14.36118,14.65135,14.92206,15.16781,15.46278,15.72699,16.00588,16.28187,16.63906,16.96808,17.36513,17.85665,18.40599,19.11586,20.01352,21.26872,23.54209,26.65257
2026-02-20,2026-02-12,ewma,5,19.09000,17.12224,True,13.29689,13.69786,14.15992,14.50979,14.80296,15.07643,15.32513,15.62287,15.88981,16.17295,16.45048,16.81179,17.14474,17.54607,18.04256,18.59940,19.31463,20.22880,21.48868,23.78548,26.92525
2026-02-23,2026-02-13,ewma,5,21.01000,17.28128,True,13.42042,13.82556,14.29155,14.64464,14.94050,15.21648,15.46808,15.76812,16.03753,16.32402,16.60347,16.96896,17.30400,17.71057,18.21087,18.77628,19.49862,20.41799,21.68822,24.00627,27.17229
2026-02-24,2026-02-17,ewma,5,19.55000,17.42052,True,13.52858,13.93743,14.40681,14.76271,15.06093,15.33992,15.59333,15.89558,16.16688,16.45631,16.73729,17.10687,17.44410,17.85516,18.35883,18.92934,19.66219,20.58350,21.86292,24.19955,27.38814
2026-02-25,2026-02-18,ewma,5,17.93000,17.52439,True,13.60928,14.02101,14.49282,14.85081,15.15078,15.43222,15.68692,15.99115,16.26342,16.55454,16.83712,17.20925,17.54914,17.96270,18.47028,19.04348,19.78001,20.70605,21.99323,24.34371,27.54835
2026-02-26,2026-02-19,ewma,5,18.63000,17.65065,True,13.70735,14.12250,14.59744,14.95787,15.26008,15.54425,15.80059,16.10715,16.38115,16.67391,16.95918,17.33352,17.67821,18.09278,18.60363,19.18277,19.92270,20.85601,22.15099,24.51894,27.74369
2026-02-27,2026-02-20,ewma,5,19.86000,17.71997,True,13.76121,14.17844,14.65497,15.01669,15.32016,15.60614,15.86331,16.17095,16.44605,16.73976,17.02655,17.40175,17.75006,18.16391,18.67805,19.26235,20.00089,20.93785,22.23729,24.61509,27.84951
2026-03-02,2026-02-23,ewma,5,21.44000,17.87150,True,13.87892,14.30018,14.78050,15.14518,15.45132,15.73992,15.99964,16.30961,16.58706,16.88332,17.17239,17.55099,17.90385,18.31928,18.84031,19.43473,20.17475,21.11751,22.42676,24.82545,28.08451
2026-03-03,2026-02-24,ewma,5,23.57000,17.95190,True,13.94138,14.36499,14.84719,15.21339,15.52097,15.81104,16.07184,16.38334,16.66185,16.96080,17.24987,17.63109,17.98581,18.40185,18.92965,19.52511,20.26414,21.21222,22.52695,24.93697,28.20767
2026-03-04,2026-02-25,ewma,5,21.15000,17.95080,True,13.94056,14.36460,14.84649,15.21254,15.52018,15.81040,16.07087,16.38286,16.66100,16.96186,17.24952,17.63090,17.98584,18.40058,18.92653,19.52372,20.26154,21.21086,22.52487,24.93530,28.20277
2026-03-05,2026-02-26,ewma,5,23.75000,17.98417,True,13.96650,14.39179,14.87429,15.24089,15.54933,15.84010,16.10075,16.41390,16.69208,16.99481,17.28229,17.66426,18.02059,18.43535,18.96523,19.55981,20.29915,21.25021,22.56604,24.98150,28.25201
2026-03-06,2026-02-27,ewma,5,29.49000,18.07360,True,14.03598,14.46385,14.94847,15.31676,15.62698,15.91951,16.18087,16.49611,16.77520,17.07991,17.36893,17.75257,18.11114,18.52790,19.06042,19.65767,20.40005,21.35582,22.67756,25.10559,28.38931
2026-03-09,2026-03-02,ewma,5,25.50000,18.22862,True,14.15639,14.58839,15.07689,15.44821,15.76132,16.05670,16.31978,16.63779,16.91934,17.22692,17.51859,17.90523,18.26661,18.68703,19.22833,19.82668,20.57789,21.54073,22.87135,25.32077,28.62958
2026-03-10,2026-03-03,ewma,5,24.93000,18.46435,True,14.33949,14.77755,15.27208,15.64807,15.96547,16.26499,16.53096,16.85307,17.13856,17.44994,17.74542,18.14078,18.50306,18.92978,19.48008,20.08436,20.84952,21.82295,23.17294,25.64806,28.99655
2026-03-11,2026-03-04,ewma,5,24.23000,18.59015,True,14.43722,14.87874,15.37634,15.75476,16.07456,16.37646,16.64372,16.96802,17.25575,17.56907,17.86660,18.26922,18.62939,19.06057,19.61319,20.22443,20.99684,21.97147,23.33076,25.82265,29.19082
2026-03-12,2026-03-05,ewma,5,27.29000,18.81923,True,14.61515,15.06209,15.56588,15.94956,16.27277,16.57841,16.84887,17.17732,17.46903,17.78643,18.08957,18.49447,18.85949,19.29736,19.85677,20.47557,21.26055,22.24312,23.61880,26.14079,29.54720
2026-03-13,2026-03-06,ewma,5,27.19000,19.24667,True,14.94713,15.40420,15.91949,16.31250,16.64249,16.95510,17.23161,17.56767,17.86645,18.19129,18.50330,18.91493,19.28904,19.73677,20.30878,20.94197,21.74504,22.75131,24.15894,26.73744,30.37208
2026-03-16,2026-03-09,ewma,5,23.51000,19.51932,True,15.15891,15.62243,16.14508,16.54428,16.87837,17.19545,17.47578,17.81674,18.11990,18.44944,18.76711,19.18455,19.56483,20.01651,20.59702,21.23952,22.05333,23.07869,24.50601,27.13277,30.79770
2026-03-17,2026-03-10,ewma,5,22.37000,19.75958,True,15.34552,15.81473,16.34388,16.74861,17.08624,17.40725,17.69150,18.03615,18.34295,18.67685,18.99980,19.42182,19.80707,20.26492,20.85238,21.50147,22.32553,23.36739,24.81703,27.46576,31.17208
2026-03-18,2026-03-11,ewma,5,25.09000,19.96211,True,15.50284,15.97684,16.51147,16.92099,17.26150,17.58579,17.87374,18.22113,18.53099,18.86854,19.19490,19.62110,20.01095,20.47586,21.06677,21.72339,22.55722,23.60975,25.08214,27.74630,31.48685
2026-03-19,2026-03-12,ewma,5,24.06000,20.27665,True,15.74715,16.22860,16.77171,17.18833,17.53362,17.86301,18.15629,18.50870,18.82339,19.16604,19.49773,19.93095,20.32755,20.80342,21.39942,22.06838,22.91948,23.98385,25.48364,28.19905,31.97817
2026-03-20,2026-03-13,ewma,5,26.78000,20.57628,True,15.97988,16.46842,17.01962,17.44290,17.79285,18.12710,18.42534,18.78357,19.10195,19.44941,19.78679,20.22655,20.62943,21.11261,21.71767,22.39677,23.26252,24.33885,25.86636,28.63057,32.44583
2026-03-23,2026-03-16,ewma,5,26.15000,20.71387,True,16.08676,16.57855,17.13349,17.55983,17.91196,18.24843,18.54893,18.91054,19.22996,19.57953,19.92004,20.36466,20.76928,21.25530,21.86342,22.54676,23.41992,24.50206,26.03758,28.82122,32.65786
2026-03-24,2026-03-17,ewma,5,26.95000,20.79369,True,16.14878,16.64244,17.19959,17.62779,17.98111,18.31894,18.62079,18.98427,19.30420,19.65509,19.99795,20.44666,20.85003,21.33941,21.94794,22.64620,23.51097,24.59639,26.13615,28.93148,32.77876
2026-03-25,2026-03-18,ewma,5,25.33000,20.98988,True,16.30118,16.79947,17.36194,17.79441,18.15090,18.49197,18.79688,19.16356,19.48649,19.84103,20.18781,20.64090,21.04690,21.54387,22.15532,22.86431,23.73545,24.82957,26.38178,29.20366,33.08306
2026-03-26,2026-03-19,ewma,5,27.44000,21.13364,True,16.41286,16.91454,17.48091,17.91658,18.27530,18.61881,18.92611,19.29498,19.62178,19.97742,20.32618,20.78333,21.19138,21.69416,22.30831,23.02268,23.89868,25.00611,26.56239,29.40286,33.30462
2026-03-27,2026-03-20,ewma,5,31.05000,21.38533,True,16.60837,17.11600,17.68917,18.13027,18.49305,18.84076,19.15202,19.52547,19.85733,20.21608,20.56837,21.03160,21.44401,21.95306,22.57596,23.30161,24.18821,25.31894,26.89260,29.75223,33.69620
2026-03-30,2026-03-23,ewma,5,30.61000,21.60150,True,16.77628,17.28902,17.86803,18.31383,18.68006,19.03198,19.34611,19.72394,20.05912,20.42120,20.77751,21.24489,21.66085,22.17553,22.80639,23.53780,24.43866,25.59354,27.16964,30.05213,34.03167
2026-03-31,2026-03-24,ewma,5,25.25000,21.84176,True,16.96290,17.48132,18.06682,18.51797,18.88792,19.24445,19.56168,19.94443,20.28248,20.64923,21.00986,21.48176,21.90221,22.42274,23.06069,23.80695,24.71482,25.88297,27.47642,30.38555,34.40501
2026-04-01,2026-03-25,ewma,5,24.54000,22.00417,True,17.08907,17.61132,18.20123,18.65618,19.02846,19.38834,19.70747,20.09360,20.43356,20.80371,21.16624,21.64297,22.06570,22.58986,23.23342,23.99197,24.89910,26.07864,27.68008,30.61065,34.65562
2026-04-02,2026-03-26,ewma,5,23.87000,22.24841,True,17.27879,17.80681,18.40332,18.86378,19.23982,19.60435,19.92655,20.31739,20.66051,21.03536,21.40134,21.88578,22.31661,22.84258,23.49499,24.26070,25.17766,26.37057,27.99189,30.94957,35.03500
2026-04-06,2026-03-27,ewma,5,24.17000,22.62231,True,17.56921,18.10608,18.71267,19.18134,19.56330,19.93422,20.26188,20.65962,21.00787,21.38934,21.76170,22.25461,22.69644,23.22953,23.89918,24.67010,25.60462,26.81921,28.46461,31.48393,35.61844
2026-04-07,2026-03-30,ewma,5,25.78000,22.96695,True,17.83690,18.38193,18.99781,19.47409,19.86149,20.23831,20.57122,20.97450,21.32883,21.71582,22.09391,22.59373,23.04435,23.58704,24.27179,25.04891,25.99858,27.23809,28.90247,31.96759,36.15562
2026-04-08,2026-03-31,ewma,5,21.04000,23.07604,True,17.92166,18.46925,19.08811,19.56713,19.95597,20.33484,20.66958,21.07415,21.43182,21.82014,22.19894,22.70229,23.15603,23.70147,24.39281,25.17034,26.12605,27.36503,29.03796,32.11851,36.32188
2026-04-09,2026-04-01,ewma,5,19.49000,23.14712,True,17.97689,18.52615,19.14697,19.62794,20.01759,20.39788,20.73391,21.13910,21.49953,21.88854,22.26741,22.77373,23.22962,23.77584,24.47009,25.24800,26.20507,27.44688,29.12561,32.21653,36.42827
2026-04-10,2026-04-02,ewma,5,19.23000,23.18274,True,18.00460,18.55467,19.17663,19.65837,20.04931,20.42959,20.76590,21.17231,21.53309,21.92367,22.30201,22.80908,23.26795,23.81894,24.50821,25.28681,26.24454,27.48761,29.17033,32.26597,36.48022
2026-04-13,2026-04-06,ewma,5,19.12000,23.23113,True,18.04223,18.59341,19.21687,19.69964,20.09208,20.47256,20.80933,21.21719,21.57851,21.97089,22.34890,22.85716,23.31832,23.87368,24.56199,25.33955,26.29847,27.54348,29.23113,32.33319,36.55225
2026-04-14,2026-04-07,ewma,5,18.36000,23.35237,True,18.13643,18.69046,19.31737,19.80268,20.19786,20.57974,20.91801,21.32855,21.69453,22.08807,22.46576,22.97766,23.44026,24.00154,24.69397,25.47347,26.43487,27.68571,29.38358,32.50180,36.73887
2026-04-15,2026-04-08,ewma,5,18.17000,23.23093,True,18.04217,18.59328,19.21712,19.69994,20.09375,20.47304,20.80944,21.21643,21.57809,21.97039,22.34872,22.85719,23.31821,23.87498,24.56421,25.33943,26.29655,27.54024,29.23069,32.33266,36.54371
2026-04-16,2026-04-09,ewma,5,17.94000,23.02788,True,17.88451,18.43078,19.04935,19.52593,19.91447,20.29313,20.62724,21.03018,21.38877,21.77658,22.15304,22.65682,23.11423,23.66456,24.34770,25.11790,26.06586,27.29803,28.97510,32.04992,36.22021
2026-04-17,2026-04-10,ewma,5,17.48000,22.82129,True,17.72411,18.26544,18.87866,19.34787,19.73523,20.10995,20.44162,20.84146,21.19439,21.57965,21.95396,22.45332,22.90517,23.45005,24.12749,24.89252,25.83092,27.05165,28.71507,31.76226,35.89123
2026-04-20,2026-04-13,ewma,5,18.87000,22.62026,True,17.56802,18.10456,18.71097,19.17562,19.56095,19.93120,20.26004,20.65664,21.00596,21.38814,21.76049,22.25497,22.70172,23.24005,23.91371,24.67320,25.60229,26.81224,28.46202,31.48234,35.57106
2026-04-21,2026-04-14,ewma,5,19.50000,22.38548,True,17.38572,17.91643,18.51617,18.97227,19.35745,19.72190,20.04886,20.44060,20.78772,21.16536,21.53454,22.02278,22.46453,22.99544,23.66530,24.41707,25.33548,26.53356,28.16652,31.15545,35.19789
2026-04-22,2026-04-15,ewma,5,18.92000,22.15316,True,17.20534,17.72382,18.32314,18.77392,19.15600,19.51662,19.83983,20.22637,20.57166,20.94516,21.31039,21.79317,22.22996,22.75459,23.41952,24.16251,25.07149,26.25781,27.87412,30.83200,34.82869
2026-04-23,2026-04-16,ewma,5,19.31000,21.92073,True,17.02486,17.52990,18.12863,18.57643,18.95446,19.31139,19.63048,20.01342,20.35543,20.72431,21.08614,21.56445,21.99530,22.51515,23.17361,23.90785,24.80739,25.98193,27.58157,30.50839,34.45939
2026-04-24,2026-04-17,ewma,5,18.71000,21.67402,True,16.83187,17.32875,17.92340,18.36690,18.73962,19.09361,19.40859,19.78731,20.12351,20.48994,20.84866,21.32168,21.74639,22.26106,22.91193,23.63764,24.52765,25.68912,27.27082,30.16490,34.06772
2026-04-27,2026-04-20,ewma,5,18.02000,21.52440,True,16.71571,17.20927,17.79980,18.23925,18.60936,18.96131,19.27291,19.64806,19.98265,20.34755,20.70459,21.17267,21.59492,22.10606,22.75291,23.47334,24.35780,25.51141,27.08225,29.95655,33.82873
2026-04-28,2026-04-21,ewma,5,17.83000,21.41836,True,16.63339,17.12463,17.71224,18.14984,18.51786,18.86563,19.17600,19.55030,19.88398,20.24645,20.60136,21.06632,21.48594,21.99534,22.63997,23.35717,24.23728,25.38535,26.94852,29.80885,33.65829
2026-04-29,2026-04-22,ewma,5,18.81000,21.28595,True,16.53059,17.01889,17.60287,18.03782,18.40279,18.74749,19.05730,19.42918,19.76055,20.12067,20.47278,20.93511,21.34929,21.85755,22.49750,23.21224,24.08691,25.22794,26.78160,29.62444,33.44644
2026-04-30,2026-04-23,ewma,5,16.89000,21.18251,True,16.45030,16.93633,17.51746,17.95023,18.31342,18.65676,18.96440,19.33434,19.66390,20.02253,20.37319,20.83292,21.24174,21.74974,22.38487,23.09892,23.96934,25.10484,26.65115,29.48037,33.28016
2026-05-01,2026-04-24,ewma,5,16.99000,21.05146,True,16.34856,16.83168,17.40922,17.83924,18.19990,18.54022,18.84682,19.21440,19.54221,19.89857,20.24704,20.70352,21.10993,21.61367,22.24309,22.95550,23.82093,24.94902,26.48595,29.29786,33.07054
2026-05-04,2026-04-27,ewma,5,18.29000,20.88843,True,16.22198,16.70147,17.27452,17.69964,18.05762,18.39364,18.70084,19.06526,19.39048,19.74429,20.08908,20.54259,20.94605,21.44479,22.06743,22.77697,23.63633,24.75531,26.28053,29.07085,32.81074
2026-05-05,2026-04-28,ewma,5,17.38000,20.72374,True,16.09411,16.56992,17.13845,17.55826,17.91402,18.24761,18.55184,18.91369,19.23654,19.58838,19.92953,20.37997,20.78068,21.27533,21.88978,22.59663,23.44986,24.55963,26.07302,28.84153,32.54838
2026-05-06,2026-04-29,ewma,5,17.39000,20.62359,True,16.01636,16.48997,17.05575,17.47354,17.82763,18.15943,18.46043,18.82129,19.14276,19.49333,19.83227,20.28060,20.68020,21.17231,21.78035,22.48667,23.33641,24.44044,25.94671,28.70203,32.38743
2026-05-07,2026-04-30,ewma,5,17.08000,20.41867,True,15.85726,16.32364,16.88516,17.29918,17.64974,17.97897,18.27534,18.63350,18.95186,19.29923,19.63429,20.07822,20.47467,20.96174,21.56033,22.26250,23.10442,24.19711,25.68860,28.41673,32.06202
2026-05-08,2026-05-01,ewma,5,17.19000,20.23186,True,15.71221,16.17443,16.72974,17.14012,17.48818,17.81441,18.10722,18.46134,18.77828,19.12153,19.45428,19.89171,20.28714,20.76967,21.36249,22.05551,22.89173,23.97494,25.45298,28.15597,31.76510
2026-05-11,2026-05-04,ewma,5,18.38000,20.13004,True,15.63317,16.09316,16.64565,17.05400,17.40019,17.72472,18.01509,18.36740,18.68356,19.02432,19.35602,19.78880,20.18483,20.66485,21.25440,21.94123,22.77524,23.85352,25.32430,28.01350,31.60168
2026-05-12,2026-05-05,ewma,5,17.99000,19.98273,True,15.51880,15.97552,16.52394,16.92891,17.27142,17.59433,17.88232,18.23270,18.54656,18.88479,19.21266,19.64271,20.03697,20.51334,21.09828,21.77740,22.60729,23.67819,25.13840,27.80774,31.36690
2026-05-13,2026-05-06,ewma,5,17.87000,19.84436,True,15.41137,15.86502,16.40963,16.81114,17.14924,17.47049,17.75831,18.10468,18.41740,18.75353,19.07791,19.50584,19.89814,20.37103,20.95183,21.62336,22.44947,23.51347,24.96374,27.61443,31.14619
2026-05-14,2026-05-07,ewma,5,17.26000,19.69607,True,15.29624,15.74660,16.28710,16.68466,17.01913,17.33977,17.62513,17.96575,18.27883,18.61261,18.93242,19.35961,19.74936,20.21854,20.79502,21.46158,22.28045,23.33700,24.77662,27.40732,30.90996
2026-05-15,2026-05-08,ewma,5,18.43000,19.56251,True,15.19253,15.63994,16.17675,16.57157,16.90269,17.22203,17.50455,17.83746,18.15465,18.48452,18.80111,19.22816,19.61423,20.08076,20.65375,21.31584,22.12791,23.17799,24.60803,27.22071,30.69689
2026-05-18,2026-05-11,ewma,5,17.82000,19.50161,True,15.14527,15.59138,16.12650,16.52008,16.85033,17.16847,17.45078,17.78540,18.09792,18.42420,18.74230,19.16774,19.55199,20.01656,20.58897,21.24929,22.05760,23.10430,24.53086,27.13524,30.59789
2026-05-19,2026-05-12,ewma,5,18.06000,19.42310,True,15.08433,15.52873,16.06168,16.45376,16.78275,17.09940,17.38077,17.70896,18.02485,18.34888,18.66655,19.08922,19.47227,19.93429,20.50512,21.16355,21.96736,23.00818,24.43153,27.02525,30.47128
2026-05-20,2026-05-13,ewma,5,17.44000,19.34233,True,15.02163,15.46428,15.99499,16.38553,16.71322,17.02835,17.30875,17.63400,17.94976,18.27205,18.58819,19.00864,19.39048,19.84997,20.41889,21.07412,21.87459,22.90942,24.32937,26.91213,30.34115
2026-05-21,2026-05-14,ewma,5,16.76000,19.23249,True,14.93635,15.37659,15.90425,16.29267,16.61855,16.93150,17.20987,17.53319,17.84773,18.16810,18.48189,18.90058,19.27955,19.73614,20.30198,20.95302,21.74895,22.77624,24.19064,26.75856,30.16545
2026-05-22,2026-05-15,ewma,5,16.70000,19.19155,True,14.90459,15.34397,15.87051,16.25817,16.58365,16.89550,17.17348,17.49612,17.80980,18.12920,18.44179,18.86024,19.23795,19.69303,20.25827,20.90700,21.70250,22.72469,24.13893,26.70086,30.09784
2026-05-25,2026-05-18,ewma,5,16.59000,19.12053,True,14.84946,15.28732,15.81190,16.19820,16.52276,16.83303,17.11018,17.43188,17.74366,18.06097,18.37280,18.78682,19.16620,19.61934,20.18282,20.82822,21.62204,22.63754,24.04938,26.60132,29.98308
2026-05-26,2026-05-19,ewma,5,17.01000,19.06605,True,14.80718,15.24388,15.76696,16.15224,16.47616,16.78512,17.06168,17.38292,17.69331,18.00800,18.32020,18.72923,19.11049,19.56284,20.12484,20.76878,21.56028,22.57000,23.98064,26.52481,29.89429
2026-05-27,2026-05-20,ewma,5,16.29000,18.98126,True,14.74136,15.17621,15.69696,16.08047,16.40336,16.71053,16.98594,17.30444,17.61426,17.92543,18.23848,18.64437,19.02387,19.47525,20.03510,20.67632,21.46425,22.46719,23.87378,26.40612,29.75799
2026-05-28,2026-05-21,ewma,5,15.74000,18.86351,True,14.64994,15.08219,15.59970,15.98072,16.30207,16.60671,16.88010,17.19664,17.50449,17.81211,18.12453,18.52837,18.90422,19.35250,19.91070,20.54796,21.33095,22.32569,23.72546,26.24159,29.57006
2026-05-29,2026-05-22,ewma,5,15.32000,18.74896,True,14.56101,14.99072,15.50509,15.88368,16.20373,16.50572,16.77659,17.09127,17.39781,17.70225,18.01366,18.41545,18.78907,19.23254,19.78968,20.42309,21.20082,22.18800,23.58117,26.08152,29.38718
2026-06-01,2026-05-25,ewma,5,16.05000,18.63462,True,14.47224,14.89942,15.41065,15.78682,16.10557,16.40436,16.67218,16.98586,17.29127,17.59350,17.90377,18.30265,18.67414,19.11282,19.66888,20.29479,21.07095,22.05059,23.43715,25.92175,29.20469
2026-06-02,2026-05-26,ewma,5,15.77000,18.54983,True,14.40641,14.83174,15.34063,15.71499,16.03293,16.32994,16.59598,16.90813,17.21202,17.51316,17.82226,18.21876,18.58889,19.02454,19.57927,20.19870,20.97448,21.94815,23.33029,25.80308,29.06851
2026-06-03,2026-05-27,ewma,5,16.06000,18.42973,True,14.31317,14.73583,15.24142,15.61325,15.92673,16.22199,16.48834,16.79811,17.09900,17.39941,17.70668,18.09984,18.46836,18.90027,19.45241,20.06421,20.83810,21.80397,23.17902,25.63532,28.87706
2026-06-04,2026-05-28,ewma,5,15.40000,18.28492,True,14.20074,14.62017,15.12179,15.49055,15.79978,16.08931,16.35839,16.66547,16.96258,17.26234,17.56736,17.95668,18.32308,18.75067,19.29947,19.90289,20.67380,21.63059,22.99670,25.43321,28.64695
2026-06-05,2026-05-29,ewma,5,21.51000,18.12389,True,14.07571,14.49163,14.98761,15.35311,15.65967,15.94709,16.21206,16.51840,16.80980,17.10967,17.41069,17.79840,18.16162,18.58547,19.12873,19.72754,20.49168,21.43986,22.79271,25.20854,28.39429
2026-06-08,2026-06-01,ewma,5,18.92000,18.01410,True,13.99048,14.40406,14.89693,15.26029,15.56356,15.84939,16.11245,16.41786,16.70571,17.00538,17.30327,17.69046,18.05151,18.47282,19.01210,19.60797,20.36750,21.30975,22.65319,25.05517,28.22193
2026-06-09,2026-06-02,ewma,5,19.87000,17.89467,True,13.89775,14.30877,14.79827,15.15928,15.45898,15.74337,16.00490,16.30835,16.59492,16.89194,17.18831,17.57294,17.93135,18.35015,18.88528,19.47790,20.23242,21.16822,22.50155,24.88838,28.03445
2026-06-10,2026-06-03,ewma,5,22.22000,17.79814,True,13.82282,14.23180,14.71856,15.07769,15.37595,15.65838,15.91806,16.21993,16.50421,16.80020,17.09535,17.47791,17.83376,18.25019,18.78312,19.37277,20.12324,21.05381,22.37875,24.75347,27.88288
2026-06-11,2026-06-04,ewma,5,19.44000,17.66981,True,13.72319,14.12940,14.61254,14.96820,15.26367,15.54422,15.80244,16.10267,16.38342,16.67854,16.97177,17.35124,17.70431,18.11764,18.64763,19.23214,19.97811,20.90178,22.21597,24.57433,27.68149
2026-06-12,2026-06-05,ewma,5,17.68000,17.84442,True,13.85883,14.26923,14.75705,15.11616,15.41486,15.69824,15.95902,16.26191,16.54652,16.84378,17.13980,17.52341,17.88056,18.29848,18.83251,19.42327,20.17570,21.11083,22.43406,24.81650,27.95466
2026-06-15,2026-06-08,ewma,5,16.20000,17.89672,True,13.89948,14.31127,14.80040,15.16055,15.46039,15.74468,16.00614,16.30980,16.59621,16.89363,17.19027,17.57507,17.93388,18.35249,18.88717,19.48013,20.23478,21.17127,22.49837,24.88856,28.03623
2026-06-16,2026-06-09,ewma,5,16.41000,17.99056,True,13.97240,14.38652,14.87812,15.24022,15.54182,15.82766,16.09029,16.39555,16.68385,16.98277,17.28066,17.66742,18.02805,18.44942,18.98775,19.58247,20.34084,21.28205,22.61489,25.01839,28.18288
2026-06-17,2026-06-10,ewma,5,18.44000,18.18149,True,14.12072,14.53943,15.03614,15.40215,15.70713,15.99566,16.26129,16.56985,16.86094,17.16358,17.46602,17.85509,18.21961,18.64725,19.19040,19.80129,20.55742,21.51713,22.85344,25.28324,28.48162
2026-06-18,2026-06-11,ewma,5,16.40000,18.24244,True,14.16809,14.58838,15.08665,15.45396,15.76015,16.04931,16.31602,16.62576,16.91747,17.22164,17.52654,17.91601,18.28095,18.71363,19.25496,19.87152,20.62576,21.58719,22.92858,25.36731,28.57673
2026-06-22,2026-06-12,ewma,5,17.28000,18.21390,True,14.14596,14.56577,15.06325,15.42996,15.73583,16.02422,16.29082,16.60011,16.89328,17.19522,17.49931,17.88909,18.25217,18.68197,19.22474,19.84034,20.59344,21.55136,22.89263,25.32694,28.53165
2026-06-23,2026-06-15,ewma,5,19.49000,18.10750,True,14.06336,14.48090,14.97547,15.34000,15.64425,15.93064,16.19598,16.50247,16.79233,17.09414,17.39689,17.78370,18.14537,18.57121,19.11233,19.72435,20.47310,21.42343,22.75884,25.17832,28.36462
2026-06-24,2026-06-16,ewma,5,18.63000,18.01860,True,13.99435,14.41002,14.90215,15.26486,15.56778,15.85288,16.11679,16.42180,16.70985,17.00956,17.30954,17.69545,18.05615,18.47895,19.01840,19.62388,20.37254,21.31621,22.64703,25.05403,28.22500
2026-06-25,2026-06-17,ewma,5,18.89000,18.03944,True,14.01057,14.42691,14.91959,15.28258,15.58612,15.87168,16.13619,16.44115,16.72920,17.02977,17.33150,17.71706,18.07725,18.49924,19.03985,19.64294,20.39606,21.34003,22.67315,25.08233,28.25728
2026-06-26,2026-06-18,ewma,5,18.41000,17.95370,True,13.94402,14.35856,14.84889,15.20995,15.51239,15.79671,16.06046,16.36235,16.64966,16.94817,17.24719,17.63192,17.99116,18.41097,18.94860,19.54597,20.29908,21.23837,22.56533,24.96246,28.12263
2026-06-29,2026-06-22,ewma,5,17.65000,17.91940,True,13.91741,14.33134,14.82073,15.18090,15.48299,15.76699,16.03074,16.33145,16.61787,16.91633,17.21231,17.59766,17.95670,18.37573,18.91164,19.50502,20.25954,21.19756,22.52215,24.91410,28.06854
2026-06-30,2026-06-23,ewma,5,16.45000,17.99484,True,13.97604,14.39188,14.88332,15.24481,15.54840,15.83354,16.09893,16.40056,16.68785,16.98807,17.28671,17.67253,18.03247,18.45335,18.99303,19.58706,20.34406,21.28656,22.61689,25.01831,28.18634
2026-07-01,2026-06-24,ewma,5,16.59000,18.02607,True,14.00033,14.41708,14.90937,15.27128,15.57563,15.86119,16.12704,16.42922,16.71795,17.01803,17.31867,17.70435,18.06404,18.48739,19.02524,19.62100,20.37861,21.32328,22.65608,25.06107,28.23491
2026-07-02,2026-06-25,ewma,5,16.15000,18.06832,True,14.03318,14.45108,14.94451,15.30707,15.61237,15.89854,16.16501,16.46788,16.75938,17.05821,17.35945,17.74653,18.10680,18.53400,19.06906,19.66691,20.42560,21.37301,22.70911,25.11912,28.30071
2026-07-06,2026-06-26,ewma,5,15.57000,18.08525,True,14.04636,14.46484,14.95872,15.32142,15.62724,15.91361,16.18032,16.48348,16.77735,17.07450,17.37591,17.76376,18.12428,18.54901,19.08616,19.68528,20.44397,21.39281,22.73032,25.14199,28.32687
2026-07-07,2026-06-29,ewma,5,16.13000,18.06323,True,14.02930,14.44772,14.94058,15.30290,15.60867,15.89596,16.16064,16.46376,16.75829,17.05393,17.35479,17.74253,18.10188,18.52535,19.06286,19.66034,20.41757,21.36669,22.70251,25.11050,28.29203
2026-07-08,2026-06-30,ewma,5,16.90000,17.97894,True,13.96386,14.38079,14.87092,15.23161,15.53627,15.82349,16.08524,16.38728,16.67760,16.97406,17.27377,17.65941,18.01706,18.43782,18.97384,19.56763,20.32077,21.26691,22.59643,24.99244,28.15964
2026-07-09,2026-07-01,ewma,5,15.84000,17.90681,True,13.90787,14.32358,14.81132,15.17062,15.47439,15.76171,16.02072,16.32186,16.60734,16.90560,17.20427,17.58811,17.94452,18.36292,18.89765,19.48816,20.23774,21.18152,22.50563,24.89129,28.04630
2026-07-10,2026-07-02,ewma,5,15.03000,17.81459,True,13.83629,14.25030,14.73511,15.09262,15.39514,15.68224,15.93818,16.23719,16.52068,16.81808,17.11548,17.49706,17.85194,18.26829,18.79983,19.38685,20.13202,21.07237,22.38960,24.76224,27.90152
2026-07-13,2026-07-06,ewma,5,17.16000,17.69504,True,13.74347,14.15514,14.63628,14.99145,15.29006,15.57194,15.83094,16.12772,16.40979,16.70459,16.99871,17.37892,17.73196,18.14562,18.67296,19.25629,19.99543,20.93088,22.23921,24.59519,27.71392
2026-07-14,2026-07-07,ewma,5,16.50000,17.61330,True,13.68001,14.09023,14.56873,14.92232,15.21987,15.50168,15.75690,16.05292,16.33221,16.62677,16.91828,17.29772,17.64996,18.06167,18.58599,19.16689,19.90243,20.83412,22.13634,24.48071,27.58554
2026-07-15,2026-07-08,ewma,5,15.67000,17.57693,True,13.65180,14.06161,14.53871,14.89163,15.18888,15.47135,15.72505,16.01993,16.29966,16.59176,16.88311,17.26135,17.61343,18.02409,18.54711,19.12686,19.86070,20.79103,22.09049,24.42930,27.52823
2026-07-16,2026-07-09,ewma,5,16.73000,17.48572,True,13.58099,13.98912,14.46333,14.81447,15.11050,15.39274,15.64152,15.93640,16.21332,16.50511,16.79526,17.17165,17.52156,17.93029,18.45074,19.02717,19.75702,20.68306,21.97573,24.30169,27.38503
2026-07-17,2026-07-10,ewma,5,18.77000,17.35391,True,13.47865,13.88413,14.35436,14.70213,14.99507,15.27174,15.52205,15.81562,16.08995,16.38017,16.66834,17.04207,17.38863,17.79468,18.31153,18.88358,19.60746,20.52706,21.80994,24.11764,27.17825
2026-07-20,2026-07-13,ewma,5,18.65000,17.34416,True,13.47111,13.87681,14.34636,14.69399,14.98688,15.26481,15.51365,15.80709,16.08148,16.37139,16.65929,17.03226,17.37802,17.78401,18.30112,18.87282,19.59583,20.51544,21.79756,24.10325,27.16264
2026-07-21,2026-07-14,ewma,5,17.05000,17.30095,True,13.43758,13.84270,14.31066,14.65750,14.94996,15.22843,15.47592,15.76805,16.04257,16.33009,16.61747,16.98958,17.33399,17.73903,18.25478,18.82564,19.54699,20.46424,21.74228,24.04235,27.09461
2026-07-22,2026-07-15,ewma,5,16.64000,17.21551,True,13.37125,13.77480,14.24004,14.58523,14.87656,15.15487,15.39816,15.68954,15.96191,16.24908,16.53509,16.90480,17.24767,17.65062,18.16389,18.73252,19.45044,20.36309,21.63395,23.92277,26.96046
2026-07-23,2026-07-16,ewma,5,18.70000,17.19090,True,13.35217,13.75558,14.21973,14.56450,14.85573,15.13342,15.37646,15.66746,15.93995,16.22616,16.50967,16.87969,17.22202,17.62448,18.13719,18.70544,19.42263,20.33390,21.60207,23.88774,26.92158
2026-07-24,2026-07-17,ewma,5,18.58000,17.26660,True,13.41101,13.81662,14.28240,14.62875,14.92158,15.20028,15.44489,15.73679,16.01131,16.29799,16.58417,16.95519,17.29922,17.70372,18.21879,18.78750,19.50815,20.42318,21.69624,23.99209,27.03979
2026-07-27,2026-07-20,ewma,5,18.67000,17.33327,True,13.46282,13.87044,14.33759,14.68534,14.97962,15.25919,15.50546,15.79777,16.07430,16.36134,16.64852,17.02143,17.36711,17.77332,18.28983,18.85973,19.58346,20.50169,21.77904,24.08387,27.14385
2026-07-28,2026-07-21,ewma,5,18.21000,17.31900,True,13.45177,13.85948,14.32583,14.67336,14.96789,15.24685,15.49362,15.78491,16.06108,16.34835,16.63512,17.00770,17.35208,17.75802,18.27465,18.84388,19.56723,20.48447,21.76014,24.06319,27.12115
2026-07-29,2026-07-22,ewma,5,20.66000,17.28440,True,13.42493,13.83226,14.29726,14.64416,14.93859,15.21643,15.46334,15.75354,16.02901,16.31623,16.60213,16.97349,17.31669,17.72187,18.23781,18.80565,19.52805,20.44320,21.71570,24.01427,27.06662
2026-07-30,2026-07-23,ewma,5,17.09000,17.35256,True,13.47790,13.88728,14.35370,14.70202,14.99812,15.27649,15.52448,15.81597,16.09331,16.38111,16.66784,17.04072,17.38607,17.79301,18.31023,18.87923,19.60496,20.52348,21.80038,24.10813,27.17301
2026-07-31,2026-07-24,ewma,5,15.99000,17.41196,True,13.52407,13.93529,14.40288,14.75246,15.05007,15.32882,15.57779,15.87045,16.15058,16.43769,16.72677,17.09923,17.44680,17.85477,18.37377,18.94326,19.67197,20.59339,21.87403,24.18981,27.26568
2026-08-03,2026-07-27,ewma,5,15.86000,17.47280,True,13.57136,13.98446,14.45325,14.80411,15.10327,15.38243,15.63239,15.92624,16.20919,16.49563,16.78710,17.15913,17.50904,17.91768,18.43960,19.00886,19.74061,20.66500,21.94949,24.27347,27.36060
2026-08-04,2026-07-28,ewma,5,16.50000,17.50894,True,13.59953,14.01339,14.48330,14.83509,15.13452,15.41429,15.66473,15.95940,16.24404,16.53004,16.82202,17.19574,17.54539,17.95486,18.47704,19.04762,19.78029,20.70726,21.99375,24.32354,27.41666
2026-08-05,2026-07-29,ewma,5,15.81000,17.65442,True,13.71262,14.12983,14.60380,14.95872,15.26029,15.54242,15.79490,16.09222,16.38034,16.66768,16.96198,17.33964,17.69134,18.10501,18.63136,19.20764,19.94610,20.88143,22.17535,24.52549,27.64393
2026-08-06,2026-07-30,ewma,5,15.15000,17.62576,True,13.69045,14.10691,14.58025,14.93480,15.23554,15.51723,15.76927,16.06638,16.35460,16.64086,16.93448,17.31207,17.66249,18.07471,18.60105,19.17586,19.91362,20.84718,22.13821,24.48553,27.59852
2026-08-07,2026-07-31,ewma,5,14.90000,17.54013,True,13.62404,14.03838,14.50957,14.86260,15.16154,15.44190,15.69323,15.98896,16.27364,16.55972,16.85217,17.22750,17.57660,17.98684,18.51019,19.08211,19.81678,20.74556,22.02952,24.36643,27.46391
2026-08-10,2026-08-03,ewma,5,15.46000,17.45205,True,13.55571,13.96789,14.43686,14.78832,15.08541,15.36494,15.61527,15.90779,16.18994,16.47620,16.76735,17.14027,17.48825,17.89644,18.41654,18.98573,19.71717,20.64103,21.91776,24.24393,27.32546
2026-08-11,2026-08-04,ewma,5,15.28000,17.40317,True,13.51784,13.92878,14.39658,14.74726,15.04332,15.32249,15.57237,15.86357,16.14591,16.42956,16.72020,17.09135,17.43841,17.84619,18.36426,18.93200,19.66079,20.58287,21.85524,24.17588,27.24839
2026-08-12,2026-08-05,ewma,5,14.55000,17.31982,True,13.45320,13.86208,14.32778,14.67689,14.97144,15.24970,15.49843,15.78708,16.06619,16.35026,16.63826,17.00886,17.35406,17.76045,18.27581,18.84079,19.56549,20.48391,21.74945,24.05996,27.11738
2026-08-13,2026-08-06,ewma,5,14.63000,17.20430,True,13.36355,13.76962,14.23237,14.57904,14.87123,15.14624,15.39331,15.68131,15.95581,16.24056,16.52542,16.89528,17.23752,17.64171,18.15378,18.71457,19.43385,20.34681,21.60326,23.89933,26.93598
2026-08-14,2026-08-07,ewma,5,14.25000,17.08104,True,13.26791,13.67099,14.13056,14.47464,14.76404,15.03759,15.28192,15.56836,15.84041,16.12355,16.40680,16.77411,17.11331,17.51488,18.02360,18.58005,19.29349,20.20057,21.44738,23.72797,26.74249
2026-08-17,2026-08-10,ewma,5,15.19000,16.99609,True,13.20201,13.60300,14.06043,14.40271,14.69121,14.96285,15.20589,15.49057,15.76161,16.04284,16.32497,16.69045,17.02749,17.42712,17.93385,18.48720,19.19642,20.09964,21.33961,23.60983,26.60897
2026-08-18,2026-08-11,ewma,5,15.84000,16.90588,True,13.13203,13.53081,13.98679,14.32631,14.61325,14.88329,15.12481,15.40798,15.67624,15.95720,16.23801,16.60162,16.93585,17.33396,17.83793,18.38862,19.09333,19.99249,21.22586,23.48437,26.46722
2026-08-19,2026-08-12,ewma,5,14.89000,16.77950,True,13.03395,13.42967,13.88321,14.21854,14.50222,14.77190,15.01039,15.29218,15.55766,15.83755,16.11632,16.47667,16.80800,17.20360,17.70386,18.25071,18.94941,19.84258,21.06671,23.30868,26.26886
2026-08-20,2026-08-13,ewma,5,16.01000,16.66489,True,12.94501,13.33794,13.78934,14.12176,14.40117,14.67036,14.90596,15.18726,15.45058,15.72909,16.00450,16.36320,16.69173,17.08520,17.58222,18.12595,18.81879,19.70658,20.92234,23.14932,26.08892
2026-08-21,2026-08-14,ewma,5,15.13000,16.53495,True,12.84417,13.23396,13.68279,14.00973,14.28743,14.55262,14.78905,15.06849,15.32977,15.60643,15.87801,16.23500,16.55995,16.95112,17.44480,17.98453,18.67089,19.55219,20.75874,22.96870,25.88501
2026-08-24,2026-08-17,ewma,5,15.85000,16.46496,True,12.78989,13.17795,13.62583,13.95077,14.22717,14.49259,14.72591,15.00458,15.26478,15.54023,15.81022,16.16580,16.48821,16.87904,17.37080,17.90831,18.59069,19.46854,20.67040,22.87134,25.77494
2026-08-25,2026-08-18,ewma,5,15.45000,16.43314,True,12.76526,13.15248,13.60045,13.92414,14.20008,14.46614,14.69765,14.97565,15.23534,15.50991,15.77908,16.13423,16.45570,16.84630,17.33707,17.87360,18.55351,19.43003,20.62997,22.82699,25.72462
2026-08-26,2026-08-19,ewma,5,15.21000,16.35231,True,12.70256,13.08780,13.53451,13.85599,14.13064,14.39520,14.62489,14.90181,15.16019,15.43277,15.70147,16.05473,16.37413,16.76334,17.25106,17.78552,18.46101,19.33358,20.52804,22.71459,25.59760
2026-08-27,2026-08-20,ewma,5,14.51000,16.33502,True,12.68922,13.07397,13.52116,13.84168,14.11611,14.38019,14.60963,14.88618,15.14435,15.41726,15.68487,16.03736,16.35650,16.74522,17.23089,17.76654,18.44025,19.31227,20.50587,22.69044,25.57004
2026-08-28,2026-08-21,ewma,5,14.43000,16.27255,True,12.64078,13.02398,13.47040,13.78908,14.06253,14.32540,14.55396,14.82932,15.08609,15.35729,15.62489,15.97476,16.29395,16.68074,17.16307,17.69842,18.36849,19.23754,20.42699,22.60353,25.47176
2026-08-31,2026-08-24,ewma,5,14.92000,16.25116,True,12.62425,13.00687,13.45364,13.77128,14.04445,14.30677,14.53502,14.80989,15.06656,15.33805,15.60435,15.95249,16.27252,16.65836,17.13858,17.67498,18.34311,19.21137,20.39967,22.57368,25.43778
2026-09-01,2026-08-25,ewma,5,16.34000,16.21013,True,12.59246,12.97404,13.41974,13.73656,14.00956,14.27070,14.49862,14.77271,15.02859,15.29816,15.56495,15.91148,16.23036,16.61629,17.09498,17.62804,18.29676,19.16236,20.34779,22.51663,25.37307
2026-09-02,2026-08-26,ewma,5,15.20000,16.15860,True,12.55252,12.93280,13.37714,13.69294,13.96559,14.22537,14.45282,14.72595,14.98089,15.24857,15.51547,15.86018,16.17769,16.56346,17.04030,17.56969,18.23855,19.10093,20.28272,22.44498,25.29192
2026-09-03,2026-08-27,ewma,5,14.32000,16.07189,True,12.48524,12.86341,13.30542,13.61951,13.89121,14.14908,14.37462,14.64654,14.90039,15.16671,15.43201,15.77472,16.08999,16.47456,16.94853,17.47311,18.14063,18.99793,20.17349,22.32448,25.15570
2026-09-04,2026-08-28,ewma,5,14.53000,15.98552,True,12.41824,12.79429,13.23399,13.54637,13.81712,14.07308,14.29691,14.56770,14.81999,15.08514,15.34888,15.68972,16.00284,16.38599,16.85618,17.37694,18.04311,18.89534,20.06471,22.20445,25.02004
2026-09-07,2026-08-31,ewma,5,15.30000,15.93048,True,12.37557,12.75025,13.18849,13.49977,13.77011,14.02467,14.24788,14.51760,14.76852,15.03305,15.29577,15.63502,15.94706,16.32954,16.79640,17.31584,17.98094,18.82978,19.99525,22.12794,24.93341
2026-09-08,2026-09-01,ewma,5,15.72000,15.95071,True,12.39137,12.76645,13.20531,13.51696,13.78761,14.04253,14.26617,14.53615,14.78757,15.05226,15.31546,15.65560,15.96834,16.35013,16.81598,17.33655,18.00364,18.85319,20.02027,22.15598,24.96459
2026-09-09,2026-09-02,ewma,5,16.46000,15.91231,True,12.36162,12.73572,13.17358,13.48447,13.75443,14.00876,14.23205,14.50136,14.75227,15.01587,15.27833,15.61742,15.92921,16.31036,16.77406,17.29355,17.96017,18.80742,19.97169,22.10258,24.90401
2024-01-02,2023-12-22,har,5,13.20000,13.33568,True,10.51402,10.94929,11.43364,11.72814,11.98189,12.18244,12.38582,12.55444,12.72589,12.88185,13.07068,13.25083,13.44150,13.67678,13.94115,14.28997,14.66245,15.17610,15.90325,17.21023,18.96610
2024-01-03,2023-12-26,har,5,14.04000,13.32016,True,10.50187,10.93673,11.42033,11.71465,11.96810,12.16828,12.37161,12.54019,12.71111,12.86705,13.05560,13.23562,13.42551,13.65878,13.92487,14.27309,14.64525,15.15836,15.88328,17.18994,18.94322
2024-01-04,2023-12-27,har,5,14.13000,12.92131,True,10.18775,10.60941,11.07866,11.36401,11.61014,11.80431,12.00141,12.16539,12.33096,12.48163,12.66464,12.83928,13.02341,13.24665,13.50797,13.84554,14.20691,14.70472,15.40628,16.67528,18.37541
2024-01-05,2023-12-28,har,5,13.35000,12.91680,True,10.18508,10.60548,11.07472,11.36021,11.60658,11.80039,11.99677,12.16040,12.32685,12.47755,12.66016,12.83493,13.01832,13.23912,13.50264,13.84089,14.20215,14.70053,15.39948,16.67019,18.36847
2024-01-08,2023-12-29,har,5,13.08000,12.86945,True,10.14862,10.56651,11.03414,11.31942,11.56440,11.75742,11.95258,12.11542,12.28174,12.43209,12.61357,12.78822,12.96997,13.18977,13.45226,13.79041,14.15026,14.64737,15.34167,16.60937,18.30073
2024-01-09,2024-01-02,har,5,12.76000,13.40019,True,10.56732,11.00239,11.48926,11.78652,12.04183,12.24249,12.44555,12.61546,12.78832,12.94505,13.13398,13.31539,13.50486,13.73357,14.00597,14.35892,14.73359,15.25143,15.97289,17.29415,19.05476
2024-01-10,2024-01-03,har,5,12.69000,14.01194,True,11.04944,11.50456,12.01362,12.32487,12.59186,12.80115,13.01386,13.19151,13.37182,13.53596,13.73393,13.92324,14.12162,14.36112,14.64780,15.01291,15.40541,15.94722,16.70047,18.08314,19.92349
2024-01-11,2024-01-04,har,5,12.44000,14.12874,True,11.14106,11.59987,12.11380,12.42807,12.69717,12.90754,13.12262,13.30177,13.48339,13.64891,13.84815,14.03918,14.23986,14.48810,14.76975,15.13912,15.53339,16.07952,16.83808,18.23314,20.08801
2024-01-12,2024-01-05,har,5,12.70000,13.61709,True,10.73749,11.17974,11.67489,11.97829,12.23786,12.43989,12.64748,12.82074,12.99520,13.15462,13.34674,13.53088,13.72437,13.96696,14.23462,14.58997,14.97060,15.49689,16.22688,17.57234,19.35954
2024-01-16,2024-01-08,har,5,13.84000,13.44711,True,10.60346,11.04026,11.52908,11.82904,12.08564,12.28449,12.48967,12.66146,12.83295,12.99038,13.18032,13.36202,13.55373,13.79240,14.05682,14.40708,14.78345,15.30326,16.02294,17.35257,19.11702
2024-01-17,2024-01-09,har,5,14.79000,13.20821,True,10.41550,10.84444,11.32461,11.61912,11.87099,12.06678,12.26815,12.43690,12.60511,12.75990,12.94618,13.12476,13.31238,13.54356,13.80634,14.15073,14.52092,15.03162,15.73651,17.04337,18.77689
2024-01-18,2024-01-10,har,5,14.13000,13.12106,True,10.34760,10.77277,11.25013,11.54291,11.79262,11.98759,12.18698,12.35472,12.52236,12.67637,12.86089,13.03827,13.22426,13.45038,13.71438,14.05687,14.42558,14.93300,15.63087,16.93035,18.65287
2024-01-19,2024-01-11,har,5,13.30000,12.89960,True,10.17372,10.59106,11.06108,11.34854,11.59298,11.78603,11.98145,12.14570,12.31112,12.46205,12.64405,12.81842,13.00064,13.22017,13.48206,13.81946,14.18281,14.68168,15.36526,16.64414,18.33845
2024-01-22,2024-01-12,har,5,13.19000,13.06534,True,10.30473,10.72784,11.20348,11.49447,11.74251,11.93801,12.13594,12.30106,12.46899,12.62167,12.80655,12.98292,13.16829,13.39030,13.65543,13.99671,14.36533,14.87033,15.56096,16.85714,18.57388
2024-01-23,2024-01-16,har,5,12.55000,13.88446,True,10.95071,11.40084,11.90590,12.21540,12.47896,12.68622,12.89677,13.07273,13.25106,13.41344,13.60967,13.79720,13.99359,14.23281,14.51120,14.87345,15.26540,15.80222,16.53453,17.91250,19.73748
2024-01-24,2024-01-17,har,5,13.14000,14.59851,True,11.51350,11.98732,12.51762,12.84444,13.11938,13.33831,13.55953,13.74545,13.93212,14.10367,14.30918,14.50672,14.71292,14.97266,15.25771,15.63952,16.05073,16.61452,17.38234,18.83167,20.75120
2024-01-25,2024-01-18,har,5,13.45000,14.20000,True,11.19888,11.66028,12.17571,12.49465,12.76096,12.97406,13.18930,13.37045,13.55151,13.71878,13.91872,14.11047,14.31202,14.56665,14.84275,15.21417,15.61153,16.16045,16.90557,18.31584,20.18363
2024-01-26,2024-01-19,har,5,13.26000,13.65518,True,10.76910,11.21334,11.70856,12.01621,12.27166,12.47640,12.68366,12.85771,13.03166,13.19229,13.38473,13.56908,13.76414,14.00972,14.27233,14.62945,15.01182,15.53915,16.25489,17.61162,19.40839
2024-01-29,2024-01-22,har,5,13.60000,13.59488,True,10.72156,11.16438,11.65693,11.96397,12.21797,12.42145,12.62814,12.80116,12.97430,13.13414,13.32594,13.50932,13.70447,13.94705,14.20861,14.56398,14.94497,15.46927,16.18111,17.53251,19.32197
2024-01-30,2024-01-23,har,5,13.31000,13.10657,True,10.33690,10.76412,11.23818,11.53522,11.77888,11.97556,12.17366,12.34151,12.50825,12.66278,12.84786,13.02432,13.21200,13.44527,13.69763,14.04063,14.40790,14.91291,15.59742,16.90218,18.62849
2024-01-31,2024-01-24,har,5,14.35000,13.47740,True,10.62952,11.06938,11.55653,11.86250,12.11168,12.31403,12.51853,12.69116,12.86134,13.02117,13.21133,13.39265,13.58552,13.82480,14.08579,14.43752,14.81587,15.33425,16.03642,17.37981,19.15647
2024-02-01,2024-01-25,har,5,13.88000,13.67358,True,10.78456,11.23128,11.72502,12.03595,12.28858,12.49378,12.70119,12.87672,13.04828,13.20998,13.40389,13.58755,13.78281,14.02295,14.29084,14.64725,15.03184,15.55624,16.26820,17.63182,19.43533
2024-02-02,2024-01-26,har,5,13.85000,13.54144,True,10.68052,11.12327,11.61197,11.92048,12.17022,12.37339,12.57877,12.75246,12.92253,13.08320,13.27411,13.45628,13.64909,13.88302,14.15237,14.50593,14.88675,15.40445,16.10945,17.46028,19.24712
2024-02-05,2024-01-29,har,5,13.67000,13.79121,True,10.87753,11.32902,11.82619,12.14068,12.39497,12.60197,12.81100,12.98769,13.16101,13.32503,13.51942,13.70449,13.90043,14.13444,14.41297,14.77345,15.16120,15.68778,16.40488,17.78102,19.60158
2024-02-06,2024-01-30,har,5,13.06000,13.61608,True,10.73934,11.18582,11.67589,11.98656,12.23782,12.44228,12.64853,12.82289,12.99385,13.15609,13.34767,13.53098,13.72454,13.95353,14.22949,14.58574,14.96833,15.48812,16.19482,17.55386,19.35210
2024-02-07,2024-01-31,har,5,12.83000,14.37555,True,11.33794,11.81019,12.32667,12.65518,12.92065,13.13641,13.35422,13.53800,13.71897,13.89012,14.09175,14.28649,14.49090,14.73706,15.02399,15.39878,15.80234,16.35149,17.09621,18.53123,20.43046
2024-02-08,2024-02-01,har,5,12.79000,14.07198,True,11.09848,11.56136,12.06627,12.38820,12.64806,12.85891,13.07259,13.25222,13.42979,13.59780,13.79438,13.98526,14.18562,14.42103,14.70633,15.07294,15.46820,16.00563,16.73339,18.13847,19.99830
2024-02-09,2024-02-02,har,5,12.93000,14.07098,True,11.09769,11.56109,12.06529,12.38760,12.64739,12.85784,13.07199,13.25131,13.42907,13.59762,13.79361,13.98453,14.18506,14.41923,14.70479,15.07127,15.46661,16.00393,16.73038,18.13571,19.99611
2024-02-12,2024-02-05,har,5,13.93000,13.94643,True,10.99946,11.45939,11.95853,12.27825,12.53573,12.74411,12.95665,13.13423,13.31037,13.47752,13.67202,13.86046,14.05915,14.29163,14.57416,14.93737,15.32940,15.86171,16.58057,17.97391,19.81864
2024-02-13,2024-02-06,har,5,15.85000,13.50759,True,10.65346,11.09955,11.58258,11.89211,12.14169,12.34341,12.54944,12.72136,12.89195,13.05337,13.24149,13.42434,13.61667,13.84211,14.11510,14.46679,14.84693,15.36212,16.05730,17.40728,19.19480
2024-02-14,2024-02-07,har,5,14.38000,13.30172,True,10.49215,10.93027,11.40681,11.71142,11.95563,12.15598,12.35755,12.52787,12.69574,12.85391,13.03983,13.21909,13.40886,13.63134,13.90051,14.24647,14.61991,15.12727,15.81328,17.14226,18.90363
2024-02-15,2024-02-08,har,5,14.01000,13.24207,True,10.44583,10.88077,11.35591,11.65947,11.90243,12.10057,12.30173,12.47202,12.63849,12.79581,12.98176,13.15909,13.34856,13.57066,13.83812,14.18302,14.55376,15.05901,15.74335,17.06554,18.81959
2024-02-16,2024-02-09,har,5,14.24000,13.31589,True,10.50467,10.94109,11.41955,11.72511,11.96924,12.16880,12.37030,12.54170,12.70796,12.86682,13.05452,13.23241,13.42306,13.64665,13.91467,14.26241,14.63441,15.14262,15.83182,17.16073,18.92502
2024-02-20,2024-02-12,har,5,15.42000,14.02156,True,11.06138,11.52101,12.02484,12.34724,12.60388,12.81430,13.02601,13.20652,13.38237,13.54944,13.74648,13.93404,14.13424,14.36958,14.65154,15.01818,15.40890,15.94451,16.67068,18.06979,19.92779
2024-02-21,2024-02-13,har,5,15.34000,15.40732,True,12.15358,12.66067,13.21250,13.56815,13.84894,14.08087,14.31316,14.51120,14.70476,14.88841,15.10388,15.31146,15.53129,15.78864,16.10112,16.50204,16.93549,17.52342,18.31696,19.85449,21.89658
2024-02-22,2024-02-14,har,5,14.54000,14.47338,True,11.41643,11.89324,12.41132,12.74606,13.00913,13.22719,13.44572,13.63112,13.81295,13.98673,14.18810,14.38387,14.58983,14.83119,15.12532,15.50244,15.90696,16.46015,17.20600,18.65023,20.56880
2024-02-23,2024-02-15,har,5,13.75000,14.25567,True,11.24438,11.71443,12.22430,12.55455,12.81327,13.02795,13.24382,13.42590,13.60473,13.77693,13.97498,14.16797,14.37043,14.60820,14.89813,15.26847,15.66576,16.21162,16.94655,18.36905,20.25893
2024-02-26,2024-02-16,har,5,13.74000,14.45060,True,11.39772,11.87481,12.39116,12.72617,12.98829,13.20568,13.42500,13.60931,13.79066,13.96492,14.16610,14.36172,14.56690,14.81068,15.10238,15.47646,15.87781,16.43260,17.17734,18.61948,20.53524
2024-02-27,2024-02-20,har,5,13.43000,15.30354,True,12.06977,12.57607,13.12270,13.47708,13.75468,13.98465,14.21715,14.41186,14.60527,14.78855,15.00226,15.20939,15.42777,15.69394,15.99347,16.39064,16.81954,17.40197,18.18964,19.71743,21.74575
2024-02-28,2024-02-21,har,5,13.84000,15.24531,True,12.02387,12.52840,13.07283,13.42597,13.70247,13.93184,14.16323,14.35736,14.54986,14.73258,14.94579,15.15223,15.36853,15.62913,15.93251,16.32796,16.75534,17.33501,18.12020,19.64208,21.66293
2024-02-29,2024-02-22,har,5,13.40000,14.71058,True,11.60215,12.08914,12.61429,12.95517,13.22192,13.44348,13.66700,13.85401,14.04030,14.21606,14.42228,14.62154,14.82888,15.07598,15.37356,15.75496,16.16601,16.72627,17.48420,18.95275,20.90288
2024-03-01,2024-02-23,har,5,13.11000,14.16014,True,11.16822,11.63689,12.14245,12.47073,12.72748,12.94112,13.15615,13.33643,13.51597,13.68397,13.88198,14.07407,14.27355,14.50991,14.79845,15.16513,15.55980,16.09981,16.83001,18.24340,20.12080
2024-03-04,2024-02-26,har,5,13.49000,14.14167,True,11.15405,11.62177,12.12692,12.45490,12.71125,12.92480,13.13942,13.31998,13.49812,13.66616,13.86352,14.05553,14.25481,14.49110,14.77916,15.14532,15.53837,16.07822,16.80821,18.21946,20.09469
2024-03-05,2024-02-27,har,5,14.46000,13.87065,True,10.94149,11.39906,11.89485,12.21530,12.46763,12.67732,12.88668,13.06454,13.23945,13.40468,13.59793,13.78677,13.98203,14.21376,14.49574,14.85568,15.23992,15.77010,16.48695,17.87057,19.71070
2024-03-06,2024-02-28,har,5,14.50000,14.11968,True,11.13879,11.60366,12.10887,12.43492,12.69207,12.90465,13.11751,13.29905,13.47679,13.64492,13.84170,14.03458,14.23318,14.46902,14.75586,15.12283,15.51291,16.05352,16.78338,18.19156,20.06535
2024-03-07,2024-02-29,har,5,14.44000,13.78067,True,10.87204,11.32486,11.81875,12.13668,12.38788,12.59362,12.80203,12.97974,13.15320,13.31632,13.50948,13.69773,13.89110,14.12188,14.40166,14.75992,15.14052,15.66830,16.38091,17.75481,19.58395
2024-03-08,2024-03-01,har,5,14.74000,13.55807,True,10.69689,11.14209,11.62887,11.94090,12.18839,12.39078,12.59511,12.77021,12.94078,13.10034,13.29156,13.47635,13.66662,13.89421,14.16892,14.52114,14.89577,15.41535,16.11662,17.46791,19.26763
2024-03-11,2024-03-04,har,5,15.22000,13.81330,True,10.89857,11.35207,11.84821,12.16589,12.41827,12.62475,12.83246,13.01099,13.18401,13.34585,13.54199,13.72958,13.92389,14.15588,14.43500,14.79419,15.17550,15.70560,16.42015,17.79657,19.63033
2024-03-12,2024-03-05,har,5,13.84000,14.51355,True,11.45087,11.92744,12.44865,12.78274,13.04761,13.26543,13.48317,13.67034,13.85261,14.02330,14.22826,14.42631,14.63002,14.87351,15.16538,15.54351,15.94359,16.50159,17.25172,18.69823,20.62509
2024-03-13,2024-03-06,har,5,13.75000,14.56236,True,11.48926,11.96750,12.49045,12.82585,13.09150,13.31069,13.52866,13.71620,13.89951,14.07144,14.27606,14.47542,14.67983,14.92358,15.21509,15.59510,15.99622,16.55695,17.30913,18.76064,20.69406
2024-03-14,2024-03-07,har,5,14.40000,14.55462,True,11.48298,11.96126,12.48351,12.81924,13.08460,13.30331,13.52154,13.70922,13.89207,14.06474,14.26839,14.46813,14.67204,14.91568,15.20923,15.58671,15.98744,16.54769,17.29945,18.74979,20.68255
2024-03-15,2024-03-08,har,5,14.41000,14.81508,True,11.68816,12.17627,12.70627,13.04869,13.31876,13.54098,13.76339,13.95454,14.14030,14.31707,14.52324,14.72744,14.93474,15.18643,15.48242,15.86639,16.27306,16.84319,17.60817,19.08427,21.05194
2024-03-18,2024-03-11,har,5,14.33000,15.20332,True,11.99405,12.49624,13.03883,13.39048,13.66799,13.89545,14.12376,14.31982,14.51102,14.69207,14.90375,15.11334,15.32640,15.59311,15.88910,16.28256,16.70153,17.28373,18.06876,19.58321,21.60261
2024-03-19,2024-03-12,har,5,13.82000,14.23927,True,11.23381,11.70386,12.21207,12.54189,12.80176,13.01475,13.22865,13.41222,13.59034,13.76001,13.95854,14.15493,14.35432,14.59987,14.88114,15.25025,15.64217,16.18760,16.92314,18.34103,20.23306
2024-03-20,2024-03-13,har,5,13.04000,14.15936,True,11.17113,11.63819,12.14408,12.47213,12.73041,12.94221,13.15489,13.33718,13.51403,13.68166,13.88028,14.07525,14.27387,14.51346,14.79731,15.16459,15.55397,16.09657,16.82841,18.23771,20.11985
2024-03-21,2024-03-14,har,5,12.92000,14.61210,True,11.52843,12.01053,12.53247,12.87129,13.13764,13.35638,13.57583,13.76376,13.94641,14.12042,14.32422,14.52461,14.72975,14.97410,15.27004,15.64902,16.05081,16.61090,17.36650,18.82022,20.76306
2024-03-22,2024-03-15,har,5,13.06000,14.60369,True,11.52201,12.00379,12.52548,12.86435,13.13038,13.34913,13.56827,13.75615,13.93878,14.11333,14.31597,14.51581,14.72088,14.96550,15.26086,15.63952,16.04118,16.60111,17.35664,18.80882,20.75113
2024-03-25,2024-03-18,har,5,13.19000,14.52409,True,11.45965,11.93851,12.45785,12.79476,13.05935,13.27695,13.49451,13.68156,13.86267,14.03555,14.23810,14.43638,14.64040,14.88404,15.17702,15.55417,15.95357,16.51064,17.26236,18.70579,20.63827
2024-03-26,2024-03-19,har,5,13.24000,14.16901,True,11.17969,11.64673,12.15328,12.48219,12.74052,12.95246,13.16483,13.34739,13.52424,13.69356,13.89001,14.08286,14.28223,14.52015,14.80501,15.17389,15.56326,16.10706,16.84057,18.24792,20.13365
2024-03-27,2024-03-20,har,5,12.78000,13.59465,True,10.72692,11.17457,11.66049,11.97664,12.22495,12.42755,12.63067,12.80669,12.97612,13.13773,13.32733,13.51116,13.70350,13.93184,14.20463,14.55890,14.93244,15.45449,16.15858,17.50789,19.31772
2024-03-28,2024-03-21,har,5,13.01000,13.45847,True,10.62010,11.06270,11.54450,11.85729,12.10147,12.30347,12.50419,12.67843,12.84601,13.00573,13.19432,13.37486,13.56688,13.79289,14.06279,14.41303,14.78322,15.30018,15.99682,17.33227,19.12482
2024-04-01,2024-03-22,har,5,13.65000,13.51108,True,10.66219,11.10593,11.59049,11.90414,12.14787,12.35195,12.55327,12.72779,12.89552,13.05614,13.24638,13.42687,13.62038,13.84715,14.11779,14.46890,14.84137,15.36055,16.05934,17.39969,19.20011
2024-04-02,2024-03-25,har,5,14.61000,13.56541,True,10.70551,11.15058,11.63772,11.95244,12.19715,12.40074,12.60354,12.77934,12.94637,13.10819,13.29995,13.48081,13.67499,13.90290,14.17425,14.52611,14.90130,15.42292,16.12379,17.46924,19.27776
2024-04-03,2024-03-26,har,5,14.33000,13.58187,True,10.71879,11.16398,11.65229,11.96758,12.21228,12.41635,12.61915,12.79511,12.96169,13.12401,13.31637,13.49714,13.69145,13.91981,14.19150,14.54286,14.91955,15.44208,16.14302,17.48999,19.30135
2024-04-04,2024-03-27,har,5,16.35000,13.24717,True,10.45488,10.88855,11.36553,11.67335,11.91150,12.11072,12.30839,12.48011,12.64223,12.80080,12.98856,13.16438,13.35438,13.57698,13.84213,14.18358,14.55218,15.06190,15.74477,17.05862,18.82583
2024-04-05,2024-03-28,har,5,16.03000,13.40934,True,10.58299,11.02183,11.50492,11.81691,12.05814,12.25929,12.45923,12.63316,12.79763,12.95798,13.14772,13.32534,13.51778,13.74330,14.01178,14.35624,14.72977,15.24633,15.93686,17.26694,19.05630
2024-04-08,2024-04-01,har,5,15.19000,13.87060,True,10.94701,11.40096,11.90064,12.22381,12.47373,12.68106,12.88786,13.06775,13.23817,13.40374,13.59998,13.78412,13.98311,14.21589,14.49365,14.84906,15.23576,15.77043,16.48404,17.86015,19.71152
2024-04-09,2024-04-02,har,5,14.98000,14.57359,True,11.50170,11.97883,12.50334,12.84337,13.10655,13.32363,13.54094,13.72964,13.90945,14.08305,14.28882,14.48315,14.69184,14.93597,15.22787,15.60478,16.00668,16.56893,17.31786,18.76439,20.70978
2024-04-10,2024-04-03,har,5,15.80000,14.41984,True,11.38029,11.85256,12.37130,12.70800,12.96879,13.18294,13.39802,13.58457,13.76335,13.93528,14.13783,14.33051,14.53721,14.77851,15.06791,15.43897,15.83685,16.39355,17.13369,18.56559,20.49068
2024-04-11,2024-04-04,har,5,14.91000,15.89379,True,12.54326,13.06514,13.63532,14.00600,14.29358,14.52986,14.76740,14.97221,15.17146,15.35883,15.58135,15.79525,16.02186,16.28858,16.60827,17.02064,17.45545,18.06819,18.89236,20.46164,22.58322
2024-04-12,2024-04-05,har,5,17.31000,15.77851,True,12.45269,12.97112,13.53605,13.90347,14.18843,14.42387,14.65990,14.86297,15.06060,15.24692,15.46771,15.68276,15.90400,16.16918,16.48799,16.89716,17.32964,17.93621,18.75587,20.31130,22.41740
2024-04-15,2024-04-08,har,5,19.23000,15.25880,True,12.04302,12.54401,13.09009,13.44529,13.72086,13.94841,14.17698,14.37300,14.56436,14.74520,14.95844,15.16735,15.38052,15.63676,15.94616,16.34131,16.75746,17.34453,18.13736,19.64082,21.67779
2024-04-16,2024-04-09,har,5,18.40000,15.12770,True,11.94015,12.43625,12.97764,13.33000,13.60296,13.82849,14.05530,14.24952,14.43973,14.61869,14.82993,15.03807,15.24945,15.50351,15.80809,16.20065,16.61276,17.19522,17.98115,19.47074,21.49082
2024-04-17,2024-04-10,har,5,18.21000,15.73316,True,12.41839,12.93414,13.49688,13.86341,14.14708,14.38144,14.61791,14.81950,15.01813,15.20312,15.42311,15.64098,15.85992,16.13181,16.44280,16.84910,17.27693,17.88279,18.69996,20.24845,22.34980
2024-04-18,2024-04-11,har,5,18.00000,15.08527,True,11.90806,12.40169,12.94115,13.29345,13.56474,13.78967,14.01656,14.20906,14.39863,14.57749,14.78808,14.99599,15.20712,15.46306,15.76481,16.15548,16.56490,17.14660,17.92971,19.41302,21.42929
2024-04-19,2024-04-12,har,5,18.71000,16.75006,True,13.22219,13.77067,14.36902,14.76024,15.06255,15.31082,15.56380,15.77678,15.98818,16.18582,16.41983,16.65159,16.88523,17.17857,17.50631,17.93888,18.39261,19.03846,19.90746,21.55371,23.79308
2024-04-22,2024-04-15,har,5,16.94000,18.13674,True,14.31530,14.91187,15.55705,15.98069,16.31008,16.57731,16.85260,17.08291,17.31108,17.52526,17.77822,18.02775,18.28380,18.60462,18.95444,19.42401,19.91559,20.61525,21.55489,23.33444,25.76073
2024-04-23,2024-04-16,har,5,15.69000,17.71952,True,13.98461,14.56992,15.19802,15.61162,15.93490,16.19532,16.46496,16.68940,16.91174,17.12172,17.36835,17.61141,17.86300,18.17799,18.51736,18.97679,19.45935,20.14312,21.05927,22.79377,25.16631
2024-04-24,2024-04-17,har,5,15.97000,17.68290,True,13.95481,14.54027,15.16603,15.57827,15.90169,16.16135,16.43112,16.65519,16.87588,17.08635,17.33326,17.57429,17.82622,18.14187,18.48012,18.93800,19.42125,20.10237,21.01353,22.74331,25.11292
2024-04-25,2024-04-18,har,5,15.37000,17.65424,True,13.93133,14.51672,15.13938,15.55164,15.87509,16.13454,16.40487,16.62769,16.84649,17.05795,17.30499,17.54567,17.79692,18.11655,18.45062,18.90684,19.39115,20.07275,20.98525,22.70211,25.07056
2024-04-26,2024-04-19,har,5,15.03000,18.18851,True,14.35350,14.95551,15.59817,16.02206,16.35501,16.62273,16.90125,17.13137,17.35617,17.57365,17.82897,18.07729,18.33554,18.66786,19.01533,19.48096,19.98430,20.67914,21.61862,23.38628,25.82827
2024-04-29,2024-04-22,har,5,14.67000,16.96000,True,13.38494,13.94619,14.54397,14.94003,15.25074,15.50025,15.75972,15.97342,16.18366,16.38677,16.62409,16.85568,17.09699,17.40648,17.72860,18.16350,18.63297,19.28163,20.15887,21.80447,24.08343
2024-04-30,2024-04-23,har,5,15.65000,16.04172,True,12.66204,13.19210,13.75696,14.13189,14.42517,14.66133,14.90604,15.10801,15.30699,15.49922,15.72402,15.94266,16.17135,16.46170,16.76701,17.18001,17.62338,18.23713,19.06769,20.62273,22.77939
2024-05-01,2024-04-24,har,5,15.39000,16.19065,True,12.78171,13.31537,13.88568,14.26464,14.55943,14.79749,15.04413,15.24751,15.45015,15.64309,15.86950,16.09125,16.32133,16.61164,16.92228,17.33978,17.78692,18.40619,19.24439,20.81332,22.99076
2024-05-02,2024-04-25,har,5,14.68000,15.71609,True,12.40983,12.92496,13.48016,13.84657,14.13089,14.36398,14.60226,14.80001,14.99723,15.18443,15.40400,15.62135,15.84310,16.12296,16.42660,16.83190,17.26674,17.86666,18.67970,20.20353,22.31700
2024-05-03,2024-04-26,har,5,13.49000,15.39473,True,12.15942,12.65950,13.20553,13.56251,13.84250,14.06855,14.30318,14.49820,14.69109,14.87367,15.08808,15.30353,15.51909,15.79235,16.09056,16.48774,16.91238,17.50136,18.29819,19.79148,21.86230
2024-05-06,2024-04-29,har,5,13.49000,15.09289,True,11.92352,12.41123,12.94759,13.29474,13.57054,13.79282,14.02219,14.21312,14.40331,14.58225,14.79263,15.00365,15.21485,15.48256,15.77458,16.16486,16.58017,17.15819,17.94068,19.40445,21.43446
2024-05-07,2024-04-30,har,5,13.23000,15.78345,True,12.47002,12.97923,13.54014,13.90340,14.19285,14.42446,14.66396,14.86408,15.06293,15.24977,15.46947,15.68947,15.91097,16.18982,16.49614,16.90442,17.33829,17.94303,18.76157,20.29128,22.41494
2024-05-08,2024-05-01,har,5,13.00000,15.59741,True,12.32401,12.82640,13.38098,13.73998,14.02696,14.25526,14.49137,14.68971,14.88555,15.06982,15.28701,15.50322,15.72329,15.99782,16.30165,16.70509,17.13373,17.73139,18.54081,20.05144,22.15066
2024-05-09,2024-05-02,har,5,12.69000,15.08556,True,11.92050,12.40561,12.94241,13.28962,13.56794,13.78804,14.01627,14.20702,14.39727,14.57526,14.78535,14.99313,15.20706,15.47174,15.76676,16.15678,16.57166,17.14949,17.93306,19.39302,21.42368
2024-05-10,2024-05-03,har,5,12.55000,14.19620,True,11.21865,11.67415,12.18014,12.50486,12.76560,12.97424,13.18959,13.37024,13.54891,13.71544,13.91429,14.10979,14.31091,14.55670,14.83775,15.20471,15.59525,16.13853,16.87671,18.24987,20.16065
2024-05-13,2024-05-06,har,5,13.60000,14.15156,True,11.18410,11.63737,12.14248,12.46623,12.72512,12.93298,13.14779,13.32829,13.50617,13.67171,13.87109,14.06579,14.26599,14.50800,14.79166,15.15736,15.54632,16.08775,16.82400,18.19218,20.09701
2024-05-14,2024-05-07,har,5,13.42000,13.89016,True,10.97843,11.42263,11.91813,12.23529,12.49004,12.69437,12.90484,13.08238,13.25693,13.41984,13.61555,13.80618,14.00269,14.23733,14.51903,14.87833,15.25885,15.79102,16.51381,17.85581,19.72606
2024-05-15,2024-05-08,har,5,12.45000,13.65304,True,10.79184,11.22785,11.71467,12.02586,12.27695,12.47765,12.68397,12.85974,13.02966,13.19125,13.38389,13.57079,13.76336,13.99377,14.27111,14.62512,14.99772,15.52199,16.23252,17.55067,19.38935
2024-05-16,2024-05-09,har,5,12.42000,13.36713,True,10.56653,10.99363,11.46953,11.77326,12.02000,12.21486,12.41853,12.59120,12.75684,12.91534,13.10442,13.28618,13.47507,13.70058,13.97201,14.31917,14.68327,15.19742,15.89348,17.18299,18.98363
2024-05-17,2024-05-10,har,5,11.99000,13.22620,True,10.45559,10.87879,11.34907,11.64974,11.89219,12.08629,12.28738,12.45800,12.62202,12.77933,12.96663,13.14534,13.33378,13.55659,13.82425,14.16842,14.52890,15.03753,15.72658,17.00154,18.78401
2024-05-20,2024-05-13,har,5,12.15000,13.96777,True,11.04239,11.48932,11.98559,12.30329,12.55973,12.76448,12.97674,13.15706,13.33005,13.49551,13.69346,13.88153,14.08136,14.31685,14.59866,14.96280,15.34349,15.88069,16.60852,17.95385,19.83705
2024-05-21,2024-05-14,har,5,11.86000,13.83075,True,10.93462,11.37715,11.86817,12.18319,12.43716,12.63980,12.85000,13.02864,13.19954,13.36370,13.55892,13.74490,13.94335,14.17645,14.45509,14.81601,15.19286,15.72513,16.44580,17.77674,19.64225
2024-05-22,2024-05-15,har,5,12.29000,13.09960,True,10.35701,10.77653,11.24100,11.53998,11.78014,11.97158,12.17033,12.33920,12.50176,12.65786,12.84278,13.01840,13.20701,13.42738,13.69098,14.03297,14.38949,14.89450,15.57680,16.83634,18.60402
2024-05-23,2024-05-16,har,5,12.77000,13.04698,True,10.31586,10.73395,11.19608,11.49432,11.73286,11.92431,12.12216,12.28821,12.45157,12.60703,12.79173,12.96651,13.15429,13.37364,13.63583,13.97675,14.33176,14.83534,15.51442,16.76797,18.52930
2024-05-24,2024-05-17,har,5,11.93000,12.69710,True,10.03964,10.44691,10.89570,11.18679,11.41795,11.60478,11.79745,11.95741,12.11804,12.26926,12.44797,12.61975,12.80150,13.01534,13.27050,13.60230,13.94789,14.43846,15.09851,16.31776,18.03252
2024-05-28,2024-05-20,har,5,12.92000,12.75038,True,10.08236,10.49181,10.94091,11.23362,11.46480,11.65406,11.84742,12.00699,12.16949,12.32146,12.49994,12.67190,12.85490,13.07051,13.32668,13.66015,14.00757,14.49998,15.16185,16.38594,18.10810
2024-05-29,2024-05-21,har,5,14.28000,12.47400,True,9.86443,10.26541,10.70380,10.99060,11.21606,11.39937,11.58983,11.74719,11.90624,12.05456,12.22831,12.39687,12.57683,12.78832,13.03920,13.36427,13.70419,14.18651,14.83348,16.03069,17.71555
2024-05-30,2024-05-22,har,5,14.47000,12.75742,True,10.08915,10.49917,10.94735,11.24097,11.47144,11.65955,11.85387,12.01419,12.17670,12.32865,12.50423,12.67788,12.86313,13.07916,13.33574,13.66820,14.01560,14.50927,15.17089,16.39439,18.11792
2024-05-31,2024-05-23,har,5,12.92000,13.09279,True,10.35502,10.77552,11.23533,11.53665,11.77338,11.96700,12.16601,12.33018,12.49722,12.65289,12.83182,13.01002,13.20148,13.42271,13.68620,14.02760,14.38399,14.89081,15.56977,16.82456,18.59383
2024-06-03,2024-05-24,har,5,13.11000,12.48132,True,9.87199,10.27272,10.71094,10.99822,11.22387,11.40911,11.59828,11.75416,11.91357,12.06207,12.23191,12.40102,12.58485,12.79580,13.04720,13.37267,13.71192,14.19581,14.84299,16.03827,17.72531
2024-06-04,2024-05-28,har,5,13.16000,13.19043,True,10.43348,10.85656,11.31951,11.62302,11.86156,12.05741,12.25764,12.42218,12.59061,12.74752,12.92765,13.10723,13.30042,13.52223,13.78798,14.13092,14.49092,15.00210,15.68608,16.94841,18.73182
2024-06-05,2024-05-29,har,5,12.63000,14.19068,True,11.22538,11.67960,12.17761,12.50369,12.76082,12.97134,13.18740,13.36381,13.54477,13.71356,13.90915,14.10231,14.30769,14.54756,14.83320,15.20346,15.59027,16.13929,16.87468,18.23157,20.15130
2024-06-06,2024-05-30,har,5,12.58000,14.38261,True,11.37780,11.83694,12.34149,12.67218,12.93341,13.14639,13.36563,13.54411,13.72772,13.89848,14.09916,14.29382,14.50110,14.74373,15.03296,15.40946,15.80163,16.35611,17.10207,18.47601,20.42320
2024-06-07,2024-05-31,har,5,12.22000,13.30652,True,10.52718,10.95168,11.41833,11.72418,11.96620,12.16288,12.36570,12.53093,12.70063,12.85876,13.04599,13.22315,13.41544,13.64060,13.90830,14.25652,14.61935,15.13220,15.82257,17.09280,18.89469
2024-06-10,2024-06-03,har,5,12.74000,13.46467,True,10.65236,11.08159,11.55379,11.86347,12.10822,12.30733,12.51245,12.68021,12.85167,13.01173,13.20162,13.38173,13.57569,13.80262,14.07335,14.42532,14.79229,15.31149,16.00923,17.29500,19.11907
2024-06-11,2024-06-04,har,5,12.85000,13.49985,True,10.68027,11.11060,11.58410,11.89461,12.14008,12.33957,12.54524,12.71376,12.88529,13.04611,13.23673,13.41802,13.61038,13.83849,14.11005,14.46255,14.83078,15.35146,16.05017,17.33960,19.16897
2024-06-12,2024-06-05,har,5,12.04000,13.07933,True,10.34811,10.76543,11.22367,11.52492,11.76089,11.95512,12.15478,12.31750,12.48384,12.64003,12.82389,12.99942,13.18628,13.40818,13.67136,14.01240,14.36922,14.87405,15.54977,16.79995,18.57134
2024-06-13,2024-06-06,har,5,11.94000,12.98994,True,10.27798,10.69226,11.14685,11.44550,11.68024,11.87331,12.07200,12.23418,12.39875,12.55447,12.73614,12.91022,13.09668,13.31660,13.57820,13.91609,14.27073,14.77332,15.44340,16.68565,18.44399
2024-06-14,2024-06-07,har,5,12.66000,12.71140,True,10.05783,10.46323,10.90845,11.20027,11.43045,11.61903,11.81192,11.97163,12.13332,12.28551,12.46163,12.63285,12.81615,13.03120,13.28679,13.61659,13.96469,14.45724,15.11213,16.32778,18.04870
2024-06-17,2024-06-10,har,5,12.75000,13.06537,True,10.33813,10.75481,11.21258,11.51225,11.74915,11.94302,12.14154,12.30546,12.47031,12.62749,12.80776,12.98434,13.17290,13.39398,13.65669,13.99463,14.35366,14.86011,15.53254,16.78222,18.55145
2024-06-18,2024-06-11,har,5,12.30000,13.13395,True,10.39262,10.81147,11.27175,11.57286,11.81112,12.00627,12.20578,12.37003,12.53499,12.69355,12.87271,13.05148,13.24187,13.46378,13.72806,14.06692,14.42900,14.93775,15.61353,16.87007,18.64895
2024-06-20,2024-06-12,har,5,13.28000,12.54518,True,9.92704,10.32711,10.76727,11.05459,11.28211,11.46895,11.65763,11.81486,11.97278,12.12459,12.29338,12.46406,12.64790,12.86024,13.11275,13.43514,13.78224,14.26737,14.91322,16.11382,17.81330
2024-06-21,2024-06-13,har,5,13.20000,12.44869,True,9.85101,10.24805,10.68514,10.97034,11.19587,11.38143,11.56801,11.72341,11.88078,12.03085,12.19847,12.36677,12.54979,12.76167,13.01181,13.33114,13.67621,14.15711,14.79812,15.98998,17.67676
2024-06-24,2024-06-14,har,5,13.33000,12.96428,True,10.25915,10.67264,11.12785,11.42532,11.65964,11.85310,12.04731,12.20933,12.37293,12.52987,12.70425,12.88117,13.06817,13.29013,13.55032,13.88267,14.24234,14.74265,15.41005,16.65178,18.40889
2024-06-25,2024-06-17,har,5,12.84000,13.02845,True,10.31014,10.72571,11.18305,11.48261,11.71754,11.91215,12.10727,12.27021,12.43454,12.59280,12.76676,12.94311,13.13263,13.35602,13.61741,13.95088,14.31278,14.81492,15.48637,16.73392,18.50011
2024-06-26,2024-06-18,har,5,12.55000,12.69737,True,10.04848,10.45359,10.89885,11.19180,11.41999,11.61002,11.79985,11.95821,12.11863,12.27209,12.44254,12.61401,12.79850,13.01595,13.27145,13.59615,13.94924,14.43798,15.09316,16.30874,18.03019
2024-06-27,2024-06-20,har,5,12.24000,13.41996,True,10.62030,11.04841,11.51894,11.82910,12.06972,12.27083,12.47137,12.63889,12.80829,12.97106,13.15039,13.33251,13.52752,13.75744,14.02717,14.36849,14.74273,15.25838,15.95149,17.23590,19.05589
2024-06-28,2024-06-21,har,5,12.44000,13.40653,True,10.60963,11.03723,11.50694,11.81727,12.05758,12.25838,12.45906,12.62668,12.79549,12.95798,13.13748,13.32174,13.51525,13.74339,14.01360,14.35286,14.72753,15.24187,15.93489,17.21766,19.03646
2024-07-01,2024-06-24,har,5,12.22000,13.52235,True,10.70132,11.13256,11.60625,11.91935,12.16187,12.36422,12.56696,12.73589,12.90620,13.06999,13.25370,13.43837,13.63394,13.86335,14.13414,14.47578,14.85442,15.37262,16.07218,17.36564,19.20082
2024-07-02,2024-06-25,har,5,12.03000,13.18681,True,10.43595,10.85653,11.31838,11.62383,11.86032,12.05767,12.25533,12.42004,12.58681,12.74589,12.92759,13.10389,13.29435,13.51870,13.78318,14.11559,14.48564,14.99052,15.67324,16.93436,18.72441
2024-07-03,2024-06-26,har,5,12.09000,12.98926,True,10.27977,10.69409,11.14896,11.44991,11.68289,11.87744,12.07186,12.23411,12.39912,12.55511,12.73402,12.90531,13.09391,13.31552,13.57652,13.90292,14.26841,14.76530,15.43831,16.68028,18.44393
2024-07-05,2024-06-27,har,5,12.48000,12.74265,True,10.08508,10.49186,10.93786,11.23313,11.46142,11.65195,11.84236,12.00232,12.16279,12.31689,12.49231,12.65892,12.84498,13.06317,13.31930,13.63811,13.99760,14.48507,15.14518,16.36396,18.09385
2024-07-08,2024-06-28,har,5,12.37000,12.86063,True,10.17891,10.58968,11.03943,11.33752,11.56802,11.76050,11.95190,12.11284,12.27534,12.43122,12.60536,12.77628,12.96356,13.18472,13.44246,13.76373,14.12695,14.61922,15.28536,16.51571,18.26151
2024-07-09,2024-07-01,har,5,12.51000,12.66601,True,10.02544,10.43032,10.87222,11.16633,11.39339,11.58238,11.77104,11.92906,12.08972,12.24334,12.41296,12.58300,12.76710,12.98585,13.23919,13.55535,13.91283,14.39834,15.05401,16.26630,17.98532
2024-07-10,2024-07-02,har,5,12.85000,12.49858,True,9.89348,10.29309,10.72838,11.01948,11.24347,11.42857,11.61474,11.77104,11.92880,12.08073,12.24910,12.41715,12.59878,12.81230,13.06474,13.37705,13.72885,14.20817,14.85506,16.05199,17.74785
2024-07-11,2024-07-03,har,5,12.92000,12.52405,True,9.91414,10.31454,10.75098,11.04230,11.26710,11.45243,11.63844,11.79475,11.95237,12.10436,12.27346,12.44223,12.62423,12.83609,13.09173,13.40491,13.75672,14.23701,14.88518,16.08523,17.78429
2024-07-12,2024-07-05,har,5,12.46000,12.80150,True,10.13405,10.54325,10.98940,11.28705,11.51715,11.70645,11.89667,12.05654,12.21768,12.37344,12.54441,12.71674,12.90361,13.11799,13.38173,13.70185,14.06123,14.55201,15.21433,16.44161,18.17830
2024-07-15,2024-07-08,har,5,13.12000,12.71884,True,10.06897,10.47549,10.91873,11.21423,11.44332,11.63123,11.82004,11.97950,12.13978,12.29259,12.46262,12.63354,12.82033,13.03324,13.29508,13.61344,13.97017,14.45777,15.11543,16.33565,18.06099
2024-07-16,2024-07-09,har,5,13.19000,12.82419,True,10.15261,10.56244,11.00929,11.30713,11.53852,11.72788,11.91798,12.07935,12.24117,12.39521,12.56686,12.73701,12.92635,13.14097,13.40463,13.72556,14.08554,14.57709,15.23985,16.47091,18.21056
2024-07-17,2024-07-10,har,5,14.48000,13.08530,True,10.35937,10.77745,11.23335,11.53748,11.77380,11.96683,12.16069,12.32548,12.49089,12.64871,12.82358,12.99773,13.18973,13.40887,13.67664,14.00402,14.37166,14.87320,15.54937,16.80581,18.58116
2024-07-18,2024-07-11,har,5,15.93000,13.16093,True,10.41928,10.83969,11.29822,11.60442,11.84223,12.03617,12.23129,12.39660,12.56347,12.72255,12.89879,13.07433,13.26625,13.49109,13.75504,14.08392,14.45397,14.95846,15.63855,16.90247,18.68840
2024-07-19,2024-07-12,har,5,16.52000,12.83803,True,10.16395,10.57399,11.02114,11.31983,11.55235,11.74122,11.93189,12.09276,12.25577,12.41072,12.58124,12.75237,12.94054,13.15725,13.41764,13.73781,14.09876,14.59105,15.25409,16.48785,18.22984
2024-07-22,2024-07-15,har,5,14.91000,13.31990,True,10.54547,10.97083,11.43480,11.74495,11.98638,12.18193,12.38047,12.54653,12.71602,12.87664,13.05457,13.23255,13.42686,13.65668,13.92112,14.25277,14.62706,15.13805,15.82598,17.10623,18.91398
2024-07-23,2024-07-16,har,5,14.72000,13.39308,True,10.60343,11.03107,11.49763,11.80964,12.05269,12.24887,12.44892,12.61536,12.78633,12.94745,13.12717,13.30606,13.50151,13.73303,13.99737,14.33044,14.70640,15.22065,15.91227,17.19975,19.01779
2024-07-24,2024-07-17,har,5,18.04000,14.33104,True,11.34561,11.80310,12.30278,12.63664,12.89696,13.10638,13.31987,13.49831,13.68180,13.85367,14.04700,14.23796,14.44690,14.69400,14.97766,15.33506,15.73966,16.28611,17.02567,18.40309,20.34958
2024-07-25,2024-07-18,har,5,18.46000,15.39789,True,12.18909,12.68010,13.21786,13.57721,13.85645,14.08124,14.31020,14.50320,14.69946,14.88398,15.09491,15.29664,15.52259,15.78734,16.09323,16.47766,16.91313,17.49948,18.30028,19.77076,21.86434
2024-07-26,2024-07-19,har,5,16.39000,15.92494,True,12.60441,13.11207,13.66924,14.04025,14.32917,14.56268,14.80093,14.99910,15.20135,15.39218,15.61214,15.82029,16.05472,16.32639,16.64236,17.03905,17.49202,18.09879,18.92731,20.45112,22.61172
2024-07-29,2024-07-22,har,5,16.60000,14.91616,True,11.80528,12.28052,12.80290,13.15026,13.42109,13.63984,13.86345,14.04882,14.23790,14.41665,14.62399,14.82115,15.03805,15.29213,15.58807,15.96310,16.38410,16.95162,17.72734,19.15385,21.17884
2024-07-30,2024-07-23,har,5,17.69000,14.83795,True,11.74278,12.21538,12.73543,13.08103,13.35076,13.56820,13.79055,13.97602,14.16299,14.34051,14.54845,14.74507,14.95971,15.21153,15.50678,15.88416,16.29970,16.86264,17.63364,19.05181,21.06730
2024-07-31,2024-07-24,har,5,16.36000,17.17153,True,13.58806,14.13391,14.73857,15.13758,15.45030,15.69896,15.95926,16.17371,16.39036,16.59499,16.83726,17.06315,17.31197,17.60357,17.94584,18.38236,18.86242,19.51767,20.41145,22.04436,24.38011
2024-08-01,2024-07-25,har,5,18.59000,17.54160,True,13.87987,14.43764,15.05771,15.46469,15.78317,16.03568,16.30327,16.52112,16.74377,16.95236,17.19875,17.43191,17.68551,17.98332,18.33189,18.78360,19.26893,19.94142,20.85742,22.51607,24.90564
2024-08-02,2024-07-26,har,5,23.39000,16.18716,True,12.80805,13.32291,13.89495,14.27153,14.56475,14.79810,15.04471,15.24569,15.45156,15.64369,15.87057,16.08799,16.32010,16.59553,16.91598,17.33172,17.78104,18.40067,19.24671,20.77638,22.98248
2024-08-05,2024-07-29,har,5,38.57000,16.39714,True,12.97298,13.49571,14.07435,14.45685,14.75353,14.99037,15.23960,15.44320,15.65279,15.84726,16.07654,16.29675,16.53159,16.81062,17.13528,17.56034,18.01237,18.63733,19.49520,21.04381,23.27970
2024-08-06,2024-07-30,har,5,27.71000,17.24037,True,13.63761,14.18971,14.79631,15.19913,15.51151,15.76086,16.02363,16.23764,16.45759,16.66231,16.90324,17.13466,17.38102,17.67386,18.01828,18.46392,18.93872,19.59964,20.49584,22.12249,24.47505
2024-08-07,2024-07-31,har,5,27.85000,16.32045,True,12.91068,13.43272,14.00728,14.38876,14.68445,14.92037,15.16879,15.37192,15.57900,15.77265,16.00093,16.21971,16.45382,16.73079,17.05567,17.47901,17.92801,18.55330,19.40229,20.94226,23.16871
2024-08-08,2024-08-01,har,5,23.79000,17.84444,True,14.11602,14.68668,15.31480,15.73317,16.05551,16.31316,16.58537,16.80706,17.03399,17.24602,17.49535,17.73522,17.99023,18.29823,18.65064,19.11071,19.60211,20.28423,21.21365,22.89749,25.33160
2024-08-09,2024-08-02,har,5,20.37000,21.14133,True,16.72067,17.39804,18.13837,18.64022,19.01900,19.32792,19.65054,19.91230,20.17985,20.43318,20.72607,21.00959,21.31361,21.69126,22.09461,22.64326,23.22272,24.03146,25.13073,27.14681,30.02008
2024-08-12,2024-08-05,har,5,20.71000,30.59653,True,24.18909,25.17796,26.24279,26.97753,27.52036,27.97818,28.43681,28.81189,29.20082,29.56765,29.99106,30.39903,30.84321,31.36871,31.97441,32.77167,33.60905,34.78391,36.37427,39.28799,43.44840
2024-08-13,2024-08-06,har,5,18.12000,24.84205,True,19.62404,20.44410,21.30379,21.90699,22.33899,22.70843,23.08816,23.39321,23.70771,24.00724,24.34832,24.68395,25.03959,25.47891,25.95921,26.60357,27.28831,28.24171,29.54007,31.90872,35.28577
2024-08-14,2024-08-07,har,5,16.19000,25.41626,True,20.06062,20.91609,21.79120,22.40986,22.84842,23.22753,23.61906,23.93162,24.25738,24.56339,24.90769,25.25011,25.61699,26.07230,26.55740,27.22488,27.91601,28.89060,30.22908,32.67027,36.10256
2024-08-15,2024-08-08,har,5,15.23000,23.06847,True,18.20427,18.98431,19.77826,20.33639,20.73710,21.07892,21.43602,21.71848,22.01760,22.29381,22.60610,22.91779,23.24872,23.66597,24.10294,24.71120,25.33896,26.23134,27.46009,29.69303,32.76461
2024-08-16,2024-08-09,har,5,14.80000,20.71234,True,16.34528,17.04535,17.75794,18.25960,18.62005,18.92749,19.24679,19.50069,19.76922,20.01644,20.29777,20.57668,20.87432,21.24750,21.64113,22.18747,22.75011,23.55040,24.65455,26.65784,29.41861
2024-08-19,2024-08-12,har,5,14.65000,20.62240,True,16.27189,16.96302,17.67791,18.17948,18.53829,18.84713,19.16964,19.42178,19.67846,19.92535,20.20824,20.48941,20.78152,21.14759,21.54244,22.08691,22.65348,23.44775,24.56074,26.52814,29.29576
2024-08-20,2024-08-13,har,5,15.88000,18.63519,True,14.69933,15.33246,15.97483,16.42806,16.75090,17.03003,17.32129,17.54616,17.78111,18.00328,18.26046,18.51433,18.77824,19.10768,19.46730,19.95925,20.46756,21.18803,22.19799,23.97927,26.47385
2024-08-21,2024-08-14,har,5,16.27000,17.00597,True,13.41449,13.99005,14.58354,14.99122,15.28908,15.53939,15.80401,16.01216,16.22488,16.42668,16.66135,16.89554,17.13809,17.44231,17.77082,18.21388,18.67767,19.33739,20.25938,21.89825,24.16346
2024-08-22,2024-08-15,har,5,17.55000,16.10760,True,12.70962,13.24926,13.81134,14.19364,14.48393,14.71724,14.96984,15.16728,15.36769,15.55764,15.77925,16.00197,16.23115,16.51556,16.83768,17.25264,17.69098,18.31456,19.17910,20.74191,22.90064
2024-08-23,2024-08-16,har,5,15.86000,15.65217,True,12.34551,12.86933,13.42794,13.78613,14.07374,14.30039,14.54634,14.74134,14.93632,15.11812,15.33307,15.54977,15.77471,16.04784,16.35767,16.76100,17.19354,17.80192,18.65542,20.15763,22.25937
2024-08-26,2024-08-19,har,5,16.15000,15.39503,True,12.13896,12.65853,13.21036,13.55797,13.84524,14.06448,14.30459,14.49812,14.68986,14.87007,15.08234,15.29384,15.51642,15.78746,16.08370,16.48479,16.91244,17.51011,18.35924,19.82838,21.89927
2024-08-27,2024-08-20,har,5,15.43000,16.20473,True,12.77698,13.32489,13.90629,14.26989,14.57338,14.80432,15.05538,15.25845,15.46232,15.65128,15.87563,16.09694,16.33196,16.61880,16.92940,17.35235,17.80278,18.43286,19.32563,20.87268,23.05335
2024-08-28,2024-08-21,har,5,17.11000,16.48370,True,12.99677,13.55473,14.14653,14.51551,14.82422,15.06053,15.31490,15.52234,15.72910,15.92032,16.14859,16.37403,16.61251,16.90479,17.22061,17.65100,18.10893,18.75032,19.65811,21.23227,23.45040
2024-08-29,2024-08-22,har,5,15.65000,17.43285,True,13.74577,14.33442,14.96013,15.35099,15.67815,15.92684,16.19667,16.41695,16.63548,16.83715,17.07903,17.31649,17.57023,17.87820,18.21240,18.66916,19.15121,19.82899,20.78850,22.45296,24.79970
2024-08-30,2024-08-23,har,5,15.00000,16.29185,True,12.84623,13.39621,13.98094,14.34617,14.65209,14.88442,15.13665,15.34260,15.54695,15.73517,15.96146,16.18353,16.42284,16.70762,17.01992,17.44625,17.89743,18.53083,19.42714,20.98278,23.17623
2024-09-03,2024-08-26,har,5,20.72000,16.52586,True,13.03098,13.58858,14.18184,14.55176,14.86246,15.09787,15.35372,15.56261,15.76991,15.96102,16.19133,16.41675,16.65906,16.94791,17.26534,17.69561,18.15393,18.79641,19.70559,21.28309,23.50893
2024-09-04,2024-08-27,har,5,21.32000,16.00414,True,12.61972,13.15984,13.73403,14.09299,14.39354,14.62180,14.86975,15.07193,15.27211,15.45705,15.68009,15.89757,16.13326,16.41292,16.71978,17.13632,17.58098,18.20313,19.08245,20.61115,22.76640
2024-09-05,2024-08-28,har,5,19.90000,17.19486,True,13.55862,14.13874,14.75595,15.14129,15.46454,15.70933,15.97692,16.19322,16.40837,16.60718,16.84694,17.08155,17.33378,17.63451,17.96318,18.41101,18.88723,19.55702,20.49721,22.14214,24.46015
2024-09-06,2024-08-29,har,5,22.38000,16.12441,True,12.71510,13.25869,13.83720,14.20013,14.50203,14.73139,14.98234,15.18593,15.38660,15.57410,15.79781,16.01906,16.25466,16.53698,16.84559,17.26469,17.71065,18.33996,19.21526,20.76175,22.93694
2024-09-09,2024-08-30,har,5,19.45000,15.63625,True,12.33020,12.85751,13.41846,13.77097,14.06321,14.28645,14.52902,14.72672,14.92095,15.10252,15.31916,15.53402,15.76253,16.03642,16.33589,16.74244,17.17353,17.78466,18.62874,20.13168,22.24212
2024-09-10,2024-09-03,har,5,19.08000,19.61426,True,15.46717,16.12802,16.83163,17.27297,17.64015,17.91927,18.22361,18.47112,18.71576,18.94393,19.21670,19.48499,19.77153,20.11527,20.49060,21.00096,21.54640,22.30940,23.39123,25.24872,27.90090
2024-09-11,2024-09-04,har,5,17.69000,20.15897,True,15.89740,16.57554,17.29906,17.75183,18.12851,18.41403,18.72878,18.98112,19.23510,19.46961,19.74820,20.02554,20.31990,20.67406,21.06248,21.58428,22.14370,22.93282,24.04668,25.96556,28.67658
2024-09-12,2024-09-05,har,5,17.07000,19.25437,True,15.18364,15.83118,16.52311,16.95390,17.31456,17.58697,17.88804,18.12798,18.37061,18.59459,18.86114,19.12676,19.40731,19.74770,20.11849,20.61724,21.15130,21.91474,22.96454,24.79834,27.38966
2024-09-13,2024-09-06,har,5,16.56000,21.02545,True,16.58089,17.28649,18.04392,18.50940,18.90570,19.20527,19.53324,19.79329,20.05806,20.30249,20.59299,20.88576,21.19133,21.56652,21.96809,22.51295,23.09740,23.93285,25.08341,27.08105,29.90795
2024-09-16,2024-09-09,har,5,17.14000,19.20792,True,15.14902,15.79168,16.48423,16.90923,17.27045,17.54312,17.84264,18.08107,18.32316,18.54720,18.81221,19.08053,19.35765,19.70774,20.07056,20.56798,21.10161,21.86577,22.91743,24.73799,27.32043
2024-09-17,2024-09-10,har,5,17.61000,18.89991,True,14.90637,15.53880,16.21926,16.63929,16.99376,17.26275,17.55693,17.79231,18.02975,18.25081,18.50871,18.77403,19.04732,19.38988,19.74766,20.23763,20.76243,21.51483,22.55022,24.34151,26.88153
2024-09-18,2024-09-11,har,5,18.23000,17.85858,True,14.08651,14.68396,15.32548,15.72050,16.05758,16.31155,16.58934,16.81274,17.03692,17.24475,17.48974,17.74033,17.99776,18.31758,18.65922,19.12334,19.61735,20.33080,21.30930,23.00159,25.39844
2024-09-19,2024-09-12,har,5,16.33000,17.34750,True,13.68448,14.26448,14.88686,15.27175,15.59814,15.84335,16.11152,16.33201,16.54975,16.75178,16.98907,17.23268,17.48290,17.79003,18.12607,18.57633,19.05544,19.74965,20.69996,22.34404,24.67101
2024-09-20,2024-09-13,har,5,16.15000,16.85586,True,13.29807,13.86062,14.46479,14.83950,15.15574,15.39382,15.65458,15.86874,16.08137,16.27612,16.50876,16.74431,16.98759,17.28527,17.61416,18.05106,18.51429,19.19107,20.11481,21.71204,23.96987
2024-09-23,2024-09-16,har,5,15.89000,17.19958,True,13.56955,14.14379,14.76113,15.14272,15.46144,15.70716,15.97380,16.19232,16.40918,16.60704,16.84488,17.08516,17.33334,17.63907,17.97226,18.41749,18.89166,19.58395,20.52468,22.15474,24.45970
2024-09-24,2024-09-17,har,5,15.39000,17.49256,True,13.80089,14.38505,15.01336,15.40102,15.72721,15.97623,16.24634,16.46829,16.68785,16.88957,17.13074,17.37510,17.62754,17.94036,18.27705,18.72979,19.21315,19.91819,20.87385,22.53201,24.87692
2024-09-25,2024-09-18,har,5,15.41000,17.93863,True,14.15280,14.75194,15.39602,15.79392,16.13018,16.38351,16.66132,16.88826,17.11420,17.32037,17.56878,17.81986,18.07886,18.39649,18.74168,19.20566,19.70238,20.42508,21.40550,23.10630,25.51058
2024-09-26,2024-09-19,har,5,15.37000,16.64062,True,13.12873,13.68469,14.28255,14.65112,14.96352,15.19879,15.45681,15.66676,15.87495,16.06707,16.29645,16.52929,16.76979,17.06430,17.38457,17.81495,18.27710,18.94707,19.85613,21.43426,23.66537
2024-09-27,2024-09-20,har,5,16.96000,16.50659,True,13.02303,13.57462,14.16788,14.53315,14.84337,15.07737,15.33317,15.54093,15.74740,15.93769,16.16479,16.39534,16.63359,16.92554,17.24367,17.67128,18.13017,18.79384,19.69576,21.26156,23.47505
2024-09-30,2024-09-23,har,5,16.73000,16.29217,True,12.85410,13.39860,13.98428,14.34460,14.65103,14.88224,15.13233,15.33915,15.54304,15.73079,15.95457,16.18179,16.41708,16.70459,17.01900,17.44159,17.89508,18.54947,19.43970,20.98556,23.17045
2024-10-01,2024-09-24,har,5,19.26000,15.87770,True,12.52765,13.05835,13.62885,13.97965,14.27655,14.50324,14.74659,14.94891,15.14734,15.33108,15.54902,15.77007,15.99973,16.27875,16.58559,16.99803,17.44038,18.07771,18.94534,20.45222,22.58121
2024-10-02,2024-09-25,har,5,18.90000,15.82020,True,12.48315,13.01193,13.57987,13.92698,14.21821,14.45051,14.69355,14.89496,15.09218,15.27623,15.49331,15.71302,15.94169,16.21910,16.52529,16.93708,17.37775,18.01238,18.87717,20.37888,22.49931
2024-10-03,2024-09-26,har,5,20.49000,15.76354,True,12.43859,12.96548,13.53153,13.87780,14.16934,14.39939,14.64057,14.84154,15.03812,15.22136,15.43775,15.65635,15.88404,16.16137,16.46649,16.87650,17.31579,17.94734,18.80930,20.30567,22.41938
2024-10-04,2024-09-27,har,5,19.21000,16.87830,True,13.31835,13.88232,14.48841,14.85965,15.17319,15.41752,15.67610,15.89114,16.10172,16.29808,16.52965,16.76434,17.00850,17.30538,17.63078,18.06964,18.53995,19.21554,20.13865,21.74075,24.00430
2024-10-07,2024-09-30,har,5,22.64000,16.74367,True,13.21226,13.77155,14.37280,14.74156,15.05398,15.29444,15.55124,15.76451,15.97353,16.16812,16.39816,16.63130,16.87336,17.16983,17.49002,17.92513,18.39172,19.06132,19.97721,21.56644,23.81232
2024-10-08,2024-10-01,har,5,21.42000,18.54270,True,14.63233,15.25086,15.91642,16.32550,16.67278,16.93674,17.22131,17.45729,17.68907,17.90397,18.16018,18.41855,18.68637,19.01659,19.36827,19.85104,20.36683,21.11345,22.12875,23.88122,26.36809
2024-10-09,2024-10-02,har,5,20.86000,18.42593,True,14.54048,15.15418,15.81563,16.22247,16.56915,16.82932,17.11188,17.34665,17.57747,17.79022,18.04519,18.30230,18.56901,18.89900,19.24734,19.72544,20.23749,20.98231,21.99255,23.72837,26.20006
2024-10-10,2024-10-03,har,5,20.93000,19.60501,True,15.47132,16.12187,16.82657,17.25964,17.62841,17.90525,18.20509,18.45701,18.70174,18.92711,19.19957,19.47367,19.75695,20.10816,20.48009,20.98993,21.53184,22.32444,23.40113,25.25345,27.87384
2024-10-11,2024-10-04,har,5,20.46000,18.82012,True,14.85153,15.47558,16.15293,16.56882,16.92200,17.18774,17.47553,17.71800,17.95267,18.16995,18.42978,18.69508,18.96639,19.30308,19.66091,20.15274,20.67673,21.42871,22.46385,24.24079,26.75738
2024-10-14,2024-10-07,har,5,19.70000,21.21094,True,16.73698,17.44020,18.20440,18.67153,19.06968,19.37036,19.69499,19.96527,20.23189,20.47602,20.77003,21.06875,21.37510,21.75450,22.16192,22.71444,23.30744,24.14958,25.31805,27.34411,30.15459
2024-10-15,2024-10-08,har,5,20.64000,20.48199,True,16.16013,16.83928,17.57950,18.02867,18.41391,18.70361,19.01960,19.28014,19.53507,19.76966,20.05532,20.34568,20.64030,21.00911,21.40376,21.93305,22.50713,23.31990,24.44740,26.40089,29.11811
2024-10-16,2024-10-09,har,5,19.58000,20.17456,True,15.91661,16.58558,17.31574,17.75803,18.13771,18.42269,18.73571,18.99022,19.24204,19.47265,19.75389,20.03895,20.33090,20.69398,21.08617,21.60348,22.17357,22.96911,24.07952,26.00156,28.68029
2024-10-17,2024-10-10,har,5,19.11000,20.24075,True,15.96821,16.63956,17.37293,17.81647,18.19694,18.48357,18.79801,19.05345,19.30540,19.53784,19.81891,20.10499,20.39771,20.76250,21.15500,21.67330,22.24434,23.04383,24.15790,26.08433,28.77381
2024-10-18,2024-10-11,har,5,18.03000,19.97740,True,15.76007,16.42265,17.14677,17.58460,17.95990,18.24311,18.55357,18.80544,19.05427,19.28547,19.56043,19.84381,20.13256,20.49446,20.87983,21.39298,21.95328,22.74319,23.84282,25.74246,28.39843
2024-10-21,2024-10-14,har,5,18.37000,19.41622,True,15.31879,15.96192,16.66484,17.09218,17.45562,17.73129,18.03084,18.27613,18.51864,18.74124,19.01168,19.28618,19.56670,19.91758,20.29364,20.79142,21.33588,22.10429,23.17312,25.01801,27.60031
2024-10-22,2024-10-15,har,5,18.20000,20.04309,True,15.81353,16.47725,17.20301,17.64472,18.01920,18.30426,18.61368,18.86682,19.11707,19.34807,19.62626,19.90940,20.19823,20.55937,20.94859,21.46220,22.02339,22.81752,23.92098,25.82376,28.49093
2024-10-23,2024-10-16,har,5,19.24000,19.32036,True,15.24380,15.88320,16.58299,17.00970,17.36960,17.64486,17.94344,18.18728,18.42834,18.65225,18.91780,19.19112,19.46980,19.81761,20.19313,20.68778,21.22808,21.99444,23.05835,24.89084,27.46329
2024-10-24,2024-10-17,har,5,19.08000,18.96828,True,14.96671,15.59397,16.28131,16.70114,17.05334,17.32402,17.61736,17.85647,18.09186,18.30990,18.57202,18.84122,19.11481,19.45679,19.82508,20.31031,20.84126,21.59351,22.63836,24.43565,26.96265
2024-10-25,2024-10-18,har,5,20.33000,18.17453,True,14.34122,14.94229,15.60118,16.00377,16.34022,16.59817,16.88013,17.10943,17.33417,17.54214,17.79490,18.05319,18.31477,18.64230,18.99511,19.46047,19.96904,20.69013,21.69172,23.41169,25.83445
2024-10-28,2024-10-21,har,5,19.80000,18.38469,True,14.50751,15.11565,15.78244,16.18962,16.52946,16.79064,17.07601,17.30801,17.53400,17.74441,17.99969,18.26148,18.52613,18.85753,19.21476,19.68520,20.19992,20.92949,21.94296,23.68082,26.13300
2024-10-29,2024-10-22,har,5,19.34000,18.22235,True,14.38036,14.98299,15.64409,16.04749,16.38393,16.64166,16.92485,17.15391,17.37935,17.58738,17.84051,18.09961,18.36279,18.69131,19.04567,19.51117,20.02157,20.74513,21.74969,23.47044,25.90225
2024-10-30,2024-10-23,har,5,20.35000,18.93261,True,14.94111,15.56713,16.25424,16.67326,17.02261,17.29080,17.58537,17.82354,18.05704,18.27397,18.53591,18.80586,19.07803,19.41979,19.78800,20.27118,20.80183,21.55365,22.59739,24.38344,26.91139
2024-10-31,2024-10-24,har,5,23.16000,18.84476,True,14.87200,15.49496,16.17879,16.59590,16.94389,17.21086,17.50385,17.74153,17.97359,18.18929,18.45148,18.71902,18.98937,19.32767,19.69469,20.17609,20.70315,21.45336,22.49176,24.26992,26.78603
2024-11-01,2024-10-25,har,5,21.88000,19.75992,True,15.59441,16.24635,16.96321,17.40142,17.76659,18.04674,18.35300,18.60253,18.84628,19.07269,19.34889,19.62858,19.91162,20.26760,20.65143,21.15785,21.71076,22.49432,23.58254,25.44769,28.08588
2024-11-04,2024-10-28,har,5,21.98000,19.46959,True,15.36534,16.00713,16.71343,17.14557,17.50559,17.78184,18.08318,18.32902,18.56946,18.79393,19.06461,19.33983,19.61880,19.96998,20.34858,20.84755,21.39084,22.16311,23.23467,25.07301,27.67243
2024-11-05,2024-10-29,har,5,20.49000,19.20326,True,15.15521,15.78809,16.48451,16.91094,17.26614,17.53891,17.83584,18.07848,18.31540,18.53840,18.80379,19.07525,19.35092,19.69868,20.07082,20.56202,21.09713,21.85945,22.91556,24.72929,27.29316
2024-11-06,2024-10-30,har,5,16.27000,19.92542,True,15.72482,16.38170,17.10426,17.54671,17.91531,18.19823,18.50645,18.75858,19.00394,19.23668,19.51133,19.79227,20.07946,20.44071,20.82664,21.33483,21.88924,22.68083,23.77594,25.65830,28.31855
2024-11-07,2024-10-31,har,5,15.20000,21.88004,True,17.26606,17.98809,18.78125,19.26712,19.67166,19.98258,20.32037,20.59823,20.86688,21.12369,21.42422,21.73504,22.04875,22.44594,22.86914,23.42689,24.03780,24.90650,26.11169,28.17305,31.09427
2024-11-08,2024-11-01,har,5,14.94000,21.10627,True,16.65455,17.35170,18.11671,18.58575,18.97592,19.27539,19.60078,19.87150,20.12844,20.37668,20.66691,20.96927,21.26913,21.65223,22.05965,22.59881,23.19271,24.02468,25.18726,27.17539,29.99307
2024-11-11,2024-11-04,har,5,14.97000,21.23467,True,16.75512,17.45694,18.22633,18.70001,19.09155,19.39225,19.71949,19.99376,20.25027,20.50002,20.79274,21.09821,21.39972,21.78495,22.19381,22.73661,23.33709,24.16969,25.33914,27.33932,30.17400
2024-11-12,2024-11-05,har,5,14.71000,20.28168,True,16.00306,16.67340,17.40791,17.86220,18.23499,18.52277,18.83403,19.09721,19.34127,19.57975,19.85965,20.15260,20.44001,20.81139,21.19925,21.71532,22.28874,23.08445,24.20117,26.11155,28.81894
2024-11-13,2024-11-06,har,5,14.02000,17.21756,True,13.58703,14.15349,14.77870,15.16077,15.47914,15.72407,15.98952,16.21042,16.41995,16.62245,16.85968,17.10764,17.35294,17.66592,17.99689,18.43540,18.92273,19.59757,20.54650,22.16767,24.46593
2024-11-14,2024-11-07,har,5,14.31000,16.24769,True,12.81950,13.35760,13.94538,14.30692,14.60737,14.83768,15.09174,15.29738,15.49622,15.68608,15.90988,16.14426,16.37595,16.67101,16.98828,17.39799,17.85502,18.49629,19.39041,20.92117,23.09183
2024-11-15,2024-11-08,har,5,16.14000,15.88023,True,12.52740,13.05516,13.63054,13.98271,14.27733,14.50102,14.75227,14.95125,15.14650,15.33182,15.55175,15.77960,16.00741,16.29600,16.60665,17.00629,17.45136,18.07873,18.95239,20.44954,22.57198
2024-11-18,2024-11-11,har,5,15.58000,15.72229,True,12.39801,12.92482,13.49520,13.84323,14.13503,14.35684,14.60684,14.80347,14.99644,15.17956,15.39966,15.62245,15.84941,16.13613,16.44353,16.83871,17.27858,17.90049,18.76461,20.24742,22.34955
2024-11-19,2024-11-12,har,5,16.35000,15.38246,True,12.12670,12.64306,13.20462,13.54395,13.82863,14.04623,14.29074,14.48351,14.67355,14.85016,15.06800,15.28673,15.50686,15.78894,16.08943,16.47563,16.90550,17.51326,18.35965,19.81042,21.86633
2024-11-20,2024-11-13,har,5,17.16000,14.80896,True,11.67297,12.16312,12.71383,13.03811,13.31105,13.52399,13.75535,13.94437,14.12646,14.29862,14.50548,14.71774,14.92906,15.20126,15.49051,15.86168,16.27878,16.85943,17.67565,19.07177,21.04789
2024-11-21,2024-11-14,har,5,16.87000,14.96608,True,11.79584,12.29338,12.84996,13.17777,13.45176,13.66758,13.89972,14.09219,14.27646,14.44945,14.65871,14.87267,15.08550,15.36285,15.65172,16.03131,16.45250,17.03795,17.86414,19.27416,21.26909
2024-11-22,2024-11-15,har,5,15.24000,16.25701,True,12.81369,13.35375,13.95826,14.31504,14.61260,14.84661,15.09989,15.30829,15.50786,15.69661,15.92335,16.15696,16.38773,16.68779,17.00087,17.41335,17.86938,18.50695,19.40486,20.93620,23.10338
2024-11-25,2024-11-18,har,5,14.60000,15.87060,True,12.50933,13.03648,13.62679,13.97546,14.26581,14.49403,14.74221,14.94481,15.13933,15.32420,15.54510,15.77205,15.99741,16.29047,16.59597,16.99898,17.44286,18.06652,18.94357,20.43827,22.55379
2024-11-26,2024-11-19,har,5,14.10000,16.43467,True,12.95430,13.49984,14.11079,14.47309,14.77352,15.00934,15.26753,15.47576,15.67710,15.86840,16.09802,16.33338,16.56713,16.87005,17.18838,17.60215,18.06030,18.70785,19.61697,21.16366,23.35468
2024-11-27,2024-11-20,har,5,14.10000,17.06294,True,13.45033,14.01572,14.64874,15.02722,15.33961,15.58308,15.85337,16.06603,16.27586,16.47481,16.71360,16.95848,17.20115,17.51391,17.84882,18.27393,18.75467,19.42430,20.36546,21.97064,24.24670
2024-11-29,2024-11-21,har,5,13.51000,16.92828,True,13.34458,13.90521,14.53316,14.90772,15.21826,15.46018,15.72734,15.93823,16.14660,16.34413,16.58135,16.82373,17.06593,17.37506,17.70797,18.12889,18.60683,19.26937,20.20327,21.79569,24.05425
2024-12-02,2024-11-22,har,5,13.34000,15.75818,True,12.42281,12.94426,13.52830,13.87781,14.16651,14.39161,14.64116,14.83663,15.03115,15.21437,15.43566,15.66080,15.88582,16.17433,16.48424,16.87620,17.32094,17.93788,18.80723,20.28961,22.39234
2024-12-03,2024-11-25,har,5,13.30000,15.26073,True,12.03115,12.53607,13.10168,13.43998,13.71936,13.93783,14.17894,14.36853,14.55711,14.73433,14.94869,15.16618,15.38425,15.66431,15.96415,16.34407,16.77458,17.37192,18.21398,19.64967,21.68608
2024-12-04,2024-11-26,har,5,13.45000,14.82292,True,11.68693,12.17715,12.72574,13.05231,13.32416,13.53740,13.76678,13.95545,14.13992,14.31177,14.52008,14.73175,14.94392,15.21567,15.50640,15.87639,16.29417,16.87426,17.69204,19.08695,21.06563
2024-12-05,2024-11-27,har,5,13.54000,14.72617,True,11.61187,12.09913,12.64211,12.96550,13.23639,13.44872,13.67499,13.86464,14.04897,14.21865,14.42526,14.63663,14.84721,15.11714,15.40629,15.77390,16.18833,16.76610,17.57669,18.96337,20.93035
2024-12-06,2024-11-29,har,5,12.77000,14.20092,True,11.19857,11.66475,12.19109,12.50318,12.76408,12.96966,13.18794,13.36996,13.54821,13.71156,13.91078,14.11522,14.31688,14.57829,14.85504,15.21256,15.61160,16.16966,16.95014,18.28802,20.18529
2024-12-09,2024-12-02,har,5,14.19000,14.00266,True,11.04218,11.50226,12.02103,12.32784,12.58422,12.78913,13.00313,13.18377,13.35947,13.51943,13.71682,13.91792,14.11685,14.37379,14.64694,15.00122,15.39402,15.94385,16.71386,18.03354,19.90320
2024-12-10,2024-12-03,har,5,14.18000,13.90287,True,10.96333,11.42025,11.93600,12.23991,12.49331,12.69768,12.91091,13.09013,13.26496,13.42244,13.61934,13.81678,14.01633,14.27067,14.54250,14.89483,15.28388,15.82963,16.59516,17.90576,19.76081
2024-12-11,2024-12-04,har,5,13.58000,13.95861,True,11.00722,11.46652,11.98421,12.28941,12.54388,12.74944,12.96318,13.14223,13.31836,13.47630,13.67411,13.87034,14.07290,14.32763,14.60032,14.95480,15.34419,15.89269,16.66196,17.97806,19.83957
2024-12-12,2024-12-05,har,5,13.92000,13.97404,True,11.01946,11.47972,11.99771,12.30336,12.55825,12.76425,12.97793,13.15678,13.33326,13.49125,13.68927,13.88597,14.08893,14.34233,14.61598,14.97173,15.36000,15.91026,16.68040,17.99833,19.86136
2024-12-13,2024-12-06,har,5,13.81000,13.37881,True,10.55011,10.99133,11.48703,11.77962,12.02418,12.22069,12.42491,12.59629,12.76533,12.91703,13.10594,13.29463,13.48865,13.73000,13.99263,14.33444,14.70535,15.23282,15.96960,17.23228,19.01535
2024-12-16,2024-12-09,har,5,14.69000,14.38435,True,11.34327,11.81740,12.35050,12.66497,12.92850,13.13949,13.35908,13.54326,13.72482,13.88784,14.09143,14.29435,14.50319,14.76164,15.04334,15.41169,15.80967,16.37741,17.16943,18.52710,20.44416
2024-12-17,2024-12-10,har,5,15.87000,14.39544,True,11.35223,11.82647,12.36010,12.67473,12.93903,13.14958,13.36967,13.55385,13.73545,13.89853,14.10241,14.30602,14.51435,14.77262,15.05371,15.42324,15.82092,16.38965,17.18221,18.54100,20.45949
2024-12-18,2024-12-11,har,5,27.62000,13.97551,True,11.02128,11.48161,11.99978,12.30506,12.56227,12.76608,12.97979,13.15882,13.33491,13.49331,13.69095,13.88824,14.09103,14.34111,14.61409,14.97312,15.35866,15.91161,16.68063,18.00006,19.86255
2024-12-19,2024-12-12,har,5,24.09000,14.21681,True,11.21177,11.67990,12.20713,12.51755,12.77980,12.98655,13.20394,13.38640,13.56526,13.72645,13.92747,14.12904,14.33428,14.58793,14.86596,15.23139,15.62298,16.18618,16.96823,18.31062,20.20520
2024-12-20,2024-12-13,har,5,18.36000,14.16358,True,11.17000,11.63608,12.16146,12.47065,12.73196,12.93775,13.15446,13.33656,13.51453,13.67552,13.87540,14.07765,14.28055,14.53454,14.80966,15.17399,15.56407,16.12521,16.90416,18.24164,20.12908
2024-12-23,2024-12-16,har,5,16.78000,14.78653,True,11.66143,12.14788,12.69644,13.01908,13.29203,13.50685,13.73298,13.92341,14.10897,14.27808,14.48589,14.69795,14.90885,15.17293,15.46031,15.84088,16.24818,16.83417,17.64713,19.04367,21.01385
2024-12-24,2024-12-17,har,5,14.27000,15.63523,True,12.33071,12.84499,13.42510,13.76600,14.05488,14.28170,14.52091,14.72198,14.91861,15.09826,15.31715,15.54231,15.76514,16.04545,16.34814,16.75058,17.18299,17.79971,18.65905,20.13627,22.21884
2024-12-26,2024-12-18,har,5,14.73000,23.24607,True,18.33013,19.09655,19.95822,20.46565,20.89288,21.22752,21.58505,21.88521,22.17489,22.44389,22.77165,23.10422,23.43565,23.85365,24.30765,24.90143,25.54726,26.46163,27.74338,29.93740,33.04649
2024-12-27,2024-12-19,har,5,15.95000,21.51976,True,16.96573,17.68046,18.47476,18.94610,19.33852,19.64965,19.98101,20.25608,20.52619,20.77462,21.07836,21.38670,21.69284,22.08328,22.50463,23.04858,23.65703,24.49145,25.68020,27.72026,30.60638
2024-12-30,2024-12-20,har,5,17.40000,18.02783,True,14.21178,14.81213,15.47588,15.87140,16.19928,16.46009,16.73859,16.96777,17.19541,17.40251,17.65778,17.91621,18.17192,18.49882,18.85287,19.30776,19.81632,20.51593,21.51360,23.25023,25.63644
2024-12-31,2024-12-23,har,5,17.35000,17.01097,True,13.40935,13.97564,14.60291,14.97594,15.28515,15.53091,15.79410,16.01155,16.22626,16.42006,16.66124,16.90517,17.14776,17.45465,17.78937,18.21832,18.70530,19.35731,20.29913,21.93638,24.18921
2025-01-02,2024-12-24,har,5,17.93000,15.18708,True,11.97257,12.47809,13.03731,13.37057,13.64686,13.86580,14.10070,14.29289,14.48511,14.66002,14.87551,15.09332,15.30850,15.58366,15.88272,16.26540,16.69785,17.28277,18.12292,19.58372,21.59541
2025-01-03,2024-12-26,har,5,16.13000,15.30374,True,12.06343,12.57419,13.12826,13.46965,13.75179,13.97662,14.21042,14.40275,14.59419,14.77159,14.98965,15.21092,15.42747,15.70267,16.00758,16.39184,16.82099,17.41919,18.26147,19.73721,21.76282
2025-01-06,2024-12-27,har,5,16.04000,15.97185,True,12.58514,13.12226,13.69701,14.05834,14.35125,14.58916,14.83006,15.03330,15.23309,15.41608,15.64294,15.87154,16.10062,16.38898,16.71091,17.10410,17.55342,18.18418,19.05993,20.59958,22.71134
2025-01-07,2024-12-30,har,5,17.82000,16.91818,True,13.33097,13.90071,14.50907,14.89173,15.20267,15.45384,15.70934,15.92466,16.13630,16.32878,16.56968,16.81058,17.05441,17.36014,17.70019,18.11752,18.59308,19.26156,20.18912,21.81896,24.05731
2025-01-08,2024-12-31,har,5,17.70000,16.91822,True,13.33096,13.90034,14.50878,14.89178,15.20346,15.45393,15.70945,15.92484,16.13627,16.32920,16.56983,16.81224,17.05495,17.35990,17.69968,18.11736,18.59312,19.26147,20.18906,21.81780,24.05654
2025-01-10,2025-01-02,har,5,19.54000,17.42214,True,13.72779,14.31211,14.93628,15.33360,15.65574,15.91224,16.17817,16.39804,16.61707,16.81685,17.06216,17.31323,17.56510,17.87529,18.22893,18.65863,19.14771,19.83734,20.78993,22.46671,24.76626
2025-01-13,2025-01-03,har,5,19.19000,16.29753,True,12.84160,13.38816,13.97041,14.34406,14.64493,14.88519,15.13407,15.33988,15.54447,15.73290,15.96054,16.19585,16.43302,16.72182,17.05242,17.45381,17.91154,18.55722,19.44741,21.01525,23.16603
2025-01-14,2025-01-06,har,5,18.71000,16.25467,True,12.80787,13.35319,13.93365,14.30634,14.60669,14.84624,15.09485,15.30115,15.50366,15.69205,15.91863,16.15342,16.38846,16.67733,17.00756,17.40711,17.86420,18.50832,19.39612,20.95885,23.10473
2025-01-15,2025-01-07,har,5,16.12000,17.46565,True,13.76192,14.34799,14.97213,15.37171,15.69514,15.95223,16.22026,16.44284,16.65901,16.86191,17.10641,17.35683,17.61117,17.92081,18.27450,18.70274,19.19443,19.88648,20.83954,22.51872,24.82557
2025-01-16,2025-01-08,har,5,16.60000,17.42035,True,13.72609,14.31076,14.93355,15.33159,15.65452,15.91075,16.17897,16.40104,16.61617,16.81835,17.06341,17.31418,17.56635,17.87543,18.22701,18.65330,19.14418,19.83423,20.78403,22.45879,24.76068
2025-01-17,2025-01-10,har,5,15.97000,18.68635,True,14.72316,15.35019,16.01889,16.44528,16.79177,17.06625,17.35524,17.59235,17.82346,18.04068,18.30433,18.57430,18.84247,19.17406,19.55186,20.01200,20.53601,21.27419,22.29284,24.08886,26.55921
2025-01-21,2025-01-13,har,5,15.06000,18.57988,True,14.63882,15.26196,15.92612,16.35121,16.69492,16.96933,17.25534,17.49141,17.72125,17.93711,18.20140,18.46797,18.73471,19.06468,19.43998,19.89909,20.42156,21.15263,22.16352,23.94960,26.40501
2025-01-22,2025-01-14,har,5,15.10000,18.37384,True,14.47612,15.09215,15.74845,16.16971,16.50898,16.78211,17.06292,17.29834,17.52481,17.73819,17.99898,18.26385,18.52611,18.85389,19.22481,19.67958,20.19910,20.91939,21.91536,23.68217,26.10965
2025-01-23,2025-01-15,har,5,15.02000,16.61289,True,13.08908,13.64644,14.23933,14.62061,14.92752,15.17521,15.42721,15.63957,15.84498,16.03788,16.27393,16.51242,16.75094,17.04671,17.38252,17.79285,18.26248,18.91475,19.81408,21.41183,23.60737
2025-01-24,2025-01-16,har,5,14.85000,16.92352,True,13.33405,13.90212,14.50573,14.89445,15.20720,15.45954,15.71659,15.93297,16.14081,16.33694,16.57782,16.82041,17.06424,17.36499,17.70760,18.12537,18.60303,19.26852,20.18352,21.81134,24.04870
2025-01-27,2025-01-17,har,5,17.90000,16.41495,True,12.93416,13.48577,14.06935,14.44782,14.74993,14.99462,15.24275,15.45329,15.65622,15.84511,16.08053,16.31437,16.55179,16.84380,17.17662,17.58078,18.04294,18.69141,19.57519,21.15599,23.32760
2025-01-28,2025-01-21,har,5,16.41000,15.68521,True,12.36008,12.88265,13.44428,13.80640,14.09428,14.32639,14.56450,14.76532,14.96035,15.14061,15.36259,15.58975,15.81603,16.09607,16.41413,16.79935,17.24071,17.86241,18.70361,20.21570,22.29366
2025-01-29,2025-01-22,har,5,16.56000,15.61489,True,12.30541,12.82612,13.38373,13.74471,14.03105,14.26234,14.49984,14.70010,14.89330,15.07306,15.29073,15.52027,15.74579,16.02447,16.34127,16.72403,17.16375,17.78265,18.62023,20.12577,22.19536
2025-01-30,2025-01-23,har,5,15.84000,15.48258,True,12.20145,12.71832,13.27142,13.62805,13.91316,14.14075,14.37654,14.57425,14.76725,14.94547,15.16210,15.38783,15.61288,15.88850,16.20245,16.58181,17.01814,17.63126,18.46373,19.95461,22.00640
2025-01-31,2025-01-24,har,5,16.43000,15.28199,True,12.04383,12.55443,13.10075,13.45160,13.73245,13.95775,14.19021,14.38509,14.57597,14.75070,14.96655,15.18783,15.41048,15.68279,15.99220,16.36663,16.79769,17.40250,18.22577,19.69641,21.72089
2025-02-03,2025-01-27,har,5,18.62000,17.34781,True,13.67183,14.25147,14.87125,15.26984,15.58894,15.84424,16.10832,16.32992,16.54625,16.74592,16.98926,17.24166,17.49447,17.80351,18.15496,18.58011,19.06767,19.75471,20.68853,22.35871,24.65744
2025-02-04,2025-01-28,har,5,17.21000,16.41459,True,12.93640,13.48499,14.07099,14.44832,14.75043,14.99191,15.24175,15.45178,15.65603,15.84591,16.07506,16.31546,16.55334,16.84676,17.17795,17.57993,18.04123,18.69173,19.57503,21.15633,23.33122
2025-02-05,2025-01-29,har,5,15.77000,16.56846,True,13.05766,13.61164,14.20279,14.58355,14.88870,15.13242,15.38453,15.59691,15.80250,15.99452,16.22872,16.47036,16.70827,17.00559,17.33932,17.74371,18.20928,18.86642,19.75800,21.35493,23.54995
2025-02-06,2025-01-30,har,5,15.50000,16.11749,True,12.70233,13.24141,13.81619,14.18655,14.48359,14.72052,14.96580,15.17271,15.37250,15.55909,15.78996,16.02316,16.25362,16.54238,16.86724,17.26023,17.71321,18.35258,19.21985,20.77367,22.90886
2025-02-07,2025-01-31,har,5,16.54000,16.56155,True,13.05226,13.60646,14.19686,14.57716,14.88269,15.12590,15.37834,15.59121,15.79605,15.98743,16.22481,16.46473,16.70203,16.99851,17.33169,17.73611,18.20045,18.85747,19.74870,21.34604,23.53979
2025-02-10,2025-02-03,har,5,15.81000,18.01883,True,14.20064,14.80388,15.44584,15.85933,16.19248,16.45694,16.73187,16.96366,17.18647,17.39473,17.65251,17.91411,18.17408,18.49410,18.85760,19.29771,19.80134,20.51528,21.48660,23.22295,25.60957
2025-02-11,2025-02-04,har,5,16.02000,17.12488,True,13.49613,14.06959,14.67966,15.07229,15.38916,15.64048,15.90305,16.12277,16.33423,16.53215,16.77751,17.02594,17.27294,17.57672,17.92298,18.33951,18.81863,19.49670,20.42023,22.07038,24.33853
2025-02-12,2025-02-05,har,5,15.89000,16.12942,True,12.71192,13.25212,13.82634,14.19637,14.49486,14.73153,14.98001,15.18639,15.38409,15.57072,15.80152,16.03585,16.26916,16.55505,16.88095,17.27324,17.72484,18.36346,19.23307,20.78765,22.92409
2025-02-13,2025-02-06,har,5,15.10000,15.93305,True,12.55742,13.09112,13.65831,14.02367,14.31869,14.55242,14.79806,15.00230,15.19747,15.38098,15.60859,15.84010,16.06975,16.35340,16.67504,17.06269,17.50890,18.13969,18.99845,20.53455,22.64508
2025-02-14,2025-02-07,har,5,14.77000,16.63916,True,13.11410,13.67156,14.26371,14.64517,14.95349,15.19748,15.45416,15.66755,15.87157,16.06298,16.30114,16.54296,16.78038,17.07783,17.41352,17.81837,18.28454,18.94326,19.83966,21.44451,23.64860
2025-02-18,2025-02-10,har,5,15.35000,16.06644,True,12.66329,13.20185,13.77310,14.14176,14.43844,14.67441,14.92119,15.12783,15.32472,15.50973,15.74021,15.97336,16.20225,16.49090,16.81444,17.20553,17.65522,18.29316,19.15586,20.70788,22.83634
2025-02-19,2025-02-11,har,5,15.27000,16.16704,True,12.74295,13.28507,13.85953,14.23062,14.52930,14.76676,15.01537,15.22096,15.42012,15.60703,15.83896,16.07324,16.30377,16.59440,16.91978,17.31337,17.76571,18.40795,19.27543,20.83781,22.97973
2025-02-20,2025-02-12,har,5,15.66000,16.06695,True,12.66426,13.20315,13.77391,14.14260,14.43976,14.67564,14.92292,15.12767,15.32515,15.51055,15.74107,15.97363,16.20269,16.49101,16.81498,17.20607,17.65543,18.29372,19.15559,20.70867,22.83740
2025-02-21,2025-02-13,har,5,18.21000,15.50366,True,12.22058,12.74067,13.29142,13.64693,13.93372,14.16156,14.40048,14.59860,14.78741,14.96710,15.18898,15.41305,15.63500,15.91206,16.22562,16.60278,17.03655,17.65212,18.48378,19.98258,22.03678
2025-02-24,2025-02-14,har,5,18.98000,15.21246,True,11.99156,12.50202,13.04226,13.39103,13.67172,13.89524,14.12976,14.32322,14.50969,14.68588,14.90162,15.12222,15.34185,15.61291,15.92111,16.29123,16.71706,17.32096,18.13651,19.60767,21.62347
2025-02-25,2025-02-18,har,5,19.43000,15.58875,True,12.28846,12.81165,13.36510,13.72244,14.01022,14.23937,14.47981,14.67857,14.86902,15.04836,15.26788,15.49473,15.72144,15.99875,16.31447,16.69420,17.13079,17.74945,18.58474,20.09275,22.15847
2025-02-26,2025-02-19,har,5,19.10000,15.50767,True,12.22484,12.74545,13.29571,13.65131,13.93765,14.16584,14.40505,14.60331,14.79181,14.97000,15.18843,15.41340,15.63963,15.91517,16.22929,16.60737,17.04191,17.65730,18.48774,19.98845,22.04348
2025-02-27,2025-02-20,har,5,21.13000,15.76083,True,12.42463,12.95387,13.51283,13.87429,14.16540,14.39757,14.64073,14.84272,15.03346,15.21462,15.43631,15.66413,15.89481,16.17446,16.49373,16.87831,17.32020,17.94558,18.78905,20.31479,22.40341
2025-02-28,2025-02-21,har,5,19.63000,17.52343,True,13.81369,14.40238,15.02314,15.42554,15.74916,16.00810,16.27703,16.50247,16.71429,16.91655,17.16170,17.41685,17.67194,17.98374,18.33918,18.76612,19.25659,19.95323,20.88937,22.58499,24.90782
2025-03-03,2025-02-24,har,5,22.78000,18.15639,True,14.31201,14.92232,15.56450,15.98245,16.31683,16.58652,16.86348,17.09799,17.31773,17.52697,17.78077,18.04729,18.30897,18.63382,19.00130,19.44352,19.95257,20.67442,21.64765,23.39868,25.80596
2025-03-04,2025-02-25,har,5,23.51000,18.58556,True,14.64976,15.27454,15.93152,16.35912,16.70212,16.97877,17.26072,17.50101,17.72721,17.94038,18.20317,18.47473,18.74088,19.07553,19.45060,19.90226,20.42364,21.16279,22.16227,23.94933,26.41405
2025-03-05,2025-02-26,har,5,21.93000,18.51441,True,14.59322,15.21561,15.87003,16.29544,16.63757,16.91358,17.19460,17.43311,17.65890,17.87106,18.13489,18.40426,18.66808,19.00166,19.37693,19.82593,20.34662,21.08163,22.08413,23.85525,26.31111
2025-03-06,2025-02-27,har,5,24.87000,19.97625,True,15.74515,16.41605,17.12299,17.57994,17.94996,18.24709,18.55332,18.80779,19.05257,19.28023,19.56539,19.85554,20.14117,20.50050,20.90552,21.39417,21.95703,22.74547,23.83263,25.74871,28.38582
2025-03-07,2025-02-28,har,5,23.37000,19.08281,True,15.04111,15.68130,16.35880,16.79282,17.14651,17.43051,17.72545,17.96669,18.20018,18.41874,18.68938,18.96741,19.24213,19.58272,19.96959,20.43999,20.97717,21.72757,22.76568,24.59407,27.11506
2025-03-10,2025-03-03,har,5,27.86000,21.20342,True,16.71240,17.42226,18.17764,18.65733,19.05207,19.36544,19.69413,19.96480,20.22178,20.46717,20.76582,21.07390,21.38015,21.75896,22.19017,22.71172,23.30878,24.14039,25.29904,27.32092,30.12531
2025-03-11,2025-03-04,har,5,26.92000,21.81151,True,17.19107,17.92008,18.70038,19.19159,19.59776,19.91750,20.25670,20.53944,20.80158,21.05390,21.36054,21.67877,21.99235,22.38344,22.82707,23.36270,23.98535,24.83274,26.02397,28.09886,30.98401
2025-03-12,2025-03-05,har,5,24.23000,20.93561,True,16.49987,17.19937,17.94911,18.42012,18.81027,19.11711,19.44249,19.71569,19.96521,20.20756,20.50135,20.80942,21.10859,21.48335,21.91132,22.42442,23.03087,23.83573,24.97727,26.96784,29.73670
2025-03-13,2025-03-06,har,5,24.66000,22.90135,True,18.04768,18.81217,19.63481,20.14941,20.57632,20.91132,21.26659,21.56635,21.83812,22.10562,22.42672,22.76596,23.09005,23.49932,23.97125,24.53139,25.19369,26.07276,27.32683,29.49424,32.52291
2025-03-14,2025-03-07,har,5,21.77000,22.11344,True,17.42491,18.16349,18.95617,19.45502,19.86719,20.19082,20.53599,20.82440,21.08625,21.34470,21.65693,21.98586,22.29521,22.69290,23.14720,23.68973,24.32694,25.17633,26.38766,28.47576,31.40053
2025-03-17,2025-03-10,har,5,20.51000,25.07411,True,19.75570,20.59287,21.49395,22.05985,22.52585,22.89222,23.28658,23.61027,23.90764,24.20355,24.55887,24.92909,25.28076,25.73223,26.24630,26.86218,27.58559,28.55362,29.92408,32.30935,35.59574
2025-03-18,2025-03-11,har,5,21.70000,24.67033,True,19.43576,20.25936,21.14793,21.70490,22.16066,22.52404,22.91179,23.22918,23.52235,23.81430,24.16115,24.52711,24.87273,25.31801,25.82319,26.43267,27.14372,28.09585,29.44543,31.78571,35.02100
2025-03-19,2025-03-12,har,5,19.90000,23.10534,True,18.20123,18.97300,19.80418,20.32718,20.75439,21.09517,21.45958,21.75501,22.02980,22.30297,22.62975,22.97181,23.29403,23.71032,24.18428,24.75788,25.42517,26.31277,27.57590,29.76704,32.79791
2025-03-20,2025-03-13,har,5,19.80000,23.42486,True,18.45243,19.23485,20.07767,20.60871,21.04153,21.38700,21.75713,22.05543,22.33480,22.61197,22.94342,23.28939,23.61674,24.03918,24.51952,25.10312,25.77470,26.67529,27.95679,30.17651,33.25134
2025-03-21,2025-03-14,har,5,19.28000,21.54389,True,16.97114,17.69117,18.46576,18.95417,19.35281,19.67013,20.01091,20.28470,20.54132,20.79670,21.10190,21.41875,21.71994,22.10844,22.55024,23.08711,23.70475,24.53339,25.71186,27.75190,30.58079
2025-03-24,2025-03-17,har,5,17.48000,20.55576,True,16.19476,16.87379,17.61770,18.08324,18.46409,18.76763,19.09135,19.35535,19.59961,19.84224,20.13337,20.43612,20.72442,21.09588,21.51711,22.02745,22.61716,23.40999,24.53249,26.47898,29.17707
2025-03-25,2025-03-18,har,5,17.15000,21.25434,True,16.74678,17.44932,18.21820,18.69800,19.09109,19.40418,19.73910,20.01342,20.26638,20.51594,20.81734,21.13186,21.42964,21.81230,22.24837,22.77609,23.38471,24.20674,25.36695,27.37810,30.16890
2025-03-26,2025-03-19,har,5,18.33000,19.98258,True,15.74711,16.40773,17.13163,17.58010,17.94695,18.24288,18.55508,18.81537,19.05276,19.28905,19.57207,19.86787,20.14709,20.50640,20.91832,21.41250,21.98682,22.75844,23.84933,25.73886,28.36454
2025-03-27,2025-03-20,har,5,18.69000,19.82219,True,15.62311,16.27873,16.99510,17.43888,17.80281,18.09682,18.40490,18.66386,18.90036,19.13456,19.41401,19.70912,19.98341,20.34040,20.75134,21.23912,21.80919,22.57581,23.65784,25.53142,28.13815
2025-03-28,2025-03-21,har,5,21.65000,19.43201,True,15.31755,15.96037,16.66427,17.09611,17.45211,17.73959,18.04238,18.29528,18.52882,18.75519,19.02960,19.31947,19.58992,19.93988,20.34335,20.81873,21.37900,22.13098,23.19163,25.02825,27.58334
2025-03-31,2025-03-24,har,5,22.28000,18.13186,True,14.29475,14.89577,15.54720,15.95171,16.28549,16.55206,16.83507,17.07000,17.28786,17.49890,17.75619,18.02749,18.28111,18.60701,18.98375,19.42464,19.94833,20.65051,21.63962,23.35327,25.73828
2025-04-01,2025-03-25,har,5,21.77000,17.78651,True,14.02403,14.61273,15.25155,15.64819,15.97525,16.23638,16.51511,16.74496,16.95927,17.16643,17.41957,17.68251,17.93439,18.25330,18.62280,19.05542,19.56891,20.25733,21.22783,22.90906,25.24937
2025-04-02,2025-03-26,har,5,21.51000,18.55349,True,14.62942,15.24359,15.91054,16.32371,16.66423,16.93684,17.22749,17.46512,17.69053,17.90663,18.17130,18.44079,18.70695,19.04022,19.42449,19.87765,20.41318,21.13110,22.14298,23.89667,26.33926
2025-04-03,2025-03-27,har,5,30.02000,18.76473,True,14.79629,15.41748,16.09243,16.51017,16.85397,17.13027,17.42398,17.66562,17.89207,18.11012,18.37835,18.64875,18.91823,19.25690,19.64336,20.10445,20.64602,21.37172,22.39483,24.16846,26.63992
2025-04-04,2025-03-28,har,5,45.31000,20.78186,True,16.38670,17.07445,17.82176,18.28456,18.66632,18.97180,19.29628,19.56491,19.81495,20.05661,20.35337,20.65636,20.95413,21.32716,21.75932,22.26471,22.86479,23.66869,24.80076,26.76540,29.50213
2025-04-07,2025-03-31,har,5,46.98000,21.32318,True,16.81321,17.51841,18.28344,18.75889,19.15212,19.46687,19.79871,20.07336,20.33044,20.57854,20.88161,21.20074,21.49783,21.88235,22.32657,22.84452,23.46949,24.28480,25.45418,27.46261,30.26958
2025-04-08,2025-04-01,har,5,52.33000,21.13810,True,16.66747,17.36611,18.12418,18.59517,18.98626,19.29790,19.62496,19.89911,20.15290,20.39807,20.69866,21.01784,21.31257,21.69183,22.13270,22.64858,23.27425,24.07395,25.24295,27.22455,30.00875
2025-04-09,2025-04-02,har,5,33.62000,21.05171,True,16.59988,17.29585,18.05171,18.51875,18.90898,19.21769,19.54368,19.81797,20.06990,20.31403,20.61430,20.93267,21.22765,21.60233,22.04226,22.55526,23.17832,23.97589,25.13887,27.11279,29.88572
2025-04-10,2025-04-03,har,5,40.72000,26.67028,True,21.03220,21.91188,22.86800,23.46159,23.95708,24.34578,24.75528,25.10183,25.42004,25.73200,26.11595,26.51572,26.88935,27.36601,27.92796,28.57105,29.36512,30.37410,31.84619,34.36453,37.89071
2025-04-11,2025-04-04,har,5,37.56000,36.03007,True,28.41634,29.59302,30.89929,31.69932,32.35672,32.88237,33.44255,33.90678,34.33802,34.76424,35.27252,35.80897,36.32001,36.96449,37.71800,38.58953,39.66120,41.04478,43.02957,46.43803,51.21033
2025-04-14,2025-04-07,har,5,30.89000,37.77602,True,29.77678,31.02383,32.40196,33.22559,33.92606,34.46929,35.04982,35.54208,35.99405,36.44130,36.97726,37.53315,38.08280,38.75011,39.53461,40.45216,41.57101,43.04636,45.10737,48.71621,53.72025
2025-04-15,2025-04-08,har,5,30.12000,41.67254,True,32.83614,34.21584,35.74206,36.64084,37.41398,38.01073,38.64538,39.21020,39.69542,40.19476,40.78838,41.39552,42.00235,42.74182,43.59672,44.61766,45.84695,47.47752,49.76804,53.83327,59.28085
2025-04-16,2025-04-09,har,5,32.64000,31.14017,True,24.53486,25.56481,26.70471,27.37727,27.95467,28.40283,28.87257,29.29692,29.65802,30.03599,30.47728,30.93375,31.38599,31.93552,32.57462,33.33921,34.26227,35.47328,37.18555,40.25861,44.37638
2025-04-17,2025-04-10,har,5,29.65000,35.80959,True,28.21549,29.39445,30.71305,31.47915,32.15022,32.65522,33.19981,33.68702,34.10414,34.53903,35.04160,35.57418,36.08377,36.72057,37.45276,38.33701,39.40467,40.80201,42.76236,46.31889,51.07484
2025-04-21,2025-04-11,har,5,33.82000,33.82489,True,26.65207,27.76438,29.01235,29.73742,30.36932,30.84498,31.36010,31.82072,32.21329,32.62770,33.10003,33.60282,34.08582,34.68694,35.37484,36.20930,37.22031,38.53650,40.39277,43.75322,48.24113
2025-04-22,2025-04-14,har,5,30.57000,29.35639,True,23.13368,24.09647,25.17526,25.80377,26.35160,26.77210,27.21763,27.61784,27.95676,28.31491,28.73071,29.16198,29.58628,30.10671,30.70949,31.42618,32.29560,33.44721,35.05691,37.96427,41.87460
2025-04-23,2025-04-15,har,5,28.45000,28.56301,True,22.50823,23.44861,24.49182,25.10986,25.63129,26.05113,26.48047,26.86970,27.20355,27.54369,27.95215,28.36567,28.78119,29.29564,29.88386,30.57359,31.42370,32.55516,34.11540,36.94879,40.75958
2025-04-24,2025-04-16,har,5,26.47000,30.23475,True,23.82356,24.81961,25.92113,26.57828,27.13189,27.57725,28.03097,28.44181,28.79493,29.15620,29.58747,30.02794,30.46862,31.00942,31.63588,32.36406,33.26317,34.45916,36.11039,39.11200,43.14339
2025-04-25,2025-04-17,har,5,24.84000,28.16217,True,22.19837,23.12310,24.14712,24.75387,25.26826,25.68525,26.11031,26.49368,26.82326,27.15666,27.56017,27.97405,28.38299,28.88518,29.46700,30.13922,30.97807,32.09982,33.64239,36.43118,40.18647
2025-04-28,2025-04-21,har,5,25.15000,30.82914,True,24.30063,25.31304,26.43422,27.09835,27.66195,28.11775,28.58320,29.00309,29.36419,29.72928,30.17043,30.62331,31.06924,31.61908,32.25717,32.99285,33.91074,35.13940,36.82750,39.88047,43.99005
2025-04-29,2025-04-22,har,5,24.17000,28.84530,True,22.73561,23.68490,24.73227,25.35438,25.88305,26.30878,26.74418,27.13700,27.47452,27.81595,28.22862,28.65417,29.07092,29.58695,30.17918,30.86911,31.72787,32.87940,34.45580,37.31333,41.15825
2025-04-30,2025-04-23,har,5,24.70000,27.49494,True,21.67140,22.57612,23.57492,24.16812,24.67205,25.07722,25.49260,25.86668,26.18854,26.51432,26.91056,27.31291,27.70857,28.20146,28.76541,29.42315,30.24140,31.33931,32.84249,35.56570,39.22958
2025-05-01,2025-04-24,har,5,24.60000,26.11859,True,20.58955,21.44537,22.39699,22.95599,23.43434,23.82176,24.21690,24.57200,24.87830,25.18637,25.56222,25.94599,26.32317,26.78720,27.32759,27.95126,28.72879,29.76999,31.19997,33.78490,37.26101
2025-05-02,2025-04-25,har,5,22.68000,24.96804,True,19.68482,20.50137,21.41260,21.94382,22.40158,22.77210,23.15041,23.48856,23.78187,24.07654,24.43689,24.80263,25.16374,25.60641,26.12094,26.72042,27.46318,28.45807,29.82717,32.29683,35.61512
2025-05-05,2025-04-28,har,5,23.64000,25.06835,True,19.76649,20.58146,21.49659,22.03001,22.49040,22.86146,23.24511,23.58053,23.87833,24.17323,24.53491,24.90069,25.25949,25.70703,26.22221,26.82625,27.57154,28.57109,29.94765,32.42589,35.75300
2025-05-06,2025-04-29,har,5,24.76000,24.31286,True,19.17077,19.95987,20.84806,21.36719,21.81404,22.17201,22.54387,22.86823,23.15801,23.44442,23.79628,24.14912,24.49538,24.93073,25.43229,26.01660,26.73994,27.70975,29.04564,31.44919,34.67063
2025-05-07,2025-04-30,har,5,23.55000,24.61971,True,19.41198,20.21063,21.11321,21.63994,22.09086,22.45181,22.82851,23.15651,23.45261,23.74109,24.09675,24.45350,24.80437,25.24355,25.75561,26.34541,27.07795,28.05916,29.41230,31.84723,35.10441
2025-05-08,2025-05-01,har,5,22.48000,24.52750,True,19.33864,20.13419,21.03582,21.55953,22.00943,22.36823,22.74422,23.07011,23.36580,23.65232,24.00534,24.36161,24.71216,25.14920,25.66036,26.24804,26.97663,27.95392,29.30183,31.72874,34.97011
2025-05-09,2025-05-02,har,5,21.90000,23.16462,True,18.26278,19.01412,19.86909,20.36195,20.78663,21.12362,21.48016,21.78662,22.06642,22.33894,22.67102,23.00872,23.34131,23.75194,24.23591,24.79073,25.47697,26.40047,27.67412,29.96531,33.02421
2025-05-12,2025-05-05,har,5,18.39000,23.80998,True,18.77119,19.54323,20.42231,20.92955,21.36733,21.71298,22.08031,22.39415,22.68089,22.96158,23.30268,23.64951,23.99243,24.41166,24.91063,25.48097,26.18636,27.13539,28.44572,30.79958,33.94213
2025-05-13,2025-05-06,har,5,18.22000,24.56007,True,19.36265,20.15910,21.06591,21.58929,22.04050,22.39809,22.77611,23.10001,23.39539,23.68502,24.03660,24.39551,24.74838,25.17980,25.69334,26.28290,27.01090,27.99037,29.34116,31.76997,35.00920
2025-05-14,2025-05-07,har,5,18.62000,23.62131,True,18.62252,19.38824,20.26064,20.76385,21.19930,21.54209,21.90716,22.21768,22.50348,22.77988,23.11831,23.46253,23.80304,24.21736,24.71078,25.27830,25.97810,26.91969,28.21960,30.55543,33.66933
2025-05-15,2025-05-08,har,5,17.83000,22.74247,True,17.92968,18.66636,19.50672,19.99136,20.41126,20.74051,21.09288,21.39089,21.66650,21.93145,22.25772,22.58961,22.91795,23.31583,23.79223,24.33714,25.01104,25.91517,27.16954,29.41810,32.41550
2025-05-16,2025-05-09,har,5,17.24000,22.21243,True,17.51156,18.23087,19.05232,19.52624,19.93552,20.25696,20.60313,20.89293,21.15988,21.41967,21.73864,22.06342,22.38427,22.77177,23.23719,23.77005,24.42785,25.30850,26.53569,28.73153,31.65867
2025-05-19,2025-05-12,har,5,18.14000,19.54033,True,15.40451,16.03301,16.75537,17.17557,17.53577,17.81747,18.12734,18.38156,18.61151,18.84448,19.12314,19.41097,19.69106,20.03436,20.44322,20.91214,21.48769,22.25950,23.34020,25.27269,27.85138
2025-05-20,2025-05-13,har,5,18.09000,19.19875,True,15.12701,15.75210,16.46173,16.87803,17.22982,17.50367,17.81384,18.05808,18.28609,18.51658,18.78789,19.07460,19.35038,19.68446,20.08582,20.55027,21.11505,21.86872,22.93201,24.82918,27.36606
2025-05-21,2025-05-14,har,5,20.87000,19.30610,True,15.20981,15.83747,16.55383,16.97338,17.32534,17.59946,17.91448,18.15890,18.39113,18.62101,18.89151,19.18131,19.46243,19.79518,20.19913,20.66690,21.23507,21.98906,23.06151,24.96540,27.51974
2025-05-22,2025-05-15,har,5,20.28000,18.58864,True,14.63443,15.23829,15.93884,16.34300,16.68017,16.94437,17.24782,17.48397,17.70992,17.93070,18.19024,18.46782,18.73899,19.06152,19.44943,19.89976,20.44969,21.17087,22.20417,24.03423,26.49765
2025-05-23,2025-05-16,har,5,22.29000,18.01300,True,14.15561,14.76795,15.44309,15.83739,16.15873,16.42061,16.71226,16.94306,17.16225,17.37660,17.62876,17.89785,18.15832,18.47198,18.84802,19.28188,19.81818,20.51429,21.51481,23.28594,25.67740
2025-05-27,2025-05-19,har,5,18.96000,18.58314,True,14.60603,15.23639,15.93189,16.33819,16.67248,16.94074,17.24163,17.47957,17.70461,17.92642,18.18675,18.46392,18.73400,19.05715,19.44506,19.89247,20.44566,21.16340,22.19453,24.02038,26.48986
2025-05-28,2025-05-20,har,5,19.31000,18.49517,True,14.53886,15.16513,15.85658,16.26068,16.59511,16.86078,17.16071,17.39793,17.62066,17.84106,18.09946,18.37628,18.64501,18.96719,19.35278,19.79784,20.34870,21.06315,22.08917,23.90520,26.36430
2025-05-29,2025-05-21,har,5,19.18000,20.38943,True,16.02672,16.71730,17.48112,17.92601,18.29553,18.58731,18.91919,19.17875,19.42576,19.66868,19.95401,20.25817,20.55505,20.90974,21.33583,21.82734,22.43099,23.22041,24.35100,26.35440,29.06225
2025-05-30,2025-05-22,har,5,18.57000,20.00773,True,15.72565,16.40325,17.15441,17.59025,17.95418,18.23865,18.56551,18.81962,19.06287,19.30045,19.57927,19.87877,20.17014,20.51751,20.93637,21.42104,22.00953,22.78553,23.89417,25.86178,28.51568
2025-06-02,2025-05-23,har,5,18.36000,21.43318,True,16.84853,17.56975,18.37670,18.84207,19.23187,19.53694,19.88798,20.16002,20.42079,20.67467,20.97361,21.29338,21.60816,21.97875,22.42804,22.94794,23.57538,24.41220,25.60680,27.70591,30.54169
2025-06-03,2025-05-27,har,5,17.69000,19.17756,True,15.07625,15.72059,16.44278,16.85907,17.20835,17.48097,17.79497,18.03907,18.27166,18.49965,18.76615,19.05346,19.33514,19.66467,20.06679,20.53174,21.09412,21.84284,22.91009,24.78963,27.32636
2025-06-04,2025-05-28,har,5,17.61000,19.41910,True,15.26712,15.91826,16.64952,17.07114,17.42546,17.70116,18.01928,18.26794,18.50155,18.73310,19.00335,19.29458,19.57975,19.91473,20.31899,20.78928,21.35927,22.11786,23.19658,25.10131,27.66903
2025-06-05,2025-05-29,har,5,18.48000,19.26660,True,15.14716,15.79377,16.51972,16.93818,17.28984,17.56192,17.87879,18.12219,18.35649,18.58539,18.85380,19.14248,19.42518,19.75661,20.15959,20.62520,21.19219,21.94305,23.01403,24.90419,27.45173
2025-06-06,2025-05-30,har,5,16.77000,18.78420,True,14.76813,15.39888,16.10729,16.51445,16.85783,17.12273,17.43151,17.66866,17.89705,18.11960,18.38236,18.66300,18.93837,19.26110,19.65508,20.10873,20.66224,21.39265,22.43729,24.28049,26.76433
2025-06-09,2025-06-02,har,5,17.16000,18.53125,True,14.56920,15.19303,15.88760,16.29172,16.62989,16.89357,17.19615,17.43130,17.65715,17.87629,18.13444,18.41268,18.68299,19.00174,19.39107,19.83867,20.38492,21.10270,22.13623,23.95438,26.40395
2025-06-10,2025-06-03,har,5,16.95000,18.00854,True,14.15933,14.76506,15.43986,15.83271,16.16137,16.41708,16.71127,16.93927,17.15839,17.37210,17.62332,17.89233,18.15474,18.46578,18.84400,19.27892,19.80886,20.50704,21.51087,23.27813,25.65887
2025-06-11,2025-06-04,har,5,17.26000,17.89227,True,14.06912,14.67042,15.34060,15.73098,16.05745,16.31107,16.60290,16.82962,17.04713,17.25859,17.50929,17.77705,18.03670,18.34694,18.72234,19.15388,19.67993,20.37433,21.37111,23.12749,25.49292
2025-06-12,2025-06-05,har,5,18.02000,18.44999,True,14.50859,15.12801,15.81920,16.22146,16.55829,16.81972,17.12109,17.35462,17.57899,17.79485,18.05441,18.33075,18.59855,18.91881,19.30594,19.75081,20.29217,21.00899,22.03647,23.84796,26.28700
2025-06-13,2025-06-06,har,5,20.82000,17.19471,True,13.52267,14.09945,14.74339,15.11823,15.43007,15.67522,15.95521,16.17369,16.38315,16.58291,16.82584,17.08368,17.33357,17.63243,17.99286,18.40727,18.91063,19.58006,20.53692,22.22534,24.49850
2025-06-16,2025-06-09,har,5,19.11000,17.41056,True,13.69331,14.27696,14.92893,15.30840,15.62550,15.87240,16.15515,16.37686,16.58840,16.79057,17.03663,17.29815,17.55098,17.85426,18.21848,18.63826,19.14709,19.82614,20.79456,22.50422,24.80585
2025-06-17,2025-06-10,har,5,21.60000,17.22274,True,13.54657,14.12330,14.76833,15.14373,15.45727,15.70148,15.98111,16.20057,16.40866,16.60983,16.85233,17.11113,17.36073,17.66146,18.02173,18.43678,18.94081,19.61255,20.57010,22.26131,24.53800
2025-06-18,2025-06-11,har,5,20.14000,17.40675,True,13.69223,14.27443,14.92653,15.30585,15.62259,15.86975,16.15224,16.37391,16.58406,16.78778,17.03247,17.29314,17.54520,17.84970,18.21400,18.63264,19.14337,19.82219,20.78965,22.49894,24.79971
2025-06-20,2025-06-12,har,5,20.62000,17.91354,True,14.09173,14.69022,15.36153,15.75170,16.07754,16.33223,16.62329,16.85091,17.06759,17.27706,17.52847,17.79587,18.05547,18.36892,18.74381,19.17406,19.70080,20.39922,21.39457,23.15370,25.52113
2025-06-23,2025-06-13,har,5,19.83000,19.87260,True,15.63248,16.29574,17.04153,17.47336,17.83522,18.11756,18.44112,18.69314,18.93538,19.16653,19.44408,19.74253,20.03074,20.37768,20.79427,21.27381,21.85584,22.62954,23.74076,25.68381,28.30926
2025-06-24,2025-06-16,har,5,17.48000,18.79272,True,14.78353,15.40972,16.11570,16.52358,16.86600,17.13260,17.43915,17.67735,17.90672,18.12645,18.38736,18.67057,18.94327,19.27007,19.66491,20.11807,20.66630,21.39865,22.44853,24.28696,26.76929
2025-06-25,2025-06-17,har,5,16.76000,20.55621,True,16.17095,16.85516,17.62765,18.07349,18.44769,18.73953,19.07469,19.33570,19.58645,19.82756,20.11268,20.42155,20.71994,21.07704,21.50961,22.00617,22.61012,23.40968,24.57033,26.56134,29.27816
2025-06-26,2025-06-18,har,5,16.59000,19.68222,True,15.48382,16.13821,16.87787,17.30479,17.66287,17.94227,18.26327,18.51278,18.75312,18.98440,19.25794,19.55299,19.83896,20.18028,20.59522,21.07329,21.64962,22.42065,23.52273,25.42821,28.03127
2025-06-27,2025-06-20,har,5,16.32000,20.07286,True,15.79171,16.45803,17.21240,17.64768,18.01310,18.29707,18.62543,18.87984,19.12499,19.36096,19.64014,19.94079,20.23415,20.58037,21.00368,21.49469,22.08332,22.87139,23.98644,25.92917,28.58588
2025-06-30,2025-06-23,har,5,16.73000,19.53513,True,15.36939,16.01745,16.75141,17.17515,17.53076,17.80700,18.12698,18.37462,18.61322,18.84285,19.11447,19.40773,19.69063,20.02887,20.44085,20.91868,21.48927,22.25766,23.34222,25.23167,27.81932
2025-07-01,2025-06-24,har,5,16.83000,17.87559,True,14.06461,14.65741,15.32876,15.71681,16.04187,16.29579,16.58790,16.81309,17.03162,17.24184,17.49052,17.75831,18.01687,18.32742,18.70458,19.14014,19.66182,20.36634,21.35831,23.08598,25.45564
2025-07-02,2025-06-25,har,5,16.64000,17.25976,True,13.58129,14.15238,14.79917,15.17546,15.48879,15.73614,16.01632,16.23494,16.44491,16.64895,16.88820,17.14697,17.39637,17.69633,18.06129,18.47930,18.98525,19.66479,20.62345,22.28906,24.57801
2025-07-03,2025-06-26,har,5,16.38000,17.04091,True,13.41055,13.97404,14.60754,14.98182,15.29111,15.53657,15.81309,16.02866,16.23590,16.43771,16.67470,16.93014,17.17638,17.47220,17.83300,18.24425,18.74493,19.41589,20.36157,22.00503,24.26643
2025-07-07,2025-06-27,har,5,17.79000,16.75264,True,13.18537,13.73830,14.35644,14.72844,15.03141,15.27405,15.54656,15.75691,15.95938,16.15759,16.39356,16.64485,16.88651,17.17680,17.53183,17.93503,18.42805,19.08785,20.01681,21.63157,23.85618
2025-07-08,2025-06-30,har,5,16.81000,16.96168,True,13.35132,13.91066,14.53370,14.91211,15.21844,15.46336,15.74049,15.95304,16.15738,16.35646,16.59837,16.85266,17.09711,17.39177,17.75074,18.15930,18.65809,19.32587,20.26564,21.89998,24.15420
2025-07-09,2025-07-01,har,5,15.94000,17.00456,True,13.38602,13.94608,14.57088,14.94979,15.25714,15.50297,15.78056,15.99375,16.19818,16.39751,16.64013,16.89566,17.13986,17.43583,17.79559,18.20535,18.70517,19.37382,20.31505,21.95322,24.21542
2025-07-10,2025-07-02,har,5,15.78000,16.86095,True,13.27373,13.82844,14.44794,14.82365,15.12867,15.37252,15.64741,15.85916,16.06233,16.25952,16.49829,16.75310,16.99450,17.28865,17.64550,18.05167,18.54624,19.20894,20.14260,21.76555,24.01080
2025-07-11,2025-07-03,har,5,16.40000,16.66615,True,13.12111,13.66881,14.28112,14.65262,14.95434,15.19538,15.46676,15.67644,15.87835,16.07161,16.30669,16.55878,16.79779,17.08875,17.44174,17.84318,18.33106,18.98569,19.90919,21.51186,23.73329
2025-07-14,2025-07-07,har,5,17.20000,17.66299,True,13.90633,14.48614,15.13555,15.52886,15.84897,16.10433,16.39169,16.61429,16.82865,17.03279,17.28303,17.54995,17.80311,18.11099,18.48509,18.90991,19.42595,20.11921,21.09928,22.79548,25.15166
2025-07-15,2025-07-08,har,5,17.38000,16.99222,True,13.37884,13.93606,14.56093,14.93932,15.24753,15.49301,15.76946,15.98384,16.19077,16.38618,16.62799,16.88274,17.12638,17.42317,17.78286,18.19163,18.68720,19.35399,20.29740,21.92736,24.19601
2025-07-16,2025-07-09,har,5,17.16000,16.35617,True,12.87880,13.41470,14.01626,14.38057,14.67729,14.91349,15.17983,15.38520,15.58276,15.77276,16.00454,16.25006,16.48484,16.77079,17.11734,17.51078,17.98710,18.62877,19.53721,21.10470,23.29010
2025-07-17,2025-07-10,har,5,16.52000,16.22011,True,12.77244,13.30339,13.90009,14.26139,14.55557,14.78965,15.05422,15.25669,15.45237,15.64163,15.87054,16.11389,16.34674,16.63097,16.97512,17.36510,17.83777,18.47311,19.37419,20.92729,23.09617
2025-07-18,2025-07-11,har,5,16.41000,16.64736,True,13.10952,13.65388,14.26652,14.63725,14.93929,15.17971,15.45102,15.65908,15.85988,16.05387,16.28970,16.53651,16.77619,17.06858,17.42199,17.82087,18.30759,18.95883,19.88383,21.47622,23.70407
2025-07-21,2025-07-14,har,5,16.65000,17.18447,True,13.53320,14.09456,14.72730,15.10978,15.42169,15.67023,15.94984,16.16515,16.37248,16.57198,16.81427,17.06866,17.31673,17.61934,17.98359,18.39425,18.89821,19.56970,20.52465,22.16689,24.46833
2025-07-22,2025-07-15,har,5,16.50000,17.31979,True,13.64032,14.20546,14.84345,15.22882,15.54334,15.79413,16.07547,16.29304,16.50319,16.70259,16.94773,17.20494,17.45443,17.75785,18.12443,18.53723,19.04673,19.72277,20.68543,22.33874,24.66029
2025-07-23,2025-07-16,har,5,15.37000,17.19314,True,13.54108,14.10145,14.73509,15.11746,15.42973,15.67922,15.95791,16.17446,16.38395,16.58037,16.82505,17.08124,17.32829,17.62770,17.99311,18.39966,18.90688,19.57749,20.53323,22.17258,24.47898
2025-07-24,2025-07-17,har,5,15.39000,16.74981,True,13.19196,13.73784,14.35567,14.72782,15.03217,15.27489,15.54697,15.75754,15.96157,16.15544,16.39152,16.64184,16.88272,17.17303,17.52844,17.92473,18.41862,19.07245,20.00348,21.59991,23.84733
2025-07-25,2025-07-18,har,5,14.93000,16.66024,True,13.12155,13.66449,14.27954,14.64936,14.95225,15.19335,15.46452,15.67357,15.87651,16.07184,16.30422,16.55198,16.79160,17.08127,17.43420,17.82859,18.31962,18.97036,19.89633,21.48370,23.71959
2025-07-28,2025-07-21,har,5,15.03000,16.79006,True,13.22402,13.77118,14.39163,14.76394,15.06927,15.31206,15.58592,15.79608,16.00080,16.19815,16.43110,16.67950,16.92145,17.21445,17.56968,17.96735,18.46192,19.11815,20.05112,21.65059,23.90413
2025-07-29,2025-07-22,har,5,15.98000,16.65021,True,13.11415,13.65675,14.27266,14.64153,14.94429,15.18507,15.45653,15.66568,15.86701,16.06189,16.29417,16.53908,16.77958,17.07084,17.42228,17.81767,18.30787,18.95891,19.88388,21.46989,23.70471
2025-07-30,2025-07-23,har,5,15.48000,15.80281,True,12.44719,12.96219,13.54734,13.89724,14.18284,14.41237,14.66922,14.86832,15.05977,15.24158,15.46399,15.69715,15.92525,16.20201,16.53450,16.91144,17.37633,17.99428,18.87198,20.37722,22.49823
2025-07-31,2025-07-24,har,5,16.72000,15.77060,True,12.42214,12.93604,13.52046,13.86961,14.15460,14.38335,14.63851,14.83773,15.02722,15.20934,15.43157,15.66538,15.89280,16.16902,16.49946,16.87726,17.34091,17.95791,18.83385,20.33519,22.45259
2025-08-01,2025-07-25,har,5,20.38000,15.40334,True,12.13321,12.63508,13.20638,13.54741,13.82404,14.04789,14.29784,14.49140,14.67617,14.85551,15.07233,15.30085,15.52285,15.79258,16.11456,16.48456,16.93724,17.54031,18.39583,19.86112,21.93016
2025-08-04,2025-07-28,har,5,17.52000,15.42979,True,12.15446,12.65710,13.22994,13.57144,13.84745,14.07086,14.32271,14.51564,14.70164,14.88127,15.09828,15.32727,15.54927,15.81973,16.14264,16.51325,16.96644,17.57101,18.42789,19.89481,21.96810
2025-08-05,2025-07-29,har,5,17.85000,16.07216,True,12.66068,13.18417,13.78141,14.13691,14.42418,14.65729,14.91920,15.12065,15.31405,15.50078,15.72702,15.96512,16.19559,16.47823,16.81477,17.20023,17.67254,18.30271,19.19519,20.72233,22.88255
2025-08-06,2025-07-30,har,5,16.77000,15.72618,True,12.38826,12.90041,13.48532,13.83290,14.11385,14.34220,14.59820,14.79592,14.98464,15.16738,15.38858,15.62080,15.84584,16.12349,16.45281,16.82940,17.29182,17.90885,18.78206,20.27534,22.38979
2025-08-07,2025-07-31,har,5,16.57000,16.60227,True,13.07835,13.61907,14.23679,14.60365,14.90018,15.14173,15.41116,15.62067,15.82079,16.01221,16.24601,16.49166,16.73017,17.02181,17.36933,17.76593,18.25465,18.90592,19.82788,21.40394,23.63629
2025-08-08,2025-08-01,har,5,15.15000,19.14182,True,15.07825,15.70222,16.41361,16.83733,17.17865,17.45736,17.76827,18.00949,18.24033,18.45980,18.72944,19.01306,19.28843,19.62470,20.02753,20.48478,21.04684,21.79624,22.85984,24.70984,27.24878
2025-08-11,2025-08-04,har,5,16.25000,17.33505,True,13.65477,14.22006,14.86423,15.24856,15.55677,15.80970,16.09064,16.30971,16.51846,16.71694,16.96273,17.21799,17.46766,17.77222,18.14054,18.55064,19.06087,19.73801,20.70133,22.37434,24.67589
2025-08-12,2025-08-05,har,5,14.73000,17.60691,True,13.86855,14.44282,15.09739,15.48720,15.80048,16.05765,16.34275,16.56503,16.77736,16.98080,17.22998,17.48755,17.74224,18.05112,18.42518,18.84134,19.36067,20.04684,21.02556,22.72203,25.06292
2025-08-13,2025-08-06,har,5,14.49000,16.89952,True,13.31122,13.86233,14.49107,14.86491,15.16572,15.41286,15.68616,15.89948,16.10313,16.30111,16.53811,16.78558,17.03070,17.32574,17.68526,18.08379,18.58199,19.24090,20.18041,21.80634,24.05570
2025-08-14,2025-08-07,har,5,14.83000,16.75771,True,13.19961,13.74605,14.37002,14.74038,15.03873,15.28418,15.55490,15.76657,15.96908,16.16593,16.40006,16.64671,16.88668,17.18025,17.53660,17.93187,18.42580,19.07922,20.01085,21.62098,23.85355
2025-08-15,2025-08-08,har,5,15.09000,15.66510,True,12.34094,12.85169,13.43101,13.77802,14.05940,14.28970,14.54067,14.73862,14.92596,15.10975,15.33068,15.56161,15.78459,16.06060,16.39373,16.76477,17.22412,17.83611,18.70682,20.21118,22.29444
2025-08-18,2025-08-11,har,5,14.99000,16.40249,True,12.92226,13.45693,14.06361,14.42751,14.72173,14.96298,15.22566,15.43213,15.62863,15.81769,16.05220,16.29370,16.52728,16.81660,17.16478,17.55419,18.03508,18.67578,19.58775,21.16064,23.34391
2025-08-19,2025-08-12,har,5,15.57000,15.27231,True,12.03273,12.53039,13.09409,13.43068,13.70749,13.93125,14.17704,14.36866,14.55175,14.72738,14.94634,15.17086,15.38804,15.65814,15.98176,16.34533,16.79278,17.38944,18.23922,19.70111,21.73646
2025-08-20,2025-08-13,har,5,15.69000,15.04008,True,11.85026,12.34024,12.89474,13.22629,13.49848,13.71701,13.96180,14.14917,14.33126,14.50380,14.71877,14.93958,15.15363,15.41972,15.73895,16.09721,16.53750,17.12479,17.96206,19.39946,21.40832
2025-08-21,2025-08-14,har,5,16.60000,15.22803,True,11.99874,12.49471,13.05573,13.39172,13.66530,13.88780,14.13522,14.32568,14.50891,14.68527,14.90281,15.12572,15.34288,15.61317,15.93509,16.29867,16.74511,17.33878,18.18725,19.64152,21.67791
2025-08-22,2025-08-15,har,5,14.22000,15.39641,True,12.13159,12.63292,13.20036,13.54002,13.81710,14.04161,14.29228,14.48450,14.67029,14.84754,15.06751,15.29246,15.51228,15.78586,16.11009,16.47890,16.93028,17.53060,18.38858,19.85842,21.91806
2025-08-25,2025-08-18,har,5,14.79000,15.29188,True,12.04964,12.54738,13.11137,13.44855,13.72428,13.94669,14.19462,14.38594,14.56960,14.74680,14.96471,15.18862,15.40700,15.67888,15.99965,16.36728,16.81543,17.41211,18.26414,19.72362,21.76963
2025-08-26,2025-08-19,har,5,14.62000,15.70539,True,12.37557,12.88673,13.46625,13.81226,14.09590,14.32393,14.57872,14.77520,14.96447,15.14567,15.37011,15.59971,15.82414,16.10249,16.43122,16.80965,17.26986,17.88276,18.75780,20.25667,22.35789
2025-08-27,2025-08-20,har,5,14.85000,15.80969,True,12.45781,12.97235,13.55596,13.90396,14.18986,14.42034,14.67580,14.87345,15.06471,15.24626,15.47229,15.70397,15.92961,16.20965,16.53942,16.92050,17.38410,18.00115,18.88203,20.39089,22.50589
2025-08-28,2025-08-21,har,5,14.43000,16.46730,True,12.97586,13.51185,14.11991,14.48209,14.77997,15.02112,15.28650,15.49219,15.69116,15.88027,16.11593,16.35758,16.59290,16.88391,17.22906,17.62462,18.10654,18.74916,19.66679,21.23853,23.44191
2025-08-29,2025-08-22,har,5,15.36000,14.80029,True,11.66269,12.14421,12.69106,13.01671,13.28453,13.50213,13.73792,13.92354,14.10239,14.27273,14.48448,14.70142,14.91287,15.17482,15.48428,15.84083,16.27376,16.85164,17.67626,19.08858,21.06844
2025-09-02,2025-08-25,har,5,17.17000,15.19237,True,11.97190,12.46606,13.02771,13.36244,13.63691,13.86127,14.10266,14.29291,14.47677,14.65115,14.86824,15.09032,15.30752,15.57679,15.89391,16.26058,16.70482,17.29826,18.14468,19.59416,21.62617
2025-09-03,2025-08-26,har,5,16.35000,15.05110,True,11.86103,12.35043,12.90724,13.23911,13.51056,13.73282,13.97244,14.15994,14.34163,14.51498,14.72930,14.94943,15.16511,15.43211,15.74544,16.10923,16.54950,17.13772,17.97643,19.41210,21.42429
2025-09-04,2025-08-27,har,5,15.30000,15.19184,True,11.97236,12.46621,13.02837,13.36371,13.63721,13.86164,14.10397,14.29140,14.47492,14.65030,14.86652,15.08935,15.30671,15.57649,15.89223,16.25954,16.70417,17.29826,18.14496,19.59367,21.62405
2025-09-05,2025-08-28,har,5,15.18000,14.84490,True,11.69983,12.18222,12.73102,13.05683,13.32573,13.54418,13.78093,13.96444,14.14429,14.31497,14.52678,14.74503,14.95728,15.22112,15.53029,15.88828,16.32290,16.90354,17.73053,19.14704,21.12905
2025-09-08,2025-08-29,har,5,15.11000,15.51248,True,12.22606,12.73012,13.30341,13.64391,13.92493,14.15418,14.40121,14.59303,14.78094,14.95918,15.18058,15.40819,15.63030,15.90554,16.22825,16.60191,17.05673,17.66319,18.52706,20.00802,22.07855
2025-09-09,2025-09-02,har,5,15.04000,16.78639,True,13.22986,13.77532,14.39539,14.76399,15.06820,15.31595,15.58436,15.79173,15.99476,16.18804,16.42792,16.67392,16.91382,17.21128,17.56173,17.96712,18.45777,19.11234,20.04713,21.65104,23.89074
2025-09-10,2025-09-03,har,5,15.35000,16.25952,True,12.81451,13.34281,13.94326,14.30076,14.59537,14.83504,15.09530,15.29656,15.49278,15.68001,15.91394,16.15130,16.38359,16.67104,17.01160,17.40348,17.87796,18.51116,19.41683,20.97146,23.14034
2025-09-11,2025-09-04,har,5,14.71000,15.54330,True,12.25016,12.75511,13.32911,13.67140,13.95282,14.18187,14.43035,14.62313,14.81082,14.98938,15.21293,15.44085,15.66087,15.93639,16.26166,16.63683,17.09036,17.69513,18.56097,20.04755,22.12078
2025-09-12,2025-09-05,har,5,14.76000,15.46423,True,12.18790,12.69020,13.26127,13.60236,13.88202,14.10995,14.35687,14.54882,14.73539,14.91308,15.13558,15.36339,15.58250,15.85506,16.17824,16.55203,17.00323,17.60436,18.46591,19.94545,22.00810
2025-09-15,2025-09-08,har,5,15.69000,15.40153,True,12.13877,12.63895,13.20767,13.54785,13.82600,14.05347,14.29888,14.49021,14.67577,14.85271,15.07424,15.30027,15.51850,15.79070,16.11234,16.48444,16.93421,17.53258,18.39055,19.86456,21.91832
2025-09-16,2025-09-09,har,5,16.36000,15.30032,True,12.06007,12.55686,13.12102,13.45927,13.73442,13.96027,14.20529,14.39545,14.57919,14.75518,14.97596,15.19951,15.41616,15.68738,16.00717,16.37615,16.82272,17.41721,18.26873,19.73559,21.77196
2025-09-17,2025-09-10,har,5,15.72000,15.49235,True,12.21195,12.71491,13.28578,13.62860,13.90727,14.13615,14.38375,14.57659,14.76229,14.94043,15.16213,15.38978,15.60949,15.88429,16.20754,16.58135,17.03379,17.63567,18.49740,19.98372,22.04466
2025-09-18,2025-09-11,har,5,15.70000,15.03072,True,11.84846,12.33640,12.89012,13.22300,13.49324,13.71555,13.95551,14.14261,14.32259,14.49529,14.70872,14.93055,15.14426,15.41082,15.72387,16.08693,16.52622,17.11008,17.94586,19.38822,21.38792
2025-09-19,2025-09-12,har,5,15.45000,15.05589,True,11.86852,12.35744,12.91202,13.24542,13.51621,13.73957,13.97928,14.16725,14.34677,14.51872,14.73327,14.95491,15.16986,15.43684,15.74953,16.11355,16.55358,17.13885,17.97553,19.41991,21.42388
2025-09-22,2025-09-15,har,5,16.10000,15.71160,True,12.38538,12.89576,13.47437,13.82238,14.10508,14.33879,14.58799,14.78494,14.97155,15.15178,15.37520,15.60712,15.83064,16.10900,16.43455,16.81458,17.27396,17.88497,18.75759,20.26485,22.35613
2025-09-23,2025-09-16,har,5,16.64000,16.20157,True,12.77134,13.29779,13.89438,14.25353,14.54501,14.78667,15.04267,15.24628,15.43823,15.62441,15.85629,16.09470,16.32453,16.61117,16.94888,17.33788,17.81183,18.44212,19.34149,20.89588,23.05226
2025-09-24,2025-09-17,har,5,16.18000,15.78170,True,12.44033,12.95330,13.53434,13.88432,14.16826,14.40433,14.65300,14.85114,15.03808,15.21952,15.44737,15.67868,15.90271,16.18062,16.50876,16.88783,17.34964,17.96394,18.83949,20.35345,22.45432
2025-09-25,2025-09-18,har,5,16.74000,15.79496,True,12.45063,12.96418,13.54558,13.89617,14.18019,14.41746,14.66543,14.86342,15.05051,15.23217,15.46046,15.69310,15.91745,16.19428,16.52176,16.90099,17.36338,17.97864,18.85434,20.36966,22.47241
2025-09-26,2025-09-19,har,5,15.29000,15.63952,True,12.32803,12.83668,13.41223,13.75963,14.04057,14.27660,14.52129,14.71718,14.90324,15.08223,15.30827,15.53930,15.76085,16.03518,16.35843,16.73385,17.19231,17.80145,18.66794,20.16832,22.25064
2025-09-29,2025-09-22,har,5,16.12000,16.09338,True,12.68568,13.20925,13.80142,14.15933,14.44796,14.69194,14.94285,15.14456,15.33661,15.52088,15.75241,15.99034,16.21955,16.50018,16.83224,17.21864,17.69106,18.31774,19.20880,20.75254,22.89587
2025-09-30,2025-09-23,har,5,16.28000,16.46330,True,12.97715,13.51289,14.11859,14.48548,14.77997,15.03056,15.28649,15.49302,15.68988,15.88068,16.11435,16.35791,16.59623,16.87957,17.21769,17.61358,18.09752,18.73832,19.64940,21.22839,23.42170
2025-10-01,2025-09-24,har,5,16.29000,16.17560,True,12.75029,13.27683,13.87178,14.23297,14.52157,14.76780,15.01952,15.22243,15.41640,15.60583,15.83305,16.07212,16.30747,16.58431,16.91530,17.30508,17.78103,18.41040,19.30508,20.85640,23.01179
2025-10-02,2025-09-25,har,5,16.63000,16.58734,True,13.07457,13.61468,14.22458,14.59575,14.89095,15.14348,15.40178,15.60967,15.80932,16.00349,16.23619,16.48256,16.72243,17.00640,17.34958,17.74473,18.23315,18.87833,19.79523,21.38605,23.59659
2025-10-03,2025-09-26,har,5,16.65000,15.60074,True,12.29708,12.80521,13.37898,13.72825,14.00578,14.24297,14.48606,14.68140,14.86935,15.05228,15.27025,15.50104,15.72782,15.99481,16.31618,16.68872,17.14852,17.75526,18.61790,20.11328,22.19278
2025-10-06,2025-09-29,har,5,16.37000,16.17675,True,12.75116,13.27821,13.87329,14.23572,14.52336,14.76895,15.02113,15.22352,15.41855,15.60932,15.83439,16.07494,16.30848,16.58527,16.91705,17.30425,17.78136,18.41045,19.30520,20.85501,23.01158
2025-10-07,2025-09-30,har,5,17.24000,16.28804,True,12.83901,13.36986,13.96913,14.33433,14.62378,14.87060,15.12473,15.32837,15.52526,15.71815,15.94505,16.18424,16.41940,16.69938,17.03184,17.42322,17.90344,18.53679,19.43800,20.99769,23.16934
2025-10-08,2025-10-01,har,5,16.30000,16.30248,True,12.85041,13.38191,13.98183,14.34724,14.63721,14.88376,15.13822,15.34204,15.54008,15.73260,15.96086,16.20019,16.43131,16.71414,17.04626,17.43854,17.91897,18.55294,19.45511,21.01539,23.18926
2025-10-09,2025-10-02,har,5,16.43000,16.52677,True,13.02725,13.56623,14.17454,14.54466,14.83906,15.08852,15.34650,15.55315,15.75495,15.94914,16.18172,16.42500,16.65471,16.94400,17.28053,17.67833,18.16518,18.80796,19.72267,21.30360,23.50769
2025-10-10,2025-10-03,har,5,21.66000,16.57326,True,13.06358,13.60440,14.21407,14.58542,14.88075,15.13070,15.38975,15.59679,15.79948,15.99382,16.22831,16.47274,16.70514,16.99156,17.33023,17.72810,18.21603,18.86021,19.77778,21.36237,23.57215
2025-10-13,2025-10-06,har,5,19.03000,16.39578,True,12.92367,13.45889,14.06208,14.42924,14.72142,14.96894,15.22510,15.42988,15.63044,15.82272,16.05504,16.29756,16.52898,16.80946,17.14346,17.53797,18.02093,18.65794,19.56587,21.13263,23.31904
2025-10-14,2025-10-07,har,5,20.81000,17.01405,True,13.41076,13.96635,14.59239,14.97319,15.27635,15.53346,15.79943,16.01187,16.21994,16.41927,16.66095,16.91282,17.15222,17.44335,17.79336,18.19874,18.70043,19.36099,20.30333,21.92824,24.19738
2025-10-15,2025-10-08,har,5,20.64000,16.38756,True,12.91699,13.45231,14.05536,14.42192,14.71389,14.96186,15.21794,15.42253,15.62334,15.81476,16.04779,16.29050,16.52052,16.80086,17.13653,17.52837,18.01180,18.64784,19.55567,21.11989,23.30580
2025-10-16,2025-10-09,har,5,25.31000,16.47937,True,12.98944,13.52795,14.13441,14.50282,14.79642,15.04608,15.30350,15.50919,15.71156,15.90347,16.13806,16.38213,16.61298,16.89485,17.23089,17.62635,18.11271,18.75210,19.66522,21.23734,23.43582
2025-10-17,2025-10-10,har,5,20.78000,20.02366,True,15.78140,16.43605,17.17289,17.62124,17.97768,18.28176,18.59444,18.84378,19.08994,19.32272,19.60768,19.90408,20.18533,20.52713,20.94143,21.41657,22.00778,22.78546,23.89321,25.82316,28.47306
2025-10-20,2025-10-13,har,5,18.23000,18.43161,True,14.52576,15.12876,15.80643,16.21985,16.54797,16.82808,17.11587,17.34536,17.57217,17.78582,18.04815,18.32096,18.58089,18.89489,19.27826,19.71382,20.25729,20.97451,21.99274,23.76801,26.20690
2025-10-21,2025-10-14,har,5,17.87000,19.70159,True,15.52540,16.16986,16.89508,17.33647,17.68736,17.98695,18.29479,18.54067,18.78238,19.01126,19.29206,19.58319,19.86158,20.19666,20.60676,21.07276,21.65384,22.41943,23.51602,25.40192,28.01048
2025-10-22,2025-10-15,har,5,18.60000,19.72568,True,15.54280,16.18899,16.91386,17.35726,17.70798,18.00866,18.31764,18.56208,18.80413,19.03445,19.31425,19.60643,19.88487,20.22017,20.63230,21.10075,21.68182,22.44643,23.54858,25.43079,28.04079
2025-10-23,2025-10-16,har,5,17.30000,22.92040,True,18.05678,18.80911,19.65135,20.16701,20.57350,20.92556,21.28438,21.56706,21.84721,22.11561,22.44162,22.77997,23.10281,23.49282,23.97229,24.51532,25.19501,26.07919,27.35926,29.55934,32.60392
2025-10-24,2025-10-17,har,5,16.37000,20.06942,True,15.81071,16.46882,17.20698,17.65838,18.01430,18.32381,18.63736,18.88486,19.12974,19.36629,19.65142,19.94657,20.23012,20.57335,20.99005,21.46558,22.06035,22.83518,23.95624,25.88125,28.54857
2025-10-27,2025-10-20,har,5,15.79000,18.36475,True,14.46790,15.07031,15.74554,16.15873,16.48438,16.76890,17.05520,17.28157,17.50546,17.72231,17.98333,18.25216,18.51131,18.82458,19.20711,19.64238,20.18572,20.89523,21.92142,23.68251,26.12331
2025-10-28,2025-10-21,har,5,16.42000,18.07144,True,14.23750,14.83153,15.49444,15.90127,16.22159,16.49762,16.78163,17.00454,17.22590,17.43811,17.69503,17.96056,18.21528,18.52275,18.90062,19.32892,19.86199,20.56123,21.57175,23.30527,25.70610
2025-10-29,2025-10-22,har,5,16.92000,18.53847,True,14.60607,15.21546,15.89515,16.31281,16.64111,16.92544,17.21691,17.44443,17.67145,17.88826,18.15171,18.42420,18.68609,19.00086,19.38889,19.82780,20.37445,21.09271,22.12973,23.90793,26.37108
2025-10-30,2025-10-23,har,5,16.91000,17.50682,True,13.79413,14.36748,15.01077,15.40412,15.71741,15.98570,16.25711,16.47234,16.68749,16.89146,17.14214,17.39903,17.64498,17.94348,18.30833,18.72585,19.23871,19.91943,20.89988,22.58454,24.90617
2025-10-31,2025-10-24,har,5,17.44000,16.77617,True,13.21941,13.76752,14.38597,14.76146,15.06256,15.31649,15.57713,15.78450,15.99049,16.18612,16.42837,16.67199,16.90849,17.19494,17.54503,17.94342,18.43640,19.08897,20.02927,21.64308,23.87358
2025-11-03,2025-10-27,har,5,17.17000,16.31365,True,12.85507,13.38831,13.99097,14.35363,14.64730,14.89186,15.14561,15.35016,15.55024,15.74098,15.97508,16.21475,16.44333,16.72172,17.06099,17.44769,17.93072,18.56419,19.47738,21.04533,23.22232
2025-11-04,2025-10-28,har,5,19.00000,16.72594,True,13.18007,13.72674,14.34477,14.71698,15.01822,15.26829,15.52809,15.73775,15.94323,16.13874,16.37840,16.62384,16.85855,17.14480,17.49108,17.88833,18.38525,19.03421,19.96919,21.57633,23.81146
2025-11-05,2025-10-29,har,5,18.01000,17.03824,True,13.42643,13.98327,14.61298,14.99208,15.29925,15.55409,15.81765,16.03157,16.24038,16.44030,16.68326,16.93350,17.17199,17.46522,17.81789,18.22205,18.72931,19.39010,20.34193,21.97870,24.25752
2025-11-06,2025-10-30,har,5,19.50000,17.02653,True,13.41734,13.97372,14.60316,14.98193,15.28897,15.54361,15.80686,16.02061,16.22946,16.42936,16.67175,16.92077,17.15864,17.45318,17.80568,18.20878,18.71650,19.37689,20.32781,21.96302,24.24113
2025-11-07,2025-10-31,har,5,19.08000,17.41638,True,13.72468,14.29370,14.93758,15.32497,15.63917,15.89929,16.16868,16.38750,16.60119,16.80563,17.05345,17.30955,17.55386,17.85281,18.21287,18.62509,19.14366,19.82003,20.79261,22.46521,24.79553
2025-11-10,2025-11-03,har,5,17.60000,17.26798,True,13.60787,14.17194,14.81042,15.19428,15.50602,15.76393,16.03098,16.24778,16.45966,16.66267,16.90913,17.16319,17.40565,17.70045,18.05757,18.46626,18.97897,19.65044,20.61457,22.27303,24.58348
2025-11-11,2025-11-04,har,5,17.28000,18.56533,True,14.63018,15.23662,15.92325,16.33531,16.67089,16.94790,17.23544,17.46771,17.69557,17.91445,18.17994,18.45353,18.71263,19.02973,19.41541,19.85447,20.40691,21.12570,22.16183,23.94481,26.42933
2025-11-12,2025-11-05,har,5,17.51000,17.93929,True,14.13680,14.72281,15.38654,15.78428,16.10885,16.37639,16.65491,16.87848,17.09852,17.31026,17.56695,17.83133,18.08161,18.38836,18.76180,19.18396,19.71826,20.41302,21.41378,23.13605,25.53776
2025-11-13,2025-11-06,har,5,20.00000,19.00278,True,14.97456,15.59560,16.29903,16.72074,17.06378,17.34717,17.64341,17.87840,18.11137,18.33564,18.60831,18.88792,19.15346,19.47917,19.87301,20.32179,20.88786,21.62338,22.68213,24.50521,27.05107
2025-11-14,2025-11-07,har,5,19.83000,18.77803,True,14.79737,15.41096,16.10612,16.52249,16.86176,17.14237,17.43524,17.66694,17.89689,18.12008,18.38895,18.66402,18.92683,19.24861,19.64031,20.08086,20.63992,21.36731,22.41258,24.21319,26.72984
2025-11-17,2025-11-10,har,5,22.38000,17.79551,True,14.02336,14.60462,15.26340,15.65807,15.97946,16.24585,16.52307,16.74296,16.96057,17.17384,17.42728,17.68781,17.93783,18.24135,18.61131,19.02987,19.55975,20.24917,21.23884,22.94507,25.33012
2025-11-18,2025-11-11,har,5,24.69000,17.51801,True,13.80532,14.37741,15.02573,15.41451,15.73050,15.99382,16.26536,16.48124,16.69602,16.90391,17.15507,17.41210,17.65698,17.95691,18.32044,18.73367,19.25468,19.93322,20.90685,22.58699,24.93403
2025-11-19,2025-11-12,har,5,23.66000,17.65650,True,13.91479,14.49117,15.14459,15.53648,15.85496,16.12112,16.39441,16.61196,16.82831,17.03918,17.28978,17.54981,17.79643,18.09833,18.46503,18.88190,19.40674,20.09078,21.07138,22.76468,25.13019
2025-11-20,2025-11-13,har,5,26.42000,19.32555,True,15.23017,15.86059,16.57592,17.00489,17.35361,17.64500,17.94455,18.18255,18.41914,18.65101,18.92512,19.20848,19.47889,19.80981,20.21216,20.66559,21.24103,21.98994,23.06205,24.91494,27.50451
2025-11-21,2025-11-14,har,5,23.43000,19.22628,True,15.15203,15.77877,16.49054,16.91735,17.26447,17.55477,17.85248,18.08938,18.32510,18.55554,18.82832,19.11075,19.38293,19.70792,20.11028,20.55832,21.13024,21.87685,22.94227,24.78538,27.36182
2025-11-24,2025-11-17,har,5,20.52000,20.96044,True,16.51867,17.20146,17.97741,18.44298,18.82073,19.13788,19.46185,19.71989,19.97734,20.22832,20.52601,20.83685,21.13264,21.48427,21.92234,22.41351,23.03644,23.84854,25.01707,27.01843,29.82569
2025-11-25,2025-11-18,har,5,18.56000,22.59464,True,17.80622,18.54174,19.37760,19.88117,20.28618,20.63176,20.97771,21.25500,21.53305,21.80407,22.12437,22.46102,22.78030,23.15820,23.63463,24.15965,24.83081,25.70893,26.97205,29.14799,32.14525
2025-11-26,2025-11-19,har,5,17.19000,22.13084,True,17.44022,18.16062,18.97773,19.47189,19.86807,20.20701,20.54602,20.81805,21.08928,21.35552,21.66881,21.99873,22.31185,22.68550,23.15156,23.66315,24.31977,25.18308,26.42141,28.57817,31.48091
2025-11-28,2025-11-20,har,5,16.35000,24.04524,True,18.94723,19.72825,20.61896,21.15291,21.58648,21.95209,22.32127,22.61808,22.91275,23.20078,23.54180,23.90052,24.24105,24.64736,25.15238,25.71296,26.42319,27.36080,28.71294,31.07921,34.20300
2025-12-01,2025-11-21,har,5,17.24000,22.27851,True,17.55432,18.27685,19.10321,19.59728,19.99995,20.33931,20.67913,20.95634,21.22989,21.49578,21.81175,22.14336,22.46302,22.83714,23.30782,23.82727,24.48204,25.35422,26.61398,28.79347,31.68848
2025-12-02,2025-11-24,har,5,16.59000,20.34702,True,16.03285,16.69260,17.44727,17.89881,18.26609,18.57689,18.88678,19.13945,19.39054,19.63363,19.92037,20.22338,20.51345,20.85633,21.28526,21.76143,22.35949,23.15468,24.30586,26.29605,28.93992
2025-12-03,2025-11-25,har,5,16.08000,18.90974,True,14.90223,15.51730,16.21516,16.63628,16.97536,17.26471,17.55340,17.78622,18.01828,18.24630,18.51310,18.79632,19.06300,19.38333,19.78130,20.22295,20.78099,21.51933,22.59100,24.43769,26.89361
2025-12-04,2025-11-26,har,5,15.78000,17.83914,True,14.05216,14.63870,15.29404,15.69580,16.01505,16.28702,16.55897,16.77946,16.99725,17.21323,17.46623,17.73130,17.98374,18.28653,18.66153,19.07763,19.60567,20.30327,21.31321,23.05413,25.37097
2025-12-05,2025-11-28,har,5,15.41000,17.06983,True,13.43887,14.00745,14.63387,15.01549,15.32455,15.58420,15.84522,16.05629,16.26411,16.47024,16.71384,16.96514,17.20478,17.49467,17.86069,18.25640,18.76099,19.43290,20.39528,22.05995,24.27597
2025-12-08,2025-12-01,har,5,16.66000,17.57402,True,13.83106,14.42035,15.06423,15.45548,15.77618,16.04299,16.31172,16.53134,16.74404,16.95805,17.20803,17.46612,17.71175,18.01139,18.38692,18.79544,19.31800,20.01156,20.99956,22.71258,24.99302
2025-12-09,2025-12-02,har,5,16.93000,17.04513,True,13.41626,13.98495,14.60899,14.98957,15.30189,15.56187,15.81992,16.03435,16.24156,16.44670,16.69106,16.93985,17.17820,17.47065,17.83300,18.23010,18.73615,19.41246,20.37013,22.03057,24.23985
2025-12-10,2025-12-03,har,5,15.77000,16.63147,True,13.09181,13.64509,14.25297,14.62636,14.93108,15.18469,15.43552,15.64548,15.84683,16.04697,16.28694,16.52841,16.75995,17.04743,17.40452,17.78721,18.28079,18.94322,19.87622,21.49727,23.65140
2025-12-11,2025-12-04,har,5,14.85000,16.38357,True,12.89693,13.44178,14.04043,14.41038,14.70818,14.95550,15.20582,15.41263,15.61073,15.80784,16.04438,16.28227,16.51070,16.79319,17.14420,17.52222,18.00767,18.66171,19.57835,21.17782,23.29902
2025-12-12,2025-12-05,har,5,15.74000,16.08267,True,12.66027,13.19552,13.78343,14.14712,14.43828,14.67767,14.92675,15.12928,15.32377,15.51787,15.74876,15.98281,16.20806,16.48407,16.82900,17.20048,17.67681,18.31937,19.21757,20.78943,22.87138
2025-12-15,2025-12-08,har,5,16.50000,16.93620,True,13.33233,13.89632,14.51543,14.89834,15.20506,15.45791,15.71946,15.93304,16.13699,16.34072,16.58418,16.83063,17.06842,17.35898,17.72210,18.11354,18.61506,19.28901,20.23727,21.89253,24.08499
2025-12-16,2025-12-09,har,5,16.48000,17.11486,True,13.47310,14.04300,14.66869,15.05567,15.36568,15.62199,15.88550,16.10174,16.30734,16.51391,16.75953,17.00776,17.24847,17.54202,17.90870,18.30461,18.81133,19.48975,20.45047,22.12292,24.33855
2025-12-17,2025-12-10,har,5,17.62000,16.28587,True,12.82050,13.36329,13.95866,14.32696,14.62198,14.86664,15.11668,15.32272,15.51761,15.71338,15.94753,16.18396,16.41310,16.69241,17.04134,17.41802,17.90004,18.54303,19.45973,21.05098,23.15952
2025-12-18,2025-12-11,har,5,16.87000,15.59983,True,12.28029,12.80071,13.37137,13.72431,14.00688,14.23864,14.48050,14.67677,14.86439,15.05139,15.27588,15.50224,15.72186,15.98973,16.32339,16.68407,17.14554,17.75917,18.63986,20.16387,22.18413
2025-12-19,2025-12-12,har,5,14.91000,16.22597,True,12.77326,13.31463,13.90830,14.27535,14.56939,14.81120,15.06204,15.26632,15.46121,15.65603,15.88761,16.12434,16.35278,16.63148,16.97743,17.35288,17.83314,18.46925,19.38773,20.97254,23.07413
2025-12-22,2025-12-15,har,5,14.08000,16.74393,True,13.18100,13.73991,14.35252,14.73128,15.03467,15.28521,15.54322,15.75396,15.95494,16.15666,16.39321,16.63917,16.87479,17.16250,17.51821,17.90595,18.40209,19.05611,20.00635,21.64135,23.81022
2025-12-23,2025-12-16,har,5,14.00000,16.70198,True,13.14790,13.70584,14.31670,14.69432,14.99729,15.24834,15.50432,15.71484,15.91518,16.11564,16.35185,16.59730,16.83260,17.11939,17.47365,17.86032,18.35566,19.00654,19.95593,21.58649,23.75009
2025-12-24,2025-12-17,har,5,13.47000,17.50531,True,13.78069,14.36465,15.00483,15.40102,15.71811,15.98201,16.24978,16.47069,16.68045,16.89093,17.13845,17.39553,17.64200,17.94290,18.31630,18.72195,19.23816,19.92038,20.91525,22.62399,24.89121
2025-12-26,2025-12-18,har,5,13.60000,17.01367,True,13.39391,13.96084,14.58279,14.96809,15.27610,15.53302,15.79298,16.00808,16.21163,16.41692,16.65841,16.90676,17.14656,17.43871,17.80323,18.19677,18.69713,19.36051,20.32733,21.98815,24.19081
2025-12-29,2025-12-19,har,5,14.20000,15.58434,True,12.26854,12.78854,13.35834,13.71092,13.99345,14.22903,14.46639,14.66306,14.85000,15.03724,15.25744,15.48664,15.70612,15.97408,16.30770,16.66809,17.12599,17.73363,18.61928,20.14027,22.15844
2025-12-30,2025-12-22,har,5,14.33000,14.89760,True,11.72720,12.22632,12.76989,13.10669,13.37729,13.60181,13.82975,14.01665,14.19623,14.37490,14.58484,14.80453,15.01432,15.27038,15.58878,15.93335,16.37225,16.95197,17.79712,19.25240,21.18193
2025-12-31,2025-12-23,har,5,14.95000,14.73640,True,11.59956,12.09496,12.63205,12.96261,13.23265,13.45368,13.68025,13.86467,14.04343,14.21993,14.42780,14.64526,14.85210,15.10544,15.42018,15.76007,16.19653,16.76945,17.60306,19.04372,20.95255
2026-01-02,2025-12-24,har,5,14.51000,14.23117,True,11.20053,11.67881,12.19944,12.51716,12.77827,12.99159,13.20984,13.38977,13.56305,13.73259,13.93389,14.14309,14.34302,14.58830,14.88891,15.22000,15.64278,16.19664,16.99793,18.39163,20.23356
2026-01-05,2025-12-26,har,5,14.90000,14.22474,True,11.19530,11.67094,12.19418,12.51131,12.77222,12.98284,13.20427,13.38253,13.55785,13.72685,13.92879,14.13705,14.33700,14.58260,14.88087,15.21363,15.63602,16.19036,16.98970,18.38331,20.22446
2026-01-06,2025-12-29,har,5,14.75000,14.60841,True,11.49690,11.98571,12.52369,12.84911,13.11754,13.32941,13.56033,13.74377,13.92389,14.09664,14.30429,14.51880,14.72417,14.97594,15.28305,15.62379,16.05724,16.62660,17.44733,18.87796,20.77008
2026-01-07,2025-12-30,har,5,15.38000,14.68895,True,11.55976,12.05184,12.59311,12.92016,13.19054,13.40335,13.63531,13.81990,14.00096,14.17332,14.38299,14.59858,14.80555,15.05806,15.36765,15.70964,16.14494,16.71783,17.54272,18.98098,20.88426
2026-01-08,2025-12-31,har,5,15.45000,15.12920,True,11.90642,12.41315,12.97056,13.30750,13.58610,13.80674,14.04423,14.23411,14.42051,14.59904,14.81422,15.03655,15.24931,15.50854,15.82800,16.18052,16.62816,17.21849,18.06713,19.54930,21.50921
2026-01-09,2026-01-02,har,5,14.49000,14.83544,True,11.67551,12.17220,12.71869,13.04921,13.32248,13.54029,13.77213,13.95857,14.14044,14.31636,14.52674,14.74457,14.95312,15.20692,15.52050,15.86639,16.30455,16.88371,17.71494,19.16927,21.09057
2026-01-12,2026-01-05,har,5,15.12000,15.12413,True,11.90316,12.40897,12.96603,13.30316,13.58168,13.80529,14.04046,14.23128,14.41528,14.59514,14.80980,15.03193,15.24462,15.50349,15.82299,16.17517,16.62092,17.21157,18.05813,19.54201,21.49981
2026-01-13,2026-01-06,har,5,15.98000,15.02573,True,11.82578,12.32825,12.88172,13.21662,13.49358,13.71711,13.94975,14.13980,14.32144,14.50054,14.71395,14.93500,15.14646,15.40182,15.72001,16.06983,16.51197,17.09907,17.93936,19.41425,21.35909
2026-01-14,2026-01-07,har,5,16.75000,15.47788,True,12.18176,12.69919,13.26923,13.61450,13.89957,14.13021,14.36968,14.56543,14.75220,14.93765,15.15657,15.38496,15.60257,15.86641,16.19386,16.55286,17.00863,17.61312,18.47899,19.99674,22.00141
2026-01-15,2026-01-08,har,5,15.84000,15.53658,True,12.22795,12.74744,13.31950,13.66628,13.95246,14.18441,14.42446,14.62089,14.80814,14.99516,15.21411,15.44386,15.66295,15.92570,16.25520,16.61525,17.07296,17.67962,18.54892,20.07072,22.08458
2026-01-16,2026-01-09,har,5,15.86000,14.86452,True,11.69899,12.19641,12.74344,13.07519,13.34931,13.57155,13.80090,13.98888,14.16812,14.34694,14.55596,14.77539,14.98450,15.23629,15.55163,15.89652,16.33433,16.91482,17.74652,19.20082,21.12920
2026-01-20,2026-01-12,har,5,20.09000,15.29360,True,12.03673,12.54871,13.11130,13.45271,13.73493,13.96399,14.19985,14.39284,14.57785,14.76123,14.97632,15.20243,15.41662,15.67581,16.00016,16.35523,16.80568,17.40291,18.25867,19.75332,21.73891
2026-01-21,2026-01-13,har,5,16.90000,15.90494,True,12.51797,13.05023,13.63514,13.99027,14.28398,14.52246,14.76785,14.96794,15.16109,15.35149,15.57587,15.81012,16.03338,16.30294,16.64073,17.00826,17.47721,18.09805,18.98822,20.54103,22.60722
2026-01-22,2026-01-14,har,5,15.64000,16.46053,True,12.95504,13.50582,14.11119,14.47897,14.78247,15.02976,15.28407,15.49047,15.69097,15.88799,16.12096,16.36234,16.59611,16.87366,17.22349,17.60269,18.08733,18.72976,19.65151,21.25624,23.39624
2026-01-23,2026-01-15,har,5,16.09000,15.85900,True,12.48160,13.01240,13.59551,13.95019,14.24223,14.48066,14.72599,14.92463,15.11807,15.30801,15.53251,15.76481,15.99147,16.25606,16.59378,16.95902,17.42628,18.04511,18.93330,20.47754,22.54094
2026-01-26,2026-01-16,har,5,16.15000,15.89938,True,12.51358,13.04549,13.62987,13.98642,14.27825,14.51746,14.76342,14.96270,15.15706,15.34771,15.57223,15.80511,16.03218,16.29828,16.63638,17.00183,17.47063,18.09049,18.98125,20.52790,22.59748
2026-01-27,2026-01-20,har,5,16.35000,18.79101,True,14.78902,15.41651,16.10803,16.53079,16.87381,17.15657,17.44733,17.68279,17.91392,18.13886,18.40286,18.67869,18.94783,19.26118,19.66161,20.09308,20.64751,21.37953,22.43488,24.28588,26.70468
2026-01-28,2026-01-21,har,5,16.35000,16.73263,True,13.16868,13.72762,14.34361,14.72059,15.02542,15.27720,15.53606,15.74579,15.95210,16.15242,16.38687,16.63261,16.87236,17.15144,17.50837,17.89129,18.38508,19.03726,19.97636,21.62450,23.77894
2026-01-29,2026-01-22,har,5,16.88000,15.84838,True,12.47322,13.00283,13.58572,13.94364,14.23157,14.47022,14.71558,14.91402,15.10841,15.29809,15.52089,15.75366,15.98062,16.24504,16.58305,16.94621,17.41384,18.03136,18.92042,20.48155,22.52234
2026-01-30,2026-01-23,har,5,17.44000,16.16776,True,12.72454,13.26506,13.85968,14.22535,14.51844,14.76195,15.01229,15.21481,15.41310,15.60711,15.83383,16.07133,16.30346,16.57216,16.91680,17.28745,17.76453,18.39462,19.30170,20.89358,22.97597
2026-02-02,2026-01-26,har,5,16.34000,16.22735,True,12.77139,13.31415,13.91093,14.27848,14.57199,14.81671,15.06777,15.27116,15.47001,15.66524,15.89314,16.13095,16.36592,16.63296,16.97863,17.35047,17.82974,18.46230,19.37279,20.96986,23.06038
2026-02-03,2026-01-27,har,5,18.00000,16.30593,True,12.83454,13.38054,13.97891,14.34338,14.64256,14.88836,15.14125,15.34465,15.54342,15.74066,15.96933,16.20969,16.44450,16.71384,17.06009,17.43557,17.91526,18.55102,19.46508,21.07410,23.17150
2026-02-04,2026-01-28,har,5,18.64000,16.31227,True,12.83983,13.38610,13.98481,14.34978,14.64873,14.89470,15.14719,15.35092,15.55011,15.74706,15.97474,16.21596,16.44899,16.71952,17.06664,17.44131,17.92219,18.55809,19.47268,21.08213,23.18056
2026-02-05,2026-01-29,har,5,21.77000,16.71522,True,13.15668,13.71687,14.33075,14.70438,15.00970,15.26257,15.52142,15.72993,15.93470,16.13585,16.36986,16.61653,16.85816,17.13319,17.48848,17.87066,18.36470,19.01564,19.95316,21.60233,23.75220
2026-02-06,2026-01-30,har,5,20.37000,17.13716,True,13.48840,14.06311,14.69307,15.07583,15.38797,15.64747,15.91297,16.12648,16.33710,16.54289,16.78433,17.03586,17.28591,17.56564,17.93235,18.32588,18.82793,19.49471,20.45634,22.14683,24.35077
2026-02-09,2026-02-02,har,5,17.36000,16.41595,True,12.92085,13.47148,14.07528,14.44212,14.74052,14.98910,15.24339,15.44789,15.64974,15.84673,16.07959,16.31909,16.55723,16.82623,17.17615,17.55316,18.03548,18.67392,19.59537,21.21440,23.32578
2026-02-10,2026-02-03,har,5,17.79000,17.57893,True,13.83584,14.42556,15.07283,15.46598,15.78452,16.05069,16.32318,16.54199,16.75854,16.96891,17.21844,17.47543,17.73124,18.01833,18.39538,18.79912,19.31346,19.99591,20.98335,22.71607,24.97745
2026-02-11,2026-02-04,har,5,17.65000,18.07505,True,14.22583,14.83217,15.49849,15.90334,16.22949,16.50335,16.78386,17.00852,17.23176,17.44734,17.70415,17.96877,18.23119,18.52646,18.91623,19.32937,19.86092,20.56174,21.57526,23.35558,25.68143
2026-02-12,2026-02-05,har,5,20.82000,20.22695,True,15.91782,16.59669,17.34255,17.79608,18.16052,18.46768,18.78149,19.03387,19.28388,19.52380,19.81091,20.10899,20.40209,20.73105,21.16796,21.62990,22.22598,23.00926,24.14456,26.14420,28.73729
2026-02-13,2026-02-06,har,5,20.60000,19.43957,True,15.29690,15.94998,16.66660,17.10258,17.45297,17.74877,18.05011,18.29317,18.53345,18.76298,19.03888,19.32823,19.60835,19.92418,20.34507,20.78782,21.36032,22.11553,23.20473,25.12494,27.61783
2026-02-17,2026-02-09,har,5,20.29000,17.48339,True,13.75745,14.34523,14.98958,15.38167,15.69647,15.96299,16.23378,16.45294,16.66922,16.87518,17.12296,17.38418,17.63579,17.92035,18.29791,18.69561,19.21030,19.88917,20.86933,22.59569,24.83819
2026-02-18,2026-02-10,har,5,19.62000,17.78453,True,13.99439,14.59274,15.24781,15.64691,15.96679,16.23848,16.51358,16.73699,16.95804,17.16649,17.41792,17.68442,17.94031,18.22824,18.61285,19.01734,19.54088,20.23107,21.22872,22.98419,25.26592
2026-02-19,2026-02-11,har,5,20.23000,17.68886,True,13.91946,14.51486,15.16605,15.56309,15.88105,16.15173,16.42504,16.64770,16.86860,17.07573,17.32428,17.58879,17.84330,18.12950,18.51267,18.91467,19.43586,20.12184,21.11440,22.86010,25.13001
2026-02-20,2026-02-12,har,5,19.09000,19.79478,True,15.57604,16.24317,16.97130,17.41642,17.77173,18.07486,18.38087,18.63096,18.87691,19.11079,19.38678,19.68323,19.96835,20.28928,20.71677,21.16549,21.74863,22.51657,23.62834,25.58060,28.12188
2026-02-23,2026-02-13,har,5,21.01000,19.68657,True,15.48994,16.15457,16.87821,17.32163,17.67465,17.97561,18.28081,18.53052,18.77356,19.00791,19.28343,19.57654,19.86030,20.17851,20.60355,21.04852,21.62826,22.39300,23.49918,25.43928,27.96794
2026-02-24,2026-02-17,har,5,19.55000,19.57214,True,15.39938,16.06116,16.78096,17.22023,17.57156,17.87157,18.17492,18.42352,18.66468,18.89609,19.17248,19.46326,19.74792,20.06112,20.48464,20.92718,21.50328,22.26477,23.36041,25.28950,27.80321
2026-02-25,2026-02-18,har,5,17.93000,19.19732,True,15.10410,15.75399,16.45970,16.89054,17.23513,17.52965,17.82737,18.07118,18.30714,18.53352,18.80484,19.08979,19.37008,19.67695,20.09404,20.52895,21.09207,21.83741,22.91163,24.80371,27.26957
2026-02-26,2026-02-19,har,5,18.63000,19.68377,True,15.48647,16.15350,16.87716,17.31876,17.67197,17.97342,18.27869,18.52792,18.77046,19.00265,19.28140,19.57963,19.86066,20.17544,20.60398,21.04965,21.63061,22.39414,23.49120,25.43057,27.95895
2026-02-27,2026-02-20,har,5,19.86000,18.88746,True,14.86087,15.50075,16.19484,16.61877,16.95742,17.24683,17.54002,17.77894,18.01158,18.23283,18.50065,18.78288,19.05722,19.35894,19.77034,20.19810,20.75427,21.48791,22.54066,24.40176,26.82789
2026-03-02,2026-02-23,har,5,21.44000,20.18227,True,15.87862,16.56351,17.30434,17.75889,18.11932,18.42857,18.74355,18.99797,19.24676,19.48362,19.76939,20.07641,20.36394,20.68650,21.12608,21.58234,22.17566,22.95939,24.08576,26.07276,28.66695
2026-03-03,2026-02-24,har,5,23.57000,19.23344,True,15.13233,15.78534,16.49086,16.92475,17.26749,17.56267,17.86328,18.10514,18.34226,18.56850,18.84108,19.13747,19.40611,19.71370,20.13256,20.56733,21.13178,21.87925,22.95333,24.84632,27.31922
2026-03-04,2026-02-25,har,5,21.15000,18.11822,True,14.25576,14.87084,15.53489,15.94371,16.26683,16.54528,16.82830,17.05505,17.27828,17.49129,17.74811,18.02474,18.28097,18.57056,18.96503,19.37455,19.90569,20.61049,21.62268,23.40581,25.73567
2026-03-05,2026-02-26,har,5,23.75000,18.57387,True,14.61512,15.24557,15.92574,16.34484,16.67667,16.96218,17.25218,17.48448,17.71249,17.93077,18.19381,18.47295,18.74086,19.03732,19.44170,19.86149,20.40563,21.12860,22.16678,23.99455,26.38330
2026-03-06,2026-02-27,har,5,29.49000,19.43053,True,15.28909,15.94910,16.66027,17.09870,17.44566,17.74438,18.04818,18.29097,18.52944,18.75791,19.03379,19.33168,19.60513,19.91585,20.33918,20.77732,21.34633,22.10224,23.18874,25.10013,27.59961
2026-03-09,2026-03-02,har,5,25.50000,20.50082,True,16.13032,16.82778,17.57754,18.04069,18.40625,18.72202,19.04259,19.29873,19.55056,19.79182,20.08265,20.39886,20.68535,21.01317,21.46018,21.92008,22.52155,23.31858,24.46563,26.48072,29.11956
2026-03-10,2026-03-03,har,5,24.93000,21.98393,True,17.29560,18.04443,18.84877,19.34503,19.73754,20.07589,20.41936,20.69377,20.96464,21.22294,21.53599,21.87380,22.18229,22.53336,23.01200,23.50592,24.15255,25.00859,26.23500,28.39308,31.22411
2026-03-11,2026-03-04,har,5,24.23000,20.53103,True,16.15336,16.85154,17.60375,18.06626,18.43290,18.74940,19.06922,19.32597,19.57878,19.82070,20.11249,20.42770,20.71653,21.04393,21.49156,21.95443,22.55937,23.36147,24.49899,26.51596,29.15834
2026-03-12,2026-03-05,har,5,27.29000,22.36555,True,17.59622,18.35609,19.17586,19.68055,20.07900,20.42542,20.77233,21.05258,21.32784,21.59168,21.90809,22.25280,22.56715,22.92393,23.41157,23.91524,24.57515,25.45458,26.69023,28.88301,31.76086
2026-03-13,2026-03-06,har,5,27.19000,26.18030,True,20.59173,21.48317,22.44370,23.03557,23.50193,23.90753,24.31418,24.64083,24.96434,25.27129,25.64137,26.04627,26.41650,26.83297,27.40554,27.99213,28.76760,29.79674,31.24686,33.82149,37.17786
2026-03-16,2026-03-09,har,5,23.51000,23.87057,True,18.76995,19.58575,20.46062,21.00120,21.42758,21.79560,22.16927,22.46587,22.76071,23.04236,23.37870,23.74701,24.08794,24.46700,24.98889,25.52131,26.22937,27.16826,28.49599,30.83526,33.89863
2026-03-17,2026-03-10,har,5,22.37000,23.55665,True,18.52046,19.32678,20.19012,20.72586,21.14531,21.51013,21.87787,22.17005,22.46125,22.74036,23.07079,23.43365,23.77132,24.14676,24.66352,25.18653,25.88546,26.80965,28.12082,30.42751,33.45383
2026-03-18,2026-03-11,har,5,25.09000,23.19985,True,18.23932,19.03245,19.88380,20.41080,20.82463,21.18467,21.54515,21.83483,22.12083,22.39477,22.72135,23.07866,23.41138,23.78145,24.29931,24.80679,25.49555,26.40419,27.69293,29.96339,32.94615
2026-03-19,2026-03-12,har,5,24.06000,25.28419,True,19.87767,20.73987,21.66996,22.24296,22.69573,23.08775,23.48023,23.79720,24.10707,24.40544,24.76249,25.15331,25.51459,25.91834,26.48203,27.03932,27.78639,28.77797,30.19125,32.65077,35.90616
2026-03-20,2026-03-13,har,5,26.78000,25.23767,True,19.84195,20.70107,21.63055,22.20220,22.65455,23.04546,23.43791,23.75411,24.06312,24.36126,24.71736,25.10758,25.46823,25.87223,26.43042,26.98818,27.73383,28.72440,30.13347,32.58778,35.84038
2026-03-23,2026-03-16,har,5,26.15000,22.86841,True,17.98017,18.75789,19.60035,20.11844,20.52771,20.88273,21.23815,21.52523,21.80460,22.07472,22.39712,22.75022,23.07689,23.44254,23.94794,24.45294,25.13014,26.02742,27.30332,29.52679,32.47560
2026-03-24,2026-03-17,har,5,26.95000,22.06846,True,17.35269,18.10232,18.91524,19.41544,19.80946,20.15287,20.49524,20.77344,21.04124,21.30248,21.61406,21.95347,22.26939,22.62165,23.10851,23.59595,24.25105,25.11696,26.34750,28.49295,31.33973
2026-03-25,2026-03-18,har,5,25.33000,23.89581,True,18.78872,19.60036,20.48159,21.02409,21.45001,21.82179,22.19281,22.49458,22.78425,23.06610,23.40314,23.77242,24.11408,24.49645,25.02620,25.55486,26.25866,27.19560,28.52627,30.84881,33.93354
2026-03-26,2026-03-19,har,5,27.44000,23.18574,True,18.23189,19.01863,19.87345,20.39998,20.81229,21.17328,21.53349,21.82720,22.10627,22.38019,22.70796,23.06486,23.39696,23.76779,24.28235,24.79373,25.47806,26.38745,27.67773,29.93140,32.92518
2026-03-27,2026-03-20,har,5,31.05000,24.96388,True,19.63020,20.47625,21.39748,21.96522,22.40883,22.79731,23.18478,23.50180,23.80225,24.09704,24.44908,24.83512,25.19204,25.59176,26.14628,26.69376,27.43179,28.41043,29.79900,32.22313,35.44988
2026-03-30,2026-03-23,har,5,30.61000,24.65793,True,19.38800,20.22356,21.13455,21.69424,22.13409,22.51747,22.89994,23.21318,23.51070,23.80215,24.14822,24.52904,24.88364,25.27740,25.82820,26.37159,27.09604,28.06373,29.43084,31.82407,35.01326
2026-03-31,2026-03-24,har,5,25.25000,25.31793,True,19.90479,20.76392,21.69896,22.27079,22.72611,23.12017,23.51148,23.83337,24.13785,24.43760,24.79459,25.18499,25.54952,25.95372,26.52219,27.07698,27.82034,28.81913,30.23470,32.67167,35.94692
2026-04-01,2026-03-25,har,5,24.54000,24.31097,True,19.11354,19.93796,20.83564,21.38517,21.82246,22.20068,22.57632,22.88568,23.17781,23.46596,23.80867,24.18343,24.53379,24.92151,25.46793,25.99992,26.71296,27.67111,29.02932,31.36892,34.51686
2026-04-02,2026-03-26,har,5,23.87000,25.78558,True,20.27257,21.14589,22.09767,22.68136,23.14608,23.54587,23.94455,24.27417,24.58452,24.88823,25.25538,25.64970,26.02202,26.43427,27.01181,27.57703,28.33536,29.36478,30.78652,33.26618,36.60987
2026-04-06,2026-03-27,har,5,24.17000,28.21320,True,22.18007,23.13205,24.17625,24.81854,25.32585,25.76104,26.19611,26.55952,26.89605,27.23134,27.63409,28.06144,28.47049,28.92619,29.55633,30.17666,31.00332,32.13520,33.69960,36.38701,40.05825
2026-04-07,2026-03-30,har,5,25.78000,28.12092,True,22.10662,23.05421,24.09450,24.73686,25.24367,25.67607,26.10858,26.47456,26.80670,27.14088,27.54263,27.96773,28.37900,28.83222,29.46149,30.07937,30.90157,32.03373,33.59535,36.25768,39.92799
2026-04-08,2026-03-31,har,5,21.04000,24.68484,True,19.40644,20.23738,21.15057,21.71461,22.15957,22.53891,22.91871,23.23996,23.53157,23.82538,24.17924,24.55106,24.91030,25.30898,25.86016,26.40358,27.12567,28.11916,29.48903,31.82462,35.04887
2026-04-09,2026-04-01,har,5,19.49000,24.21448,True,19.03753,19.85172,20.74759,21.30107,21.73767,22.10959,22.48215,22.79714,23.08355,23.37287,23.71892,24.08540,24.43503,24.82645,25.36581,25.90007,26.60877,27.58282,28.92568,31.21523,34.38070
2026-04-10,2026-04-02,har,5,19.23000,23.69344,True,18.62950,19.42516,20.30226,20.84306,21.27072,21.63429,21.99890,22.30645,22.58699,22.86890,23.20890,23.56568,23.90955,24.29169,24.81909,25.34258,26.03600,26.99030,28.30291,30.54338,33.64028
2026-04-13,2026-04-06,har,5,19.12000,23.77960,True,18.69975,19.49911,20.37628,20.91665,21.34519,21.71281,22.07930,22.38500,22.66937,22.95173,23.29264,23.65310,23.99630,24.37762,24.90905,25.43241,26.13139,27.08570,28.40748,30.66168,33.76043
2026-04-14,2026-04-07,har,5,18.36000,24.75416,True,19.46796,20.30047,21.21241,21.77394,22.22025,22.60357,22.98435,23.30128,23.59940,23.89222,24.24785,24.62319,24.98042,25.37555,25.93052,26.47361,27.20200,28.19482,29.57234,31.92119,35.14290
2026-04-15,2026-04-08,har,5,18.17000,21.45095,True,16.87206,17.59184,18.38201,18.86899,19.25483,19.58787,19.91757,20.19135,20.45120,20.70546,21.00890,21.33873,21.64695,21.98957,22.46992,22.94063,23.57131,24.43463,25.62647,27.66186,30.45367
2026-04-16,2026-04-09,har,5,17.94000,20.23242,True,15.91657,16.59354,17.33730,17.79609,18.16119,18.47602,18.78858,19.04422,19.28966,19.53006,19.81418,20.12640,20.41795,20.74099,21.19214,21.63720,22.23398,23.04775,24.17037,26.09031,28.72669
2026-04-17,2026-04-10,har,5,17.48000,19.92343,True,15.67600,16.33704,17.07314,17.52291,17.88415,18.19513,18.50085,18.75271,18.99530,19.23209,19.51308,19.81940,20.10766,20.42518,20.86789,21.30673,21.89745,22.69468,23.79946,25.69139,28.29120
2026-04-20,2026-04-13,har,5,18.87000,19.71819,True,15.51495,16.16132,16.89709,17.34401,17.69983,18.00569,18.31089,18.55898,18.79988,19.03387,19.31264,19.61618,19.90210,20.21412,20.65291,21.08725,21.67194,22.45725,23.55204,25.42755,28.00226
2026-04-21,2026-04-14,har,5,19.50000,18.99992,True,14.93394,15.56826,16.28306,16.70974,17.05610,17.34818,17.64409,17.88359,18.11596,18.34248,18.61289,18.90249,19.17808,19.47876,19.90285,20.31819,20.88839,21.63353,22.69413,24.50577,26.98162
2026-04-22,2026-04-15,har,5,18.92000,18.76319,True,14.74902,15.37389,16.07859,16.50019,16.84274,17.13112,17.42407,17.66135,17.89080,18.11357,18.38208,18.66785,18.94007,19.23646,19.65363,20.06424,20.62882,21.36264,22.40880,24.19952,26.64682
2026-04-23,2026-04-16,har,5,19.31000,18.53944,True,14.57441,15.19083,15.88698,16.30505,16.64107,16.92575,17.21661,17.45001,17.67827,17.89761,18.16128,18.44541,18.71468,19.00788,19.41836,19.82387,20.38320,21.10677,22.13897,23.90995,26.33009
2026-04-24,2026-04-17,har,5,18.71000,18.15154,True,14.27082,14.87387,15.55386,15.96334,16.29201,16.57147,16.85663,17.08391,17.30857,17.52370,17.78186,18.05863,18.32259,18.61079,19.01112,19.40930,19.95688,20.66441,21.67578,23.40927,25.77991
2026-04-27,2026-04-20,har,5,18.02000,19.08442,True,15.00469,15.63876,16.35294,16.78486,17.12960,17.42362,17.72289,17.96200,18.19822,18.42514,18.69542,18.98588,19.26492,19.56683,19.98756,20.40607,20.98315,21.72552,22.79048,24.61227,27.10467
2026-04-28,2026-04-21,har,5,17.83000,19.51829,True,15.34598,15.99427,16.72521,17.16688,17.51930,17.81998,18.12599,18.37044,18.61192,18.84345,19.12102,19.41857,19.70282,20.01285,20.44130,20.86971,21.45970,22.21843,23.30787,25.17173,27.72047
2026-04-29,2026-04-22,har,5,18.81000,19.10235,True,15.01918,15.65351,16.36905,16.80164,17.14621,17.44047,17.73972,17.97926,18.21542,18.44213,18.71349,19.00555,19.28249,19.58563,20.00501,20.42476,21.00226,21.74396,22.81081,24.63524,27.12939
2026-04-30,2026-04-23,har,5,16.89000,19.36803,True,15.22839,15.87101,16.59725,17.03504,17.38488,17.68310,17.98688,18.22970,18.46890,18.69848,18.97402,19.26989,19.55119,19.85893,20.28222,20.70879,21.29381,22.04599,23.12722,24.97792,27.50642
2026-05-01,2026-04-24,har,5,16.99000,18.94710,True,14.89778,15.52592,16.23675,16.66450,17.00721,17.29869,17.59611,17.83412,18.06764,18.29217,18.56344,18.85150,19.12669,19.42805,19.84057,20.25850,20.83034,21.56674,22.62395,24.43473,26.90833
2026-05-04,2026-04-27,har,5,18.29000,18.41651,True,14.48037,15.09171,15.78204,16.19911,16.53114,16.81495,17.10394,17.33538,17.56146,17.78001,18.04213,18.32367,18.59073,18.88392,19.28523,19.69055,20.24678,20.96264,21.99068,23.75123,26.15409
2026-05-05,2026-04-28,har,5,17.38000,18.20588,True,14.31415,14.91992,15.60139,16.01445,16.34223,16.62403,16.90864,17.13601,17.36078,17.57738,17.83699,18.11412,18.37817,18.66770,19.06488,19.46538,20.01440,20.72296,21.73989,23.47998,25.85390
2026-05-06,2026-04-29,har,5,17.39000,18.82573,True,14.80155,15.42819,16.13271,16.55986,16.89871,17.19030,17.48497,17.72008,17.95237,18.17660,18.44540,18.73063,19.00388,19.30267,19.71283,20.12803,20.69504,21.42847,22.48004,24.27929,26.73369
2026-05-07,2026-04-30,har,5,17.08000,17.39150,True,13.67328,14.25396,14.90364,15.29624,15.61114,15.87978,16.15303,16.37041,16.58446,16.79175,17.04114,17.30368,17.55613,17.83235,18.21091,18.59419,19.11882,19.79633,20.76829,22.42966,24.69602
2026-05-08,2026-05-01,har,5,17.19000,17.38710,True,13.66970,14.25143,14.90003,15.29196,15.60610,15.87563,16.14699,16.36733,16.57964,16.78622,17.03504,17.29941,17.55192,17.82924,18.20510,18.58935,19.11460,19.79152,20.76337,22.42335,24.68928
2026-05-11,2026-05-04,har,5,18.38000,18.25622,True,14.35334,14.96398,15.64515,16.05726,16.38655,16.66938,16.95510,17.18567,17.40932,17.62694,17.88874,18.16368,18.42901,18.71978,19.11456,19.51858,20.06961,20.77973,21.80133,23.54254,25.92327
2026-05-12,2026-05-05,har,5,17.99000,17.59456,True,13.83344,14.42210,15.07846,15.47636,15.79308,16.06558,16.34161,16.56328,16.77947,16.98674,17.23864,17.50507,17.76121,18.04079,18.42137,18.81124,19.34206,20.02560,21.01160,22.68746,24.98367
2026-05-13,2026-05-06,har,5,17.87000,17.54014,True,13.79156,14.37802,15.03219,15.43004,15.74476,16.01648,16.28981,16.51206,16.72687,16.93445,17.18609,17.45087,17.70696,17.98481,18.36436,18.75273,19.28199,19.96273,20.94709,22.61599,24.90620
2026-05-14,2026-05-07,har,5,17.26000,17.29310,True,13.59777,14.17570,14.82082,15.21374,15.52343,15.79146,16.06105,16.27993,16.49214,16.69623,16.94438,17.20479,17.45756,17.73158,18.10551,18.48855,19.00998,19.68048,20.65212,22.29584,24.55538
2026-05-15,2026-05-08,har,5,18.43000,17.35409,True,13.64611,14.22582,14.87344,15.26842,15.57859,15.84772,16.11849,16.33780,16.55109,16.75615,17.00568,17.26504,17.51897,17.79403,18.16924,18.55376,19.07656,19.74879,20.72491,22.37294,24.64189
2026-05-18,2026-05-11,har,5,17.82000,18.15697,True,14.27768,14.88399,15.56188,15.97576,16.29931,16.58137,16.86492,17.09390,17.31735,17.53296,17.79393,18.06434,18.32894,18.61679,19.00961,19.41213,19.95815,20.66128,21.68358,23.40641,25.78178
2026-05-19,2026-05-12,har,5,18.06000,17.90156,True,14.07697,14.67456,15.34326,15.75165,16.06996,16.34850,16.62822,16.85329,17.07418,17.28737,17.54451,17.81060,18.07155,18.35373,18.74184,19.13894,19.67636,20.36973,21.37833,23.07559,25.41888
2026-05-20,2026-05-13,har,5,17.44000,17.82448,True,14.01653,14.61135,15.27750,15.68408,16.00071,16.27850,16.55685,16.78059,17.00101,17.21313,17.46987,17.73429,17.99392,18.27353,18.66066,19.05636,19.59061,20.28174,21.28608,22.97464,25.30923
2026-05-21,2026-05-14,har,5,16.76000,17.40733,True,13.68880,14.26946,14.92029,15.31738,15.62626,15.89860,16.16965,16.38805,16.60349,16.81057,17.06124,17.31971,17.57261,17.84519,18.22357,18.61030,19.13123,19.80683,20.78782,22.43545,24.71678
2026-05-22,2026-05-15,har,5,16.70000,18.22873,True,14.33473,14.94261,15.62447,16.04029,16.36335,16.64965,16.93265,17.16145,17.38708,17.60365,17.86629,18.13687,18.40166,18.68861,19.08411,19.48810,20.03273,20.74097,21.76839,23.49234,25.88259
2026-05-25,2026-05-18,har,5,16.59000,17.80443,True,14.00148,14.59494,15.26111,15.66738,15.98288,16.26328,16.53873,16.76247,16.98338,17.19405,17.45075,17.71464,17.97329,18.25259,18.63958,19.03453,19.56601,20.25799,21.26037,22.94412,25.28002
2026-05-26,2026-05-19,har,5,17.01000,17.97152,True,14.13314,14.73195,15.40461,15.81476,16.13319,16.41696,16.69411,16.92000,17.14370,17.35540,17.61476,17.88099,18.14176,18.42324,18.81406,19.21308,19.74903,20.44782,21.45831,23.15781,25.51709
2026-05-27,2026-05-20,har,5,16.29000,17.53373,True,13.78925,14.37322,15.02973,15.42994,15.74059,16.01744,16.28771,16.50800,16.72695,16.93273,17.18548,17.44538,17.69968,17.97433,18.35546,18.74411,19.26748,19.94955,20.93421,22.59227,24.89544
2026-05-28,2026-05-21,har,5,15.74000,17.04193,True,13.40290,13.97024,14.60858,14.99757,15.29957,15.56860,15.83113,16.04529,16.25846,16.45791,16.70333,16.95597,17.20302,17.47014,17.84052,18.21753,18.72670,19.39001,20.34571,21.95724,24.19726
2026-05-29,2026-05-22,har,5,15.32000,16.95281,True,13.33342,13.89755,14.53283,14.91965,15.22011,15.48787,15.74825,15.96138,16.17307,16.37218,16.61605,16.86728,17.11300,17.37888,17.74734,18.12167,18.62850,19.28890,20.23832,21.84149,24.07091
2026-06-01,2026-05-25,har,5,16.05000,16.83695,True,13.24283,13.80285,14.43408,14.81819,15.11679,15.38261,15.64110,15.85214,16.06134,16.26055,16.50257,16.75201,16.99585,17.26020,17.62614,17.99720,18.50123,19.15729,20.09886,21.69110,23.90664
2026-06-02,2026-05-26,har,5,15.77000,17.09401,True,13.44550,14.01384,14.65501,15.04489,15.34823,15.61792,15.88025,16.09464,16.30556,16.50874,16.75383,17.00778,17.25515,17.52376,17.89531,18.27192,18.78362,19.44991,20.40448,22.02107,24.27175
2026-06-03,2026-05-27,har,5,16.06000,16.56591,True,13.03063,13.58114,14.20279,14.58062,14.87480,15.13586,15.38997,15.59724,15.80169,15.99863,16.23566,16.48230,16.72139,16.98237,17.34286,17.70750,18.20347,18.84924,19.77299,21.33964,23.52223
2026-06-04,2026-05-28,har,5,15.40000,16.15112,True,12.70482,13.24127,13.84751,14.21602,14.50306,14.75651,15.00477,15.20687,15.40570,15.59678,15.82810,16.06924,16.30154,16.55723,16.90896,17.26422,17.74805,18.37752,19.27696,20.80426,22.93376
2026-06-05,2026-05-29,har,5,21.51000,15.80996,True,12.43699,12.96180,13.55540,13.91629,14.19738,14.44427,14.68814,14.88598,15.07993,15.26618,15.49279,15.72972,15.95647,16.20777,16.55202,16.89979,17.37362,17.98960,18.86895,20.36394,22.44991
2026-06-08,2026-06-01,har,5,18.92000,16.30137,True,12.82397,13.36496,13.97691,14.34913,14.63928,14.89361,15.14494,15.34903,15.54803,15.74084,15.97428,16.21690,16.45233,16.71168,17.06630,17.42522,17.91365,18.54877,19.45564,20.99678,23.14791
2026-06-09,2026-06-02,har,5,19.87000,16.07476,True,12.64625,13.17960,13.78305,14.15014,14.43651,14.68699,14.93406,15.13550,15.33134,15.52204,15.75239,15.98988,16.22373,16.47959,16.82907,17.18321,17.66470,18.29108,19.18536,20.70496,22.82640
2026-06-10,2026-06-03,har,5,22.22000,16.25844,True,12.79109,13.33042,13.94067,14.31205,14.60209,14.85502,15.10529,15.30900,15.50734,15.69980,15.93189,16.17211,16.40884,16.66793,17.02112,17.37941,17.86646,18.50005,19.40467,20.94133,23.08730
2026-06-11,2026-06-04,har,5,19.44000,15.78379,True,12.41804,12.94145,13.53377,13.89451,14.17654,14.42150,14.66472,14.86249,15.05389,15.24127,15.46638,15.70007,15.92958,16.18120,16.52429,16.87186,17.34491,17.96001,18.83835,20.32988,22.41353
2026-06-12,2026-06-05,har,5,17.68000,19.97069,True,15.71140,16.37427,17.12407,17.57887,17.93541,18.24826,18.55278,18.80290,19.04538,19.28281,19.56926,19.86441,20.15428,20.47165,20.90656,21.34680,21.94408,22.72382,23.84275,25.75006,28.35566
2026-06-15,2026-06-08,har,5,16.20000,18.38148,True,14.46091,15.07109,15.76104,16.17937,16.50757,16.79603,17.07586,17.30604,17.52974,17.74789,18.01160,18.28454,18.55020,18.84220,19.24279,19.64798,20.19886,20.91599,21.94326,23.69899,26.09802
2026-06-16,2026-06-09,har,5,16.41000,19.11308,True,15.03639,15.67073,16.38798,16.82253,17.16363,17.46459,17.75436,17.99405,18.22698,18.45410,18.72817,19.01209,19.29015,19.59152,20.00846,20.43088,21.00354,21.74832,22.82572,24.64013,27.13499
2026-06-17,2026-06-10,har,5,18.44000,20.78588,True,16.35195,17.04156,17.82127,18.29369,18.66426,18.99197,19.30649,19.56799,19.82081,20.06806,20.36814,20.67581,20.97807,21.30422,21.75900,22.21891,22.84246,23.65773,24.82448,26.81180,29.50747
2026-06-18,2026-06-11,har,5,16.40000,19.08567,True,15.01424,15.64784,16.36379,16.79696,17.13621,17.43810,17.72639,17.96693,18.19851,18.42585,18.70208,18.98598,19.26166,19.56037,19.97889,20.40094,20.97550,21.72460,22.79464,24.61825,27.09185
2026-06-22,2026-06-12,har,5,17.28000,17.82151,True,14.02078,14.61376,15.27910,15.68631,16.00116,16.28373,16.55261,16.77596,16.99322,17.20747,17.46329,17.72799,17.98618,18.26522,18.65449,19.05027,19.58699,20.28597,21.28271,22.99093,25.29656
2026-06-23,2026-06-15,har,5,19.49000,16.73536,True,13.16719,13.72460,14.34870,14.73147,15.02627,15.29083,15.54413,15.75346,15.95812,16.15865,16.39789,16.64833,16.89051,17.15182,17.51745,17.88964,18.39316,19.05008,19.98694,21.59107,23.75498
2026-06-24,2026-06-16,har,5,18.63000,16.80189,True,13.22074,13.78113,14.40700,14.78722,15.08535,15.35171,15.60563,15.81612,16.02124,16.22212,16.46261,16.71385,16.95742,17.21995,17.58712,17.96159,18.46630,19.12606,20.06763,21.67853,23.84956
2026-06-25,2026-06-17,har,5,18.89000,18.11043,True,14.25183,14.85684,15.52994,15.93934,16.25860,16.54459,16.82119,17.04847,17.26689,17.48438,17.74395,18.01654,18.27593,18.56096,18.95673,19.36098,19.90412,20.61515,21.63137,23.36845,25.70673
2026-06-26,2026-06-18,har,5,18.41000,16.65912,True,13.11072,13.66790,14.28570,14.66197,14.95548,15.21558,15.47234,15.68271,15.88436,16.08277,16.32163,16.57152,16.80935,17.07377,17.43731,17.80918,18.30834,18.96312,19.89799,21.49560,23.64755
2026-06-29,2026-06-22,har,5,17.65000,17.24917,True,13.57550,14.15278,14.79192,15.18152,15.48566,15.75595,16.02113,16.23846,16.44769,16.65415,16.89890,17.15634,17.40268,17.67829,18.05482,18.43950,18.95613,19.63429,20.60249,22.25628,24.48524
2026-06-30,2026-06-23,har,5,16.45000,18.80148,True,14.79790,15.42752,16.12254,16.54692,16.87852,17.17452,17.46246,17.69900,17.92742,18.15287,18.42099,18.70278,18.97163,19.26907,19.68013,20.10101,20.66452,21.40403,22.45491,24.25932,26.68658
2026-07-01,2026-06-24,har,5,16.59000,18.29868,True,14.40256,15.01575,15.68981,16.10419,16.42668,16.71600,16.99550,17.22559,17.44846,17.66783,17.92910,18.20264,18.46643,18.75461,19.15413,19.56305,20.11180,20.83030,21.85261,23.60999,25.97166
2026-07-02,2026-06-25,har,5,16.15000,18.49374,True,14.55616,15.17626,15.85706,16.27595,16.60175,16.89537,17.17704,17.40913,17.63480,17.85713,18.12082,18.39681,18.66569,18.95450,19.35789,19.77140,20.32576,21.05130,22.08433,23.86061,26.24820
2026-07-06,2026-06-26,har,5,15.57000,18.22957,True,14.34835,14.96015,15.63001,16.04338,16.36419,16.65489,16.93181,17.16009,17.38243,17.60189,17.86174,18.13444,18.39929,18.68338,19.08199,19.48886,20.03576,20.74912,21.76716,23.51862,25.87230
2026-07-07,2026-06-29,har,5,16.13000,17.73414,True,13.95860,14.55425,15.20522,15.60752,15.91944,16.20345,16.47211,16.69366,16.90991,17.12381,17.37654,17.64261,17.89921,18.17542,18.56254,18.95877,19.49110,20.18424,21.17447,22.87855,25.16889
2026-07-08,2026-06-30,har,5,16.90000,16.85237,True,13.26574,13.83066,14.44917,14.83053,15.12796,15.39450,15.65187,15.86400,16.06958,16.27089,16.51289,16.76479,17.00924,17.27222,17.63981,18.01652,18.52177,19.18013,20.12098,21.74019,23.91780
2026-07-09,2026-07-01,har,5,15.84000,16.91266,True,13.31388,13.88051,14.50129,14.88382,15.18241,15.44729,15.70796,15.92080,16.12719,16.32886,16.57192,16.82418,17.07006,17.33415,17.70314,18.08119,18.58810,19.24847,20.19295,21.81652,24.00422
2026-07-10,2026-07-02,har,5,15.03000,16.55166,True,13.03055,13.58474,14.19250,14.56641,14.85801,15.11540,15.37268,15.58149,15.78349,15.98016,16.21854,16.46501,16.70512,16.96423,17.32566,17.69536,18.19161,18.83752,19.76194,21.34968,23.49310
2026-07-13,2026-07-06,har,5,17.16000,16.08715,True,12.66556,13.20430,13.79454,14.15813,14.44101,14.68761,14.94029,15.14392,15.34015,15.53155,15.76333,16.00330,16.23544,16.48787,16.83976,17.19891,17.68142,18.30918,19.20796,20.74921,22.83446
2026-07-14,2026-07-07,har,5,16.50000,16.44244,True,12.94564,13.49653,14.09978,14.47116,14.76029,15.01119,15.26989,15.47816,15.67828,15.87277,16.11064,16.35688,16.59296,16.85195,17.21177,17.57916,18.07188,18.71370,19.63270,21.20577,23.33878
2026-07-15,2026-07-08,har,5,15.67000,16.98647,True,13.37419,13.94321,14.56635,14.94995,15.24886,15.50819,15.77530,15.99057,16.19769,16.39996,16.64503,16.89855,17.14091,17.40922,17.78113,18.16069,18.66980,19.33241,20.28185,21.90543,24.11098
2026-07-16,2026-07-09,har,5,16.73000,16.21650,True,12.76823,13.31150,13.90626,14.27278,14.55812,14.80569,15.06079,15.26528,15.46277,15.65454,15.88953,16.13256,16.36320,16.62031,16.97521,17.33771,17.82388,18.45602,19.36274,20.91089,23.01813
2026-07-17,2026-07-10,har,5,18.77000,15.60747,True,12.28898,12.81182,13.38418,13.73701,14.01203,14.24909,14.49485,14.69205,14.88170,15.06612,15.29187,15.52618,15.74828,15.99651,16.33787,16.68688,17.15488,17.76291,18.63602,20.12422,22.15415
2026-07-20,2026-07-13,har,5,18.65000,17.09065,True,13.45699,14.02940,14.65602,15.04241,15.34346,15.60326,15.87234,16.08801,16.29621,16.49816,16.74617,17.00255,17.24596,17.51651,17.89055,18.27153,18.78468,19.45046,20.40598,22.03427,24.25902
2026-07-21,2026-07-14,har,5,17.05000,16.62576,True,13.09115,13.64789,14.25738,14.63328,14.92630,15.17913,15.44080,15.65059,15.85334,16.05134,16.29207,16.54031,16.77568,17.03987,17.40375,17.77377,18.27360,18.92107,19.85049,21.43295,23.59911
2026-07-22,2026-07-15,har,5,16.64000,16.01100,True,12.60756,13.14339,13.73035,14.09203,14.37482,14.61858,14.86989,15.07182,15.26656,15.45552,15.68868,15.92867,16.15553,16.41004,16.76060,17.11633,17.59717,18.22126,19.11600,20.63924,22.72716
2026-07-23,2026-07-16,har,5,18.70000,16.74902,True,13.18885,13.74935,14.36344,14.74161,15.03743,15.29268,15.55525,15.76670,15.97071,16.16979,16.41292,16.66302,16.90094,17.16641,17.53276,17.90436,18.40709,19.06080,19.99617,21.58843,23.77457
2026-07-24,2026-07-17,har,5,18.58000,18.20417,True,14.33473,14.94446,15.61156,16.02209,16.34362,16.62196,16.90597,17.13601,17.35876,17.57638,17.83856,18.11005,18.36948,18.65699,19.05537,19.46098,20.00763,20.71828,21.73651,23.46067,25.83938
2026-07-27,2026-07-20,har,5,18.67000,18.17228,True,14.30942,14.91827,15.58414,15.99380,16.31497,16.59330,16.87640,17.10552,17.32820,17.54676,17.80743,18.07891,18.33889,18.62404,19.02158,19.42732,19.97217,20.68151,21.69800,23.41676,25.79314
2026-07-28,2026-07-21,har,5,18.21000,17.11077,True,13.47369,14.04700,14.67377,15.05959,15.36211,15.62517,15.89096,16.10634,16.31600,16.52248,16.76781,17.02352,17.26982,17.53709,17.91021,18.29231,18.80528,19.47301,20.43000,22.04678,24.28625
2026-07-29,2026-07-22,har,5,20.66000,16.85592,True,13.27312,13.83799,14.45516,14.83527,15.13322,15.39351,15.65447,15.86648,16.07293,16.27672,16.51877,16.77048,17.01257,17.27694,17.64314,18.01958,18.52405,19.18249,20.12501,21.71624,23.92428
2026-07-30,2026-07-23,har,5,17.09000,18.28926,True,14.40154,15.01460,15.68409,16.09654,16.41964,16.70291,16.98569,17.21537,17.43930,17.66050,17.92325,18.19662,18.45917,18.74674,19.14298,19.55145,20.10006,20.81287,21.83562,23.56002,25.95767
2026-07-31,2026-07-24,har,5,15.99000,18.20134,True,14.33241,14.94245,15.60865,16.01917,16.34066,16.62369,16.90397,17.13306,17.35611,17.57593,17.83724,18.10915,18.37050,18.65570,19.05071,19.45731,20.00308,20.71231,21.73017,23.44454,25.83263
2026-08-03,2026-07-27,har,5,15.86000,18.26159,True,14.37993,14.99187,15.66032,16.07217,16.39466,16.67982,16.96006,17.19021,17.41485,17.63423,17.89638,18.16984,18.43158,18.71840,19.11349,19.52150,20.06888,20.78031,21.80159,23.51989,25.91787
2026-08-04,2026-07-28,har,5,16.50000,17.97938,True,14.15773,14.76017,15.41805,15.82373,16.14104,16.42301,16.69792,16.92492,17.14678,17.36166,17.61973,17.88976,18.14702,18.43014,18.81816,19.21940,19.75826,20.45840,21.46375,23.15403,25.51697
2026-08-05,2026-07-29,har,5,15.81000,19.68340,True,15.49926,16.15917,16.87838,17.32276,17.67026,17.98002,18.27998,18.52810,18.77136,19.00647,19.28906,19.58593,19.86629,20.17668,20.60199,21.03996,21.63027,22.39846,23.50141,25.34670,27.93434
2026-08-06,2026-07-30,har,5,15.15000,17.28276,True,13.60947,14.18930,14.82035,15.21017,15.51573,15.78874,16.05089,16.26811,16.48086,16.68828,16.93639,17.19613,17.44340,17.71596,18.08915,18.47405,18.99243,19.66672,20.63473,22.25525,24.52781
2026-08-07,2026-07-31,har,5,14.90000,16.46744,True,12.96821,13.52123,14.12175,14.49263,14.78381,15.04081,15.29354,15.50040,15.70232,15.90082,16.13807,16.38455,16.62070,16.88063,17.23588,17.60283,18.09689,18.73933,19.66105,21.20587,23.37147
2026-08-10,2026-08-03,har,5,15.46000,16.31404,True,12.84822,13.39663,13.99074,14.35773,14.64652,14.89842,15.15004,15.35633,15.55621,15.75296,15.98823,16.23186,16.46608,16.72378,17.07567,17.43906,17.92869,18.56522,19.47761,21.00922,23.15457
2026-08-11,2026-08-04,har,5,15.28000,16.71988,True,13.16836,13.73069,14.33947,14.71530,15.01146,15.27018,15.52688,15.73822,15.94306,16.14475,16.38597,16.63553,16.87579,17.14001,17.50064,17.87247,18.37510,19.02725,19.96198,21.53234,23.73095
2026-08-12,2026-08-05,har,5,14.55000,16.15105,True,12.72171,13.25897,13.85066,14.21395,14.50020,14.75101,14.99916,15.20348,15.40053,15.59527,15.82837,16.06968,16.30064,16.55669,16.90612,17.26373,17.74948,18.38089,19.28195,20.80585,22.92549
2026-08-13,2026-08-06,har,5,14.63000,15.64638,True,12.32460,12.84581,13.42008,13.76961,14.04700,14.28827,14.52968,14.72817,14.91988,15.10742,15.33305,15.56782,15.79120,16.03861,16.37764,16.72420,17.19475,17.80711,18.68017,20.15576,22.20899
2026-08-14,2026-08-07,har,5,14.25000,15.43677,True,12.15977,12.67452,13.24064,13.58541,13.85912,14.09504,14.33496,14.53017,14.71977,14.90480,15.12651,15.35884,15.58002,15.82250,16.15816,16.49987,16.96468,17.56874,18.43053,19.88486,21.91165
2026-08-17,2026-08-10,har,5,15.19000,15.81436,True,12.45746,12.98507,13.56454,13.91846,14.19872,14.44069,14.68613,14.88631,15.07959,15.26957,15.49666,15.73381,15.96109,16.20909,16.55335,16.90286,17.37981,17.99840,18.88128,20.37075,22.44784
2026-08-18,2026-08-11,har,5,15.84000,15.66483,True,12.34006,12.86288,13.43643,13.78739,14.06520,14.30474,14.54779,14.74600,14.93687,15.12378,15.35005,15.58541,15.81018,16.05624,16.39696,16.74247,17.21582,17.82830,18.70271,20.17801,22.23605
2026-08-19,2026-08-12,har,5,14.89000,15.11447,True,11.90692,12.41135,12.96480,13.30348,13.57160,13.80115,14.03663,14.22812,14.41209,14.59115,14.80986,15.03820,15.25401,15.49259,15.82093,16.15358,16.61060,17.20197,18.04609,19.46867,21.45540
2026-08-20,2026-08-13,har,5,16.01000,15.14852,True,11.93405,12.43956,12.99427,13.33370,13.60264,13.83327,14.06881,14.25922,14.44419,14.62287,14.84199,15.07238,15.28723,15.52755,15.85663,16.18891,16.64736,17.24067,18.08703,19.51190,21.50415
2026-08-21,2026-08-14,har,5,15.13000,14.85923,True,11.70646,12.20216,12.74633,13.07924,13.34345,13.56905,13.79988,13.98641,14.16705,14.34297,14.55849,14.78493,14.99504,15.23089,15.55409,15.87981,16.32858,16.91146,17.74193,19.13817,21.09402
2026-08-24,2026-08-17,har,5,15.85000,15.49926,True,12.21098,12.72796,13.29559,13.64285,13.91853,14.15364,14.39478,14.58941,14.77846,14.96067,15.18573,15.42131,15.64098,15.88646,16.22404,16.56390,17.03090,17.63949,18.50601,19.96196,22.00285
2026-08-25,2026-08-18,har,5,15.45000,15.94141,True,12.55949,13.09132,13.67499,14.03212,14.31561,14.55751,14.80565,15.00598,15.20108,15.38766,15.61890,15.86186,16.08738,16.33938,16.68643,17.03628,17.51572,18.14200,19.03362,20.53133,22.63045
2026-08-26,2026-08-19,har,5,15.21000,15.27858,True,12.03748,12.54717,13.10652,13.44887,13.72050,13.95233,14.19039,14.38252,14.56917,14.74860,14.96954,15.20197,15.41840,15.66001,15.99231,16.32781,16.78702,17.38711,18.24201,19.67713,21.68959
2026-08-27,2026-08-20,har,5,14.51000,16.07107,True,12.66192,13.19841,13.78652,14.14632,14.43175,14.67652,14.92642,15.12912,15.32477,15.51454,15.74750,15.99065,16.21871,16.47229,16.82236,17.17458,17.65741,18.28798,19.18778,20.69870,22.81416
2026-08-28,2026-08-21,har,5,14.43000,15.48180,True,12.19779,12.71480,13.28122,13.62763,13.90245,14.13884,14.37916,14.57464,14.76308,14.94687,15.17150,15.40427,15.62616,15.86800,16.20512,16.54463,17.00956,17.61665,18.48394,19.94007,21.97747
2026-08-31,2026-08-24,har,5,14.92000,15.97548,True,12.58688,13.12055,13.70493,14.06229,14.34566,14.59009,14.83769,15.03955,15.23431,15.42500,15.65577,15.89553,16.12546,16.37372,16.72151,17.07192,17.55142,18.17753,19.07314,20.57611,22.67813
2026-09-01,2026-08-25,har,5,16.34000,15.67779,True,12.35262,12.87636,13.44977,13.80024,14.07848,14.31894,14.56159,14.75931,14.95118,15.13896,15.36366,15.59931,15.82478,16.06858,16.40957,16.75374,17.22405,17.83841,18.71743,20.19247,22.25568
2026-09-02,2026-08-26,har,5,15.20000,15.50278,True,12.21499,12.73284,13.29980,13.64635,13.92138,14.16045,14.39908,14.59459,14.78459,14.97010,15.19273,15.42531,15.64662,15.88898,16.22461,16.56663,17.03153,17.63831,18.50821,19.96654,22.00717
2026-09-03,2026-08-27,har,5,14.32000,14.96670,True,11.79312,12.29298,12.84019,13.17484,13.44050,13.66926,13.90100,14.08975,14.27331,14.45199,14.66745,14.89220,15.10458,15.33984,15.66213,15.99407,16.44284,17.02807,17.86800,19.27577,21.24663
2026-09-04,2026-08-28,har,5,14.53000,14.86597,True,11.71413,12.21041,12.75396,13.08656,13.35041,13.57800,13.80801,13.99490,14.17662,14.35333,14.56744,14.79221,15.00236,15.23669,15.55554,15.88673,16.33227,16.91279,17.74778,19.14499,21.10405
2026-09-07,2026-08-31,har,5,15.30000,15.17292,True,11.95641,12.46289,13.01754,13.35721,13.62631,13.85928,14.09338,14.28381,14.46926,14.64838,14.86708,15.09772,15.31237,15.55165,15.87641,16.21501,16.66961,17.26126,18.11422,19.54000,21.54014
2026-09-08,2026-09-01,har,5,15.72000,16.15417,True,12.72977,13.26906,13.85943,14.22103,14.50744,14.75659,15.00483,15.20757,15.40483,15.59680,15.82993,16.07411,16.30258,16.55736,16.90275,17.26342,17.74725,18.37618,19.28521,20.80341,22.93274
2026-09-09,2026-09-02,har,5,16.46000,15.38130,True,12.12102,12.63446,13.19652,13.54090,13.81343,14.05183,14.28710,14.48011,14.66860,14.85206,15.07414,15.30503,15.52261,15.76514,16.09378,16.43756,16.89794,17.49601,18.36241,19.80769,21.83561
2024-01-02,2023-12-22,ar_garch,5,13.20000,12.76773,True,9.42183,10.13941,10.81450,11.20525,11.57810,11.79615,11.99936,12.23629,12.42173,12.62123,12.86386,13.05637,13.21538,13.38889,13.61530,13.81830,14.18778,14.51640,14.98380,15.78107,16.92050
2024-01-03,2023-12-26,ar_garch,5,14.04000,12.77803,True,9.72607,10.34673,10.94833,11.35084,11.64195,11.83172,12.02348,12.20670,12.39966,12.56362,12.72070,12.92687,13.11558,13.32652,13.53389,13.76466,14.04731,14.43541,14.96207,15.83095,16.74173
2024-01-04,2023-12-27,ar_garch,5,14.13000,12.22403,True,9.30654,9.85399,10.41576,10.82708,11.07900,11.31087,11.51028,11.68463,11.86692,12.04341,12.22591,12.38763,12.57718,12.76484,13.01563,13.21025,13.48322,13.80478,14.27499,15.15529,16.08713
2024-01-05,2023-12-28,ar_garch,5,13.35000,12.20101,True,9.37556,9.93804,10.46464,10.83654,11.11803,11.37245,11.55239,11.69807,11.87341,12.04481,12.20196,12.34805,12.51608,12.72075,12.94383,13.17045,13.41205,13.74434,14.23970,14.93269,15.86456
2024-01-08,2023-12-29,ar_garch,5,13.08000,12.15902,True,9.26459,9.91033,10.52892,10.85259,11.06997,11.29839,11.49996,11.68396,11.83771,12.01423,12.19997,12.36326,12.48774,12.65923,12.87652,13.08946,13.29872,13.58861,14.04651,14.89166,15.74691
2024-01-09,2024-01-02,ar_garch,5,12.76000,12.90054,True,9.88390,10.46107,10.98888,11.32427,11.69871,11.91983,12.17634,12.34618,12.51991,12.71293,12.88173,13.08922,13.27164,13.47512,13.70253,13.99276,14.25338,14.56753,15.13237,16.03968,16.80153
2024-01-10,2024-01-03,ar_garch,5,12.69000,13.73294,True,10.16570,10.92485,11.53772,12.03923,12.39239,12.61113,12.88756,13.09778,13.30739,13.50156,13.72853,13.94954,14.14564,14.36525,14.61710,14.93323,15.27142,15.64496,16.29011,17.34348,18.23937
2024-01-11,2024-01-04,ar_garch,5,12.44000,13.85037,True,10.63808,11.12967,11.75427,12.19859,12.51936,12.77648,12.98845,13.21939,13.41451,13.62098,13.83728,14.02738,14.27176,14.51363,14.73650,14.99008,15.32462,15.71114,16.21924,17.23935,18.10919
2024-01-12,2024-01-05,ar_garch,5,12.70000,13.07472,True,9.98342,10.55842,11.10666,11.46713,11.80435,12.06038,12.30469,12.51759,12.68996,12.88002,13.07696,13.27059,13.47176,13.67592,13.87414,14.09208,14.36022,14.75345,15.24984,16.44466,17.71770
2024-01-16,2024-01-08,ar_garch,5,13.84000,12.79571,True,9.64971,10.15889,10.84461,11.29207,11.58705,11.84735,12.07261,12.27522,12.47333,12.66500,12.82862,13.00888,13.23374,13.42335,13.66437,13.87974,14.13083,14.43432,14.91623,15.79811,16.73373
2024-01-17,2024-01-09,ar_garch,5,14.79000,12.52061,True,9.61550,10.11552,10.71392,11.13178,11.40748,11.62428,11.84647,12.02434,12.19115,12.34572,12.51267,12.67241,12.85016,13.02371,13.26116,13.50412,13.76896,14.12003,14.60982,15.56291,16.46528
2024-01-18,2024-01-10,ar_garch,5,14.13000,12.44204,True,9.68424,10.16792,10.70421,11.03993,11.30384,11.55397,11.70627,11.88897,12.07631,12.27542,12.45247,12.64019,12.78602,12.93615,13.13878,13.38826,13.64191,13.94722,14.42159,15.22651,16.14474
2024-01-19,2024-01-11,ar_garch,5,13.30000,12.17209,True,9.50478,9.97217,10.57469,10.88729,11.12352,11.32591,11.53703,11.70178,11.85257,12.01442,12.20377,12.36971,12.53159,12.68857,12.86153,13.05119,13.32185,13.68759,14.01841,14.78372,15.43052
2024-01-22,2024-01-12,ar_garch,5,13.19000,12.41533,True,9.77903,10.27845,10.70701,11.02703,11.26765,11.48004,11.68738,11.87433,12.04864,12.21932,12.39215,12.56388,12.73604,12.90927,13.09654,13.30444,13.56849,13.93478,14.46852,15.41515,16.08893
2024-01-23,2024-01-16,ar_garch,5,12.55000,13.53468,True,10.03101,10.80586,11.43973,11.86121,12.14281,12.45455,12.70913,12.92562,13.13031,13.31573,13.51866,13.74837,13.95607,14.20749,14.47039,14.70194,15.02511,15.45456,15.94810,17.10064,18.20134
2024-01-24,2024-01-17,ar_garch,5,13.14000,14.43691,True,10.76675,11.44065,12.09910,12.57213,12.88576,13.17320,13.43383,13.70895,13.93706,14.17448,14.39483,14.58379,14.81372,15.05776,15.33553,15.76092,16.11580,16.63574,17.32720,18.64448,20.06000
2024-01-25,2024-01-18,ar_garch,5,13.45000,13.85874,True,10.19339,11.02565,11.66934,12.10771,12.52394,12.81006,13.06047,13.26451,13.46258,13.68359,13.88375,14.07362,14.28756,14.54044,14.81282,15.05264,15.35518,15.80161,16.40176,17.54212,18.31676
2024-01-26,2024-01-19,ar_garch,5,13.26000,12.99151,True,9.55950,10.21681,10.93298,11.39224,11.72697,11.97754,12.16619,12.42151,12.64697,12.84862,13.03737,13.21751,13.41286,13.58750,13.82328,14.07843,14.39822,14.80036,15.38363,16.29511,17.27633
2024-01-29,2024-01-22,ar_garch,5,13.60000,12.87865,True,9.79985,10.27597,10.95026,11.33594,11.60173,11.87890,12.10228,12.31061,12.56586,12.74225,12.91934,13.09327,13.26218,13.44369,13.65904,13.90434,14.15480,14.58470,15.16483,16.17729,17.24256
2024-01-30,2024-01-23,ar_garch,5,13.31000,12.27622,True,9.27476,9.75982,10.33520,10.78568,11.07063,11.34411,11.55382,11.78522,11.94600,12.10521,12.27850,12.44864,12.61229,12.84619,13.04684,13.29693,13.57974,13.95040,14.49828,15.44461,16.55141
2024-01-31,2024-01-24,ar_garch,5,14.35000,12.90748,True,9.77752,10.39615,10.99870,11.33424,11.69063,11.92255,12.13643,12.33464,12.52037,12.68616,12.86926,13.05301,13.25653,13.49749,13.73110,13.97227,14.28257,14.62655,15.27406,16.14559,17.19769
2024-02-01,2024-01-25,ar_garch,5,13.88000,13.10103,True,10.18128,10.59985,11.14694,11.50692,11.82079,12.08607,12.27955,12.49197,12.71188,12.89046,13.07695,13.26159,13.47283,13.68916,13.87482,14.18481,14.52496,14.82990,15.42284,16.39434,17.28028
2024-02-02,2024-01-26,ar_garch,5,13.85000,13.03693,True,9.92432,10.43227,11.13553,11.56472,11.84277,12.06056,12.25016,12.44772,12.63040,12.79983,13.00660,13.20715,13.35891,13.57052,13.82229,14.06338,14.43186,14.78933,15.23903,16.41710,17.23017
2024-02-05,2024-01-29,ar_garch,5,13.67000,13.32070,True,10.14902,10.78820,11.40744,11.82553,12.11797,12.31898,12.51723,12.70017,12.87302,13.07072,13.23923,13.44133,13.61121,13.84069,14.08663,14.35603,14.66914,15.07891,15.66321,16.64959,17.61201
2024-02-06,2024-01-30,ar_garch,5,13.06000,13.06505,True,10.16151,10.80775,11.32424,11.62530,11.88356,12.17504,12.35164,12.51149,12.69967,12.86627,13.06093,13.20119,13.42572,13.64388,13.85842,14.09000,14.33781,14.67571,15.12861,16.04706,17.26275
2024-02-07,2024-01-31,ar_garch,5,12.83000,13.95989,True,10.28183,11.10555,11.94016,12.36686,12.66805,12.92183,13.13160,13.36702,13.56366,13.73023,13.93488,14.17416,14.39499,14.63026,14.87254,15.13200,15.45091,15.84015,16.35322,17.49044,18.50613
2024-02-08,2024-02-01,ar_garch,5,12.79000,13.59350,True,10.20341,10.83773,11.53691,12.01449,12.30012,12.56257,12.79042,13.02466,13.20397,13.41752,13.63987,13.82678,14.00727,14.22064,14.47229,14.73533,15.05597,15.42724,15.89570,16.62289,17.72401
2024-02-09,2024-02-02,ar_garch,5,12.93000,13.61417,True,10.32371,11.03172,11.64970,12.01528,12.36692,12.62986,12.84623,13.02681,13.22195,13.39259,13.57003,13.76794,13.96472,14.21097,14.43425,14.68605,15.01116,15.34755,15.82964,16.84935,17.74050
2024-02-12,2024-02-05,ar_garch,5,13.93000,13.33417,True,10.16024,10.74941,11.41256,11.81499,12.12305,12.35852,12.58681,12.77689,12.97776,13.16251,13.38380,13.54294,13.72393,13.91255,14.16678,14.42345,14.69240,15.02560,15.54770,16.45239,17.43361
2024-02-13,2024-02-06,ar_garch,5,15.85000,12.87374,True,9.96138,10.44159,11.00822,11.40408,11.70649,11.90214,12.09800,12.30961,12.49525,12.68964,12.85572,13.01758,13.18299,13.40686,13.57140,13.83801,14.15655,14.53130,14.97926,15.82379,16.89236
2024-02-14,2024-02-07,ar_garch,5,14.38000,12.57937,True,9.75922,10.19486,10.81984,11.09629,11.42105,11.64922,11.84725,12.02501,12.21260,12.39098,12.57629,12.75037,12.94019,13.11822,13.30912,13.53717,13.79983,14.14536,14.56455,15.49028,16.24872
2024-02-15,2024-02-08,ar_garch,5,14.01000,12.51009,True,9.63378,10.19278,10.79636,11.12237,11.38120,11.60760,11.81392,12.00893,12.19370,12.34752,12.53827,12.72254,12.91209,13.08759,13.27401,13.51672,13.73796,14.02769,14.46349,15.28845,16.18454
2024-02-16,2024-02-09,ar_garch,5,14.24000,12.57591,True,9.58620,10.26470,10.86285,11.23500,11.51493,11.70400,11.88358,12.07592,12.27051,12.43588,12.64051,12.81239,12.98290,13.15720,13.30369,13.48244,13.74337,14.07498,14.49032,15.44870,16.16971
2024-02-20,2024-02-12,ar_garch,5,15.42000,13.59148,True,10.43131,10.90757,11.53988,11.92319,12.26124,12.53578,12.77085,12.99444,13.20422,13.40895,13.61664,13.78920,14.00167,14.20265,14.48801,14.75147,15.09030,15.44631,16.00802,16.99672,17.93784
2024-02-21,2024-02-13,ar_garch,5,15.34000,15.29019,True,10.48690,11.49637,12.42741,12.98371,13.48694,13.82397,14.16182,14.48251,14.74194,14.99997,15.29549,15.57155,15.88038,16.18713,16.48181,16.83408,17.19003,17.87534,18.70567,20.40518,22.36463
2024-02-22,2024-02-14,ar_garch,5,14.54000,14.18924,True,10.07583,10.87346,11.68577,12.13128,12.47663,12.79668,13.10053,13.39183,13.65504,13.90975,14.13928,14.43717,14.65841,14.98095,15.28330,15.64026,16.07900,16.56596,17.37325,18.87197,20.14772
2024-02-23,2024-02-15,ar_garch,5,13.75000,13.79422,True,10.21995,10.83985,11.45916,11.88736,12.23172,12.50606,12.77278,13.06930,13.33038,13.55248,13.77547,13.97592,14.23518,14.47561,14.82069,15.20141,15.53343,15.99289,16.67272,17.68430,18.77102
2024-02-26,2024-02-16,ar_garch,5,13.74000,13.97209,True,10.32184,11.13782,11.73755,12.18973,12.48913,12.76479,13.02482,13.25019,13.47512,13.69011,13.90289,14.11148,14.37130,14.65417,14.89818,15.21608,15.59627,16.02710,16.67816,17.93873,19.10787
2024-02-27,2024-02-20,ar_garch,5,13.43000,14.99768,True,10.75070,11.62007,12.39027,12.99615,13.36351,13.70363,14.00941,14.26900,14.49215,14.74396,14.97557,15.24696,15.47396,15.77045,16.09176,16.39169,16.75541,17.28021,18.04416,19.37883,21.07595
2024-02-28,2024-02-21,ar_garch,5,13.84000,14.96880,True,11.38525,11.84930,12.60342,13.07739,13.44446,13.76824,14.05533,14.27705,14.53329,14.71487,14.96751,15.17928,15.45558,15.67661,15.97764,16.26902,16.59083,17.00058,17.63606,18.77538,20.15963
2024-02-29,2024-02-22,ar_garch,5,13.40000,14.27444,True,10.55908,11.33872,12.06553,12.47413,12.87517,13.14841,13.40021,13.60899,13.80919,14.05792,14.25525,14.45202,14.68512,14.94972,15.25550,15.57786,15.94506,16.38114,17.00409,18.04780,19.19923
2024-03-01,2024-02-23,ar_garch,5,13.11000,13.55195,True,9.84764,10.75057,11.42777,11.82914,12.17467,12.47404,12.72133,12.93196,13.11320,13.34475,13.53856,13.74289,13.99409,14.21647,14.45875,14.74703,15.15774,15.55127,16.13019,17.10430,18.37042
2024-03-04,2024-02-26,ar_garch,5,13.49000,13.53877,True,10.24900,10.84080,11.53868,11.94798,12.19595,12.48245,12.74626,12.96673,13.18211,13.36255,13.57938,13.77746,13.99597,14.18922,14.41437,14.68396,15.01517,15.31409,15.77688,16.95313,17.93000
2024-03-05,2024-02-27,ar_garch,5,14.46000,13.12356,True,10.17988,10.73143,11.23291,11.58354,11.87432,12.18802,12.38252,12.56803,12.77948,12.96166,13.13518,13.29842,13.48838,13.70112,13.90987,14.15070,14.41982,14.85985,15.31526,16.09131,16.93356
2024-03-06,2024-02-28,ar_garch,5,14.50000,13.52999,True,10.24126,10.91380,11.63745,12.01166,12.34743,12.59415,12.79339,12.99809,13.17630,13.36411,13.52273,13.71232,13.87883,14.08630,14.32833,14.58724,14.87235,15.28904,15.82302,16.66689,17.41007
2024-03-07,2024-02-29,ar_garch,5,14.44000,13.13071,True,10.10592,10.69488,11.21495,11.67878,11.95660,12.19676,12.38362,12.57977,12.75781,12.93729,13.09138,13.26109,13.41179,13.59859,13.81916,14.08451,14.39851,14.76780,15.36806,16.34523,17.27312
2024-03-08,2024-03-01,ar_garch,5,14.74000,12.81839,True,9.74417,10.31392,11.02844,11.38868,11.65630,11.91139,12.10337,12.30138,12.46658,12.65915,12.84944,13.04610,13.20579,13.38822,13.59347,13.81734,14.08548,14.49378,14.93711,15.77002,16.66357
2024-03-11,2024-03-04,ar_garch,5,15.22000,13.17931,True,10.20479,10.76564,11.29244,11.64433,11.98699,12.22406,12.45237,12.62906,12.81160,12.98421,13.17328,13.39079,13.54936,13.74572,13.94733,14.19820,14.50379,14.85997,15.42044,16.30639,17.10493
2024-03-12,2024-03-05,ar_garch,5,13.84000,14.15328,True,10.60546,11.36168,12.06695,12.41868,12.69527,12.99353,13.24722,13.49136,13.73091,13.91913,14.13659,14.36844,14.62535,14.85087,15.12970,15.38747,15.75160,16.15792,16.76404,17.79171,19.33864
2024-03-13,2024-03-06,ar_garch,5,13.75000,14.22446,True,10.74764,11.34565,12.11205,12.57318,12.88705,13.18474,13.40211,13.64913,13.84221,14.03489,14.23181,14.44560,14.66995,14.87681,15.11784,15.36844,15.68822,16.08902,16.66034,17.67329,18.77286
2024-03-14,2024-03-07,ar_garch,5,14.40000,14.10653,True,10.83317,11.43709,12.09847,12.52617,12.80902,13.08270,13.31130,13.50242,13.69299,13.89341,14.10200,14.29328,14.56363,14.75246,14.99385,15.24872,15.57237,15.85344,16.43587,17.37698,18.12711
2024-03-15,2024-03-08,ar_garch,5,14.41000,14.48444,True,11.18660,11.82819,12.55919,12.90647,13.18377,13.43436,13.68068,13.91091,14.10466,14.30346,14.49070,14.67397,14.88126,15.07537,15.32126,15.56915,15.84342,16.24362,16.75534,17.73217,18.65753
2024-03-18,2024-03-11,ar_garch,5,14.33000,14.93126,True,11.63790,12.19203,12.94264,13.32758,13.57603,13.80623,14.10371,14.30557,14.52107,14.71880,14.88041,15.12656,15.33906,15.56923,15.85115,16.10411,16.47205,16.81148,17.26242,18.10936,19.10888
2024-03-19,2024-03-12,ar_garch,5,13.82000,13.58813,True,10.18122,10.88356,11.45741,11.87910,12.24240,12.51812,12.77726,12.99893,13.19025,13.39032,13.60119,13.78801,13.99482,14.21693,14.45668,14.75898,15.00824,15.44125,16.02803,16.95845,18.31488
2024-03-20,2024-03-13,ar_garch,5,13.04000,13.45323,True,10.02270,10.76685,11.50139,11.91301,12.23681,12.48643,12.70341,12.89974,13.11313,13.29115,13.49255,13.67261,13.88093,14.08044,14.29815,14.56266,14.83423,15.22086,15.70339,16.64555,17.76778
2024-03-21,2024-03-14,ar_garch,5,12.92000,14.01957,True,10.64822,11.14841,11.87413,12.31109,12.65515,12.91562,13.14492,13.38587,13.61189,13.82182,14.03360,14.23724,14.46304,14.66189,14.91791,15.20898,15.48687,15.87557,16.53186,17.61866,18.70101
2024-03-22,2024-03-15,ar_garch,5,13.06000,14.11884,True,10.66935,11.36756,12.10193,12.47076,12.81718,13.12499,13.34484,13.56348,13.73274,13.95933,14.15779,14.36697,14.53739,14.75823,14.95165,15.24782,15.57873,15.97335,16.48376,17.39738,18.58028
2024-03-25,2024-03-18,ar_garch,5,13.19000,14.12018,True,10.75539,11.38939,12.11009,12.53895,12.78474,13.08003,13.29418,13.55208,13.75667,13.95157,14.12904,14.30643,14.51843,14.72105,15.00304,15.23981,15.55348,15.92521,16.39217,17.31756,18.58274
2024-03-26,2024-03-19,ar_garch,5,13.24000,13.54924,True,10.30787,10.89122,11.58132,12.02991,12.33514,12.58958,12.82397,12.99893,13.22472,13.39485,13.56557,13.75702,13.94892,14.14540,14.35753,14.64188,14.98247,15.33515,15.84487,16.71599,17.69719
2024-03-27,2024-03-20,ar_garch,5,12.78000,12.72762,True,9.79997,10.36780,10.88364,11.26005,11.55671,11.79134,11.98064,12.19791,12.36508,12.52957,12.71672,12.90952,13.12061,13.32432,13.51973,13.75951,14.04269,14.33132,14.85277,15.55260,16.36352
2024-03-28,2024-03-21,ar_garch,5,13.01000,12.59835,True,9.68846,10.23483,10.79624,11.19907,11.47831,11.67779,11.84444,12.04675,12.24151,12.42370,12.60968,12.78846,12.98566,13.16938,13.40276,13.61711,13.86074,14.15005,14.55533,15.43463,16.33350
2024-04-01,2024-03-22,ar_garch,5,13.65000,12.71515,True,9.65228,10.18899,10.87760,11.29263,11.57052,11.82909,12.07733,12.28856,12.44185,12.62331,12.76682,12.95480,13.13797,13.32031,13.49410,13.70377,13.98597,14.31959,14.76380,15.53462,16.33781
2024-04-02,2024-03-25,ar_garch,5,14.61000,12.89921,True,10.05379,10.58402,11.09682,11.45406,11.70834,11.96736,12.15693,12.34941,12.55439,12.76067,12.92807,13.09757,13.28241,13.42820,13.67801,13.90608,14.20010,14.55415,15.03552,15.87474,16.66723
2024-04-03,2024-03-26,ar_garch,5,14.33000,13.00953,True,10.26495,10.70635,11.24138,11.58493,11.84713,12.08795,12.28486,12.48998,12.66631,12.84873,13.02306,13.18752,13.36146,13.55207,13.73776,13.96968,14.22947,14.56981,15.05391,15.87846,16.95318
2024-04-04,2024-03-27,ar_garch,5,16.35000,12.47991,True,9.72936,10.25601,10.76863,11.06237,11.34751,11.61963,11.81663,12.02362,12.19050,12.35400,12.50834,12.67968,12.84844,13.04084,13.22357,13.44607,13.74110,14.05285,14.47440,15.22015,16.07402
2024-04-05,2024-03-28,ar_garch,5,16.03000,12.73900,True,9.91229,10.37704,11.00900,11.34509,11.59820,11.85833,12.02024,12.21195,12.37553,12.53191,12.67433,12.85598,13.04394,13.25860,13.46626,13.72432,13.92532,14.25977,14.83695,15.83302,16.89581
2024-04-08,2024-04-01,ar_garch,5,15.19000,13.38617,True,10.03309,10.81281,11.48787,11.89162,12.14891,12.37136,12.61304,12.79951,12.99962,13.17346,13.32286,13.54047,13.74862,13.97264,14.22882,14.45039,14.76727,15.13848,15.69004,16.49198,17.62673
2024-04-09,2024-04-02,ar_garch,5,14.98000,14.24111,True,10.72644,11.30856,11.97666,12.40182,12.78993,13.08933,13.31242,13.54920,13.82006,14.01124,14.23111,14.45907,14.69393,14.90801,15.14082,15.41248,15.81521,16.31355,16.85816,18.05034,19.10984
2024-04-10,2024-04-03,ar_garch,5,15.80000,13.98852,True,10.41489,11.14601,11.92426,12.36217,12.68851,12.98249,13.23689,13.42888,13.62921,13.84681,14.05325,14.24219,14.41829,14.63501,14.88608,15.15955,15.48358,15.89103,16.48395,17.39514,18.42571
2024-04-11,2024-04-04,ar_garch,5,14.91000,15.89651,True,11.12957,12.09281,12.97251,13.54893,14.04092,14.41982,14.76229,15.08951,15.38596,15.63250,15.91675,16.21690,16.51799,16.83074,17.19259,17.57592,18.02307,18.58808,19.41357,20.67964,22.53242
2024-04-12,2024-04-05,ar_garch,5,17.31000,15.71961,True,11.60652,12.42750,13.08462,13.62796,14.00514,14.30415,14.63968,14.87702,15.13009,15.38944,15.67452,15.99585,16.29821,16.57519,16.85665,17.19452,17.61176,18.09803,18.73475,20.04787,21.51577
2024-04-15,2024-04-08,ar_garch,5,19.23000,15.02658,True,11.33574,11.80560,12.51943,13.01602,13.40523,13.72904,14.03312,14.30191,14.54310,14.74540,14.96254,15.21781,15.47895,15.76703,16.09568,16.42633,16.79528,17.32836,17.94614,19.06997,20.71405
2024-04-16,2024-04-09,ar_garch,5,18.40000,14.59455,True,10.93551,11.64197,12.38353,12.79336,13.15189,13.46621,13.71895,13.93474,14.15384,14.39197,14.61215,14.83016,15.06511,15.31307,15.55347,15.86871,16.20392,16.65937,17.20652,18.22760,19.41539
2024-04-17,2024-04-10,ar_garch,5,18.21000,15.43648,True,11.78641,12.47260,13.14571,13.55497,13.84847,14.16005,14.41832,14.66965,14.97668,15.20587,15.43646,15.63356,15.83879,16.12581,16.43402,16.73890,17.17450,17.54977,18.20923,19.33405,20.62450
2024-04-18,2024-04-11,ar_garch,5,18.00000,14.66270,True,11.03379,11.61989,12.39066,12.82366,13.19566,13.50161,13.77133,14.00079,14.22065,14.43765,14.68278,14.90093,15.13499,15.37329,15.60141,15.91701,16.24476,16.74716,17.31958,18.54720,19.67819
2024-04-19,2024-04-12,ar_garch,5,18.71000,16.84940,True,11.82354,12.61976,13.73971,14.29552,14.78910,15.16357,15.50989,15.86634,16.19945,16.57439,16.90207,17.22010,17.54109,17.87669,18.28459,18.68262,19.11990,19.79841,20.67495,22.48821,24.23715
2024-04-22,2024-04-15,ar_garch,5,16.94000,18.66358,True,12.30396,13.81254,15.11341,15.82371,16.30609,16.80807,17.20056,17.57207,17.92596,18.25078,18.63346,19.03232,19.39009,19.78537,20.19444,20.78584,21.44806,22.27247,23.26954,25.44363,28.19258
2024-04-23,2024-04-16,ar_garch,5,15.69000,18.05052,True,12.94483,13.80976,14.74559,15.40293,15.90890,16.34072,16.70133,17.05745,17.39763,17.73940,18.04465,18.35255,18.68899,18.99559,19.43120,19.92787,20.43746,21.12120,21.96054,24.08542,26.28582
2024-04-24,2024-04-17,ar_garch,5,15.97000,17.87596,True,13.32669,14.09992,14.95345,15.58510,15.95815,16.30946,16.65288,16.93920,17.20680,17.47530,17.76774,18.09232,18.38698,18.77810,19.14737,19.56232,20.08530,20.59067,21.36240,22.99828,24.60842
2024-04-25,2024-04-18,ar_garch,5,15.37000,17.59770,True,13.16008,13.94879,14.80342,15.37395,15.81498,16.16831,16.52911,16.82934,17.09738,17.31210,17.58782,17.86687,18.18373,18.45651,18.81041,19.15005,19.61590,20.06300,20.80023,22.34801,23.61177
2024-04-26,2024-04-19,ar_garch,5,15.03000,18.22349,True,13.66228,14.63852,15.54133,16.10767,16.46844,16.85636,17.13732,17.42758,17.67523,17.90182,18.17816,18.40845,18.71014,19.00484,19.29200,19.63586,20.14835,20.84449,21.69317,22.97059,24.53772
2024-04-29,2024-04-22,ar_garch,5,14.67000,16.72969,True,12.19794,13.05399,13.89158,14.57101,14.96153,15.32553,15.64715,15.90738,16.18852,16.47550,16.72157,17.03496,17.33892,17.61314,17.93693,18.30961,18.72259,19.29738,20.04124,21.40319,23.11609
2024-04-30,2024-04-23,ar_garch,5,15.65000,15.46701,True,11.31071,12.08360,13.01606,13.43683,13.82023,14.16873,14.45841,14.69917,14.94921,15.16267,15.44285,15.69624,15.92110,16.23524,16.51322,16.83367,17.33976,17.87383,18.48523,19.79601,21.31924
2024-05-01,2024-04-24,ar_garch,5,15.39000,15.70065,True,11.60810,12.38584,13.19426,13.68259,14.05579,14.34210,14.62485,14.91523,15.19450,15.41218,15.63323,15.94467,16.19998,16.48193,16.82220,17.12350,17.52767,18.09612,18.76313,19.95742,21.38502
2024-05-02,2024-04-25,ar_garch,5,14.68000,15.15019,True,11.40670,12.18550,12.84607,13.25160,13.57645,13.93785,14.19164,14.43294,14.68329,14.89032,15.07517,15.31234,15.59366,15.85720,16.19298,16.43564,16.80591,17.24164,17.92220,19.08841,20.27051
2024-05-03,2024-04-26,ar_garch,5,13.49000,14.73416,True,11.09215,11.74571,12.49567,12.86886,13.27462,13.58860,13.83781,14.08037,14.29515,14.51828,14.75601,14.98376,15.18890,15.38953,15.58691,15.94164,16.31707,16.68673,17.37321,18.59325,19.78097
2024-05-06,2024-04-29,ar_garch,5,13.49000,14.31807,True,10.85382,11.54880,12.17831,12.67909,13.03206,13.29626,13.51595,13.70808,13.88749,14.07987,14.29946,14.52664,14.70675,14.94581,15.20713,15.49440,15.79903,16.14639,16.63530,17.68268,18.91527
2024-05-07,2024-04-30,ar_garch,5,13.23000,15.22027,True,11.55010,12.11791,12.81421,13.39469,13.72911,14.04999,14.30361,14.54204,14.77969,15.00618,15.20126,15.49103,15.67104,15.92028,16.24785,16.51904,16.88961,17.27137,17.95159,18.99811,20.02031
2024-05-08,2024-05-01,ar_garch,5,13.00000,15.06163,True,11.42034,12.20369,12.81649,13.29519,13.60788,13.94375,14.16514,14.40527,14.62768,14.80471,14.99854,15.22466,15.46985,15.72550,15.95062,16.26872,16.62777,17.03295,17.66142,18.94206,20.21765
2024-05-09,2024-05-02,ar_garch,5,12.69000,14.42881,True,10.87049,11.67271,12.39156,12.79019,13.06854,13.32681,13.57273,13.78214,13.98461,14.19291,14.39091,14.57644,14.81282,15.05036,15.31918,15.58573,15.89786,16.25983,16.89135,17.68270,18.80333
2024-05-10,2024-05-03,ar_garch,5,12.55000,13.35293,True,9.94655,10.53045,11.25796,11.65399,12.01176,12.23658,12.45125,12.65357,12.86894,13.10137,13.32446,13.51446,13.76206,14.04319,14.25178,14.56159,14.89266,15.26516,15.94382,16.99963,18.00564
2024-05-13,2024-05-06,ar_garch,5,13.60000,13.18656,True,9.88720,10.57481,11.24596,11.64967,11.93456,12.17396,12.39137,12.62026,12.84920,13.02968,13.24610,13.42745,13.61391,13.83633,14.08612,14.30611,14.60320,14.91915,15.47707,16.31713,17.43712
2024-05-14,2024-05-07,ar_garch,5,13.42000,12.97587,True,9.94485,10.47656,11.08826,11.48385,11.73958,11.98218,12.18475,12.38838,12.59005,12.77807,12.95895,13.14032,13.32618,13.53113,13.72839,13.97804,14.24943,14.63938,15.21940,16.16029,17.27660
2024-05-15,2024-05-08,ar_garch,5,12.45000,12.73275,True,9.74939,10.28665,10.84141,11.25841,11.56628,11.79217,11.98751,12.17129,12.35484,12.55355,12.76257,12.93662,13.12763,13.31083,13.51391,13.75060,14.00885,14.40655,14.91844,15.77564,16.58258
2024-05-16,2024-05-09,ar_garch,5,12.42000,12.44689,True,9.62654,10.13847,10.72015,11.06300,11.30656,11.55310,11.76107,11.94069,12.12306,12.25981,12.41519,12.58353,12.78302,13.00109,13.19144,13.42711,13.70093,13.97325,14.43320,15.28239,16.06142
2024-05-17,2024-05-10,ar_garch,5,11.99000,12.28785,True,9.52576,10.03429,10.58368,10.94508,11.19907,11.40590,11.60519,11.78307,11.93393,12.11004,12.24729,12.41336,12.56062,12.76721,12.97696,13.19454,13.48920,13.80894,14.26130,15.06703,16.04791
2024-05-20,2024-05-13,ar_garch,5,12.15000,13.28728,True,10.22171,10.77143,11.33933,11.70711,11.97202,12.24888,12.45392,12.67068,12.84357,13.06806,13.25848,13.45217,13.66851,13.90543,14.09596,14.37571,14.74328,15.12256,15.67892,16.54295,17.64449
2024-05-21,2024-05-14,ar_garch,5,11.86000,13.09786,True,9.98628,10.56849,11.19958,11.58928,11.86489,12.09727,12.29816,12.51049,12.71720,12.91307,13.09829,13.29101,13.47987,13.67288,13.92607,14.17097,14.47623,14.90723,15.36457,16.25343,17.19268
2024-05-22,2024-05-15,ar_garch,5,12.29000,12.16797,True,8.83442,9.68871,10.36511,10.74953,11.01457,11.25329,11.48399,11.63761,11.82073,12.00790,12.17613,12.34239,12.53239,12.74487,12.95266,13.19628,13.49783,13.88365,14.38228,15.22206,16.16365
2024-05-23,2024-05-16,ar_garch,5,12.77000,12.17867,True,9.22602,9.79827,10.37775,10.74665,11.01797,11.24094,11.48402,11.65440,11.84622,12.03036,12.22228,12.37244,12.56310,12.74541,12.97329,13.25231,13.48639,13.78797,14.22987,15.06581,15.84486
2024-05-24,2024-05-17,ar_garch,5,11.93000,11.69777,True,8.97293,9.49503,10.05120,10.36516,10.64773,10.88087,11.06584,11.22560,11.40328,11.54978,11.68839,11.84628,12.03451,12.18475,12.40545,12.61151,12.85015,13.22658,13.70060,14.50204,15.27573
2024-05-28,2024-05-20,ar_garch,5,12.92000,11.87520,True,9.12175,9.72485,10.18526,10.52134,10.77801,11.00712,11.19910,11.38340,11.55429,11.71333,11.84508,12.01608,12.19770,12.37204,12.56443,12.77841,13.08152,13.39714,13.82205,14.59698,15.65950
2024-05-29,2024-05-21,ar_garch,5,14.28000,11.63412,True,8.97705,9.44675,9.93749,10.28182,10.56817,10.78313,10.95300,11.14347,11.31033,11.49108,11.66425,11.81755,11.97833,12.14517,12.33132,12.57541,12.83631,13.21639,13.61067,14.42555,15.29088
2024-05-30,2024-05-22,ar_garch,5,14.47000,11.96589,True,9.24390,9.72575,10.28431,10.65946,10.87183,11.10544,11.28585,11.46335,11.60513,11.76496,11.94541,12.11710,12.28353,12.45983,12.69338,12.91400,13.18485,13.50649,13.93929,14.61897,15.44104
2024-05-31,2024-05-23,ar_garch,5,12.92000,12.48584,True,9.55495,10.16478,10.66683,11.04024,11.31302,11.53859,11.74441,11.94729,12.11041,12.28645,12.46319,12.66367,12.88085,13.07159,13.24728,13.44602,13.73002,14.10157,14.53881,15.43199,16.37662
2024-06-03,2024-05-24,ar_garch,5,13.11000,11.68493,True,8.99820,9.42321,9.91892,10.28869,10.56804,10.81441,11.01526,11.20938,11.38290,11.54948,11.72838,11.89964,12.05709,12.24787,12.43378,12.66608,12.93318,13.28251,13.72558,14.43870,15.04258
2024-06-04,2024-05-28,ar_garch,5,13.16000,12.51514,True,9.50071,9.95591,10.58490,10.95724,11.28308,11.48669,11.70838,11.93332,12.16127,12.34123,12.55506,12.71934,12.89193,13.12376,13.34218,13.60202,13.85213,14.26498,14.87624,15.79930,16.74519
2024-06-05,2024-05-29,ar_garch,5,12.63000,13.96188,True,10.10070,10.85506,11.50931,11.96264,12.31977,12.71935,12.96201,13.21870,13.46900,13.70121,13.96348,14.19356,14.47253,14.71078,14.98668,15.37581,15.75878,16.25329,16.93460,18.06069,19.59662
2024-06-06,2024-05-30,ar_garch,5,12.58000,14.08588,True,10.32684,11.00826,11.91064,12.28246,12.67586,12.97188,13.23462,13.46112,13.66848,13.89102,14.07549,14.28325,14.53331,14.80137,15.14004,15.46154,15.74364,16.15266,16.63659,17.67713,18.88632
2024-06-07,2024-05-31,ar_garch,5,12.22000,12.78628,True,9.36006,9.98325,10.59411,11.03463,11.33276,11.64129,11.86632,12.10659,12.31765,12.49661,12.70562,12.96308,13.20417,13.41668,13.70133,14.01238,14.37155,14.81119,15.54093,16.50069,17.64910
2024-06-10,2024-06-03,ar_garch,5,12.74000,12.88436,True,9.42636,10.05112,10.77203,11.17199,11.45847,11.79265,12.05262,12.26763,12.45993,12.69031,12.90756,13.09687,13.30562,13.52133,13.78289,14.04451,14.38880,14.83352,15.43371,16.39086,17.77978
2024-06-11,2024-06-04,ar_garch,5,12.85000,12.83671,True,9.30643,10.16449,10.86517,11.32968,11.59165,11.86102,12.04947,12.27516,12.47110,12.67629,12.85960,13.04805,13.23801,13.47806,13.72322,13.97000,14.30964,14.67619,15.31048,16.23031,17.34987
2024-06-12,2024-06-05,ar_garch,5,12.04000,12.33644,True,9.24084,9.85909,10.47855,10.91794,11.16608,11.39954,11.59124,11.82569,11.99820,12.18433,12.37597,12.54623,12.74824,12.94099,13.16266,13.39680,13.69208,13.94051,14.44666,15.35681,16.38586
2024-06-13,2024-06-06,ar_garch,5,11.94000,12.25830,True,9.52473,9.98853,10.50265,10.81912,11.06456,11.33048,11.52047,11.69372,11.88409,12.07063,12.23621,12.42302,12.59915,12.80738,13.01780,13.23597,13.49635,13.87961,14.41356,15.23432,16.05667
2024-06-14,2024-06-07,ar_garch,5,12.66000,11.99081,True,9.15038,9.77473,10.29325,10.66254,10.90255,11.07508,11.25161,11.43272,11.60651,11.79280,11.96274,12.14919,12.30872,12.53182,12.72630,12.96762,13.20029,13.57106,14.03424,15.11420,15.87881
2024-06-17,2024-06-10,ar_garch,5,12.75000,12.40258,True,9.38107,9.92515,10.54410,10.93991,11.23256,11.47623,11.67857,11.85783,12.02724,12.18065,12.34757,12.56382,12.73602,12.94496,13.15924,13.42470,13.71166,14.11120,14.53889,15.39549,16.42565
2024-06-18,2024-06-11,ar_garch,5,12.30000,12.59234,True,9.49422,10.19043,10.78916,11.15192,11.43304,11.64331,11.82681,12.03536,12.21496,12.38720,12.59610,12.78752,12.97002,13.17245,13.36708,13.58106,13.89768,14.28220,14.71538,15.59118,16.35435
2024-06-20,2024-06-12,ar_garch,5,13.28000,11.80622,True,8.94264,9.58350,10.06137,10.38246,10.64883,10.89787,11.09494,11.25859,11.42158,11.61335,11.75854,11.95847,12.13117,12.36088,12.56303,12.76626,13.03946,13.35980,13.91696,14.84553,15.57750
2024-06-21,2024-06-13,ar_garch,5,13.20000,11.71174,True,9.03990,9.50640,10.03807,10.33733,10.60806,10.80514,10.99374,11.17037,11.35386,11.51853,11.67862,11.86592,12.06608,12.23493,12.46450,12.68307,12.95496,13.32550,13.74119,14.44580,15.19140
2024-06-24,2024-06-14,ar_garch,5,13.33000,12.29931,True,9.09754,9.83160,10.41611,10.85403,11.14517,11.35628,11.56614,11.75343,11.94098,12.13645,12.34709,12.54245,12.73986,12.91203,13.13967,13.34473,13.63221,13.98172,14.45274,15.26724,16.12256
2024-06-25,2024-06-17,ar_garch,5,12.84000,12.51631,True,9.66500,10.08620,10.69768,11.02478,11.30910,11.54697,11.77263,11.95900,12.17586,12.36773,12.54027,12.72243,12.91221,13.08665,13.30568,13.49422,13.73035,14.07622,14.60223,15.57298,16.89213
2024-06-26,2024-06-18,ar_garch,5,12.55000,12.08477,True,9.23288,9.86111,10.36835,10.71313,10.98868,11.19962,11.38450,11.57907,11.72736,11.87137,12.05179,12.22885,12.40553,12.60995,12.79147,12.99798,13.29628,13.64440,14.02703,14.86746,15.84462
2024-06-27,2024-06-20,ar_garch,5,12.24000,13.04373,True,9.92527,10.46225,11.06477,11.46248,11.74586,11.99428,12.20148,12.40693,12.63346,12.81258,13.00761,13.23638,13.44477,13.68106,13.90528,14.13893,14.42305,14.76733,15.29072,16.13922,17.41713
2024-06-28,2024-06-21,ar_garch,5,12.44000,12.90923,True,9.67239,10.34295,10.99678,11.35883,11.67382,11.95315,12.19401,12.38418,12.53278,12.70900,12.89685,13.10109,13.32426,13.53933,13.76524,14.01411,14.34558,14.72453,15.16925,16.07550,16.94952
2024-07-01,2024-06-24,ar_garch,5,12.22000,13.11851,True,10.18458,10.64861,11.19839,11.61700,11.91342,12.14655,12.34588,12.57334,12.76000,12.95278,13.11416,13.29179,13.46137,13.66097,13.90514,14.15390,14.41703,14.73709,15.21032,16.30077,17.46912
2024-07-02,2024-06-25,ar_garch,5,12.03000,12.62781,True,9.93531,10.36061,10.90149,11.19258,11.45931,11.68276,11.89425,12.07815,12.26160,12.47511,12.64551,12.81274,12.97261,13.15542,13.38069,13.63270,13.88270,14.19462,14.60159,15.40521,16.29403
2024-07-03,2024-06-26,ar_garch,5,12.09000,12.29945,True,9.34013,9.96955,10.59038,10.91082,11.21762,11.47331,11.65530,11.82423,12.01702,12.15450,12.32142,12.49854,12.68006,12.84146,13.03203,13.26394,13.52105,13.81220,14.22317,15.02718,15.71092
2024-07-05,2024-06-27,ar_garch,5,12.48000,12.01991,True,9.35320,9.85236,10.39582,10.71865,10.97943,11.17333,11.36919,11.53188,11.66063,11.83726,12.00349,12.17938,12.33959,12.52808,12.72651,12.93965,13.20598,13.49742,13.98019,14.67169,15.34594
2024-07-08,2024-06-28,ar_garch,5,12.37000,12.15470,True,9.46925,10.00669,10.56105,10.92428,11.18985,11.36879,11.52949,11.70176,11.84807,11.98699,12.15363,12.29887,12.45253,12.61461,12.80227,12.98080,13.22345,13.54388,13.95661,14.76904,15.53502
2024-07-09,2024-07-01,ar_garch,5,12.51000,11.94580,True,9.18725,9.72104,10.30415,10.61781,10.87126,11.08438,11.28809,11.47385,11.67842,11.83332,11.97866,12.14692,12.29089,12.45391,12.62092,12.84737,13.12577,13.39712,13.74249,14.52016,15.13555
2024-07-10,2024-07-02,ar_garch,5,12.85000,11.81819,True,9.25522,9.71947,10.22649,10.48931,10.75523,10.94961,11.15262,11.31193,11.44990,11.62823,11.78865,11.95403,12.14076,12.30489,12.47225,12.65859,12.93958,13.23844,13.71940,14.51111,15.09828
2024-07-11,2024-07-03,ar_garch,5,12.92000,11.80546,True,9.36234,9.76920,10.27450,10.59282,10.82411,11.01671,11.19797,11.35891,11.52279,11.67780,11.83402,11.96824,12.12231,12.28084,12.43380,12.62154,12.85702,13.12760,13.54821,14.31661,14.97848
2024-07-12,2024-07-05,ar_garch,5,12.46000,12.19427,True,9.32947,9.88763,10.47725,10.83162,11.10974,11.32823,11.51640,11.70274,11.86603,12.02514,12.20408,12.38955,12.57300,12.73905,12.93960,13.16760,13.47661,13.79217,14.20613,15.04918,15.68045
2024-07-15,2024-07-08,ar_garch,5,13.12000,12.15834,True,9.50870,9.93796,10.53436,10.85242,11.09619,11.24767,11.42728,11.59845,11.76353,11.95391,12.11392,12.27442,12.44101,12.64386,12.84718,13.08666,13.34177,13.60909,14.06286,14.79103,15.81938
2024-07-16,2024-07-09,ar_garch,5,13.19000,12.24713,True,9.45898,10.03231,10.59376,10.90926,11.19752,11.38340,11.55051,11.76222,11.92852,12.12158,12.28060,12.46138,12.60429,12.76822,12.97696,13.20724,13.43895,13.77296,14.24232,14.91352,15.63636
2024-07-17,2024-07-10,ar_garch,5,14.48000,12.58569,True,9.82385,10.35638,10.87353,11.18408,11.50114,11.72753,11.91818,12.14947,12.30744,12.45558,12.61533,12.76603,12.93843,13.09706,13.30149,13.48005,13.74411,14.07119,14.50320,15.36283,16.19874
2024-07-18,2024-07-11,ar_garch,5,15.93000,12.68412,True,9.92050,10.41365,10.95896,11.29221,11.57285,11.81954,12.02798,12.21423,12.37681,12.54044,12.68318,12.86239,13.02499,13.18382,13.40724,13.64790,13.86455,14.21690,14.64957,15.49065,16.23879
2024-07-19,2024-07-12,ar_garch,5,16.52000,12.24269,True,9.47405,10.06085,10.62102,10.91877,11.15698,11.39358,11.56467,11.72031,11.90512,12.06841,12.23305,12.38407,12.53635,12.71714,12.90945,13.14239,13.36599,13.66514,14.13095,14.88375,15.95387
2024-07-22,2024-07-15,ar_garch,5,14.91000,12.82193,True,9.91695,10.40024,10.97715,11.37299,11.66891,11.88487,12.08637,12.30595,12.46642,12.67710,12.83804,12.99686,13.20493,13.40205,13.62633,13.86100,14.14269,14.47521,14.95349,15.74663,16.61742
2024-07-23,2024-07-16,ar_garch,5,14.72000,12.91905,True,9.97473,10.60611,11.17098,11.49218,11.75366,11.99446,12.20705,12.36943,12.54871,12.74656,12.90728,13.08589,13.28674,13.43975,13.65253,13.86161,14.12365,14.46343,14.99990,15.86151,16.70991
2024-07-24,2024-07-17,ar_garch,5,18.04000,14.05116,True,10.46730,11.17874,11.90538,12.31548,12.62794,12.90076,13.18594,13.38895,13.64206,13.89510,14.07608,14.28713,14.52755,14.74389,15.00772,15.30760,15.64299,16.11099,16.69164,17.77104,18.82893
2024-07-25,2024-07-18,ar_garch,5,18.46000,15.61727,True,11.32247,12.24802,12.94802,13.43129,13.84567,14.18062,14.52301,14.84804,15.07362,15.28081,15.55165,15.87173,16.13565,16.45473,16.74534,17.09881,17.46271,18.01429,18.77370,20.21869,21.75499
2024-07-26,2024-07-19,ar_garch,5,16.39000,16.19577,True,11.93348,12.50790,13.41235,14.04304,14.48146,14.82414,15.16278,15.46859,15.69032,15.98916,16.24800,16.51784,16.78555,17.04845,17.41952,17.75288,18.14278,18.60764,19.27869,20.66444,22.00849
2024-07-29,2024-07-22,ar_garch,5,16.60000,14.67082,True,10.44172,11.32252,12.12450,12.64101,13.04098,13.37129,13.69307,13.99288,14.25675,14.51750,14.76806,15.00598,15.24439,15.49705,15.82061,16.14368,16.60385,17.07187,17.69236,18.84072,20.16896
2024-07-30,2024-07-23,ar_garch,5,17.69000,14.45307,True,10.48842,11.24651,12.12754,12.55851,12.90684,13.20905,13.49171,13.73815,13.96349,14.22681,14.50062,14.73469,14.99528,15.20104,15.52856,15.87289,16.27666,16.71368,17.26057,18.34625,19.35228
2024-07-31,2024-07-24,ar_garch,5,16.36000,17.41171,True,10.93563,12.27337,13.54029,14.27956,14.87158,15.37386,15.78394,16.28221,16.66389,17.00353,17.37872,17.84793,18.31607,18.66000,19.19009,19.77208,20.43659,21.24118,22.48610,24.87258,27.43812
2024-08-01,2024-07-25,ar_garch,5,18.59000,18.11250,True,12.40634,13.50207,14.58555,15.31184,15.82566,16.23437,16.68524,17.00229,17.36216,17.72951,18.09949,18.49457,18.85742,19.25629,19.66895,20.09199,20.70824,21.45720,22.70067,24.54084,26.13569
2024-08-02,2024-07-26,ar_garch,5,23.39000,16.11655,True,11.00930,11.85291,12.82181,13.44134,13.99961,14.42672,14.78140,15.11978,15.47301,15.79459,16.13032,16.44135,16.81238,17.19359,17.59703,17.95760,18.54671,19.22716,20.18101,21.83324,23.49079
2024-08-05,2024-07-29,ar_garch,5,38.57000,16.27985,True,11.50496,12.34313,13.22447,13.83703,14.34568,14.73296,15.07860,15.37245,15.63291,15.90056,16.19134,16.49337,16.83062,17.19713,17.52941,17.93897,18.43126,19.11586,20.09453,21.87964,23.24596
2024-08-06,2024-07-30,ar_garch,5,27.71000,17.05730,True,12.13164,13.15254,13.99234,14.66489,15.09737,15.49977,15.82355,16.20045,16.52611,16.83599,17.10750,17.44799,17.74302,18.04705,18.37697,18.79769,19.32939,19.91685,20.65157,22.03214,23.97935
2024-08-07,2024-07-31,ar_garch,5,27.85000,16.15393,True,11.28655,12.33573,13.20129,13.82108,14.30922,14.65605,14.98141,15.35502,15.60398,15.90068,16.18359,16.45902,16.75797,17.06884,17.37842,17.83128,18.32930,18.95435,19.87943,20.94931,22.41117
2024-08-08,2024-08-01,ar_garch,5,23.79000,17.96425,True,12.58979,13.46739,14.43533,15.21850,15.76433,16.24731,16.62238,16.91657,17.26776,17.60657,17.94357,18.29324,18.59533,18.90887,19.39882,19.95011,20.52371,21.21443,22.15596,24.13417,25.99847
2024-08-09,2024-08-02,ar_garch,5,20.37000,22.78372,True,13.61026,15.31963,17.04485,18.11143,18.96956,19.68994,20.32366,20.92277,21.53161,22.11124,22.66193,23.25918,23.87684,24.52448,25.48419,26.34583,27.23785,28.40338,30.63813,34.50448,39.08477
2024-08-12,2024-08-05,ar_garch,5,20.71000,36.43663,True,13.97420,17.95341,21.15532,23.98965,26.01920,28.16445,29.72707,31.36440,33.03257,34.35701,36.04955,38.02007,39.96247,42.08855,44.42557,47.73719,50.58268,54.85340,61.91410,78.06085,96.30680
2024-08-13,2024-08-06,ar_garch,5,18.12000,27.63584,True,10.43353,12.88141,16.03513,17.79724,19.58277,21.17211,22.67977,23.90410,25.11257,26.35828,27.84583,29.28142,30.33210,32.37597,34.56623,36.33124,38.57490,42.01217,46.41171,55.92854,72.81294
2024-08-14,2024-08-07,ar_garch,5,16.19000,27.47636,True,12.52309,14.97081,17.55568,19.38575,20.70920,22.09615,23.28163,24.30632,25.14843,26.20589,27.54867,28.53824,29.69964,30.99362,32.30011,34.16566,36.08715,38.89152,43.43081,51.06336,60.93315
2024-08-15,2024-08-08,ar_garch,5,15.23000,23.57859,True,11.54667,13.75999,15.96249,17.33846,18.59999,19.54985,20.44399,21.26507,21.99838,22.80633,23.53977,24.25281,25.13141,26.14105,27.17242,28.34990,30.09479,31.85898,35.55488,41.11053,49.02144
2024-08-16,2024-08-09,ar_garch,5,14.80000,20.16130,True,10.63403,11.91878,13.89667,15.07608,15.89449,16.66672,17.35885,18.15512,18.79579,19.49956,20.18084,20.94663,21.66203,22.28012,23.01894,24.10039,25.38534,27.03280,29.18324,33.51724,38.44933
2024-08-19,2024-08-12,ar_garch,5,14.65000,20.34397,True,11.47667,12.72375,14.56012,15.76810,16.52127,17.21792,18.06243,18.68573,19.30895,19.80082,20.38717,20.88551,21.51345,22.31382,23.14950,23.92392,25.16165,26.52537,28.42969,32.21702,36.53787
2024-08-20,2024-08-13,ar_garch,5,15.88000,18.04014,True,10.63438,12.03716,13.29272,14.10417,14.80274,15.44197,15.99310,16.46445,16.98979,17.47177,17.96341,18.47459,19.02711,19.53228,20.17965,20.89967,21.76449,22.98559,24.74626,28.19197,30.86962
2024-08-21,2024-08-14,ar_garch,5,16.27000,15.95748,True,9.85671,10.91921,12.12502,12.85239,13.37971,13.92067,14.31087,14.79694,15.20848,15.58244,16.02778,16.37810,16.80154,17.19961,17.62675,18.20661,18.80582,19.60466,20.89984,23.20553,26.18516
2024-08-22,2024-08-15,ar_garch,5,17.55000,15.04900,True,9.95655,10.87201,11.66504,12.26798,12.79411,13.20996,13.55259,13.94507,14.29887,14.65584,14.96042,15.34860,15.69613,16.09551,16.53864,17.02963,17.62733,18.32255,19.40987,21.38529,24.55828
2024-08-23,2024-08-16,ar_garch,5,15.86000,14.47549,True,9.93482,10.59874,11.59247,12.16982,12.61821,12.98135,13.26048,13.59548,13.86399,14.13446,14.41726,14.74087,15.05540,15.34935,15.74155,16.20231,16.69792,17.39626,18.08284,19.66905,21.36048
2024-08-26,2024-08-19,ar_garch,5,16.15000,14.41500,True,10.37440,11.03629,11.72131,12.18345,12.66044,13.00999,13.32462,13.58661,13.84231,14.15402,14.40139,14.66483,14.91950,15.20532,15.50430,15.80746,16.27994,16.85524,17.62851,19.04380,20.93992
2024-08-27,2024-08-20,ar_garch,5,15.43000,15.48908,True,10.87450,11.81154,12.66387,13.25906,13.69155,14.06932,14.40276,14.71482,15.01272,15.27647,15.52912,15.82773,16.10120,16.32784,16.68502,17.11495,17.55535,18.09151,18.82841,19.92435,21.39069
2024-08-28,2024-08-21,ar_garch,5,17.11000,15.85932,True,11.48997,12.26309,13.18834,13.72160,14.13369,14.47268,14.80303,15.09112,15.35914,15.61430,15.93377,16.22685,16.46271,16.74715,17.02514,17.31758,17.81519,18.28530,19.01797,20.43633,22.06245
2024-08-29,2024-08-22,ar_garch,5,15.65000,17.09106,True,12.76822,13.35579,14.10584,14.80796,15.22575,15.57272,15.89262,16.22172,16.51649,16.82684,17.06596,17.35699,17.65803,17.99396,18.33613,18.78316,19.21190,19.72433,20.54588,22.11512,23.55327
2024-08-30,2024-08-23,ar_garch,5,15.00000,15.71815,True,11.29701,12.07423,12.96291,13.50058,13.90658,14.24077,14.55553,14.79796,15.07056,15.37763,15.65765,15.95765,16.25789,16.54613,16.91825,17.26286,17.75176,18.30361,19.17881,20.56196,22.54479
2024-09-03,2024-08-26,ar_garch,5,20.72000,15.78811,True,11.31422,12.25831,13.09490,13.65688,14.08300,14.38245,14.67103,14.95210,15.23174,15.48083,15.73700,15.98346,16.23452,16.55979,16.87934,17.27980,17.67292,18.23246,19.20842,20.54943,22.19965
2024-09-04,2024-08-27,ar_garch,5,21.32000,15.13976,True,11.28380,11.90923,12.76197,13.13617,13.56739,13.89335,14.15318,14.39510,14.64140,14.86354,15.12168,15.36645,15.61401,15.88558,16.17274,16.53402,16.96267,17.41461,17.99451,19.28813,20.31130
2024-09-05,2024-08-28,ar_garch,5,19.90000,16.58216,True,12.04221,12.85343,13.68219,14.24913,14.74223,15.08759,15.41133,15.72080,15.98533,16.25002,16.49970,16.81427,17.14032,17.45911,17.89501,18.24803,18.74667,19.23569,20.01467,21.42147,22.92788
2024-09-06,2024-08-29,ar_garch,5,22.38000,15.37378,True,10.92446,11.97014,12.72395,13.28283,13.73953,14.05490,14.37282,14.64296,14.87083,15.10353,15.37612,15.62600,15.89831,16.19351,16.49183,16.82190,17.22804,17.74410,18.48240,20.02717,21.49726
2024-09-09,2024-08-30,ar_garch,5,19.45000,14.66287,True,10.69162,11.47051,12.32802,12.80773,13.15141,13.47350,13.72638,13.97087,14.20184,14.44723,14.71734,14.90699,15.10462,15.34469,15.63661,15.93737,16.30646,16.82526,17.51730,18.64245,20.01445
2024-09-10,2024-09-03,ar_garch,5,19.08000,20.10163,True,10.84951,12.47557,14.09379,15.37471,16.30811,17.07000,17.72113,18.32736,19.08476,19.62568,20.15214,20.80647,21.47974,22.14182,22.93273,23.68989,24.69714,25.92110,28.37775,32.30045,37.06443
2024-09-11,2024-09-04,ar_garch,5,17.69000,21.04702,True,12.32064,14.03121,15.89529,16.81621,17.56332,18.23938,18.86713,19.47898,20.03235,20.51133,21.05895,21.52576,22.09242,22.77048,23.41654,24.32050,25.26369,26.60118,28.33406,31.47125,34.74070
2024-09-12,2024-09-05,ar_garch,5,17.07000,19.47785,True,12.28490,13.62635,14.94053,15.87156,16.60971,17.21463,17.73349,18.16779,18.59726,19.02936,19.47743,19.97675,20.43300,20.95746,21.46177,22.10413,22.91514,23.72239,25.02394,27.54053,31.06460
2024-09-13,2024-09-06,ar_garch,5,16.56000,21.74100,True,13.85230,15.19727,16.48698,17.78246,18.45289,19.04641,19.66185,20.17524,20.68936,21.17685,21.70814,22.21870,22.72760,23.24181,23.91754,24.67617,25.49955,26.52255,28.16362,30.90563,35.22943
2024-09-16,2024-09-09,ar_garch,5,17.14000,19.15599,True,12.13095,13.51825,14.87449,15.79331,16.39265,16.97634,17.46309,17.85468,18.30202,18.72454,19.10923,19.53923,19.99336,20.49698,21.07682,21.58717,22.27933,23.40037,24.97332,27.07281,29.91216
2024-09-17,2024-09-10,ar_garch,5,17.61000,18.87010,True,12.64528,13.90619,15.03152,15.69658,16.25089,16.81194,17.19660,17.56814,18.03370,18.40492,18.82061,19.25961,19.71070,20.13598,20.53131,21.06078,21.70434,22.48268,23.75990,25.76524,28.89045
2024-09-18,2024-09-11,ar_garch,5,18.23000,17.47143,True,12.09358,13.03568,14.01035,14.68397,15.26541,15.69923,16.07992,16.39044,16.74378,17.09613,17.42079,17.75584,18.11250,18.50205,18.86115,19.31077,19.90683,20.68233,21.67255,23.66295,25.99534
2024-09-19,2024-09-12,ar_garch,5,16.33000,16.75100,True,11.73370,12.69103,13.63735,14.31721,14.75750,15.20174,15.57778,15.87621,16.19479,16.49458,16.78115,17.11713,17.48146,17.75028,18.10041,18.43973,18.93842,19.60285,20.57044,21.83687,23.57351
2024-09-20,2024-09-13,ar_garch,5,16.15000,16.35791,True,12.07887,12.80977,13.59467,14.14001,14.52916,14.87771,15.22318,15.50019,15.78827,16.06796,16.29392,16.58746,16.87347,17.14069,17.43355,17.81698,18.36415,18.92126,19.77530,21.20715,22.71808
2024-09-23,2024-09-16,ar_garch,5,15.89000,16.66818,True,12.52666,13.06308,13.89876,14.56988,15.05691,15.34644,15.65422,15.92203,16.16155,16.39168,16.64239,16.91154,17.16336,17.47573,17.76454,18.15689,18.56163,19.13128,19.91959,21.05622,22.47615
2024-09-24,2024-09-17,ar_garch,5,15.39000,17.26454,True,12.79667,13.59290,14.46479,15.12470,15.56141,15.89170,16.23644,16.53776,16.83269,17.07543,17.32710,17.58699,17.83437,18.11978,18.37616,18.70573,19.17298,19.71218,20.44696,21.64862,22.92573
2024-09-25,2024-09-18,ar_garch,5,15.41000,17.72913,True,13.12116,14.18457,15.04258,15.61189,16.02907,16.39065,16.65578,16.93925,17.20082,17.46309,17.71189,17.94932,18.22675,18.51889,18.87960,19.25168,19.61232,20.15662,20.91293,22.24658,24.13274
2024-09-26,2024-09-19,ar_garch,5,15.37000,16.12592,True,11.77670,12.47706,13.35754,13.86361,14.35727,14.67588,14.99394,15.25412,15.56108,15.83455,16.07963,16.36635,16.68080,17.00194,17.29018,17.70073,18.11742,18.64200,19.52401,20.87811,22.30823
2024-09-27,2024-09-20,ar_garch,5,16.96000,15.81257,True,11.64801,12.42710,13.20672,13.78806,14.20526,14.54485,14.82355,15.12770,15.35832,15.61911,15.87119,16.12502,16.36702,16.62694,16.90087,17.20124,17.61362,18.07002,18.67957,19.95346,21.66987
2024-09-30,2024-09-23,ar_garch,5,16.73000,15.63900,True,11.79961,12.48194,13.20068,13.73550,14.11412,14.40159,14.68050,14.93918,15.15947,15.36997,15.56454,15.79745,16.01231,16.28320,16.58480,16.89339,17.30516,17.77216,18.39726,19.73331,21.06228
2024-10-01,2024-09-24,ar_garch,5,19.26000,15.06775,True,11.47304,12.09917,12.78114,13.25687,13.58072,13.89763,14.17110,14.43313,14.66673,14.88346,15.06091,15.27270,15.48091,15.73871,15.99275,16.32562,16.66985,17.07660,17.63157,18.83107,20.30075
2024-10-02,2024-09-25,ar_garch,5,18.90000,15.02014,True,11.48052,12.09431,12.87669,13.30886,13.59976,13.90108,14.13358,14.35908,14.58017,14.82107,14.99465,15.22556,15.45158,15.65342,15.87205,16.16659,16.53282,16.95948,17.58526,18.55605,19.69862
2024-10-03,2024-09-26,ar_garch,5,20.49000,14.99402,True,11.43091,12.20028,12.96470,13.33202,13.66487,13.92961,14.16159,14.38872,14.60496,14.82163,15.02326,15.21842,15.41750,15.61874,15.87669,16.17351,16.48177,16.88184,17.34658,18.32423,19.45202
2024-10-04,2024-09-27,ar_garch,5,19.21000,16.45332,True,11.94850,12.99130,13.77775,14.31302,14.71260,15.05465,15.40678,15.69578,15.95915,16.24036,16.50920,16.81499,17.08812,17.35199,17.67880,17.98333,18.38158,18.84303,19.47654,20.70729,22.00684
2024-10-07,2024-09-30,ar_garch,5,22.64000,16.40265,True,12.35340,12.98059,13.88694,14.36523,14.74279,15.08030,15.39734,15.65369,15.92650,16.17118,16.43490,16.67314,16.94479,17.18482,17.52388,17.82229,18.15898,18.60831,19.30346,20.76198,22.06011
2024-10-08,2024-10-01,ar_garch,5,21.42000,18.70148,True,12.95001,13.95857,15.20268,15.94039,16.44032,16.93099,17.34672,17.73331,18.11108,18.43844,18.76461,19.08068,19.50872,19.84274,20.24822,20.74497,21.20475,21.83933,22.82951,24.43304,26.48818
2024-10-09,2024-10-02,ar_garch,5,20.86000,18.59397,True,13.33665,14.33559,15.39682,16.05428,16.52885,16.92729,17.24730,17.57889,17.91971,18.18429,18.53932,18.84684,19.17865,19.54627,19.99201,20.34082,20.82000,21.47312,22.48880,24.38086,26.27503
2024-10-10,2024-10-03,ar_garch,5,20.93000,20.04432,True,14.20492,15.47025,16.67962,17.26684,17.76859,18.23495,18.65611,19.02337,19.34055,19.68923,20.07132,20.40982,20.74964,21.16939,21.59301,22.03118,22.61076,23.36562,24.20524,25.75743,27.71402
2024-10-11,2024-10-04,ar_garch,5,20.46000,18.86425,True,13.61970,14.76671,15.75913,16.31000,16.79514,17.23325,17.57084,17.90640,18.18875,18.50878,18.83091,19.12285,19.45903,19.78766,20.19304,20.67639,21.21706,21.83732,22.63437,24.16623,25.72030
2024-10-14,2024-10-07,ar_garch,5,19.70000,21.99158,True,14.46955,16.04949,17.48434,18.32537,18.89550,19.56806,20.05878,20.57996,21.01134,21.51183,22.00317,22.42287,22.98452,23.58901,24.12083,24.71274,25.46332,26.48677,27.76249,30.07700,33.36125
2024-10-15,2024-10-08,ar_garch,5,20.64000,21.27625,True,14.95555,16.04637,17.15777,17.96359,18.55432,19.09197,19.56489,20.07156,20.43247,20.87518,21.27565,21.66406,22.11907,22.48430,22.98330,23.58919,24.19561,25.06351,26.06099,28.17573,30.46757
2024-10-16,2024-10-09,ar_garch,5,19.58000,20.50915,True,14.80809,15.90008,16.83657,17.58622,18.26948,18.71729,19.09036,19.43183,19.79343,20.13380,20.54083,20.85559,21.23008,21.62236,22.01348,22.45154,23.00799,23.77875,24.85285,26.69879,28.68043
2024-10-17,2024-10-10,ar_garch,5,19.11000,20.46157,True,14.59495,16.00536,17.08622,17.71415,18.19817,18.62075,19.05863,19.46260,19.79689,20.17999,20.55763,20.88930,21.17049,21.60602,21.98362,22.48076,22.96623,23.60247,24.73975,26.23692,28.68942
2024-10-18,2024-10-11,ar_garch,5,18.03000,20.03280,True,14.58404,15.88286,16.95721,17.63579,18.05037,18.41182,18.73486,19.05965,19.38184,19.69736,20.00177,20.28086,20.57444,20.89604,21.27031,21.64396,22.13086,22.95780,23.95015,25.55546,27.20095
2024-10-21,2024-10-14,ar_garch,5,18.37000,19.33415,True,14.67529,15.57454,16.31890,16.91084,17.40552,17.78623,18.08740,18.43322,18.69953,19.00433,19.26298,19.52470,19.86271,20.20404,20.54769,21.02515,21.44250,21.97789,22.81296,24.41624,26.11876
2024-10-22,2024-10-15,ar_garch,5,18.20000,20.16542,True,15.33016,16.21597,17.03222,17.70459,18.10697,18.59094,18.94906,19.22558,19.54197,19.85458,20.14127,20.42698,20.72887,21.05747,21.34839,21.82462,22.21380,22.80617,23.65322,25.29327,26.92881
2024-10-23,2024-10-16,ar_garch,5,19.24000,19.19349,True,14.83100,15.57607,16.37278,16.88981,17.29174,17.70018,18.04765,18.38743,18.65184,18.92192,19.17717,19.44804,19.72044,19.99327,20.40036,20.77217,21.27246,21.78793,22.57906,23.90174,25.46707
2024-10-24,2024-10-17,ar_garch,5,19.08000,18.63750,True,14.10336,14.99427,15.92616,16.45701,16.85222,17.24735,17.57222,17.87949,18.18039,18.39403,18.68024,18.89773,19.19346,19.51131,19.85499,20.20714,20.60456,21.11475,21.71825,22.99620,24.64861
2024-10-25,2024-10-18,ar_garch,5,20.33000,17.79787,True,13.51291,14.38673,15.19071,15.68703,16.05252,16.34030,16.66101,16.99843,17.25278,17.52255,17.81713,18.09047,18.32504,18.63429,18.89756,19.25319,19.63376,20.19121,20.93681,22.34365,23.52355
2024-10-28,2024-10-21,ar_garch,5,19.80000,17.88770,True,13.42605,14.48030,15.33983,15.88984,16.27734,16.64279,16.92178,17.16399,17.41483,17.66859,17.87876,18.11433,18.37504,18.69375,18.98984,19.31194,19.68174,20.18105,20.91485,22.19942,23.61923
2024-10-29,2024-10-22,ar_garch,5,19.34000,17.79590,True,13.61200,14.25927,15.13097,15.70381,16.14983,16.46151,16.75488,17.01834,17.28964,17.58618,17.85373,18.10691,18.32582,18.63511,18.96663,19.30859,19.63549,20.05721,20.73790,22.03342,23.18609
2024-10-30,2024-10-23,ar_garch,5,20.35000,18.76630,True,14.23016,15.08999,15.95145,16.51070,16.95099,17.30580,17.60137,17.88649,18.15752,18.42073,18.74808,18.99043,19.27174,19.57205,19.90169,20.28833,20.74617,21.37084,22.21575,23.52959,25.08064
2024-10-31,2024-10-24,ar_garch,5,23.16000,18.61739,True,14.38012,15.12443,15.90866,16.47117,16.88037,17.22885,17.54836,17.84672,18.13862,18.39884,18.64786,18.90478,19.14903,19.40098,19.74097,20.03073,20.40936,20.94036,21.56519,22.89199,24.28077
2024-11-01,2024-10-25,ar_garch,5,21.88000,19.91263,True,14.92468,15.92368,16.81269,17.46173,17.95955,18.32239,18.65014,18.96540,19.28630,19.56329,19.86286,20.16670,20.51009,20.83395,21.19020,21.56786,22.12860,22.69455,23.48363,24.96438,26.43635
2024-11-04,2024-10-28,ar_garch,5,21.98000,19.45794,True,14.70137,15.58435,16.57648,17.16714,17.60273,17.99180,18.30527,18.56299,18.84682,19.14697,19.40813,19.72591,19.97461,20.33436,20.66600,21.04672,21.54537,22.07615,22.92502,24.29198,26.31042
2024-11-05,2024-10-29,ar_garch,5,20.49000,18.90345,True,14.58832,15.25481,16.28826,16.84835,17.21373,17.57866,17.87937,18.11739,18.40238,18.68806,18.93665,19.13531,19.37744,19.70401,20.02269,20.38716,20.80620,21.34776,21.94017,23.01168,24.65858
2024-11-06,2024-10-30,ar_garch,5,16.27000,19.80483,True,14.54987,15.73795,16.73857,17.44199,17.94954,18.36289,18.69604,19.02575,19.32176,19.60108,19.91703,20.18422,20.46252,20.79511,21.11009,21.50803,21.93373,22.47054,23.23330,24.65238,25.79031
2024-11-07,2024-10-31,ar_garch,5,15.20000,22.48807,True,16.29306,17.14580,18.41261,19.17168,19.88360,20.42545,20.90560,21.30591,21.69499,22.12808,22.52055,22.91820,23.36894,23.75310,24.32213,24.82750,25.40572,26.13493,27.23525,29.31350,31.32993
2024-11-08,2024-11-01,ar_garch,5,14.94000,21.35496,True,15.36325,16.36145,17.55407,18.29734,18.95089,19.48810,20.00170,20.39158,20.70824,21.11725,21.44480,21.79079,22.16399,22.57665,22.99932,23.44461,23.99524,24.77473,25.57733,27.27737,28.70192
2024-11-11,2024-11-04,ar_garch,5,14.97000,21.41817,True,15.85962,16.98026,18.06593,18.72732,19.17864,19.60398,20.00176,20.38666,20.72802,21.02216,21.37619,21.75423,22.13439,22.57482,22.92625,23.37264,23.89921,24.57593,25.37814,27.14073,28.83294
2024-11-12,2024-11-05,ar_garch,5,14.71000,20.15708,True,14.94597,15.88711,16.83645,17.46951,18.02228,18.46991,18.86384,19.22259,19.53146,19.82029,20.10391,20.41138,20.80376,21.17452,21.61620,22.04486,22.46741,23.11259,23.80103,25.54485,27.81477
2024-11-13,2024-11-06,ar_garch,5,14.02000,16.04323,True,9.64140,10.90611,12.19756,12.97233,13.64598,14.04097,14.50556,14.97489,15.29208,15.70905,16.06638,16.46474,16.85398,17.30171,17.75542,18.30362,18.90904,19.80505,21.06358,23.46529,25.68943
2024-11-14,2024-11-07,ar_garch,5,14.31000,14.85961,True,9.64722,10.66075,11.65764,12.27367,12.74547,13.20118,13.58675,13.91984,14.29150,14.64567,14.97449,15.26122,15.60416,15.94536,16.40199,16.81726,17.38082,18.02748,18.90578,20.65111,22.58696
2024-11-15,2024-11-08,ar_garch,5,16.14000,14.51897,True,9.81198,10.75543,11.69357,12.32257,12.75368,13.07680,13.39986,13.67272,13.94485,14.21573,14.53081,14.82232,15.10346,15.42709,15.80794,16.22634,16.63232,17.30225,18.06220,19.40657,21.16816
2024-11-18,2024-11-11,ar_garch,5,15.58000,14.75144,True,10.43374,11.20496,12.10271,12.67431,13.04476,13.38332,13.65735,13.90295,14.15178,14.41726,14.72372,14.94220,15.20449,15.47581,15.87957,16.29330,16.75548,17.33268,18.11279,19.42202,20.70032
2024-11-19,2024-11-12,ar_garch,5,16.35000,14.40179,True,10.50042,11.31491,12.08833,12.53789,12.82276,13.11507,13.42002,13.67567,13.88055,14.13030,14.37207,14.62410,14.89417,15.14123,15.47050,15.78972,16.13590,16.60080,17.27781,18.44610,19.70036
2024-11-20,2024-11-13,ar_garch,5,17.16000,13.69400,True,10.15138,10.78394,11.42186,11.90764,12.30573,12.58350,12.85165,13.07424,13.29775,13.50314,13.70992,13.91041,14.15155,14.38494,14.65998,14.93744,15.29458,15.67652,16.25780,17.28943,18.45742
2024-11-21,2024-11-14,ar_garch,5,16.87000,13.90354,True,10.41672,11.07453,11.79156,12.25316,12.57561,12.83503,13.10967,13.30828,13.52184,13.72577,13.94667,14.15412,14.35274,14.61909,14.84657,15.10760,15.49344,15.80934,16.30829,17.38796,18.22537
2024-11-22,2024-11-15,ar_garch,5,15.24000,15.55854,True,10.97328,12.01816,12.83109,13.37271,13.81369,14.10917,14.38316,14.69394,14.97091,15.30825,15.54705,15.81620,16.12041,16.40984,16.76603,17.12182,17.59235,18.11398,18.94577,20.45878,21.85053
2024-11-25,2024-11-18,ar_garch,5,14.60000,15.31686,True,11.01961,12.03579,12.79348,13.26970,13.64771,13.93741,14.24123,14.56516,14.83951,15.09482,15.29694,15.55885,15.83362,16.10859,16.40756,16.71089,17.08780,17.60773,18.32575,19.53366,21.11257
2024-11-26,2024-11-19,ar_garch,5,14.10000,15.91179,True,11.56520,12.52323,13.37175,13.86847,14.27107,14.64277,14.89536,15.17945,15.47251,15.72256,15.97922,16.24481,16.54071,16.79910,17.10366,17.42150,17.78723,18.30853,19.01326,20.12979,21.57885
2024-11-27,2024-11-20,ar_garch,5,14.10000,16.78570,True,12.53671,13.27898,14.16116,14.69730,15.09052,15.45710,15.72920,15.99329,16.24501,16.52883,16.84828,17.10342,17.35407,17.62953,17.91199,18.22028,18.67657,19.17240,19.96357,21.22945,22.92331
2024-11-29,2024-11-21,ar_garch,5,13.51000,16.59811,True,12.37950,12.98596,14.01121,14.58835,14.93100,15.28598,15.58745,15.84163,16.09047,16.31360,16.57638,16.88568,17.15333,17.39870,17.73796,18.06050,18.39065,18.91543,19.49464,20.76900,22.40767
2024-12-02,2024-11-22,ar_garch,5,13.34000,14.97240,True,11.01835,11.69009,12.43437,13.03014,13.45823,13.79888,14.05857,14.27531,14.52227,14.74878,14.93448,15.18262,15.47318,15.78369,16.06650,16.41190,16.80628,17.31531,18.07088,19.27762,20.37492
2024-12-03,2024-11-25,ar_garch,5,13.30000,14.38857,True,10.74090,11.34191,12.07369,12.53474,12.86592,13.15678,13.39310,13.66322,13.89781,14.14578,14.35259,14.55777,14.83982,15.00824,15.29048,15.61691,15.98117,16.45041,17.12411,18.49560,20.06695
2024-12-04,2024-11-26,ar_garch,5,13.45000,13.80334,True,10.16421,10.92776,11.71062,12.15090,12.47369,12.72862,12.98833,13.22634,13.40118,13.58272,13.78914,14.02417,14.24208,14.49749,14.72084,15.04744,15.33783,15.74497,16.30232,17.27550,18.31224
2024-12-05,2024-11-27,ar_garch,5,13.54000,13.78869,True,10.58382,11.07477,11.72502,12.13841,12.39963,12.66712,12.90954,13.16691,13.38495,13.58991,13.77534,13.97122,14.17743,14.41535,14.67655,14.94809,15.29729,15.67441,16.16884,17.11415,18.18522
2024-12-06,2024-11-29,ar_garch,5,12.77000,13.29422,True,10.11037,10.73965,11.35606,11.74694,12.01757,12.26055,12.49059,12.70612,12.93786,13.15252,13.33707,13.52453,13.68982,13.86939,14.10150,14.38478,14.70490,15.08659,15.59488,16.48817,17.44763
2024-12-09,2024-12-02,ar_garch,5,14.19000,13.01321,True,9.91665,10.46328,11.08687,11.49571,11.77399,12.03105,12.24580,12.43603,12.64469,12.85691,13.01504,13.21208,13.41976,13.60572,13.81818,14.06259,14.39297,14.74579,15.26055,16.23651,17.05481
2024-12-10,2024-12-03,ar_garch,5,14.18000,12.97092,True,9.88982,10.51252,11.15130,11.51023,11.82473,12.07567,12.27336,12.47337,12.62391,12.80868,13.01445,13.18243,13.34484,13.51768,13.71717,13.95912,14.23986,14.60433,15.03443,15.89064,16.85929
2024-12-11,2024-12-04,ar_garch,5,13.58000,13.17131,True,10.16953,10.81361,11.39738,11.73414,12.03613,12.23135,12.42548,12.60689,12.79197,12.97975,13.16045,13.31389,13.50009,13.70042,13.89667,14.13379,14.44658,14.87246,15.36845,16.15417,17.18279
2024-12-12,2024-12-05,ar_garch,5,13.92000,13.19051,True,10.15381,10.82263,11.36806,11.72828,12.04838,12.30057,12.49314,12.68829,12.87642,13.04860,13.23229,13.40569,13.60655,13.76635,13.95030,14.22119,14.46575,14.78522,15.24428,16.01253,16.77561
2024-12-13,2024-12-06,ar_garch,5,13.81000,12.53587,True,9.46610,10.03941,10.62956,11.06081,11.35790,11.59432,11.81377,12.02135,12.19923,12.39225,12.58627,12.77082,12.93222,13.13361,13.34587,13.57892,13.84946,14.15414,14.63108,15.47380,16.38487
2024-12-16,2024-12-09,ar_garch,5,14.69000,13.81405,True,10.36288,10.85021,11.53204,11.98671,12.32001,12.60088,12.87436,13.10903,13.34490,13.57955,13.79366,14.04555,14.27568,14.52910,14.79521,15.09089,15.47681,15.95672,16.63416,17.54552,18.84376
2024-12-17,2024-12-10,ar_garch,5,15.87000,13.86109,True,10.37292,11.02497,11.66065,12.11068,12.42841,12.68314,12.98420,13.20742,13.44550,13.63605,13.84488,14.04469,14.25277,14.49515,14.73421,15.04482,15.34558,15.77095,16.46293,17.53255,19.32660
2024-12-18,2024-12-11,ar_garch,5,27.62000,13.31250,True,9.89113,10.61483,11.18459,11.64430,11.99041,12.23776,12.48980,12.67765,12.88703,13.06563,13.27822,13.47885,13.72215,13.93922,14.17028,14.44043,14.78430,15.16642,15.86267,16.99180,18.15023
2024-12-19,2024-12-12,ar_garch,5,24.09000,13.62150,True,10.17673,10.93392,11.60200,12.02406,12.33265,12.56189,12.80411,13.04589,13.23845,13.42926,13.60971,13.80729,14.00805,14.25103,14.52548,14.78827,15.06823,15.49376,15.96762,17.11269,18.32838
2024-12-20,2024-12-13,ar_garch,5,18.36000,13.62688,True,10.56434,11.24385,11.72410,12.08434,12.36117,12.57816,12.79868,13.00895,13.21965,13.42448,13.59403,13.77178,13.99983,14.19329,14.42609,14.67867,14.95364,15.31174,15.84517,16.73077,17.73030
2024-12-23,2024-12-16,ar_garch,5,16.78000,14.25189,True,10.74861,11.42417,12.18118,12.59458,12.93134,13.18940,13.42123,13.64143,13.83052,14.08266,14.32776,14.53454,14.73983,14.92919,15.15556,15.40704,15.72201,16.12615,16.66281,17.55242,18.69486
2024-12-24,2024-12-17,ar_garch,5,14.27000,15.48101,True,11.58503,12.28286,12.99830,13.49017,13.94321,14.27810,14.48306,14.72401,14.96272,15.23510,15.49062,15.72589,15.97158,16.18860,16.48335,16.83988,17.26632,17.79789,18.45184,19.55064,20.61820
2024-12-26,2024-12-18,ar_garch,5,14.73000,26.12777,True,9.75018,12.35969,15.45288,17.15786,18.64976,19.93259,21.53011,22.52250,23.59158,24.83330,26.14823,27.54930,28.80413,30.32730,32.02996,33.87701,36.05914,39.50942,44.86988,54.86647,66.59401
2024-12-27,2024-12-19,ar_garch,5,15.95000,23.84695,True,10.38361,12.62324,15.24811,16.61170,17.94997,19.06049,20.19369,21.10885,21.97503,22.93140,23.91296,24.88608,25.85300,26.97216,28.43118,29.98149,31.89526,33.82408,37.65780,44.88876,54.49505
2024-12-30,2024-12-20,ar_garch,5,17.40000,17.95596,True,7.92884,9.29902,11.33603,12.52103,13.39900,14.29037,15.01589,15.78310,16.46528,17.18389,17.91652,18.81834,19.65184,20.56742,21.59072,22.66099,23.90533,25.93073,28.58419,34.70419,40.92806
2024-12-31,2024-12-23,ar_garch,5,17.35000,16.57870,True,7.80540,9.25416,11.00606,12.14823,12.91514,13.66365,14.23466,14.90561,15.46945,16.01966,16.54882,17.17594,17.79232,18.42947,19.22807,20.12974,21.16829,22.55523,24.82845,28.52841,33.34968
2025-01-02,2024-12-24,ar_garch,5,17.93000,14.06859,True,6.84828,8.32570,9.66858,10.42633,11.02626,11.65216,12.24547,12.68239,13.12786,13.63313,14.08094,14.66424,15.19743,15.74106,16.35225,17.12504,17.88545,18.96908,20.66300,23.67219,27.79240
2025-01-03,2024-12-26,ar_garch,5,16.13000,14.33551,True,7.91776,9.02428,10.37039,11.15422,11.83445,12.36119,12.75247,13.21439,13.58689,14.01864,14.43161,14.80589,15.18195,15.62021,16.08757,16.66923,17.47831,18.47579,19.85996,22.66441,25.43351
2025-01-06,2024-12-27,ar_garch,5,16.04000,15.47300,True,9.19116,10.52149,11.61235,12.35123,13.02939,13.44484,13.87318,14.27001,14.64260,15.00929,15.44336,15.84617,16.23635,16.72453,17.16070,17.79131,18.45759,19.42663,20.79385,23.25814,25.41799
2025-01-07,2024-12-30,ar_garch,5,17.82000,17.01689,True,10.85468,11.92850,13.12891,13.84994,14.41677,14.94935,15.29544,15.70441,16.12524,16.50061,16.87753,17.28640,17.63454,18.12468,18.64425,19.29359,19.98739,20.87022,22.22941,25.28017,27.75964
2025-01-08,2024-12-31,ar_garch,5,17.70000,17.02876,True,11.16147,12.40528,13.46932,14.17992,14.81836,15.21963,15.61817,16.10991,16.39366,16.73836,17.02442,17.39939,17.74386,18.12718,18.52835,19.03995,19.60943,20.20242,21.32506,23.30022,25.41255
2025-01-10,2025-01-02,ar_garch,5,19.54000,17.43971,True,12.10131,13.23957,14.11698,14.76482,15.24078,15.65216,15.99742,16.37206,16.67536,17.00871,17.36040,17.70847,18.06329,18.45528,18.86279,19.34627,20.00587,20.70916,21.87998,23.62135,25.56755
2025-01-13,2025-01-03,ar_garch,5,19.19000,15.91015,True,10.89321,11.67538,12.77675,13.42815,13.85739,14.33257,14.72087,15.00109,15.31044,15.62337,15.95495,16.24103,16.55695,16.91782,17.29772,17.65719,18.12290,18.71035,19.61470,21.24179,22.64471
2025-01-14,2025-01-06,ar_garch,5,18.71000,15.78964,True,11.33608,12.13389,13.02752,13.51611,13.94325,14.34880,14.63580,14.93243,15.23172,15.52309,15.77429,16.05615,16.31292,16.62054,16.93910,17.34514,17.80182,18.37243,19.15213,20.65893,22.25133
2025-01-15,2025-01-07,ar_garch,5,16.12000,17.39671,True,12.56762,13.39688,14.20520,14.80511,15.26671,15.63321,15.98771,16.37203,16.70279,17.08036,17.40450,17.71100,18.04556,18.41751,18.80094,19.26150,19.75458,20.42082,21.39833,23.22096,24.91531
2025-01-16,2025-01-08,ar_garch,5,16.60000,17.54961,True,12.99821,13.73783,14.55678,15.14613,15.53788,15.91458,16.25627,16.60134,16.93276,17.22166,17.52144,17.83168,18.17690,18.54649,18.92153,19.32025,19.84665,20.39431,21.02816,22.44229,23.88311
2025-01-17,2025-01-10,ar_garch,5,15.97000,18.93722,True,13.25750,14.41637,15.41345,16.15770,16.73406,17.22184,17.59609,17.94871,18.29120,18.60657,18.97549,19.30222,19.66926,20.08418,20.45199,20.86977,21.39579,22.08185,23.08924,24.97463,27.02550
2025-01-21,2025-01-13,ar_garch,5,15.06000,18.84001,True,13.73426,14.80927,15.77036,16.40973,16.82540,17.23574,17.54543,17.88883,18.14571,18.45293,18.79404,19.12677,19.46585,19.76709,20.18487,20.58315,21.06816,21.70803,22.68382,24.10449,25.86812
2025-01-22,2025-01-14,ar_garch,5,15.10000,18.30843,True,13.89624,14.65426,15.49041,16.01371,16.41482,16.77534,17.14352,17.46934,17.74731,17.99689,18.31246,18.53208,18.89168,19.22101,19.56064,19.89924,20.35811,20.91921,21.67985,22.98111,24.40710
2025-01-23,2025-01-15,ar_garch,5,15.02000,15.87628,True,10.84824,11.92536,12.90697,13.45895,13.99544,14.30692,14.67550,14.98123,15.28853,15.56257,15.85863,16.19383,16.53187,16.90498,17.29140,17.65461,18.14932,18.85067,19.71356,21.31090,22.80567
2025-01-24,2025-01-16,ar_garch,5,14.85000,16.16145,True,11.44866,12.30862,13.24544,13.82563,14.35398,14.71283,14.98869,15.28729,15.61065,15.90009,16.22254,16.56336,16.83546,17.12538,17.48500,17.82112,18.36070,18.86849,19.53908,20.93543,22.93351
2025-01-27,2025-01-17,ar_garch,5,17.90000,15.65260,True,11.44009,12.26015,13.01072,13.53337,13.94695,14.33011,14.59092,14.87411,15.14383,15.39037,15.62671,15.90792,16.20206,16.48507,16.75524,17.10610,17.47732,18.04955,18.79820,20.12696,21.27545
2025-01-28,2025-01-21,ar_garch,5,16.41000,14.82708,True,10.82717,11.56671,12.36780,12.86253,13.22577,13.56022,13.84774,14.13432,14.37824,14.61771,14.86442,15.09075,15.33313,15.53525,15.79407,16.12118,16.52631,17.02713,17.73671,19.00277,20.32700
2025-01-29,2025-01-22,ar_garch,5,16.56000,14.72864,True,10.93579,11.73820,12.46321,12.88814,13.23188,13.51733,13.72270,13.96543,14.18710,14.46136,14.67899,14.89652,15.16586,15.42117,15.68043,15.97710,16.42469,16.87941,17.60962,18.79672,19.85326
2025-01-30,2025-01-23,ar_garch,5,15.84000,14.75960,True,11.12185,11.82104,12.53870,12.99036,13.31709,13.61407,13.87036,14.09485,14.30834,14.50248,14.70460,14.89904,15.12931,15.41130,15.66051,15.92313,16.28335,16.79439,17.46490,18.56310,19.78759
2025-01-31,2025-01-24,ar_garch,5,16.43000,14.53158,True,11.12529,11.82735,12.42156,12.86548,13.16567,13.45213,13.70970,13.97198,14.17092,14.38661,14.56720,14.72635,14.94474,15.15341,15.41334,15.65524,15.95919,16.36433,16.90017,17.94642,18.85797
2025-02-03,2025-01-27,ar_garch,5,18.62000,17.30989,True,11.79029,12.69766,13.56347,14.32853,14.99632,15.39851,15.82465,16.18410,16.55137,16.92688,17.32495,17.68328,18.12175,18.50122,18.91280,19.41425,19.91735,20.68120,21.77125,23.77386,26.44450
2025-02-04,2025-01-28,ar_garch,5,17.21000,16.11125,True,11.33134,12.08630,12.99411,13.60783,14.09124,14.47947,14.86006,15.21773,15.52910,15.80795,16.10254,16.39225,16.65389,17.00717,17.40056,17.84034,18.38774,18.98352,19.91730,21.87033,23.49607
2025-02-05,2025-01-29,ar_garch,5,15.77000,16.12957,True,11.51684,12.29666,13.18403,13.83418,14.22684,14.54520,14.93505,15.22184,15.52805,15.82677,16.08020,16.38610,16.70842,17.02944,17.38458,17.81949,18.30215,18.94803,19.80649,21.23444,22.83840
2025-02-06,2025-01-30,ar_garch,5,15.50000,15.49482,True,11.31907,12.08713,12.91676,13.43994,13.84543,14.18986,14.48496,14.75018,15.04018,15.28452,15.51460,15.77534,16.02987,16.34715,16.62137,17.00341,17.39090,17.89562,18.69773,19.99889,21.32465
2025-02-07,2025-01-31,ar_garch,5,16.54000,15.98969,True,11.52104,12.57111,13.37624,13.85366,14.31215,14.66583,14.98177,15.25385,15.49091,15.74020,16.01444,16.26306,16.49734,16.71154,16.99320,17.38400,17.77822,18.33958,19.07769,20.60397,22.41573
2025-02-10,2025-02-03,ar_garch,5,15.81000,18.12828,True,12.62166,13.84753,14.70466,15.43051,15.96478,16.37602,16.71015,17.06595,17.37741,17.69619,18.14016,18.49249,18.86329,19.27638,19.67018,20.12828,20.65251,21.24200,22.19623,24.01184,25.44186
2025-02-11,2025-02-04,ar_garch,5,16.02000,16.79608,True,12.01497,12.86830,13.77822,14.43503,14.90047,15.29748,15.63760,15.96080,16.28714,16.63165,16.89560,17.15755,17.44605,17.78604,18.11034,18.55780,18.97327,19.56751,20.28683,21.70001,23.67964
2025-02-12,2025-02-05,ar_garch,5,15.89000,15.46082,True,11.11136,11.77751,12.70778,13.22940,13.62294,13.96478,14.29292,14.57277,14.85109,15.15026,15.42667,15.71649,16.01802,16.34230,16.70554,17.11334,17.53941,18.04863,18.72268,20.14643,21.99736
2025-02-13,2025-02-06,ar_garch,5,15.10000,15.14017,True,10.71372,11.67377,12.48239,13.04418,13.43982,13.81745,14.13258,14.40034,14.62493,14.87175,15.13124,15.41112,15.74054,16.02328,16.31494,16.64348,17.04554,17.51910,18.32018,19.48363,21.01158
2025-02-14,2025-02-07,ar_garch,5,14.77000,16.03402,True,11.56407,12.68739,13.53961,13.98328,14.36996,14.69525,14.95660,15.23177,15.49970,15.72651,16.04710,16.34107,16.63126,16.93743,17.20327,17.59731,18.02712,18.61383,19.22796,20.42896,21.93411
2025-02-18,2025-02-10,ar_garch,5,15.35000,15.55989,True,11.56559,12.27324,13.14904,13.68188,14.05651,14.33571,14.61726,14.88539,15.08639,15.34330,15.52273,15.74715,15.99006,16.24809,16.56565,16.83516,17.22877,17.70079,18.43102,19.69607,21.23949
2025-02-19,2025-02-11,ar_garch,5,15.27000,15.70813,True,11.73505,12.41514,13.19674,13.73077,14.13871,14.45565,14.73682,14.98295,15.19996,15.45774,15.70556,15.94778,16.20480,16.46215,16.73400,17.11140,17.44196,17.93149,18.61499,19.72171,20.95686
2025-02-20,2025-02-12,ar_garch,5,15.66000,15.54647,True,11.68593,12.52047,13.24777,13.70117,14.08632,14.40006,14.65206,14.87093,15.06884,15.29339,15.53235,15.75230,15.99327,16.19081,16.45420,16.74368,17.18612,17.67726,18.38806,19.40565,20.67959
2025-02-21,2025-02-13,ar_garch,5,18.21000,14.83288,True,11.33393,11.91785,12.64239,13.04256,13.36801,13.70239,13.98067,14.17988,14.38016,14.59987,14.82537,15.05264,15.26650,15.50820,15.76555,16.03948,16.38029,16.77871,17.38827,18.60502,19.72530
2025-02-24,2025-02-14,ar_garch,5,18.98000,14.47257,True,11.07748,11.78391,12.41977,12.83812,13.16454,13.37971,13.60809,13.79968,14.03386,14.21159,14.41506,14.64483,14.87286,15.09603,15.32840,15.61110,15.92340,16.30581,16.96604,17.97412,18.94971
2025-02-25,2025-02-18,ar_garch,5,19.43000,14.98554,True,11.40300,12.15451,12.85309,13.27652,13.60345,13.89525,14.15628,14.39148,14.63163,14.84514,15.06549,15.29756,15.46738,15.67626,15.91574,16.17119,16.48637,16.93968,17.43626,18.37639,19.25002
2025-02-26,2025-02-19,ar_garch,5,19.10000,14.95859,True,11.37961,12.14847,12.86243,13.32398,13.60500,13.88180,14.12652,14.38728,14.59552,14.82068,15.00903,15.21050,15.40936,15.61500,15.86985,16.13402,16.45743,16.82190,17.37913,18.39319,19.46232
2025-02-27,2025-02-20,ar_garch,5,21.13000,15.35878,True,11.77779,12.55746,13.23102,13.62511,13.99077,14.26124,14.51390,14.73604,14.91571,15.11952,15.33575,15.52888,15.70930,15.95937,16.22099,16.57136,16.87383,17.30261,17.85792,18.95447,19.82232
2025-02-28,2025-02-21,ar_garch,5,19.63000,17.68376,True,12.32534,13.07191,14.18383,14.93325,15.49622,15.92344,16.39143,16.71068,17.06221,17.35288,17.67162,18.08368,18.42655,18.74997,19.11356,19.56505,20.18956,20.93486,21.92884,23.65299,26.14692
2025-03-03,2025-02-24,ar_garch,5,22.78000,18.64683,True,13.40165,14.41683,15.41785,16.04786,16.48340,16.91558,17.29034,17.62012,17.95335,18.31169,18.65411,18.95348,19.28814,19.61392,19.96967,20.40765,20.91292,21.54212,22.45221,24.29262,26.51598
2025-03-04,2025-02-25,ar_garch,5,23.51000,18.84387,True,13.04484,14.41628,15.53967,16.22521,16.77000,17.21761,17.63760,17.93952,18.24087,18.53486,18.86461,19.23573,19.62273,19.96014,20.31247,20.75474,21.35771,21.91825,22.70678,24.20138,25.98352
2025-03-05,2025-02-26,ar_garch,5,21.93000,18.62432,True,13.50941,14.57625,15.57310,16.27567,16.73776,17.13107,17.50949,17.79743,18.07867,18.33657,18.67184,19.01818,19.28375,19.63594,20.00340,20.36568,20.82458,21.33385,22.18842,23.53919,24.69473
2025-03-06,2025-02-27,ar_garch,5,24.87000,20.54785,True,14.83974,15.78986,16.93882,17.76504,18.31090,18.75914,19.19215,19.54135,19.89980,20.24623,20.63225,20.95946,21.27287,21.67387,22.10325,22.51001,23.10722,23.78238,24.83768,26.60742,28.25918
2025-03-07,2025-02-28,ar_garch,5,23.37000,19.34371,True,14.04957,15.17355,16.24170,16.85675,17.27252,17.69446,18.03769,18.32513,18.67278,18.95683,19.29294,19.63071,19.96888,20.32449,20.70631,21.08260,21.55976,22.23933,23.07178,24.82668,27.03315
2025-03-10,2025-03-03,ar_garch,5,27.86000,22.09422,True,15.13353,16.24509,17.80933,18.57911,19.23964,19.88090,20.37672,20.78418,21.17810,21.64697,22.15247,22.56076,22.97160,23.45817,23.98254,24.59742,25.39530,26.22757,27.59763,29.46063,32.40135
2025-03-11,2025-03-04,ar_garch,5,26.92000,22.94164,True,15.88332,17.31125,18.61093,19.56660,20.16469,20.76686,21.30647,21.74871,22.16678,22.57791,22.94010,23.38288,23.86809,24.27656,24.78716,25.34999,25.96184,26.94162,28.22541,30.28994,32.84854
2025-03-12,2025-03-05,ar_garch,5,24.23000,21.55132,True,15.57242,16.67843,17.82389,18.44461,19.03445,19.53854,19.94538,20.32218,20.67530,21.04906,21.46894,21.91027,22.28600,22.73887,23.23341,23.69131,24.25616,25.01628,26.26623,28.32008,30.26522
2025-03-13,2025-03-06,ar_garch,5,24.66000,24.05377,True,16.96466,18.23666,19.53148,20.33448,20.98646,21.60515,22.11429,22.62041,23.11133,23.50904,23.90825,24.37731,24.92101,25.40235,26.03459,26.66720,27.48921,28.48141,29.66897,31.78427,34.87305
2025-03-14,2025-03-07,ar_garch,5,21.77000,22.94826,True,16.43560,17.49201,18.87089,19.66509,20.22100,20.82468,21.24385,21.72974,22.10557,22.56160,22.94193,23.35167,23.80424,24.30446,24.80784,25.32452,26.03466,26.89489,27.98092,30.30783,32.47383
2025-03-17,2025-03-10,ar_garch,5,20.51000,27.09561,True,17.61658,19.31663,21.34522,22.68836,23.38798,24.02975,24.66679,25.33214,25.87417,26.52851,27.17274,27.83499,28.34751,28.91519,29.71244,30.62944,31.70189,32.92896,34.45715,37.34157,40.60417
2025-03-18,2025-03-11,ar_garch,5,21.70000,26.31403,True,18.15889,19.76696,21.21245,22.12738,22.88561,23.53540,24.15107,24.66245,25.27620,25.78908,26.25052,26.76424,27.25940,27.91364,28.54303,29.33826,30.12235,31.23478,32.71945,35.72287,38.81228
2025-03-19,2025-03-12,ar_garch,5,19.90000,23.89111,True,16.56042,17.74443,19.14955,20.11745,20.80674,21.47034,22.04284,22.58218,23.02789,23.45111,23.89954,24.43594,24.88328,25.41363,25.99859,26.73740,27.51669,28.42989,29.54408,31.64394,34.35235
2025-03-20,2025-03-13,ar_garch,5,19.80000,24.20449,True,17.54187,18.69394,19.89707,20.73948,21.44314,21.95601,22.40081,22.82387,23.23963,23.72742,24.12533,24.57517,25.01900,25.48902,26.11019,26.80153,27.45930,28.28823,29.42624,31.47849,33.88891
2025-03-21,2025-03-14,ar_garch,5,19.28000,21.44575,True,14.46240,15.73308,17.17920,18.06716,18.72922,19.22558,19.76711,20.21740,20.62647,21.05234,21.47763,21.94207,22.36997,22.87655,23.36109,23.94661,24.53892,25.41194,26.78332,28.89484,31.48248
2025-03-24,2025-03-17,ar_garch,5,17.48000,20.01613,True,13.63408,14.89138,16.15799,16.92369,17.57364,18.08414,18.56880,18.95820,19.37889,19.77684,20.14614,20.50079,20.93094,21.29674,21.73580,22.25596,22.72661,23.59935,24.64249,26.62099,28.50325
2025-03-25,2025-03-18,ar_garch,5,17.15000,21.15906,True,15.23353,16.23534,17.28744,18.03282,18.69631,19.21809,19.70318,20.07060,20.47409,20.86843,21.18935,21.52153,21.84549,22.37049,22.76827,23.32088,23.95430,24.76286,25.73095,27.62539,29.29824
2025-03-26,2025-03-19,ar_garch,5,18.33000,19.50844,True,13.46603,14.86381,16.15644,16.86666,17.34895,17.71259,18.12697,18.51428,18.85881,19.19469,19.50236,19.87536,20.32453,20.65897,21.09169,21.60911,22.08819,22.81545,23.74499,25.75534,27.66967
2025-03-27,2025-03-20,ar_garch,5,18.69000,19.32688,True,13.81129,15.03549,16.11261,16.83861,17.33587,17.75222,18.13142,18.49028,18.75354,19.04652,19.37381,19.67930,20.00461,20.38007,20.73776,21.18004,21.61045,22.15291,22.99692,24.60317,25.90651
2025-03-28,2025-03-21,ar_garch,5,21.65000,18.88387,True,13.67958,14.75744,15.90581,16.59282,17.00821,17.42001,17.73692,18.03360,18.34313,18.62932,18.91472,19.20947,19.47736,19.80861,20.14526,20.54773,20.98956,21.63801,22.42973,24.05423,25.31324
2025-03-31,2025-03-24,ar_garch,5,22.28000,17.19852,True,12.56744,13.33289,14.28825,14.91041,15.35478,15.73993,16.02595,16.33888,16.61833,16.88626,17.15104,17.44703,17.76847,18.06863,18.39928,18.77279,19.23844,19.82339,20.56486,22.14132,23.76875
2025-04-01,2025-03-25,ar_garch,5,21.77000,16.87269,True,12.47634,13.24940,14.25831,14.84575,15.22895,15.56095,15.82222,16.11511,16.37025,16.63082,16.90527,17.13284,17.38868,17.65850,17.94399,18.30003,18.77287,19.26951,20.01487,21.26339,22.58051
2025-04-02,2025-03-26,ar_garch,5,21.51000,17.98209,True,13.42238,14.10649,15.08956,15.69590,16.18006,16.54600,16.84743,17.10520,17.39327,17.70485,17.96667,18.28156,18.53766,18.77256,19.14854,19.58535,20.07792,20.67620,21.57960,22.84593,24.43641
2025-04-03,2025-03-27,ar_garch,5,30.02000,18.36916,True,13.69534,14.59742,15.41686,16.01319,16.48573,16.83159,17.13748,17.49439,17.83621,18.08402,18.34511,18.64203,18.91668,19.25544,19.58896,19.99754,20.44075,20.96449,21.85036,23.12846,24.64187
2025-04-04,2025-03-28,ar_garch,5,45.31000,20.97294,True,14.31758,15.61724,16.87867,17.74000,18.34338,18.87365,19.31142,19.81521,20.25463,20.69813,21.04211,21.47392,21.87407,22.27431,22.79113,23.37469,23.93966,24.69359,25.76537,28.09440,30.49675
2025-04-07,2025-03-31,ar_garch,5,46.98000,21.74940,True,15.33349,16.50141,17.83375,18.53893,19.22740,19.72417,20.16338,20.61890,20.99782,21.40203,21.81680,22.17754,22.55886,22.96600,23.45851,23.97977,24.58559,25.42189,26.63121,28.48286,30.75893
2025-04-08,2025-04-01,ar_garch,5,52.33000,21.36167,True,15.31132,16.55823,17.77509,18.52558,19.12074,19.56406,19.97497,20.35879,20.70231,21.00405,21.33641,21.69905,22.12798,22.54785,22.93753,23.38208,23.94697,24.68017,25.65081,27.45674,29.03029
2025-04-09,2025-04-02,ar_garch,5,33.62000,20.91314,True,15.75408,16.60834,17.56402,18.20488,18.80063,19.24351,19.64272,20.01384,20.29802,20.61045,20.93776,21.27591,21.59417,21.92796,22.37222,22.83451,23.27848,23.75485,24.55187,26.23740,28.22386
2025-04-10,2025-04-03,ar_garch,5,40.72000,29.28990,True,15.39263,18.09498,20.76400,22.30570,23.48118,24.55691,25.68683,26.55229,27.40025,28.26469,29.06308,29.98808,30.91410,32.14096,33.40999,34.73910,36.26093,38.40214,41.67451,47.61706,53.89831
2025-04-11,2025-04-04,ar_garch,5,37.56000,43.58663,True,18.15137,21.98107,26.17880,29.49003,32.17764,34.12391,36.26078,37.96950,39.73124,41.81258,43.46534,45.61515,47.88239,50.11173,52.70889,55.90573,59.50836,64.61879,72.18730,85.44908,100.22877
2025-04-14,2025-04-07,ar_garch,5,30.89000,45.56636,True,22.16655,25.35303,29.85009,32.58304,35.08105,36.79471,38.52452,40.47459,42.04273,43.70299,45.50807,47.21869,49.05815,50.99963,52.89019,55.25107,58.74855,62.94287,70.69727,83.07544,98.24630
2025-04-15,2025-04-08,ar_garch,5,30.12000,50.72238,True,25.25778,30.50308,35.41582,38.18166,40.47467,42.20561,44.04260,45.83761,47.59853,49.06372,50.91885,52.63902,54.26185,56.03564,57.96380,60.50600,63.59183,67.80546,73.22453,83.06952,96.39131
2025-04-16,2025-04-09,ar_garch,5,32.64000,34.21453,True,13.88076,17.12970,20.77517,23.45320,25.07076,26.80925,28.26272,29.79368,31.08255,33.02019,34.36377,35.81666,37.61743,39.05718,41.04392,43.41808,46.54708,49.85851,56.18131,67.75787,86.46838
2025-04-17,2025-04-10,ar_garch,5,29.65000,39.11806,True,17.39812,20.82515,24.78461,27.39128,29.60084,31.35652,32.73369,34.27858,35.72909,37.38765,39.08861,40.57306,42.33373,44.10842,46.51061,49.52147,52.28184,56.02355,61.64536,73.80624,88.76564
2025-04-21,2025-04-11,ar_garch,5,33.82000,37.00114,True,18.20356,21.19707,24.69671,27.25410,29.08134,30.60076,31.98462,33.27210,34.45474,35.72286,37.16158,38.49735,39.72301,41.14604,42.53594,44.50074,46.88045,50.62442,54.71916,64.06794,75.83316
2025-04-22,2025-04-14,ar_garch,5,30.57000,30.96143,True,15.73427,18.50528,21.21563,23.07029,24.63833,25.73477,26.97192,27.89759,28.82730,29.94276,30.97771,31.96119,33.09368,34.31022,35.49654,36.94649,38.77261,41.46327,45.73754,52.71006,62.58484
2025-04-23,2025-04-15,ar_garch,5,28.45000,29.40867,True,16.45228,18.42245,21.14294,22.90527,23.98640,24.97794,25.97176,26.88050,27.78864,28.65826,29.50071,30.32783,31.42404,32.45261,33.49597,34.67501,35.83039,38.32479,40.94460,46.00097,52.71909
2025-04-24,2025-04-16,ar_garch,5,26.47000,31.82475,True,18.55040,21.09996,23.68491,25.27655,26.49971,27.57078,28.38483,29.39779,30.23289,31.12869,31.90607,32.84822,33.75909,34.75306,35.67725,37.02161,38.56054,40.34842,42.93367,48.72474,54.02908
2025-04-25,2025-04-17,ar_garch,5,24.84000,29.16246,True,18.29335,20.43403,22.32332,23.66362,24.55693,25.42060,26.18752,27.00792,27.66184,28.41135,29.24291,29.88239,30.60205,31.48349,32.31683,33.17853,34.45410,35.98226,38.07580,41.73539,44.91686
2025-04-28,2025-04-21,ar_garch,5,25.15000,32.72648,True,20.09412,22.71944,25.24141,26.72584,27.90073,28.79654,29.69294,30.39961,31.07642,31.84823,32.57814,33.39067,34.38045,35.19924,36.23753,37.41738,38.67954,40.21612,42.89572,47.34633,52.20007
2025-04-29,2025-04-22,ar_garch,5,24.17000,30.02365,True,18.81681,21.06955,23.17915,24.47215,25.62483,26.40663,27.10511,28.00140,28.72304,29.52077,30.19611,30.79674,31.40378,32.25446,33.31037,34.28201,35.52478,36.92183,38.83413,42.57760,46.07491
2025-04-30,2025-04-23,ar_garch,5,24.70000,28.03304,True,18.57515,20.46540,22.34129,23.48500,24.39692,25.14688,25.80400,26.39293,26.97760,27.51418,28.02537,28.51346,29.03649,29.72719,30.43119,31.23113,32.47250,33.61304,35.19627,38.67842,41.98208
2025-05-01,2025-04-24,ar_garch,5,24.60000,26.06829,True,17.81114,19.34944,20.88589,22.03360,22.80433,23.37349,23.90244,24.41973,25.02059,25.60309,26.04854,26.60145,27.07395,27.67260,28.25777,28.97474,29.90654,30.86520,32.69489,35.16029,37.95495
2025-05-02,2025-04-25,ar_garch,5,22.68000,24.48852,True,17.09791,18.48303,19.77485,20.68309,21.48910,22.08755,22.61780,23.10129,23.52848,23.98065,24.48020,24.98492,25.41715,25.98408,26.50950,27.13318,27.82996,28.72059,30.17229,32.24592,35.41323
2025-05-05,2025-04-28,ar_garch,5,23.64000,24.50516,True,17.73268,18.91475,20.20248,21.01322,21.69506,22.20910,22.72195,23.26539,23.69777,24.06748,24.37423,24.84833,25.26698,25.72580,26.38257,26.89422,27.54200,28.60949,29.92410,32.27998,34.65033
2025-05-06,2025-04-29,ar_garch,5,24.76000,23.71366,True,17.14400,18.40504,19.66687,20.51254,21.16295,21.60319,22.11617,22.56535,22.98054,23.35965,23.73201,24.13381,24.54642,24.97648,25.48262,25.98323,26.62186,27.35841,28.38554,30.43995,32.74339
2025-05-07,2025-04-30,ar_garch,5,23.55000,23.93243,True,17.97288,18.89256,20.09465,20.89124,21.53359,22.01620,22.44370,22.90165,23.28757,23.60868,23.97597,24.32327,24.69559,25.07519,25.47181,26.02374,26.63272,27.49748,28.49047,30.38376,32.55095
2025-05-08,2025-05-01,ar_garch,5,22.48000,24.03883,True,18.34750,19.41766,20.49509,21.15334,21.83119,22.21578,22.61055,22.96043,23.30766,23.65286,23.98698,24.35878,24.77090,25.17340,25.57253,26.00101,26.59328,27.28885,28.27125,29.88817,31.48888
2025-05-09,2025-05-02,ar_garch,5,21.90000,22.37452,True,16.60570,17.76246,18.79014,19.52946,20.08583,20.57821,20.97855,21.27388,21.67162,22.03237,22.34438,22.71270,23.10642,23.53581,23.92829,24.43623,25.03488,25.67381,26.48940,28.31131,30.08901
2025-05-12,2025-05-05,ar_garch,5,18.39000,23.00630,True,17.07382,18.19728,19.62093,20.33274,20.86842,21.27219,21.67952,22.02851,22.35931,22.72948,23.01577,23.32569,23.68836,24.06988,24.58408,25.01869,25.53011,26.10836,27.17434,28.73928,30.46921
2025-05-13,2025-05-06,ar_garch,5,18.22000,24.15368,True,18.22107,19.24957,20.46976,21.19013,21.75345,22.23741,22.68708,23.00929,23.38535,23.74306,24.07544,24.47747,24.91067,25.31581,25.76700,26.31065,26.86470,27.58163,28.57353,30.21021,32.15527
2025-05-14,2025-05-07,ar_garch,5,18.62000,23.15159,True,17.12907,18.34005,19.74463,20.36200,20.90118,21.39027,21.79515,22.19647,22.54528,22.85320,23.20213,23.53779,23.89160,24.26744,24.69518,25.10782,25.70932,26.39766,27.35624,29.01299,30.69183
2025-05-15,2025-05-08,ar_garch,5,17.83000,22.08924,True,16.76289,17.70039,18.77510,19.55078,20.06044,20.45857,20.79073,21.13352,21.48924,21.78067,22.14206,22.45160,22.78294,23.14610,23.49314,23.88157,24.38168,25.00600,25.81092,27.50137,29.41437
2025-05-16,2025-05-09,ar_garch,5,17.24000,21.61208,True,16.40479,17.38240,18.45755,19.03024,19.53406,19.94464,20.28252,20.62498,20.91702,21.24117,21.56953,21.91381,22.23481,22.50321,22.92009,23.35929,23.77941,24.44745,25.58128,27.06305,29.11867
2025-05-19,2025-05-12,ar_garch,5,18.14000,18.11583,True,12.20449,13.33942,14.63042,15.34315,15.86667,16.30579,16.69324,17.07331,17.45808,17.80164,18.13969,18.51556,18.93872,19.32699,19.75343,20.19408,20.68554,21.37942,22.38579,24.05718,25.86743
2025-05-20,2025-05-13,ar_garch,5,18.09000,17.74268,True,12.36589,13.30507,14.43778,15.07351,15.60544,16.11101,16.52610,16.86688,17.17938,17.48614,17.81189,18.12622,18.41498,18.79251,19.18223,19.58759,20.09814,20.75376,21.68572,22.97208,25.52104
2025-05-21,2025-05-14,ar_garch,5,20.87000,18.23982,True,13.14076,14.30494,15.19238,15.73944,16.25622,16.61214,16.93950,17.34391,17.68695,17.93651,18.25803,18.52491,18.79055,19.19426,19.58619,19.98189,20.46911,21.07030,21.85345,23.75595,25.70291
2025-05-22,2025-05-15,ar_garch,5,20.28000,17.49161,True,12.92558,13.66232,14.59038,15.11797,15.57459,15.98945,16.30409,16.60322,16.93388,17.19982,17.43687,17.74454,18.05362,18.40615,18.71433,19.07799,19.52495,20.03339,20.83140,22.38883,24.07800
2025-05-23,2025-05-16,ar_garch,5,22.29000,16.90926,True,12.65130,13.46468,14.31974,14.82563,15.25046,15.58445,15.90769,16.19308,16.45933,16.68869,16.90634,17.15869,17.42601,17.73107,17.99275,18.35623,18.74589,19.25309,19.97165,21.23078,22.20416
2025-05-27,2025-05-19,ar_garch,5,18.96000,17.65349,True,12.97549,14.09739,15.02784,15.53816,15.98579,16.34731,16.63122,16.90195,17.16488,17.39076,17.66037,17.89132,18.17520,18.43494,18.79526,19.22826,19.58498,20.09866,20.79671,22.07721,23.59052
2025-05-28,2025-05-20,ar_garch,5,19.31000,17.62069,True,13.12946,14.04121,14.96132,15.47151,15.89176,16.29610,16.61521,16.90026,17.13965,17.38388,17.65683,17.92219,18.21151,18.51158,18.80369,19.10133,19.49806,19.97871,20.70206,21.99909,23.63033
2025-05-29,2025-05-21,ar_garch,5,19.18000,20.20282,True,13.68035,15.15197,16.36106,17.19436,17.76215,18.19121,18.69255,19.13104,19.51243,19.86962,20.24007,20.58989,21.00606,21.40951,21.92182,22.38604,23.01827,23.74389,24.90517,26.95897,28.85650
2025-05-30,2025-05-22,ar_garch,5,18.57000,19.82457,True,14.41727,15.21740,16.31708,17.14363,17.63887,18.06428,18.45038,18.80004,19.18919,19.50403,19.81354,20.19367,20.49104,20.87860,21.28185,21.71816,22.36814,22.89633,23.97047,25.79869,26.90373
2025-06-02,2025-05-23,ar_garch,5,18.36000,21.81548,True,15.51784,16.76520,17.87143,18.64038,19.31771,19.83384,20.20655,20.64700,21.12496,21.45023,21.80833,22.16334,22.56414,22.95047,23.49122,24.04250,24.60899,25.36263,26.42593,28.08575,29.67347
2025-06-03,2025-05-27,ar_garch,5,17.69000,18.69862,True,12.35206,13.58082,14.79577,15.61444,16.19543,16.65828,17.07740,17.52558,17.92056,18.31423,18.69661,19.05680,19.52618,19.92205,20.36574,20.93851,21.55412,22.46710,23.66223,25.66468,27.91031
2025-06-04,2025-05-28,ar_garch,5,17.61000,18.96073,True,13.20404,14.36814,15.45021,16.19756,16.77441,17.23675,17.57144,17.91109,18.23284,18.55029,18.88580,19.22641,19.61199,19.99337,20.47225,20.96272,21.55686,22.25086,23.37896,25.49340,28.13820
2025-06-05,2025-05-29,ar_garch,5,18.48000,18.76696,True,13.73175,14.58970,15.58675,16.30077,16.72820,17.17991,17.48516,17.81975,18.15419,18.42627,18.73978,19.10540,19.43373,19.77652,20.14839,20.62786,21.11592,21.75431,22.45407,24.19086,25.59470
2025-06-06,2025-05-30,ar_garch,5,16.77000,18.25581,True,13.29899,14.18310,15.13106,15.78067,16.27798,16.65915,16.96840,17.28284,17.55892,17.88362,18.17434,18.46962,18.85198,19.17439,19.59134,20.01582,20.51346,21.03610,21.83604,23.58500,25.51104
2025-06-09,2025-06-02,ar_garch,5,17.16000,18.01830,True,13.47311,14.37759,15.24125,15.76583,16.20541,16.54978,16.86076,17.18223,17.44961,17.74050,17.97664,18.32955,18.64432,18.92733,19.22684,19.66629,20.05134,20.52698,21.12587,22.51109,23.87121
2025-06-10,2025-06-03,ar_garch,5,16.95000,17.39257,True,13.20961,14.01104,14.73841,15.29259,15.77224,16.09548,16.40221,16.63652,16.90294,17.16257,17.42473,17.68496,17.92574,18.15842,18.43271,18.79196,19.19258,19.71281,20.49817,21.59769,22.91599
2025-06-11,2025-06-04,ar_garch,5,17.26000,17.20139,True,12.89629,13.83885,14.59095,15.14852,15.57430,15.97137,16.28282,16.54201,16.79944,17.07304,17.29332,17.55960,17.78175,18.03187,18.31499,18.64830,19.02012,19.44734,19.99860,21.02442,22.15324
2025-06-12,2025-06-05,ar_garch,5,18.02000,17.93065,True,13.49520,14.41757,15.27531,15.83120,16.19853,16.52588,16.79760,17.08570,17.37812,17.65364,17.90733,18.15449,18.44291,18.72434,19.09364,19.44010,19.93494,20.50287,21.16193,22.29703,23.59564
2025-06-13,2025-06-06,ar_garch,5,20.82000,16.57808,True,12.11953,13.00103,13.89862,14.43596,14.87466,15.19955,15.51114,15.75792,16.03160,16.29252,16.54958,16.84016,17.16712,17.45542,17.70646,18.10476,18.56592,19.00802,19.84713,21.10499,22.56896
2025-06-16,2025-06-09,ar_garch,5,19.11000,16.72068,True,12.64169,13.42914,14.16745,14.62537,14.99840,15.39918,15.70490,15.92704,16.16894,16.43859,16.70580,16.95196,17.20606,17.46878,17.81858,18.15427,18.56236,19.12506,19.79200,20.96675,22.33111
2025-06-17,2025-06-10,ar_garch,5,21.60000,16.62263,True,12.62118,13.42931,14.26586,14.71142,15.04723,15.39827,15.65711,15.91881,16.16681,16.36996,16.58470,16.82847,17.09477,17.33297,17.62191,17.94779,18.39312,18.86829,19.53617,20.84057,22.21473
2025-06-18,2025-06-11,ar_garch,5,20.14000,16.81764,True,12.61818,13.52606,14.38987,14.86411,15.22959,15.60375,15.87307,16.10659,16.31647,16.56939,16.78055,17.03191,17.29808,17.56044,17.84505,18.19421,18.55000,19.00026,19.73112,20.84219,22.18907
2025-06-20,2025-06-12,ar_garch,5,20.62000,17.79879,True,13.79505,14.44300,15.26703,15.73166,16.09374,16.38467,16.71406,16.97810,17.23777,17.49242,17.75623,18.02399,18.26453,18.55626,18.90159,19.28428,19.68436,20.03730,20.88730,22.21382,23.77384
2025-06-23,2025-06-13,ar_garch,5,19.83000,20.22743,True,14.42536,15.42366,16.52272,17.18087,17.71986,18.24573,18.62397,19.02802,19.44179,19.87863,20.29842,20.58969,21.01220,21.40945,21.80837,22.30225,22.93639,23.69589,24.83241,26.92516,29.33136
2025-06-24,2025-06-16,ar_garch,5,17.48000,18.89687,True,13.54822,14.57660,15.55280,16.23171,16.70278,17.09500,17.49442,17.82245,18.20748,18.51493,18.87287,19.15232,19.50031,19.87681,20.27381,20.76738,21.36369,22.05226,22.99472,25.04718,26.79502
2025-06-25,2025-06-17,ar_garch,5,16.76000,20.91829,True,14.11182,15.67053,16.82077,17.63762,18.22935,18.75211,19.24642,19.72881,20.10895,20.59262,21.01779,21.46996,21.86931,22.31072,22.70810,23.28288,23.87702,24.65041,25.85314,28.03826,30.24794
2025-06-26,2025-06-18,ar_garch,5,16.59000,19.70169,True,13.61083,15.07455,16.09297,16.89659,17.47250,17.91329,18.25914,18.63981,19.01163,19.36122,19.72748,20.10906,20.44575,20.77536,21.21949,21.69992,22.25146,22.94258,24.03960,26.06205,28.12312
2025-06-27,2025-06-20,ar_garch,5,16.32000,20.12368,True,14.89138,15.75629,16.62733,17.36305,17.91864,18.32850,18.69750,19.03944,19.38927,19.72879,20.02972,20.37277,20.72921,21.13767,21.62103,22.05638,22.65315,23.34606,24.37285,26.10248,27.94316
2025-06-30,2025-06-23,ar_garch,5,16.73000,19.53104,True,14.63731,15.42560,16.48283,17.07221,17.54555,17.93949,18.25771,18.55817,18.85290,19.12199,19.43301,19.78354,20.00493,20.41574,20.77242,21.21789,21.75323,22.46131,23.34874,24.99446,27.02923
2025-07-01,2025-06-24,ar_garch,5,16.83000,17.29097,True,12.22179,13.23985,14.19066,14.76407,15.16771,15.67650,16.05222,16.33999,16.67306,16.97063,17.23238,17.50702,17.81117,18.20197,18.59331,19.06005,19.53256,20.19707,21.06743,22.69055,24.31356
2025-07-02,2025-06-25,ar_garch,5,16.64000,16.37431,True,11.75184,12.71549,13.55354,14.06562,14.50711,14.86387,15.18883,15.49911,15.81046,16.09469,16.36390,16.61823,16.95881,17.30591,17.66883,17.96921,18.41258,18.98770,19.91559,21.39001,22.80606
2025-07-03,2025-06-26,ar_garch,5,16.38000,16.19406,True,11.92678,12.65548,13.57221,14.00606,14.44465,14.87146,15.20861,15.43205,15.73143,15.99928,16.28339,16.51798,16.78343,17.03374,17.35242,17.64566,18.03984,18.60892,19.39828,20.63632,21.95572
2025-07-07,2025-06-27,ar_garch,5,17.79000,16.03485,True,12.08862,12.78156,13.55288,14.05131,14.41296,14.77649,15.05953,15.29243,15.52582,15.76316,16.05776,16.30303,16.51866,16.74491,17.02609,17.38034,17.79702,18.37210,19.05285,20.25826,21.51882
2025-07-08,2025-06-30,ar_garch,5,16.81000,16.35446,True,12.44068,13.11758,13.85949,14.42318,14.79371,15.09956,15.38018,15.60724,15.82277,16.04578,16.27985,16.53749,16.78341,17.07284,17.41894,17.73176,18.13379,18.63546,19.18091,20.44938,21.88043
2025-07-09,2025-07-01,ar_garch,5,15.94000,16.46087,True,12.46277,13.14935,13.98354,14.48451,14.98750,15.26657,15.54489,15.73668,15.96887,16.17407,16.42325,16.67018,16.92895,17.18536,17.49822,17.79462,18.17527,18.63212,19.31695,20.48172,21.97644
2025-07-10,2025-07-02,ar_garch,5,15.78000,16.22784,True,12.49600,13.24926,13.97666,14.41620,14.79727,15.06449,15.32772,15.53380,15.76436,15.98754,16.20641,16.43953,16.70876,16.94538,17.20087,17.51340,17.86104,18.28452,18.87603,19.94792,21.17479
2025-07-11,2025-07-03,ar_garch,5,16.40000,16.00021,True,12.38411,13.01102,13.72487,14.19745,14.54830,14.86542,15.10605,15.34850,15.60102,15.81612,16.02585,16.25595,16.47293,16.76066,16.96705,17.21690,17.64197,18.01426,18.64986,19.64914,20.47954
2025-07-14,2025-07-07,ar_garch,5,17.20000,17.30310,True,12.85964,13.63994,14.52799,15.15371,15.54152,15.90315,16.22826,16.56753,16.81628,17.07369,17.30895,17.57605,17.87154,18.15627,18.50887,18.81941,19.26831,19.88818,20.64123,21.67288,23.14446
2025-07-15,2025-07-08,ar_garch,5,17.38000,16.45511,True,12.21538,13.09254,13.87225,14.38690,14.77546,15.19195,15.46005,15.73021,16.01860,16.28655,16.52324,16.72473,16.94660,17.25293,17.62848,17.89650,18.37852,18.80103,19.51925,20.73704,21.96050
2025-07-16,2025-07-09,ar_garch,5,17.16000,15.66964,True,11.87508,12.47555,13.21727,13.63418,14.05368,14.35835,14.65610,14.92463,15.14928,15.39569,15.64191,15.88175,16.11569,16.41618,16.70515,16.97931,17.44183,17.89983,18.64757,19.77612,21.18454
2025-07-17,2025-07-10,ar_garch,5,16.52000,15.39874,True,11.77939,12.32728,13.02619,13.52231,13.91811,14.16362,14.44500,14.71551,14.96813,15.21243,15.44750,15.64866,15.87925,16.10050,16.39379,16.73989,17.07197,17.47771,18.16958,19.04821,20.06704
2025-07-18,2025-07-11,ar_garch,5,16.41000,15.93890,True,11.97889,12.91809,13.65941,14.11324,14.49644,14.81105,15.04569,15.29054,15.52729,15.73067,15.93349,16.18550,16.43118,16.68359,16.97442,17.25769,17.64864,18.02144,18.69502,19.66936,20.75622
2025-07-21,2025-07-14,ar_garch,5,16.65000,16.79608,True,12.90785,13.59915,14.33250,14.82650,15.18910,15.51512,15.77060,16.04289,16.30639,16.56737,16.76971,17.01416,17.33096,17.58681,17.84842,18.20542,18.54786,19.07111,19.68395,20.93961,22.05289
2025-07-22,2025-07-15,ar_garch,5,16.50000,16.92826,True,12.89400,13.61758,14.40467,14.95030,15.32599,15.65443,15.94671,16.23390,16.50584,16.75974,16.94658,17.19082,17.43687,17.70916,18.04042,18.30186,18.67091,19.19758,19.94931,20.91225,21.80235
2025-07-23,2025-07-16,ar_garch,5,15.37000,16.79794,True,12.66365,13.53178,14.28008,14.85118,15.26658,15.58734,15.84702,16.10213,16.34039,16.61000,16.84033,17.05900,17.36622,17.59030,17.90279,18.23447,18.57793,19.02246,19.57782,20.51370,21.62923
2025-07-24,2025-07-17,ar_garch,5,15.39000,16.11055,True,12.27752,13.11283,13.77436,14.23938,14.56308,14.92229,15.18761,15.46522,15.69734,15.91645,16.11798,16.37646,16.62127,16.88646,17.16486,17.46212,17.82231,18.25175,18.78239,19.69476,20.79643
2025-07-25,2025-07-18,ar_garch,5,14.93000,16.07118,True,12.30461,13.12840,13.80303,14.25179,14.57923,14.88651,15.14381,15.42725,15.62462,15.82744,16.03285,16.24330,16.47131,16.71685,16.99132,17.29976,17.62047,18.03522,18.73834,19.90059,21.05699
2025-07-28,2025-07-21,ar_garch,5,15.03000,16.25309,True,12.66639,13.17771,13.98656,14.41021,14.78221,15.03787,15.33667,15.60723,15.83713,16.05754,16.26953,16.46202,16.72502,16.90754,17.18299,17.46919,17.81038,18.29026,18.91467,19.87822,21.17483
2025-07-29,2025-07-22,ar_garch,5,15.98000,16.12978,True,12.27368,13.08843,13.86656,14.35627,14.73291,15.00061,15.23797,15.47123,15.67652,15.88870,16.09941,16.32786,16.53510,16.78699,17.03612,17.34911,17.68984,18.15427,18.78101,19.82118,21.03184
2025-07-30,2025-07-23,ar_garch,5,15.48000,15.14468,True,11.28956,12.18400,13.01833,13.50774,13.81425,14.05309,14.29523,14.54938,14.74450,14.94826,15.17769,15.41477,15.66242,15.87976,16.12737,16.37906,16.70650,17.12964,17.67414,18.66163,19.70957
2025-07-31,2025-07-24,ar_garch,5,16.72000,15.05538,True,11.45226,12.19939,12.88264,13.32607,13.63031,13.93220,14.17579,14.40235,14.59945,14.80787,15.05022,15.22913,15.45944,15.68305,15.94373,16.22491,16.51227,16.92300,17.63049,18.56249,19.77518
2025-08-01,2025-07-25,ar_garch,5,20.38000,14.64416,True,11.24433,11.82147,12.63297,12.99266,13.34558,13.58866,13.80541,14.00404,14.20211,14.39228,14.61387,14.84365,15.04861,15.27361,15.51724,15.80120,16.11960,16.54659,17.04613,17.85577,18.98023
2025-08-04,2025-07-28,ar_garch,5,17.52000,14.75513,True,11.33054,11.96298,12.76815,13.16122,13.44398,13.69724,13.96081,14.17230,14.35341,14.54279,14.76870,14.96669,15.16561,15.41279,15.64594,15.90978,16.21220,16.68220,17.25288,18.22363,19.16519
2025-08-05,2025-07-29,ar_garch,5,17.85000,15.57089,True,11.82650,12.41646,13.23730,13.71989,14.10548,14.44101,14.70105,14.94240,15.16280,15.39934,15.62883,15.87229,16.08442,16.34802,16.60472,16.92331,17.24753,17.66483,18.31125,19.25249,20.32481
2025-08-06,2025-07-30,ar_garch,5,16.77000,15.17888,True,11.75071,12.39238,13.03428,13.47105,13.77774,14.07251,14.32830,14.55240,14.77544,14.96790,15.16097,15.35694,15.55877,15.83106,16.10223,16.35554,16.68455,17.12611,17.61088,18.75635,19.81774
2025-08-07,2025-07-31,ar_garch,5,16.57000,16.21948,True,12.01122,12.84800,13.64917,14.11857,14.56872,14.93956,15.21545,15.52251,15.79799,16.04978,16.27494,16.51382,16.77167,17.03428,17.29847,17.61435,17.96897,18.48804,19.25234,20.44596,21.87824
2025-08-08,2025-08-01,ar_garch,5,15.15000,19.69506,True,12.46770,13.82930,15.30771,16.20206,16.94148,17.42918,18.04283,18.46616,18.86593,19.30080,19.71557,20.12848,20.57063,21.03924,21.61122,22.21820,22.98546,23.84914,25.24581,27.45642,30.40361
2025-08-11,2025-08-04,ar_garch,5,16.25000,17.34818,True,10.91311,12.30440,13.53914,14.29520,14.90691,15.34498,15.84575,16.19922,16.58444,16.99934,17.30888,17.68983,18.11153,18.58418,19.09107,19.65294,20.27970,21.29161,22.58305,24.66434,26.80450
2025-08-12,2025-08-05,ar_garch,5,14.73000,17.56596,True,11.95461,12.87166,14.18459,14.81231,15.24222,15.77454,16.21536,16.61348,16.93758,17.20537,17.56116,17.90254,18.31071,18.63553,19.07534,19.54690,20.12386,20.83240,21.95637,23.85893,25.80348
2025-08-13,2025-08-06,ar_garch,5,14.49000,16.36833,True,11.47294,12.51916,13.48289,14.04709,14.44814,14.76439,15.09341,15.41007,15.70253,15.99772,16.29797,16.65214,16.97128,17.31433,17.69871,18.11742,18.49660,19.02335,19.80803,21.33427,23.63174
2025-08-14,2025-08-07,ar_garch,5,14.83000,16.27227,True,11.77990,12.44665,13.24309,13.81174,14.30638,14.71565,15.07324,15.36788,15.65611,15.94480,16.21735,16.53871,16.83750,17.15770,17.44699,17.88331,18.42003,19.02062,19.93254,21.43702,23.31038
2025-08-15,2025-08-08,ar_garch,5,15.09000,14.90294,True,10.84396,11.41335,12.29990,12.76136,13.21189,13.50650,13.80506,14.09378,14.34971,14.62439,14.87251,15.17553,15.43000,15.76886,16.06416,16.39667,16.79061,17.36821,18.05575,19.42677,21.18958
2025-08-18,2025-08-11,ar_garch,5,14.99000,15.80913,True,11.42265,12.30163,13.05276,13.60940,14.09926,14.42746,14.75518,15.02191,15.30084,15.58593,15.84474,16.09966,16.39932,16.65492,16.94226,17.29689,17.70159,18.27741,19.05674,20.31908,22.18695
2025-08-19,2025-08-12,ar_garch,5,15.57000,14.45492,True,10.45222,11.13028,11.93431,12.40091,12.81593,13.12138,13.40922,13.69312,13.94011,14.20545,14.45345,14.69888,15.00600,15.28739,15.56216,15.87983,16.26617,16.74767,17.46610,18.79792,20.26274
2025-08-20,2025-08-13,ar_garch,5,15.69000,14.06430,True,9.93122,10.95566,11.71688,12.29874,12.67478,12.98874,13.22029,13.43876,13.69155,13.91523,14.13469,14.32880,14.54328,14.78804,15.05296,15.39542,15.73905,16.20740,16.91600,17.89812,18.89920
2025-08-21,2025-08-14,ar_garch,5,16.60000,14.46107,True,10.95281,11.51793,12.12517,12.57525,12.96534,13.24062,13.54289,13.78273,13.98709,14.23884,14.44714,14.66575,14.90150,15.14257,15.41735,15.70934,16.09136,16.51689,17.13835,18.25357,19.45917
2025-08-22,2025-08-15,ar_garch,5,14.22000,14.77569,True,10.97030,11.82202,12.55694,13.07380,13.38196,13.65539,13.94024,14.15114,14.31550,14.55494,14.80284,15.00231,15.25664,15.47670,15.72740,16.05482,16.37113,16.76126,17.32823,18.25684,19.42436
2025-08-25,2025-08-18,ar_garch,5,14.79000,14.65901,True,11.22652,11.83490,12.45829,12.91670,13.26344,13.53718,13.78160,13.96086,14.16969,14.40005,14.59287,14.80614,15.02452,15.26249,15.51311,15.82289,16.22914,16.76505,17.24646,18.33339,19.44256
2025-08-26,2025-08-19,ar_garch,5,14.62000,15.16416,True,11.48809,12.34823,13.01780,13.39721,13.71505,14.03831,14.26891,14.51288,14.71276,14.91250,15.14179,15.32747,15.58097,15.80188,16.14142,16.44971,16.81683,17.19096,17.77357,18.71590,19.78970
2025-08-27,2025-08-20,ar_garch,5,14.85000,15.38852,True,11.74241,12.45729,13.19699,13.65315,13.95882,14.29788,14.52585,14.73634,14.98797,15.20146,15.39440,15.59209,15.84126,16.07044,16.29716,16.59077,16.94795,17.37043,17.96268,19.12492,20.10711
2025-08-28,2025-08-21,ar_garch,5,14.43000,16.17055,True,12.23478,12.93711,13.68582,14.27638,14.60940,14.97635,15.23581,15.47483,15.70646,15.93498,16.21337,16.44015,16.71741,16.99281,17.28051,17.59564,17.92695,18.42328,19.04664,20.07760,21.30450
2025-08-29,2025-08-22,ar_garch,5,15.36000,14.06805,True,9.84764,10.71458,11.48532,11.96165,12.43164,12.76425,13.00477,13.26640,13.53953,13.75054,14.05400,14.35922,14.63313,14.90593,15.25592,15.64085,16.09251,16.59162,17.31934,18.63836,20.30403
2025-09-02,2025-08-25,ar_garch,5,17.17000,14.45762,True,10.40369,11.22054,11.94008,12.41630,12.88907,13.20740,13.48243,13.70581,13.93445,14.21060,14.43892,14.69896,14.93294,15.23591,15.52750,15.86328,16.25870,16.65806,17.30199,18.73193,20.10152
2025-09-03,2025-08-26,ar_garch,5,16.35000,14.34092,True,10.32760,11.22342,11.96081,12.46552,12.82576,13.09646,13.36852,13.63238,13.88032,14.12440,14.36815,14.62601,14.88065,15.12325,15.38548,15.72023,16.07281,16.53688,17.23209,18.52565,19.56997
2025-09-04,2025-08-27,ar_garch,5,15.30000,14.45509,True,10.68017,11.36929,12.12040,12.68972,13.10754,13.38907,13.65443,13.86559,14.07133,14.24706,14.42892,14.68866,14.91599,15.13183,15.39018,15.65941,16.05275,16.48402,17.15296,18.16805,19.63778
2025-09-05,2025-08-28,ar_garch,5,15.18000,14.09948,True,10.66664,11.24626,11.98154,12.46634,12.81198,13.06444,13.32367,13.52528,13.71941,13.90318,14.10102,14.32073,14.50592,14.74259,14.97532,15.20731,15.50525,15.89244,16.44707,17.55479,18.70628
2025-09-08,2025-08-29,ar_garch,5,15.11000,14.95356,True,11.11187,11.76292,12.59164,13.03460,13.38898,13.73435,14.06434,14.30239,14.54530,14.75400,15.00403,15.20986,15.44144,15.67829,15.93720,16.26186,16.57110,17.01229,17.73509,18.85772,19.69469
2025-09-09,2025-09-02,ar_garch,5,15.04000,16.58487,True,11.74407,12.63038,13.60931,14.24719,14.65755,15.07905,15.44765,15.80361,16.09062,16.36359,16.65414,16.88847,17.22647,17.53208,17.82828,18.19740,18.62619,19.19531,20.07869,21.54689,22.96573
2025-09-10,2025-09-03,ar_garch,5,15.35000,16.05678,True,11.84527,12.64037,13.47566,13.98832,14.32996,14.65559,14.98244,15.26156,15.54473,15.84947,16.06999,16.34637,16.59632,16.85624,17.14450,17.54087,17.93774,18.51492,19.25312,20.48991,21.62412
2025-09-11,2025-09-04,ar_garch,5,14.71000,15.03099,True,10.93689,11.72958,12.56917,13.03026,13.42362,13.75183,14.02829,14.26355,14.50746,14.77261,15.05322,15.30344,15.58335,15.87421,16.14609,16.45295,16.81846,17.26303,17.94078,19.15933,20.72959
2025-09-12,2025-09-05,ar_garch,5,14.76000,14.83188,True,11.29913,11.76174,12.53306,12.91742,13.30245,13.60640,13.91268,14.17573,14.38205,14.59660,14.82002,15.06024,15.27441,15.50131,15.78830,16.06815,16.48223,16.97941,17.46323,18.54071,19.74873
2025-09-15,2025-09-08,ar_garch,5,15.69000,14.79901,True,11.07711,11.76014,12.51677,12.96801,13.26901,13.54365,13.77569,14.02114,14.25196,14.49539,14.75816,15.03040,15.27276,15.49815,15.75802,16.04252,16.47267,16.86008,17.49015,18.61954,20.18854
2025-09-16,2025-09-09,ar_garch,5,16.36000,14.68605,True,11.15156,11.90382,12.66475,13.09022,13.38748,13.63775,13.86167,14.09700,14.30366,14.53589,14.73895,14.93243,15.13444,15.33650,15.60562,15.85963,16.21212,16.61814,17.17208,18.04151,18.70144
2025-09-17,2025-09-10,ar_garch,5,15.72000,14.95501,True,11.30510,11.98872,12.76880,13.25689,13.59511,13.88362,14.11725,14.34949,14.52651,14.74399,14.94561,15.14598,15.35685,15.60940,15.86944,16.14160,16.49233,16.86645,17.42915,18.56367,20.17879
2025-09-18,2025-09-11,ar_garch,5,15.70000,14.36825,True,10.77035,11.61533,12.23648,12.67729,13.01040,13.31700,13.58436,13.81944,14.00719,14.19472,14.37878,14.57545,14.79711,15.02745,15.27643,15.53730,15.85940,16.30003,16.84566,17.67472,18.84131
2025-09-19,2025-09-12,ar_garch,5,15.45000,14.38308,True,10.86696,11.67017,12.38804,12.78282,13.06016,13.33506,13.57822,13.78497,13.97870,14.18655,14.38318,14.58218,14.81296,15.04897,15.30669,15.55798,15.80736,16.22204,16.75684,17.68328,18.67267
2025-09-22,2025-09-15,ar_garch,5,16.10000,15.29572,True,11.44902,12.30372,13.04564,13.54896,13.82964,14.11654,14.35372,14.60985,14.81962,15.03931,15.28534,15.51009,15.72669,15.96801,16.26548,16.57870,16.93889,17.41891,17.98841,19.01302,20.14586
2025-09-23,2025-09-16,ar_garch,5,16.64000,16.02872,True,12.13305,12.94893,13.70142,14.14289,14.50206,14.82277,15.08893,15.32880,15.56540,15.77582,16.02277,16.26489,16.51207,16.77980,17.02276,17.35448,17.68897,18.17591,18.80813,19.89169,20.81036
2025-09-24,2025-09-17,ar_garch,5,16.18000,15.41008,True,11.88516,12.46663,13.08574,13.65190,13.96441,14.23640,14.49744,14.75184,14.97228,15.18864,15.38848,15.63015,15.89893,16.13328,16.42672,16.74537,17.04591,17.40608,18.01055,18.96628,19.89867
2025-09-25,2025-09-18,ar_garch,5,16.74000,15.24714,True,11.43782,12.28555,13.09485,13.47747,13.81661,14.12641,14.40095,14.62629,14.82865,15.03576,15.21485,15.43049,15.67988,15.89078,16.18112,16.50544,16.84310,17.31724,17.93380,19.04686,19.97313
2025-09-26,2025-09-19,ar_garch,5,15.29000,15.14358,True,11.43771,12.25581,12.96140,13.38066,13.78423,14.05135,14.29783,14.52367,14.71630,14.94692,15.15091,15.38084,15.63372,15.84977,16.09871,16.34249,16.63085,17.06536,17.69523,18.63014,19.88400
2025-09-29,2025-09-22,ar_garch,5,16.12000,15.69577,True,12.01944,12.70335,13.39045,13.88381,14.24420,14.55682,14.81263,15.07717,15.28154,15.51293,15.70030,15.92665,16.16215,16.40541,16.67083,16.98558,17.30818,17.74630,18.30840,19.31984,20.17700
2025-09-30,2025-09-23,ar_garch,5,16.28000,16.23503,True,12.22702,13.16595,13.95930,14.38982,14.79487,15.05131,15.26613,15.50068,15.76907,16.03181,16.20791,16.47322,16.70056,16.93028,17.20028,17.52893,17.88332,18.35408,19.02703,20.13798,21.31648
2025-10-01,2025-09-24,ar_garch,5,16.29000,15.86104,True,12.15508,12.85910,13.69462,14.08227,14.43024,14.72740,14.93782,15.17382,15.44463,15.67583,15.85699,16.05231,16.29095,16.49648,16.76360,17.05428,17.46715,17.90024,18.48637,19.52862,20.57251
2025-10-02,2025-09-25,ar_garch,5,16.63000,16.31131,True,12.22701,13.19464,13.94470,14.44783,14.78775,15.05742,15.39804,15.65892,15.88990,16.13170,16.32841,16.58207,16.82971,17.10400,17.35489,17.65556,18.02726,18.52598,19.06761,19.97219,21.08962
2025-10-03,2025-09-26,ar_garch,5,16.65000,15.05609,True,11.17231,11.95171,12.72296,13.20853,13.55093,13.83485,14.15685,14.40195,14.64679,14.89118,15.14109,15.34606,15.61338,15.84348,16.08415,16.42575,16.73099,17.24766,17.86792,18.97433,20.05217
2025-10-06,2025-09-29,ar_garch,5,16.37000,15.82246,True,11.92887,12.63925,13.31786,13.83914,14.22888,14.50028,14.77709,15.05824,15.29365,15.56549,15.81427,16.09876,16.34729,16.58267,16.86368,17.18383,17.59736,18.04219,18.64632,20.00840,21.84791
2025-10-07,2025-09-30,ar_garch,5,17.24000,15.83557,True,12.10413,12.73833,13.43317,13.91970,14.35834,14.63902,14.92373,15.13574,15.34774,15.55685,15.81212,16.08438,16.31812,16.58142,16.88697,17.19201,17.48507,18.05718,18.70857,19.90072,20.97132
2025-10-08,2025-10-01,ar_garch,5,16.30000,15.85825,True,12.12213,12.98716,13.57792,14.09441,14.35853,14.61876,14.88453,15.15124,15.38147,15.59668,15.77907,16.06696,16.29762,16.51377,16.85023,17.13908,17.49262,17.89753,18.49460,19.56292,20.63344
2025-10-09,2025-10-02,ar_garch,5,16.43000,16.26590,True,12.56931,13.16409,13.85266,14.36954,14.73419,15.02504,15.33795,15.57194,15.84479,16.06870,16.31582,16.53989,16.72060,16.95500,17.21912,17.54782,17.89122,18.30573,18.98343,20.11756,21.29632
2025-10-10,2025-10-03,ar_garch,5,21.66000,16.22929,True,12.13011,13.04436,13.91879,14.40394,14.74166,15.05595,15.27601,15.53539,15.78512,16.01103,16.21520,16.48008,16.70060,16.97196,17.27396,17.58376,17.91856,18.40329,19.07147,20.18831,21.55043
2025-10-13,2025-10-06,ar_garch,5,19.03000,16.04810,True,12.45890,13.25771,13.95103,14.37166,14.68859,14.93047,15.17661,15.40363,15.59532,15.79550,15.99682,16.23228,16.45617,16.69614,16.95277,17.23184,17.57927,18.01062,18.67774,19.75691,20.59745
2025-10-14,2025-10-07,ar_garch,5,20.81000,16.86195,True,12.84004,13.58660,14.40259,14.94656,15.31909,15.67349,15.91339,16.12353,16.39315,16.60758,16.85250,17.08546,17.31786,17.60079,17.87686,18.17686,18.54446,18.91525,19.69061,20.89021,22.30168
2025-10-15,2025-10-08,ar_garch,5,20.64000,16.03794,True,12.14379,12.88346,13.81171,14.23974,14.63872,14.89721,15.13226,15.36434,15.59148,15.76798,15.97595,16.19865,16.47959,16.73082,16.98554,17.27024,17.58216,18.12144,18.73075,19.74610,21.05350
2025-10-16,2025-10-09,ar_garch,5,25.31000,16.10355,True,12.18627,12.98854,13.75821,14.27577,14.62783,14.92533,15.17417,15.38403,15.64731,15.89919,16.14695,16.38230,16.59420,16.81274,17.08641,17.39924,17.78605,18.15513,18.85741,19.95730,21.05059
2025-10-17,2025-10-10,ar_garch,5,20.78000,20.63370,True,11.86629,13.56055,15.21452,16.37678,17.23273,17.87302,18.54777,19.05248,19.56199,20.14269,20.78710,21.35226,21.91267,22.56707,23.23969,24.05604,25.11143,26.29527,27.98125,31.28535,34.08303
2025-10-20,2025-10-13,ar_garch,5,18.23000,18.73761,True,11.50667,12.75516,14.21539,15.10990,15.75835,16.29531,16.91003,17.41903,17.86773,18.32724,18.78233,19.28654,19.70450,20.24855,20.78416,21.38501,22.21025,23.21200,24.39536,27.40734,30.78938
2025-10-21,2025-10-14,ar_garch,5,17.87000,20.17951,True,12.93951,14.39110,15.75238,16.64061,17.31352,17.87511,18.38013,18.88101,19.33065,19.79975,20.21598,20.66229,21.09238,21.64242,22.06946,22.67851,23.37449,24.27064,25.99093,29.00170,32.14813
2025-10-22,2025-10-15,ar_garch,5,18.60000,20.32852,True,13.50432,14.84767,16.19805,16.95503,17.55431,18.11319,18.56498,18.94539,19.42415,19.92949,20.32682,20.70698,21.06331,21.53406,22.15626,22.69808,23.61781,24.30959,25.62873,27.78871,30.63801
2025-10-23,2025-10-16,ar_garch,5,17.30000,24.36447,True,14.36353,16.89649,18.42108,19.64238,20.57388,21.29186,21.87240,22.44009,23.09972,23.76483,24.42849,25.00723,25.63229,26.29743,27.04542,27.97956,29.00373,30.20972,32.07111,35.29949,39.08864
2025-10-24,2025-10-17,ar_garch,5,16.37000,20.68176,True,12.65039,13.93978,15.48748,16.35264,17.11866,17.77294,18.46935,18.96577,19.65631,20.20084,20.72450,21.24283,21.78778,22.48763,23.20880,23.95330,24.84246,26.17468,27.86332,30.76990,34.08445
2025-10-27,2025-10-20,ar_garch,5,15.79000,17.93514,True,10.73559,11.98853,13.36436,14.19246,14.89483,15.48307,16.02539,16.51662,16.94153,17.44585,17.94211,18.36975,18.92921,19.44573,20.16819,20.87299,21.64238,22.62540,23.83956,25.93535,28.95941
2025-10-28,2025-10-21,ar_garch,5,16.42000,17.45128,True,11.43154,12.51404,13.60132,14.31440,14.95722,15.44431,15.85050,16.26149,16.62737,17.05630,17.42491,17.78033,18.26708,18.72728,19.18632,19.74426,20.41409,21.29247,22.69417,24.63667,27.31493
2025-10-29,2025-10-22,ar_garch,5,16.92000,18.15259,True,12.11437,13.21099,14.48640,15.28689,15.77731,16.30883,16.70363,17.05407,17.39218,17.72258,18.09487,18.52318,18.93433,19.32220,19.84124,20.38997,21.03339,21.65387,22.61104,24.62349,26.79978
2025-10-30,2025-10-23,ar_garch,5,16.91000,16.89336,True,11.67468,12.56842,13.65288,14.28999,14.77878,15.26453,15.63403,16.02399,16.31471,16.64598,16.93315,17.21758,17.56317,17.97560,18.31822,18.79454,19.32387,19.85255,20.71691,22.47033,24.73930
2025-10-31,2025-10-24,ar_garch,5,17.44000,16.03251,True,11.33295,12.03488,13.09267,13.75695,14.16483,14.58665,14.96760,15.23429,15.54368,15.81181,16.08649,16.37308,16.64060,16.95570,17.30536,17.68159,18.14676,18.79693,19.72786,21.00529,22.61739
2025-11-03,2025-10-27,ar_garch,5,17.17000,15.45060,True,10.99128,11.97927,12.80456,13.30717,13.65160,14.01461,14.31106,14.57952,14.88975,15.16692,15.40215,15.69990,15.95518,16.26557,16.57769,16.93515,17.43641,17.98700,18.68183,20.22299,22.57069
2025-11-04,2025-10-28,ar_garch,5,19.00000,16.06545,True,11.33012,12.39201,13.39230,13.93029,14.35710,14.72952,15.00434,15.27895,15.56557,15.83006,16.08678,16.37306,16.64404,16.93607,17.26640,17.60400,18.05521,18.51304,19.22159,20.40698,22.30039
2025-11-05,2025-10-29,ar_garch,5,18.01000,16.51047,True,12.27794,12.94672,13.89540,14.39619,14.87336,15.15865,15.49302,15.76256,16.00787,16.22988,16.46546,16.73412,16.95859,17.21635,17.57379,17.89134,18.30440,18.89382,19.63529,20.96360,22.75612
2025-11-06,2025-10-30,ar_garch,5,19.50000,16.53715,True,12.67125,13.35774,13.97606,14.47547,14.93493,15.24203,15.50341,15.75128,15.99721,16.22287,16.46537,16.69389,16.96429,17.22270,17.58865,17.97041,18.39167,18.82075,19.44817,20.67422,22.10085
2025-11-07,2025-10-31,ar_garch,5,19.08000,17.02221,True,12.65514,13.58408,14.49988,14.98235,15.42751,15.73441,16.01931,16.30584,16.52136,16.76292,17.02984,17.26670,17.52320,17.80535,18.13648,18.41086,18.74538,19.19587,20.01028,21.39680,22.98903
2025-11-10,2025-11-03,ar_garch,5,17.60000,16.78998,True,12.58704,13.51201,14.41014,14.92792,15.23611,15.47712,15.78960,16.09281,16.34181,16.57286,16.79770,17.05060,17.26628,17.54266,17.86948,18.16642,18.50010,18.97966,19.56695,20.81210,22.13330
2025-11-11,2025-11-04,ar_garch,5,17.28000,18.49903,True,13.73626,14.64971,15.43988,16.02632,16.49154,16.90783,17.31038,17.69097,18.01493,18.28649,18.53704,18.78315,19.03000,19.34283,19.72165,20.14630,20.66386,21.17301,21.95641,23.35139,25.13731
2025-11-12,2025-11-05,ar_garch,5,17.51000,17.71192,True,12.80639,13.84095,14.84565,15.42774,15.91601,16.28216,16.54286,16.86925,17.16825,17.43085,17.72684,17.99568,18.28678,18.63442,18.97166,19.32522,19.76890,20.35669,21.15530,22.27911,23.81584
2025-11-13,2025-11-06,ar_garch,5,20.00000,19.08437,True,13.92036,14.86952,15.81007,16.52424,17.11164,17.50903,17.90042,18.26653,18.59163,18.84257,19.12458,19.41190,19.74386,20.07588,20.40974,20.84107,21.31012,21.79915,22.57842,24.30014,26.41662
2025-11-14,2025-11-07,ar_garch,5,19.83000,18.72036,True,14.05375,14.80040,15.78674,16.36607,16.88599,17.20686,17.50160,17.83372,18.09775,18.44112,18.68604,18.96999,19.26305,19.55939,19.90843,20.27382,20.72125,21.29964,22.08450,23.75004,25.05880
2025-11-17,2025-11-10,ar_garch,5,22.38000,17.34703,True,12.62319,13.62770,14.56604,15.14257,15.58798,15.90646,16.25291,16.53964,16.82364,17.11835,17.36950,17.61108,17.90398,18.21908,18.54151,18.97504,19.43127,19.98054,20.79710,22.19644,23.59981
2025-11-18,2025-11-11,ar_garch,5,24.69000,17.00155,True,12.85417,13.58850,14.45483,14.97563,15.30075,15.64891,15.90531,16.19967,16.45960,16.73721,16.98867,17.26156,17.53927,17.84685,18.13184,18.44244,18.79963,19.36283,20.02288,21.39196,22.71320
2025-11-19,2025-11-12,ar_garch,5,23.66000,17.11634,True,12.91848,13.67828,14.56814,15.09287,15.43445,15.78477,16.08957,16.36843,16.67523,16.88981,17.07899,17.34453,17.56584,17.86659,18.14176,18.48362,18.91109,19.46078,20.16106,21.49245,22.99954
2025-11-20,2025-11-13,ar_garch,5,26.42000,19.47304,True,13.98199,14.90855,15.81353,16.63832,17.20480,17.67081,18.04010,18.39411,18.78060,19.08792,19.42650,19.79189,20.13559,20.54611,20.94133,21.37392,22.02278,22.67518,23.56678,25.88134,27.55884
2025-11-21,2025-11-14,ar_garch,5,23.43000,19.46634,True,13.76395,15.08529,16.28999,16.85831,17.39164,17.84326,18.22632,18.53331,18.84075,19.16195,19.50059,19.80477,20.23623,20.60006,20.90049,21.32455,21.87364,22.53398,23.55747,25.21019,26.76988
2025-11-24,2025-11-17,ar_garch,5,20.52000,21.81985,True,14.93218,16.21795,17.54619,18.40072,19.08256,19.61384,20.10033,20.52353,20.98090,21.42662,21.80494,22.16477,22.55393,23.16268,23.73635,24.24226,24.82922,25.71537,27.05323,29.14651,31.27347
2025-11-25,2025-11-18,ar_garch,5,18.56000,24.08829,True,16.67842,17.95161,19.58362,20.61755,21.30323,21.79251,22.26174,22.74747,23.18188,23.58185,24.02363,24.48252,25.01401,25.53514,26.08242,26.69635,27.44350,28.37624,29.67069,32.08874,34.16234
2025-11-26,2025-11-19,ar_garch,5,17.19000,23.24757,True,16.93514,18.04948,19.15547,19.88026,20.50432,21.00808,21.50748,21.95485,22.40886,22.78745,23.18430,23.59370,23.98886,24.48655,24.96476,25.51824,26.25484,27.04584,28.29087,30.44934,32.98817
2025-11-28,2025-11-20,ar_garch,5,16.35000,25.69597,True,17.77485,19.24321,20.81836,21.86687,22.57340,23.22810,23.77737,24.37215,24.84129,25.26873,25.76018,26.33331,26.78726,27.32175,27.88894,28.49615,29.16263,30.10829,31.47814,34.05947,37.49872
2025-12-01,2025-11-21,ar_garch,5,17.24000,23.02211,True,15.74543,17.11651,18.51974,19.36503,20.13757,20.74370,21.27173,21.72450,22.17375,22.56853,22.98589,23.41671,23.93190,24.41729,25.02154,25.67885,26.39558,27.20816,28.50280,30.83752,33.95552
2025-12-02,2025-11-24,ar_garch,5,16.59000,20.29509,True,13.70798,14.82980,16.19636,16.94945,17.61692,18.07849,18.58137,18.99002,19.36517,19.79522,20.23752,20.66278,21.06963,21.54215,21.99212,22.71767,23.44587,24.30195,25.62703,27.60144,30.46473
2025-12-03,2025-11-25,ar_garch,5,16.08000,18.27955,True,12.44920,13.31723,14.57174,15.30873,15.87559,16.37173,16.83854,17.19649,17.59522,17.92855,18.31476,18.65839,18.96665,19.42793,19.94256,20.47438,21.03997,21.79346,22.81196,24.57783,26.88364
2025-12-04,2025-11-26,ar_garch,5,15.78000,16.94734,True,11.69106,12.70921,13.67521,14.29312,14.72640,15.16315,15.52397,15.90464,16.19389,16.56173,16.91021,17.20272,17.59599,17.97028,18.30680,18.76879,19.31182,20.00000,20.98533,22.77075,24.67517
2025-12-05,2025-11-28,ar_garch,5,15.41000,16.07595,True,11.45711,12.33146,13.19867,13.69312,14.16648,14.50024,14.82531,15.16557,15.46753,15.75752,16.01466,16.34886,16.62014,16.96498,17.34679,17.77106,18.24882,18.79227,19.57721,21.09829,22.82344
2025-12-08,2025-12-01,ar_garch,5,16.66000,16.95836,True,12.08399,13.06274,14.06168,14.60725,15.05855,15.39799,15.76496,16.02543,16.37810,16.64794,16.94232,17.24325,17.55529,17.88753,18.22254,18.61730,19.03492,19.70341,20.66129,21.89526,23.39435
2025-12-09,2025-12-02,ar_garch,5,16.93000,16.32950,True,12.14228,12.98170,13.72984,14.18438,14.64038,14.92603,15.18055,15.47330,15.73007,16.01149,16.27714,16.50004,16.74138,17.01009,17.34704,17.76783,18.24620,18.86134,19.58956,20.84210,22.75569
2025-12-10,2025-12-03,ar_garch,5,15.77000,15.72003,True,11.48381,12.36530,13.13802,13.65397,14.06011,14.41450,14.70112,14.97641,15.27148,15.51848,15.74723,15.97328,16.28902,16.53439,16.85717,17.20126,17.60046,18.08389,18.78187,19.93246,21.33520
2025-12-11,2025-12-04,ar_garch,5,14.85000,15.41421,True,11.41491,12.36275,13.12463,13.54943,13.90163,14.17393,14.49462,14.69374,14.89067,15.12102,15.39808,15.62027,15.85923,16.09943,16.40244,16.73261,17.12667,17.59028,18.33666,19.41583,20.86970
2025-12-12,2025-12-05,ar_garch,5,15.74000,14.99759,True,11.62803,12.16067,12.77231,13.31615,13.60736,13.89912,14.13541,14.34193,14.56234,14.77819,14.98433,15.20458,15.42480,15.64207,15.89165,16.17831,16.55985,16.98946,17.51229,18.61357,19.72754
2025-12-15,2025-12-08,ar_garch,5,16.50000,16.24710,True,11.85669,12.75174,13.60877,14.16901,14.61074,14.92171,15.21622,15.45748,15.79506,16.09787,16.36597,16.55622,16.83967,17.07227,17.36216,17.68779,18.06903,18.59151,19.26920,20.77457,21.83782
2025-12-16,2025-12-09,ar_garch,5,16.48000,16.49308,True,12.45880,13.21095,14.00394,14.49293,14.83434,15.16837,15.43366,15.77548,16.02175,16.25161,16.49970,16.73371,16.97133,17.22064,17.54741,17.92205,18.30719,18.86269,19.47450,20.50664,21.77986
2025-12-17,2025-12-10,ar_garch,5,17.62000,15.51789,True,11.28440,12.16163,13.01910,13.56267,14.01443,14.35827,14.66907,14.89751,15.12265,15.33256,15.55468,15.83482,16.06136,16.29272,16.55530,16.85881,17.18324,17.64671,18.30706,19.49013,20.80517
2025-12-18,2025-12-11,ar_garch,5,16.87000,14.57041,True,10.72091,11.53397,12.31617,12.83432,13.18317,13.46174,13.71608,13.92391,14.16491,14.37976,14.62559,14.85111,15.05392,15.25969,15.51286,15.79846,16.11698,16.52759,17.23191,18.39361,19.38749
2025-12-19,2025-12-12,ar_garch,5,14.91000,15.38332,True,11.39571,12.18227,13.01013,13.51470,13.87659,14.15022,14.42473,14.67902,14.90688,15.11704,15.33236,15.58374,15.84181,16.09398,16.39369,16.69679,17.06591,17.59085,18.28089,19.43789,20.33071
2025-12-22,2025-12-15,ar_garch,5,14.08000,16.18107,True,12.02436,12.79990,13.59867,14.23017,14.60935,14.88587,15.16186,15.41351,15.69972,15.96625,16.17126,16.43763,16.67827,16.94424,17.21482,17.48740,17.89412,18.39110,19.05860,20.40443,21.88757
2025-12-23,2025-12-16,ar_garch,5,14.00000,16.13181,True,12.23845,12.82257,13.67091,14.17065,14.58005,14.87052,15.17334,15.42864,15.67007,15.89217,16.10019,16.38443,16.62567,16.89376,17.15051,17.48719,17.86164,18.27177,18.93787,20.22140,21.53992
2025-12-24,2025-12-17,ar_garch,5,13.47000,17.15700,True,12.79673,13.56329,14.50287,15.03433,15.46416,15.79027,16.10913,16.43481,16.66868,16.91028,17.11782,17.38120,17.66755,17.95763,18.31097,18.67767,19.07681,19.60702,20.32686,21.68802,22.95668
2025-12-26,2025-12-18,ar_garch,5,13.60000,16.51754,True,12.34604,13.20249,14.02854,14.49424,14.91646,15.25542,15.54668,15.81887,16.07202,16.30571,16.55113,16.80058,17.04485,17.28878,17.59785,17.90010,18.33088,18.77813,19.47546,20.71271,21.76666
2025-12-29,2025-12-19,ar_garch,5,14.20000,14.61785,True,10.11360,11.16282,12.03635,12.57382,13.05503,13.38113,13.63534,13.84553,14.11407,14.35109,14.58413,14.85459,15.15022,15.46831,15.80149,16.12616,16.56885,17.09518,17.74340,18.89965,20.19373
2025-12-30,2025-12-22,ar_garch,5,14.33000,13.80638,True,9.76236,10.47946,11.35045,11.86380,12.24439,12.54736,12.84276,13.08397,13.31044,13.53771,13.78735,14.05650,14.31780,14.57376,14.86409,15.26884,15.70536,16.14806,16.82722,18.02183,19.25736
2025-12-31,2025-12-23,ar_garch,5,14.95000,13.64581,True,10.00603,10.79663,11.46853,11.88631,12.22572,12.55524,12.79775,13.03586,13.26268,13.47416,13.71843,13.91291,14.13089,14.32523,14.58031,14.86033,15.20194,15.62731,16.20688,17.23429,18.63491
2026-01-02,2025-12-24,ar_garch,5,14.51000,13.27592,True,9.85057,10.53882,11.20369,11.61635,11.94345,12.21130,12.47175,12.67103,12.88187,13.03889,13.25906,13.44486,13.61533,13.82302,14.09295,14.35482,14.66848,15.07794,15.71515,16.76011,17.86742
2026-01-05,2025-12-26,ar_garch,5,14.90000,13.25822,True,9.77654,10.62964,11.30971,11.65874,12.00346,12.24295,12.48564,12.71233,12.90521,13.08778,13.28565,13.46870,13.70180,13.87774,14.09763,14.37018,14.67459,15.06032,15.55081,16.36451,17.53856
2026-01-06,2025-12-29,ar_garch,5,14.75000,13.90049,True,10.53706,11.16823,11.89519,12.26042,12.54443,12.79053,13.01303,13.27687,13.48396,13.72358,13.94657,14.12491,14.32959,14.52988,14.81122,15.07434,15.38602,15.75900,16.30484,17.24070,18.45210
2026-01-07,2025-12-30,ar_garch,5,15.38000,14.05529,True,10.75546,11.44222,12.02832,12.49635,12.73511,12.96534,13.21644,13.42245,13.59884,13.81540,14.04064,14.23489,14.42811,14.65917,14.86418,15.14537,15.47947,15.86388,16.38029,17.29394,18.82849
2026-01-08,2025-12-31,ar_garch,5,15.45000,14.64455,True,11.06540,11.72835,12.49206,12.94397,13.27762,13.53357,13.78832,14.01062,14.24622,14.46560,14.67894,14.90564,15.11045,15.32651,15.57335,15.87124,16.21999,16.57478,17.16752,18.17981,19.36825
2026-01-09,2026-01-02,ar_garch,5,14.49000,14.16306,True,10.75431,11.45063,12.10582,12.50417,12.83297,13.12501,13.33990,13.54040,13.73969,13.92740,14.14264,14.34987,14.57146,14.80427,15.04533,15.32776,15.69615,16.09318,16.76868,17.58440,18.59243
2026-01-12,2026-01-05,ar_garch,5,15.12000,14.56956,True,11.24092,11.90126,12.47537,12.91988,13.24206,13.49627,13.73704,13.95347,14.16807,14.39534,14.59965,14.79581,15.00234,15.21668,15.40583,15.76290,16.08448,16.52236,17.02426,17.88019,18.91521
2026-01-13,2026-01-06,ar_garch,5,15.98000,14.48853,True,11.13117,11.78159,12.37625,12.82611,13.18372,13.51439,13.69891,13.88460,14.07030,14.27200,14.47663,14.68586,14.87789,15.13638,15.36963,15.67548,15.96176,16.30580,16.88673,17.75539,19.00128
2026-01-14,2026-01-07,ar_garch,5,16.75000,14.96197,True,11.58847,12.16065,12.87683,13.24408,13.56690,13.81513,14.05427,14.31195,14.50903,14.74297,14.94467,15.12884,15.35783,15.60787,15.87959,16.14908,16.48446,16.98668,17.54538,18.50043,19.39299
2026-01-15,2026-01-08,ar_garch,5,15.84000,15.09206,True,11.58000,12.31351,13.02592,13.39872,13.74338,14.00827,14.22475,14.43872,14.66339,14.90105,15.08144,15.29151,15.53078,15.79249,16.02743,16.28277,16.59077,16.95985,17.49778,18.45085,19.45502
2026-01-16,2026-01-09,ar_garch,5,15.86000,14.24139,True,10.81781,11.54458,12.23696,12.59594,12.91215,13.15307,13.41291,13.62272,13.82137,14.01802,14.23806,14.45432,14.66303,14.88345,15.10678,15.43543,15.72024,16.11672,16.63663,17.60834,18.72855
2026-01-20,2026-01-12,ar_garch,5,20.09000,14.69755,True,10.71509,11.48901,12.40719,12.93812,13.30424,13.55848,13.83875,14.09759,14.29391,14.48096,14.70730,14.92652,15.14258,15.34732,15.63403,15.96428,16.29573,16.74239,17.35671,18.51849,19.86188
2026-01-21,2026-01-13,ar_garch,5,16.90000,15.74603,True,11.95509,12.61034,13.30094,13.72374,14.11875,14.42703,14.71432,15.01192,15.25187,15.50491,15.71365,15.98180,16.24792,16.47466,16.78210,17.07979,17.44660,17.93298,18.63429,19.74664,21.04096
2026-01-22,2026-01-14,ar_garch,5,15.64000,16.35788,True,12.32916,12.98115,13.87607,14.38306,14.70205,14.99923,15.31005,15.61939,15.87204,16.12982,16.39837,16.61197,16.85463,17.09780,17.38352,17.70267,18.16102,18.62874,19.30492,20.51280,22.20422
2026-01-23,2026-01-15,ar_garch,5,16.09000,15.63736,True,11.75093,12.53988,13.23328,13.68112,13.99030,14.31361,14.62107,14.89890,15.14343,15.41121,15.60890,15.88503,16.11367,16.37523,16.63498,16.97496,17.39010,17.94533,18.48665,19.42961,20.93371
2026-01-26,2026-01-16,ar_garch,5,16.15000,15.58701,True,11.83673,12.45857,13.31712,13.77996,14.17600,14.45285,14.72270,14.94939,15.17427,15.35138,15.57275,15.79518,15.97653,16.21360,16.49070,16.78561,17.19084,17.56284,18.24801,19.37620,20.87608
2026-01-27,2026-01-20,ar_garch,5,16.35000,19.58921,True,12.68221,13.86070,15.24049,16.06807,16.61622,17.23434,17.75466,18.12083,18.66857,19.14446,19.57613,19.98219,20.41307,20.90165,21.45985,22.16542,22.93039,23.84059,25.24317,28.10692,31.16875
2026-01-28,2026-01-21,ar_garch,5,16.35000,16.71941,True,10.38771,11.70472,12.71904,13.48703,14.09623,14.53393,15.04715,15.43774,15.88654,16.26543,16.55534,17.03438,17.47010,18.00925,18.46527,19.11545,19.81512,20.61854,21.92812,24.54241,27.18269
2026-01-29,2026-01-22,ar_garch,5,16.88000,15.38362,True,9.76788,10.80006,12.00883,12.69030,13.24715,13.65299,14.02319,14.37462,14.74668,15.06364,15.41321,15.71575,16.09517,16.52120,16.99589,17.49251,17.96043,18.61957,19.58904,21.47504,23.22789
2026-01-30,2026-01-23,ar_garch,5,17.44000,15.75625,True,10.62944,11.48831,12.61098,13.26581,13.79148,14.16390,14.56914,14.84420,15.13200,15.43606,15.77692,16.07613,16.40638,16.80087,17.23163,17.67359,18.21816,18.81918,19.57544,20.81191,22.69775
2026-02-02,2026-01-26,ar_garch,5,16.34000,15.86625,True,11.30798,12.11316,12.93412,13.52805,13.94974,14.35047,14.70749,14.94827,15.18648,15.43822,15.73290,16.02610,16.29795,16.61758,16.97563,17.41569,17.93438,18.63066,19.46929,21.06418,23.08597
2026-02-03,2026-01-27,ar_garch,5,18.00000,16.01980,True,11.40827,12.32654,13.23871,13.73520,14.23082,14.58561,14.91570,15.23150,15.51383,15.76351,16.05307,16.35162,16.62274,16.90003,17.23500,17.62412,18.05021,18.69159,19.39994,20.94129,22.52574
2026-02-04,2026-01-28,ar_garch,5,18.64000,15.99226,True,11.75473,12.71965,13.53105,13.95985,14.34960,14.65449,14.94357,15.24448,15.53180,15.80417,16.03624,16.26190,16.54168,16.76634,17.04591,17.39891,17.75448,18.22729,18.99816,20.39552,21.61550
2026-02-05,2026-01-29,ar_garch,5,21.77000,16.43072,True,12.04647,12.77037,13.81334,14.35981,14.78698,15.09014,15.40431,15.68538,15.88819,16.15110,16.46167,16.71093,16.97717,17.27263,17.64489,17.94558,18.35603,18.84781,19.58368,20.76566,21.95266
2026-02-06,2026-01-30,ar_garch,5,20.37000,17.08930,True,12.88323,13.52989,14.39183,14.98257,15.35480,15.69836,16.02518,16.36009,16.58762,16.87139,17.14385,17.36694,17.62253,17.89608,18.20253,18.51687,18.87704,19.35698,20.19868,21.65796,23.03675
2026-02-09,2026-02-02,ar_garch,5,17.36000,16.01793,True,11.68282,12.63502,13.55145,14.10918,14.53341,14.80609,15.07322,15.31710,15.55069,15.75718,15.98024,16.23091,16.49674,16.76744,17.07873,17.42340,17.81406,18.29446,18.98828,20.18541,21.53648
2026-02-10,2026-02-03,ar_garch,5,17.79000,17.49495,True,13.01537,13.79822,14.61347,15.19711,15.62009,15.99996,16.30943,16.61118,16.88287,17.12686,17.39739,17.71886,18.04256,18.34048,18.65964,19.15378,19.57788,20.15621,20.96649,22.49339,24.23428
2026-02-11,2026-02-04,ar_garch,5,17.65000,18.06538,True,13.29597,14.07711,15.23904,15.80054,16.18563,16.55554,16.93029,17.27421,17.53500,17.77733,18.06545,18.33907,18.61220,18.97791,19.26507,19.70198,20.17360,20.77086,21.62316,23.04710,24.60896
2026-02-12,2026-02-05,ar_garch,5,20.82000,21.11640,True,14.06132,15.51461,16.94423,17.69623,18.38932,18.91226,19.41251,19.88619,20.33558,20.72001,21.17006,21.58351,22.04109,22.46873,22.92721,23.59454,24.23593,25.12813,26.54663,29.22297,31.73081
2026-02-13,2026-02-06,ar_garch,5,20.60000,20.14059,True,14.10870,15.19854,16.40009,17.14038,17.70546,18.11166,18.52098,18.92191,19.38460,19.72149,20.12727,20.57016,20.93842,21.35731,21.85517,22.35387,22.91569,23.57638,24.81396,26.77190,28.64813
2026-02-17,2026-02-09,ar_garch,5,20.29000,17.10762,True,11.13007,12.31335,13.50160,14.29063,14.85371,15.30182,15.69914,16.04200,16.36579,16.70779,17.05071,17.47996,17.94765,18.36376,18.78447,19.32862,20.00827,20.62096,21.57241,23.74646,25.55826
2026-02-18,2026-02-10,ar_garch,5,19.62000,17.50181,True,12.07443,13.13122,14.13598,14.77562,15.27724,15.74187,16.09705,16.40455,16.77046,17.11864,17.39808,17.76293,18.17727,18.52607,18.93603,19.45741,20.04364,20.75270,21.83380,23.87462,26.16483
2026-02-19,2026-02-11,ar_garch,5,20.23000,17.26252,True,12.43617,13.33180,14.18664,14.78790,15.31129,15.68086,16.03898,16.33344,16.65540,16.95192,17.28507,17.59344,17.94908,18.29380,18.62439,18.94901,19.50950,20.10541,20.91658,22.58911,23.92069
2026-02-20,2026-02-12,ar_garch,5,19.09000,20.07262,True,13.12584,14.37253,15.70154,16.68249,17.30490,17.83522,18.34076,18.78818,19.22988,19.67212,20.13393,20.57617,20.91934,21.41051,21.99558,22.58726,23.20210,24.09946,25.48634,27.86483,31.02342
2026-02-23,2026-02-13,ar_garch,5,21.01000,20.13053,True,13.81034,15.15181,16.33655,17.02730,17.66421,18.13094,18.58605,18.95979,19.43589,19.83203,20.14986,20.52926,20.94821,21.34078,21.81960,22.28063,22.83653,23.71070,24.95113,26.69943,29.37539
2026-02-24,2026-02-17,ar_garch,5,19.55000,19.85300,True,14.05633,15.14010,16.34836,17.01598,17.58360,18.06580,18.47487,18.76915,19.10185,19.49837,19.78395,20.11845,20.50912,20.89094,21.30273,21.68220,22.27482,23.04588,23.99719,25.69203,27.33527
2026-02-25,2026-02-18,ar_garch,5,17.93000,19.16388,True,13.56915,14.76000,15.84973,16.61273,17.14162,17.51548,17.87556,18.25231,18.56985,18.87820,19.16446,19.54382,19.90345,20.22908,20.58361,20.90578,21.46816,22.11520,23.04261,24.84008,26.97111
2026-02-26,2026-02-19,ar_garch,5,18.63000,19.82575,True,14.49407,15.69522,16.58126,17.32112,17.78050,18.23201,18.54450,18.89159,19.12879,19.41674,19.74696,20.11608,20.48015,20.80690,21.22404,21.63683,22.24812,22.79821,23.70838,25.18897,26.93615
2026-02-27,2026-02-20,ar_garch,5,19.86000,18.72897,True,13.76576,14.57806,15.81053,16.34895,16.84043,17.25500,17.58748,17.91330,18.17591,18.50381,18.78804,19.10371,19.40878,19.75102,20.09262,20.46120,20.95184,21.41391,22.07404,23.33094,24.88028
2026-03-02,2026-02-23,ar_garch,5,21.44000,20.47103,True,14.89793,15.92520,17.03097,17.77362,18.35844,18.78771,19.13168,19.49714,19.83468,20.20240,20.51178,20.83934,21.17017,21.52747,21.88302,22.32371,22.84591,23.61174,24.61795,26.23214,28.10113
2026-03-03,2026-02-24,ar_garch,5,23.57000,19.27435,True,14.17125,15.13844,15.99497,16.66869,17.20375,17.57623,17.92682,18.26335,18.60129,18.92159,19.23261,19.52420,19.84862,20.18017,20.56930,21.04432,21.60770,22.24223,23.23683,24.79214,27.03521
2026-03-04,2026-02-25,ar_garch,5,21.15000,17.66379,True,12.55579,13.59564,14.62497,15.24049,15.67520,16.11495,16.44746,16.73166,17.02149,17.31045,17.63140,17.92407,18.23644,18.55304,18.91916,19.30561,19.87201,20.51886,21.38143,23.00493,25.02345
2026-03-05,2026-02-26,ar_garch,5,23.75000,18.16186,True,13.32750,14.14456,15.14254,15.73605,16.18761,16.64515,16.97473,17.28992,17.57425,17.87880,18.14967,18.43882,18.79244,19.14331,19.48459,19.86821,20.32347,20.92323,21.70920,23.07876,24.54569
2026-03-06,2026-02-27,ar_garch,5,29.49000,19.46723,True,14.35911,15.38437,16.33649,16.95867,17.43106,17.84680,18.17634,18.54679,18.85820,19.19125,19.48450,19.75953,20.04318,20.40529,20.79783,21.16840,21.70684,22.44720,23.21595,24.81507,26.28157
2026-03-09,2026-03-02,ar_garch,5,25.50000,20.84409,True,15.05414,16.02466,17.16793,17.95943,18.53065,18.91511,19.28541,19.69796,20.09761,20.48272,20.85162,21.25405,21.62597,22.02489,22.39116,22.82736,23.51168,24.21351,25.26548,27.04805,28.79066
2026-03-10,2026-03-03,ar_garch,5,24.93000,22.87246,True,16.31934,17.61382,18.63379,19.48326,20.21746,20.83493,21.32538,21.74121,22.14163,22.47306,22.84807,23.27346,23.75147,24.15577,24.68556,25.28014,26.02745,26.75358,27.87460,29.86146,32.08215
2026-03-11,2026-03-04,ar_garch,5,24.23000,20.91699,True,14.39538,15.64364,17.00498,17.72500,18.33446,18.85550,19.34078,19.76641,20.19182,20.59986,20.94337,21.29770,21.68693,22.12175,22.54025,23.08241,23.79838,24.66021,25.79470,27.95316,30.75841
2026-03-12,2026-03-05,ar_garch,5,27.29000,23.07039,True,16.04875,17.47502,18.70515,19.56453,20.25543,20.81881,21.36634,21.80739,22.27688,22.64609,23.09311,23.46197,23.91166,24.40377,24.88129,25.49339,26.29147,26.97242,28.22468,30.53593,33.39493
2026-03-13,2026-03-06,ar_garch,5,27.19000,28.61745,True,17.15369,19.19600,21.69972,22.66228,23.89940,24.77305,25.60106,26.38185,27.07853,27.81652,28.51340,29.30321,30.10815,30.93587,31.81121,32.81568,34.19316,35.72987,38.32621,43.58143,49.28880
2026-03-16,2026-03-09,ar_garch,5,23.51000,25.13839,True,15.59397,17.01695,18.90220,20.12091,21.15455,21.97418,22.82236,23.42129,24.06704,24.61436,25.27882,25.89897,26.59435,27.28599,28.02949,28.95979,30.12434,31.41120,33.23010,36.43207,40.93187
2026-03-17,2026-03-10,ar_garch,5,22.37000,24.47866,True,16.20264,17.80058,19.33021,20.23521,20.96592,21.67002,22.33500,22.86679,23.39309,23.83859,24.34211,24.81960,25.48988,26.19450,26.85154,27.57878,28.44821,29.44109,30.89404,33.86123,36.93646
2026-03-18,2026-03-11,ar_garch,5,25.09000,23.77533,True,16.70465,17.94301,19.16447,19.95788,20.78762,21.39739,21.95875,22.41466,22.92636,23.31901,23.74804,24.23547,24.70581,25.18280,25.64897,26.27502,27.11816,27.97007,29.25167,31.85697,34.55012
2026-03-19,2026-03-12,ar_garch,5,24.06000,26.60272,True,18.20173,19.48159,21.24868,22.26162,23.01977,23.63493,24.23233,24.82467,25.33413,25.93073,26.50502,27.07329,27.65336,28.26043,29.03426,29.86999,30.67952,31.87315,33.76960,36.59371,40.19533
2026-03-20,2026-03-13,ar_garch,5,26.78000,26.64089,True,18.90758,20.12031,21.64769,22.64641,23.48230,24.12069,24.69885,25.22724,25.67122,26.15193,26.66412,27.14728,27.70974,28.25909,28.83294,29.50610,30.43383,31.36356,32.51195,35.14083,37.71473
2026-03-23,2026-03-16,ar_garch,5,26.15000,23.25010,True,15.61340,17.17419,18.45484,19.33621,20.17200,20.75300,21.26686,21.80346,22.21053,22.70433,23.18306,23.70316,24.24578,24.81265,25.44838,26.10066,26.97415,27.94484,29.39058,31.54492,34.65722
2026-03-24,2026-03-17,ar_garch,5,26.95000,22.02682,True,15.19901,16.47164,17.92702,18.68301,19.23325,19.81586,20.31850,20.73550,21.17289,21.55555,21.93207,22.41646,22.85249,23.32245,23.84235,24.41905,25.17043,26.07172,27.34067,29.80984,32.13754
2026-03-25,2026-03-18,ar_garch,5,25.33000,24.35026,True,16.51895,18.08004,19.51307,20.40630,21.09236,21.77736,22.39050,22.89189,23.32309,23.96458,24.40866,24.87876,25.34095,25.91439,26.47000,27.14705,27.85176,28.95437,30.30007,32.96660,35.78494
2026-03-26,2026-03-19,ar_garch,5,27.44000,23.68851,True,16.90224,18.01639,19.57048,20.41273,21.03151,21.62387,22.07667,22.53008,22.95070,23.32749,23.75655,24.11596,24.53304,24.97159,25.60669,26.18302,26.90853,27.69959,28.93829,30.77963,32.74661
2026-03-27,2026-03-20,ar_garch,5,31.05000,25.98626,True,17.97900,19.53640,21.23900,22.14659,22.95716,23.67052,24.16592,24.60477,25.13355,25.59899,26.02413,26.46989,26.91861,27.47402,28.00371,28.70389,29.59421,30.66760,31.99400,34.59623,37.15908
2026-03-30,2026-03-23,ar_garch,5,30.61000,25.57429,True,18.41424,19.88539,21.17273,22.02798,22.71095,23.26162,23.75657,24.23114,24.67761,25.07923,25.51963,25.96602,26.40093,26.91564,27.47350,28.09367,28.76285,29.75794,30.97242,33.06839,36.27001
2026-03-31,2026-03-24,ar_garch,5,25.25000,26.24528,True,18.74099,20.51473,21.99850,22.94006,23.55842,24.11668,24.57698,25.06898,25.50664,25.86915,26.29316,26.65872,27.10879,27.55641,28.07289,28.63924,29.37785,30.23249,31.23260,33.00105,35.31932
2026-04-01,2026-03-25,ar_garch,5,24.54000,24.73715,True,18.25971,19.47661,20.69346,21.61923,22.27766,22.76490,23.15565,23.56570,23.96402,24.36393,24.73358,25.12837,25.52656,26.00408,26.54328,27.01058,27.61091,28.32661,29.27545,31.24166,33.69219
2026-04-02,2026-03-26,ar_garch,5,23.87000,26.77758,True,19.11733,20.89689,22.28636,23.17385,23.99303,24.61326,25.08593,25.59688,26.00432,26.39068,26.84860,27.21777,27.67123,28.19848,28.73394,29.43788,30.11361,30.96754,32.00689,34.41961,36.76617
2026-04-06,2026-03-27,ar_garch,5,24.17000,30.12607,True,21.29138,22.92079,24.45577,25.61831,26.41508,27.09137,27.76905,28.34091,28.91852,29.52834,30.09656,30.61948,31.20870,31.84022,32.62992,33.37885,34.44108,35.59870,37.18789,39.93114,42.79351
2026-04-07,2026-03-30,ar_garch,5,25.78000,30.03433,True,21.58302,23.22162,24.89867,25.75343,26.55282,27.21039,27.80539,28.41676,28.99764,29.52004,30.03220,30.57322,31.10283,31.70130,32.25280,33.00465,33.88552,34.98748,36.34171,38.95632,41.58803
2026-04-08,2026-03-31,ar_garch,5,21.04000,24.97920,True,16.21481,17.84055,19.34930,20.64206,21.57215,22.28902,22.90395,23.46399,24.00422,24.54013,25.11741,25.64939,26.18230,26.82618,27.36120,28.13115,29.16011,30.23647,31.52882,34.64459,37.59719
2026-04-09,2026-04-01,ar_garch,5,19.49000,24.12566,True,16.32374,17.63152,19.40366,20.40587,21.02876,21.67065,22.20904,22.75005,23.19974,23.65186,24.12357,24.63622,25.13098,25.72403,26.31995,26.90520,27.69073,28.54417,29.92749,32.55717,35.37089
2026-04-10,2026-04-02,ar_garch,5,19.23000,23.50179,True,16.36489,17.64342,19.02801,20.08356,20.79823,21.36935,21.83056,22.32887,22.72753,23.17601,23.56796,23.91531,24.30706,24.73483,25.25945,25.88056,26.57575,27.47748,28.79167,31.40510,34.32419
2026-04-13,2026-04-06,ar_garch,5,19.12000,23.76849,True,17.22874,18.30339,19.63334,20.52703,21.06101,21.62824,22.11426,22.44026,22.87082,23.27519,23.63398,24.05002,24.48189,24.92900,25.36031,25.97397,26.71968,27.59410,29.08529,31.11625,33.51997
2026-04-14,2026-04-07,ar_garch,5,18.36000,25.28137,True,18.05936,19.52209,21.04987,21.99743,22.60484,23.16786,23.60992,23.98729,24.39722,24.82342,25.27432,25.74251,26.20872,26.64865,27.13906,27.71011,28.33351,29.13784,30.34166,32.99376,35.41376
2026-04-15,2026-04-08,ar_garch,5,18.17000,20.93707,True,13.40639,14.62994,16.20250,17.15610,17.88221,18.48905,19.14308,19.64269,20.06115,20.56305,21.01529,21.44580,21.89930,22.49461,23.07305,23.67564,24.35677,25.40683,26.88698,29.55657,33.68294
2026-04-16,2026-04-09,ar_garch,5,17.94000,19.17417,True,12.67517,13.74384,14.99354,15.82573,16.42093,16.99755,17.48993,17.88625,18.32292,18.70309,19.11804,19.55659,19.96936,20.36066,20.91689,21.58702,22.26747,23.22526,24.38343,26.73922,29.20181
2026-04-17,2026-04-10,ar_garch,5,17.48000,18.83687,True,13.21731,14.14183,15.23356,16.06429,16.53519,17.01859,17.43399,17.81023,18.20077,18.48526,18.85119,19.15155,19.51236,19.95325,20.36089,20.84490,21.45397,22.19226,23.19699,24.90535,26.90673
2026-04-20,2026-04-13,ar_garch,5,18.87000,18.78803,True,13.54130,14.51822,15.55169,16.15303,16.60242,16.99884,17.39608,17.74404,18.04895,18.38230,18.72613,18.99799,19.42703,19.77735,20.12357,20.57806,21.10681,21.88478,22.81775,24.64369,26.80325
2026-04-21,2026-04-14,ar_garch,5,19.50000,18.07563,True,13.14287,14.01978,14.98555,15.64897,16.13556,16.51177,16.85246,17.17596,17.48937,17.83428,18.13321,18.41896,18.70902,19.02708,19.36603,19.70946,20.18761,20.75096,21.59915,23.13782,24.76317
2026-04-22,2026-04-15,ar_garch,5,18.92000,17.81255,True,13.17406,14.04291,15.01412,15.56455,16.09495,16.42576,16.73324,16.97276,17.24956,17.48218,17.77536,18.05345,18.34196,18.65870,18.96924,19.36577,19.88612,20.42371,21.25380,22.77963,24.48070
2026-04-23,2026-04-16,ar_garch,5,19.31000,17.57987,True,13.17975,14.13500,14.98271,15.49304,15.85455,16.22074,16.49074,16.77720,17.04006,17.26949,17.51584,17.83900,18.12285,18.41182,18.69805,19.06793,19.51431,19.89351,20.59981,21.99435,23.71236
2026-04-24,2026-04-17,ar_garch,5,18.71000,17.15124,True,12.98675,13.80758,14.62273,15.04263,15.42093,15.78252,16.10703,16.39118,16.64551,16.90082,17.14161,17.36753,17.61022,17.94301,18.26351,18.51161,19.01013,19.46852,20.19636,21.49461,23.01792
2026-04-27,2026-04-20,ar_garch,5,18.02000,18.35338,True,13.20628,14.48440,15.50733,16.02736,16.44835,16.83331,17.17747,17.55837,17.88785,18.13697,18.42770,18.72492,18.99270,19.33809,19.68183,20.04980,20.51953,21.01641,21.67335,23.03316,24.58925
2026-04-28,2026-04-21,ar_garch,5,17.83000,19.02482,True,14.11039,15.10972,16.09894,16.71118,17.17359,17.54941,17.88211,18.23285,18.52913,18.80217,19.04838,19.35987,19.64898,19.94548,20.26151,20.61724,21.08193,21.58441,22.39941,23.99165,25.59607
2026-04-29,2026-04-22,ar_garch,5,18.81000,18.58934,True,14.27450,15.08260,15.75387,16.36542,16.81751,17.13857,17.45343,17.79578,18.02106,18.23596,18.48578,18.74170,19.02693,19.35142,19.71407,20.03377,20.45096,21.05081,21.74425,23.00946,25.03409
2026-04-30,2026-04-23,ar_garch,5,16.89000,18.86817,True,14.55391,15.31080,16.12155,16.63629,17.11917,17.48693,17.78796,18.05025,18.27653,18.55731,18.81170,19.08700,19.34170,19.65455,19.96287,20.37216,20.78948,21.23420,21.98064,23.12156,24.68087
2026-05-01,2026-04-24,ar_garch,5,16.99000,18.29039,True,14.10467,14.94847,15.78432,16.26885,16.63591,16.96660,17.22663,17.47280,17.75563,18.01094,18.25231,18.52398,18.78515,19.02899,19.37171,19.77085,20.15013,20.68429,21.37257,22.66357,23.95389
2026-05-04,2026-04-27,ar_garch,5,18.29000,17.70923,True,13.84296,14.48743,15.15009,15.64427,16.07714,16.39608,16.68280,16.94246,17.15982,17.40796,17.67556,17.93767,18.22180,18.47134,18.75274,19.10983,19.47707,19.96348,20.58934,21.67800,23.10270
2026-05-05,2026-04-28,ar_garch,5,17.38000,17.52178,True,13.50577,14.26162,14.99106,15.46157,15.88865,16.25214,16.54159,16.78213,17.03239,17.27475,17.47989,17.70247,17.95094,18.20577,18.47488,18.83355,19.20076,19.66183,20.30342,21.70421,23.07703
2026-05-06,2026-04-29,ar_garch,5,17.39000,18.36744,True,14.06156,14.79231,15.60217,16.23746,16.63752,16.95063,17.25391,17.53827,17.82415,18.13229,18.42323,18.66841,18.92607,19.15093,19.47331,19.81849,20.24946,20.70930,21.41945,22.77897,24.17820
2026-05-07,2026-04-30,ar_garch,5,17.08000,16.57449,True,11.80381,12.90629,13.93621,14.47295,14.81324,15.13307,15.44908,15.74731,16.02117,16.29157,16.56234,16.85773,17.12678,17.43694,17.79689,18.16111,18.56137,19.15230,19.90952,21.02312,22.51810
2026-05-08,2026-05-01,ar_garch,5,17.19000,16.54904,True,12.37626,12.97187,13.97057,14.49802,14.91059,15.24045,15.54429,15.81778,16.10186,16.33808,16.56496,16.80547,17.09136,17.35247,17.66239,18.01389,18.43056,18.86492,19.56413,20.82854,22.22980
2026-05-11,2026-05-04,ar_garch,5,18.38000,17.81229,True,12.84650,13.99077,14.89926,15.51796,15.91548,16.26501,16.60575,16.94655,17.23226,17.54669,17.81745,18.11240,18.43054,18.74220,19.08911,19.49862,19.94390,20.55158,21.30201,22.84471,24.42225
2026-05-12,2026-05-05,ar_garch,5,17.99000,17.05383,True,12.72242,13.48596,14.39668,14.93910,15.39475,15.77030,16.04299,16.30951,16.58244,16.78429,17.07745,17.35568,17.61110,17.85488,18.12594,18.48776,18.90239,19.45480,20.13165,21.46244,22.95549
2026-05-13,2026-05-06,ar_garch,5,17.87000,16.95252,True,12.90580,13.59418,14.44285,14.96782,15.34588,15.69141,15.98038,16.25724,16.52350,16.76212,16.97366,17.26481,17.56272,17.85563,18.15059,18.43513,18.79685,19.22376,19.80057,20.79789,21.99963
2026-05-14,2026-05-07,ar_garch,5,17.26000,16.73754,True,12.63694,13.56305,14.25372,14.73412,15.13669,15.48654,15.78824,16.04308,16.30748,16.50498,16.68229,16.93128,17.18952,17.45439,17.76317,18.09898,18.44802,18.99135,19.67958,20.86974,22.47182
2026-05-15,2026-05-08,ar_garch,5,18.43000,16.80642,True,12.70727,13.57461,14.37808,14.94216,15.29681,15.57218,15.83716,16.05402,16.28464,16.47246,16.70387,16.92241,17.20800,17.48717,17.75205,18.07944,18.46877,18.98829,19.72132,20.98545,22.24671
2026-05-18,2026-05-11,ar_garch,5,17.82000,17.86710,True,13.47885,14.34725,15.24158,15.76800,16.09778,16.45778,16.76167,17.03481,17.31479,17.53020,17.82521,18.12953,18.38665,18.74049,19.05107,19.40458,19.82449,20.29963,21.20572,22.32197,23.70507
2026-05-19,2026-05-12,ar_garch,5,18.06000,17.67672,True,13.31616,14.19251,15.07509,15.62800,16.01069,16.33311,16.59126,16.88413,17.13979,17.41105,17.62528,17.85921,18.10647,18.39596,18.68292,19.06713,19.51996,19.97453,20.79480,22.00365,23.50507
2026-05-20,2026-05-13,ar_garch,5,17.44000,17.49277,True,13.41296,14.13685,14.93830,15.49730,15.87074,16.19793,16.50611,16.74689,16.96444,17.21321,17.48530,17.72340,17.99872,18.28535,18.55894,18.85844,19.23901,19.68064,20.32752,21.56934,23.12816
2026-05-21,2026-05-14,ar_garch,5,16.76000,16.88947,True,12.61524,13.60797,14.50187,15.04166,15.39380,15.66208,15.94597,16.18237,16.42318,16.68098,16.88765,17.09234,17.36228,17.60160,17.88099,18.24683,18.60361,19.14505,19.76160,20.77415,21.94485
2026-05-22,2026-05-15,ar_garch,5,16.70000,18.02642,True,13.59091,14.27065,15.24766,15.82523,16.25857,16.58364,16.92080,17.16798,17.44828,17.71852,18.02672,18.29223,18.57257,18.87953,19.23031,19.56828,19.97641,20.51466,21.26797,22.66709,24.57600
2026-05-25,2026-05-18,ar_garch,5,16.59000,17.41130,True,13.07584,13.90594,14.84454,15.39901,15.77892,16.13108,16.40691,16.69415,16.93536,17.17552,17.42046,17.69836,17.93663,18.19428,18.50771,18.85668,19.23940,19.73423,20.50348,21.59271,23.43631
2026-05-26,2026-05-19,ar_garch,5,17.01000,17.66933,True,13.50970,14.39286,15.13635,15.66625,16.11338,16.41515,16.71324,16.93760,17.15504,17.38278,17.66157,17.93746,18.15166,18.46542,18.75345,19.10560,19.44223,19.99834,20.64922,21.59937,22.83246
2026-05-27,2026-05-20,ar_garch,5,16.29000,17.14044,True,13.04286,13.82345,14.56733,15.09756,15.51278,15.85622,16.14705,16.36226,16.60913,16.82417,17.09004,17.34197,17.61777,17.91640,18.15612,18.47160,18.77432,19.22067,19.88922,21.56151,22.98553
2026-05-28,2026-05-21,ar_garch,5,15.74000,16.48188,True,12.50656,13.34563,14.04709,14.53680,14.98064,15.26858,15.50130,15.74758,16.02999,16.25248,16.47872,16.68210,16.92313,17.18945,17.41162,17.78233,18.11101,18.59092,19.27645,20.51438,21.78746
2026-05-29,2026-05-22,ar_garch,5,15.32000,16.36444,True,12.57464,13.23853,14.01553,14.55252,14.89893,15.20856,15.47661,15.71343,15.91082,16.12801,16.33061,16.56485,16.78640,17.01598,17.26428,17.61561,17.95780,18.42796,19.14919,20.22378,21.40258
2026-06-01,2026-05-25,ar_garch,5,16.05000,16.32175,True,12.40379,13.23211,14.00902,14.54778,14.91219,15.17896,15.42036,15.65920,15.85617,16.06505,16.30435,16.55803,16.79383,17.04312,17.30919,17.57993,17.95636,18.33768,18.92504,20.06580,21.28942
2026-06-02,2026-05-26,ar_garch,5,15.77000,16.66804,True,12.90462,13.57336,14.29050,14.81645,15.11840,15.42980,15.75424,15.99308,16.25845,16.47509,16.65940,16.86444,17.16174,17.36960,17.61432,17.92280,18.28825,18.70397,19.33915,20.49955,21.65529
2026-06-03,2026-05-27,ar_garch,5,16.06000,15.98604,True,11.81460,12.86540,13.67469,14.15864,14.51018,14.83926,15.11080,15.33459,15.53328,15.78331,15.97901,16.19078,16.45162,16.73589,17.01257,17.32660,17.68317,18.09014,18.66170,19.96910,21.33675
2026-06-04,2026-05-28,ar_garch,5,15.40000,15.41218,True,11.79831,12.47922,13.20635,13.62980,13.96371,14.25134,14.54133,14.78513,14.96774,15.17348,15.39187,15.59784,15.79791,16.03684,16.30139,16.64436,16.99429,17.40556,18.07219,19.15712,20.33024
2026-06-05,2026-05-29,ar_garch,5,21.51000,15.03577,True,11.54809,12.14870,12.94619,13.38068,13.70648,13.96244,14.23544,14.45755,14.64896,14.87066,15.10351,15.29375,15.51363,15.71832,15.93592,16.23491,16.58336,16.97645,17.52020,18.28832,19.36636
2026-06-08,2026-06-01,ar_garch,5,18.92000,15.65259,True,12.03946,12.64901,13.36981,13.81815,14.19128,14.46269,14.72609,14.97136,15.17609,15.36150,15.58166,15.80409,16.06410,16.32269,16.56901,16.90047,17.25763,17.66030,18.33169,19.43441,20.50195
2026-06-09,2026-06-02,ar_garch,5,19.87000,15.47152,True,12.05375,12.79837,13.38564,13.74177,14.11669,14.40919,14.66180,14.88481,15.09302,15.24749,15.45853,15.66872,15.89960,16.12971,16.36161,16.66497,17.02739,17.39524,17.91477,18.71309,19.79161
2026-06-10,2026-06-03,ar_garch,5,22.22000,15.66671,True,12.12151,12.75770,13.49019,13.97751,14.31348,14.55031,14.83190,15.01638,15.24778,15.45294,15.65596,15.88204,16.08752,16.28408,16.53304,16.84531,17.21771,17.60061,18.12490,19.06538,20.35006
2026-06-11,2026-06-04,ar_garch,5,19.44000,14.99584,True,11.55212,12.28718,12.89453,13.28972,13.61482,13.89429,14.13442,14.35802,14.57478,14.79549,15.02576,15.24530,15.46440,15.67567,15.89365,16.12840,16.46452,16.90687,17.42052,18.28837,19.38192
2026-06-12,2026-06-05,ar_garch,5,17.68000,20.78142,True,11.52791,12.87972,14.78870,15.89267,16.83199,17.61123,18.23183,18.86171,19.46001,20.06202,20.67999,21.27288,21.93523,22.59788,23.36598,24.29779,25.32560,26.83603,29.17896,33.63986,38.88810
2026-06-15,2026-06-08,ar_garch,5,16.20000,18.84733,True,11.19894,12.44602,13.98790,14.93165,15.69691,16.29251,16.92596,17.35175,17.82884,18.32129,18.86501,19.34699,19.83511,20.35264,21.03647,21.74323,22.58272,23.66969,25.38055,28.52566,31.69907
2026-06-16,2026-06-09,ar_garch,5,16.41000,19.31851,True,12.00416,13.23801,14.76469,15.76146,16.40127,16.93278,17.37113,17.86276,18.30880,18.79543,19.23936,19.67665,20.16575,20.62761,21.19973,21.86405,22.70570,23.76497,25.56831,27.98594,30.92593
2026-06-17,2026-06-10,ar_garch,5,18.44000,21.77447,True,13.55479,15.21937,16.71537,17.62216,18.46188,19.12399,19.75140,20.33258,20.82911,21.26267,21.78702,22.28408,22.85625,23.39139,23.95459,24.69666,25.44877,26.74034,28.50168,31.56569,35.34736
2026-06-18,2026-06-11,ar_garch,5,16.40000,19.20515,True,12.31551,13.49885,14.80081,15.72789,16.32565,16.88798,17.37151,17.88407,18.30980,18.78988,19.15731,19.69107,20.11325,20.65682,21.19763,21.76114,22.50696,23.58282,24.83584,26.88206,29.98169
2026-06-22,2026-06-12,ar_garch,5,17.28000,17.40792,True,11.34601,12.42806,13.53884,14.33920,14.89900,15.43695,15.95846,16.35547,16.71735,17.08232,17.42415,17.77200,18.19298,18.56283,19.08017,19.63554,20.20193,20.94747,22.07388,24.21897,26.80763
2026-06-23,2026-06-15,ar_garch,5,19.49000,16.01223,True,11.05952,11.91878,12.79693,13.40231,13.87998,14.33494,14.69011,15.04256,15.28722,15.59905,15.93129,16.30552,16.58184,16.89630,17.30392,17.81193,18.35503,19.08446,20.19093,21.98049,23.94918
2026-06-24,2026-06-16,ar_garch,5,18.63000,16.00505,True,11.06872,11.96967,13.05933,13.57363,14.10813,14.52092,14.81288,15.12650,15.38169,15.66636,15.96922,16.28780,16.59250,16.91199,17.28051,17.72925,18.15577,18.77241,19.63052,21.25993,23.22563
2026-06-25,2026-06-17,ar_garch,5,18.89000,17.87409,True,11.93411,13.23882,14.23752,14.86403,15.43958,15.97290,16.39600,16.81175,17.17519,17.54803,17.93160,18.33018,18.71619,19.08847,19.53566,20.07956,20.64225,21.40817,22.42762,24.49347,26.57690
2026-06-26,2026-06-18,ar_garch,5,18.41000,16.19327,True,10.90104,12.02051,12.92397,13.61711,14.01360,14.43016,14.78390,15.21977,15.51373,15.85377,16.25121,16.59344,17.01193,17.31556,17.66991,18.09928,18.64982,19.32734,20.20848,22.01650,24.48860
2026-06-29,2026-06-22,ar_garch,5,17.65000,16.79258,True,11.76545,12.63103,13.62582,14.23061,14.72283,15.13661,15.45951,15.79785,16.13674,16.45932,16.83897,17.16757,17.50844,17.82712,18.20495,18.63297,19.15468,19.83073,20.66339,22.16456,23.95621
2026-06-30,2026-06-23,ar_garch,5,16.45000,18.91970,True,12.81770,13.96846,15.23173,15.91522,16.50949,17.03789,17.39594,17.81462,18.17859,18.59776,19.00050,19.36536,19.71676,20.10289,20.57756,21.01605,21.62062,22.30405,23.38159,25.13489,27.42117
2026-07-01,2026-06-24,ar_garch,5,16.59000,18.28023,True,12.85791,13.84160,14.91856,15.54860,16.09305,16.52103,16.84659,17.23242,17.64446,17.97394,18.26977,18.56670,19.02457,19.38338,19.79600,20.22288,20.73646,21.44014,22.45088,24.26446,25.68088
2026-07-02,2026-06-25,ar_garch,5,16.15000,18.49053,True,13.11815,14.23627,15.33642,15.94951,16.47804,16.90764,17.24623,17.62231,17.93105,18.22029,18.49037,18.84798,19.17682,19.53354,19.85192,20.27142,20.72599,21.40090,22.28216,23.98785,25.74625
2026-07-06,2026-06-26,ar_garch,5,15.57000,18.14756,True,13.25932,14.30949,15.23190,15.80356,16.24581,16.67124,16.99761,17.30513,17.60808,17.92128,18.16530,18.44029,18.70247,19.00282,19.37197,19.76127,20.25548,20.81062,21.52620,23.18056,24.57604
2026-07-07,2026-06-29,ar_garch,5,16.13000,17.32776,True,12.99698,13.83064,14.64608,15.22184,15.61919,16.02022,16.25339,16.50334,16.76945,17.01853,17.30915,17.56224,17.82426,18.14245,18.48006,18.79102,19.23014,19.79257,20.60551,21.79843,22.94043
2026-07-08,2026-06-30,ar_garch,5,16.90000,16.09785,True,11.78606,12.61284,13.52975,14.09374,14.50531,14.90511,15.17030,15.44531,15.68538,15.89667,16.13195,16.34350,16.60341,16.87433,17.19438,17.47889,17.85960,18.36021,19.00176,20.28875,21.71950
2026-07-09,2026-07-01,ar_garch,5,15.84000,16.26340,True,12.20581,13.10573,13.80640,14.25926,14.59085,14.93891,15.24275,15.47415,15.76118,15.99578,16.20976,16.43272,16.69342,16.95541,17.26696,17.58102,17.98633,18.52573,19.33331,20.60734,22.09828
2026-07-10,2026-07-02,ar_garch,5,15.03000,15.83982,True,11.82136,12.60565,13.57255,13.96923,14.34890,14.65522,14.91507,15.14765,15.34462,15.56840,15.79908,16.03738,16.29498,16.59803,16.85319,17.14438,17.51015,18.02583,18.63098,19.83397,21.22506
2026-07-13,2026-07-06,ar_garch,5,17.16000,15.24726,True,11.45465,12.16007,12.98159,13.47133,13.77410,14.06003,14.37470,14.60226,14.83864,15.05131,15.27869,15.47174,15.68854,15.90324,16.12233,16.47939,16.80019,17.26240,17.93586,18.94363,20.06585
2026-07-14,2026-07-07,ar_garch,5,16.50000,15.80884,True,12.01570,12.68405,13.51529,14.04460,14.37135,14.67565,14.92405,15.15975,15.39176,15.60572,15.80479,16.00972,16.22959,16.44394,16.71460,17.04266,17.41124,17.81365,18.46243,19.55804,20.93460
2026-07-15,2026-07-08,ar_garch,5,15.67000,16.63722,True,12.59988,13.32584,14.14954,14.64257,15.01007,15.32742,15.57564,15.83171,16.10097,16.36001,16.57390,16.86660,17.10726,17.34744,17.60446,17.91563,18.32552,18.83068,19.48565,20.73243,22.00264
2026-07-16,2026-07-09,ar_garch,5,16.73000,15.50956,True,11.76229,12.47521,13.22577,13.68082,14.04144,14.37574,14.62201,14.87023,15.08631,15.30845,15.53999,15.76836,16.00402,16.26496,16.51863,16.84463,17.18416,17.56603,18.10835,19.21073,20.32902
2026-07-17,2026-07-10,ar_garch,5,18.77000,14.69586,True,10.89773,11.76375,12.51632,12.91524,13.27892,13.56307,13.81286,14.02567,14.26536,14.54290,14.79461,14.97719,15.16427,15.41524,15.64188,15.94779,16.34683,16.67219,17.32047,18.25842,19.22694
2026-07-20,2026-07-13,ar_garch,5,18.65000,16.63878,True,11.48550,12.47047,13.55479,14.22696,14.71402,15.12981,15.42489,15.74411,16.04062,16.37841,16.69661,16.96800,17.31733,17.61095,18.02591,18.45861,18.93432,19.53982,20.40185,21.75772,23.53866
2026-07-21,2026-07-14,ar_garch,5,17.05000,16.22953,True,11.65250,12.43352,13.43382,14.01101,14.42681,14.75608,15.07115,15.37069,15.63697,15.89837,16.19190,16.55368,16.82433,17.13781,17.49462,17.79877,18.24958,18.85782,19.63578,21.09197,22.82178
2026-07-22,2026-07-15,ar_garch,5,16.64000,15.47982,True,11.43410,12.22887,13.02081,13.57786,13.90950,14.18820,14.50004,14.71492,14.98230,15.24530,15.47602,15.74038,16.00176,16.23623,16.47902,16.79540,17.26902,17.76496,18.49589,19.69374,21.04169
2026-07-23,2026-07-16,ar_garch,5,18.70000,16.22081,True,11.67447,12.56520,13.55023,14.16502,14.56945,14.93321,15.28985,15.54968,15.75789,16.04295,16.26824,16.49036,16.79056,17.12717,17.43076,17.82023,18.18610,18.70446,19.38612,20.64759,21.52656
2026-07-24,2026-07-17,ar_garch,5,18.58000,18.29634,True,13.08334,14.08659,15.05450,15.69429,16.20178,16.59118,16.98628,17.32050,17.64324,17.96035,18.35943,18.69920,19.05191,19.41251,19.74681,20.21479,20.74420,21.35116,22.11735,23.89397,25.95445
2026-07-27,2026-07-20,ar_garch,5,18.67000,18.26400,True,13.11558,14.21913,15.25557,15.83916,16.25857,16.64257,17.01942,17.28612,17.61885,17.90602,18.17365,18.46677,18.81461,19.21084,19.57528,20.02245,20.56278,21.14882,22.03300,23.52368,25.88548
2026-07-28,2026-07-21,ar_garch,5,18.21000,16.69419,True,11.92092,12.87584,13.81293,14.39137,14.82123,15.17294,15.49132,15.82733,16.16070,16.44552,16.67795,16.94971,17.26454,17.58625,17.97403,18.33024,18.80298,19.36820,20.00327,21.80603,23.52191
2026-07-29,2026-07-22,ar_garch,5,20.66000,16.23428,True,12.04257,12.81720,13.64294,14.10150,14.50220,14.88796,15.16244,15.44514,15.72501,15.98604,16.27244,16.50100,16.71612,17.06989,17.39112,17.69784,18.11352,18.57610,19.23813,20.73579,22.45205
2026-07-30,2026-07-23,ar_garch,5,17.09000,18.09669,True,12.71389,13.99313,14.95141,15.51666,16.03621,16.41898,16.77061,17.12846,17.49178,17.78061,18.09980,18.43881,18.79879,19.14316,19.47130,19.98587,20.52773,21.10826,22.05378,23.55146,25.20079
2026-07-31,2026-07-24,ar_garch,5,15.99000,18.15547,True,13.13251,14.09835,15.09655,15.76308,16.14878,16.54503,16.92693,17.22680,17.52376,17.81929,18.10704,18.39789,18.75592,19.05769,19.44892,19.87222,20.28919,20.86361,21.70885,23.55515,25.39534
2026-08-03,2026-07-27,ar_garch,5,15.86000,18.26286,True,13.55888,14.53270,15.44686,15.91492,16.39984,16.71470,17.10549,17.44982,17.75627,18.00644,18.28460,18.56557,18.83511,19.14567,19.47836,19.88017,20.35056,20.88833,21.56739,23.08509,24.32433
2026-08-04,2026-07-28,ar_garch,5,16.50000,17.79324,True,13.41470,14.31363,15.09721,15.60966,16.08138,16.42812,16.73505,16.99047,17.24152,17.50789,17.78896,18.02547,18.27578,18.57843,18.86530,19.30054,19.64508,20.21402,21.05785,22.34661,23.73769
2026-08-05,2026-07-29,ar_garch,5,15.81000,20.10092,True,14.28752,15.41753,16.55528,17.20037,17.74834,18.27301,18.64469,19.06952,19.43794,19.76595,20.11414,20.47932,20.86572,21.31466,21.72934,22.14749,22.64102,23.39020,24.41156,26.17644,28.28465
2026-08-06,2026-07-30,ar_garch,5,15.15000,16.93401,True,11.21488,12.33592,13.40464,14.17484,14.66982,15.08643,15.48023,15.85947,16.21604,16.57157,16.90710,17.31035,17.63668,18.07101,18.51776,18.98069,19.57160,20.43666,21.59562,23.34842,25.67402
2026-08-07,2026-07-31,ar_garch,5,14.90000,15.77724,True,10.69305,11.62838,12.56234,13.19743,13.73585,14.12398,14.48714,14.81241,15.09043,15.42732,15.79027,16.13033,16.45355,16.85379,17.21029,17.62450,18.20589,18.95480,19.87737,21.65558,23.67887
2026-08-10,2026-08-03,ar_garch,5,15.46000,15.46465,True,10.86959,11.70095,12.64478,13.22637,13.59663,13.93841,14.27337,14.58639,14.91614,15.25898,15.53477,15.81502,16.06357,16.32427,16.67488,17.00410,17.54649,18.06623,18.91868,20.31600,22.49539
2026-08-11,2026-08-04,ar_garch,5,15.28000,16.13273,True,11.64625,12.45959,13.35352,13.83405,14.30467,14.72197,15.01640,15.28653,15.57112,15.86576,16.11942,16.38720,16.69698,16.97456,17.31211,17.76107,18.21425,18.66530,19.49102,20.85280,22.26436
2026-08-12,2026-08-05,ar_garch,5,14.55000,15.60271,True,11.39212,12.21938,13.09724,13.53488,13.96973,14.25971,14.56038,14.82065,15.05097,15.27741,15.54078,15.80094,16.07113,16.41723,16.74264,17.07872,17.50097,17.97887,18.64955,19.94320,21.41959
2026-08-13,2026-08-06,ar_garch,5,14.63000,14.91708,True,11.12436,11.74462,12.53267,13.03099,13.40149,13.69079,13.95275,14.19703,14.41255,14.66229,14.88567,15.11301,15.34438,15.59084,15.87714,16.22146,16.61011,17.15728,17.81441,19.03909,20.00401
2026-08-14,2026-08-07,ar_garch,5,14.25000,14.57729,True,10.70304,11.48278,12.31159,12.75948,13.09306,13.41184,13.71456,13.93561,14.18083,14.34762,14.56309,14.81859,15.04088,15.24336,15.59099,15.90752,16.19947,16.62004,17.14531,18.37847,19.45999
2026-08-17,2026-08-10,ar_garch,5,15.19000,15.07297,True,11.56614,12.22914,12.90316,13.32591,13.65087,13.95600,14.19407,14.46007,14.64689,14.85241,15.07773,15.27146,15.49779,15.72113,16.01594,16.31561,16.66481,17.10183,17.67094,18.65140,19.60977
2026-08-18,2026-08-11,ar_garch,5,15.84000,14.93257,True,11.37831,11.96373,12.66371,13.16657,13.48260,13.80217,14.03913,14.26653,14.51541,14.72949,14.96083,15.15907,15.39120,15.62236,15.89063,16.18649,16.49242,16.87270,17.35158,18.78391,19.84373
2026-08-19,2026-08-12,ar_garch,5,14.89000,14.30650,True,10.84444,11.37787,12.06644,12.55718,12.89726,13.19457,13.44451,13.63720,13.89815,14.08841,14.26343,14.50377,14.71307,14.98484,15.22653,15.52340,15.80190,16.22404,16.78801,17.82036,18.91772
2026-08-20,2026-08-13,ar_garch,5,16.01000,14.34701,True,10.74018,11.53759,12.21641,12.68916,13.01869,13.24521,13.49130,13.68862,13.91490,14.10911,14.32031,14.53485,14.74371,14.95191,15.24408,15.56595,15.91105,16.27764,16.84468,17.87999,19.27254
2026-08-21,2026-08-14,ar_garch,5,15.13000,13.95642,True,10.74445,11.35537,12.04433,12.44049,12.70268,12.94162,13.14214,13.35967,13.57426,13.75299,13.92938,14.12937,14.32634,14.54397,14.81408,15.02761,15.28237,15.63788,16.24866,17.23536,18.14762
2026-08-24,2026-08-17,ar_garch,5,15.85000,14.80582,True,11.15565,11.98928,12.67588,13.09648,13.40710,13.70346,13.92165,14.14432,14.34537,14.56555,14.82121,15.01547,15.23834,15.46524,15.75268,15.99676,16.31452,16.74061,17.25316,18.20470,19.24589
2026-08-25,2026-08-18,ar_garch,5,15.45000,15.35651,True,11.45809,12.20075,13.05595,13.57456,13.87165,14.18412,14.45267,14.71399,14.91624,15.11755,15.34171,15.56132,15.84400,16.08768,16.33327,16.67123,16.97845,17.47984,18.06556,19.22964,20.45393
2026-08-26,2026-08-19,ar_garch,5,15.21000,14.61182,True,10.88126,11.50732,12.42629,12.84800,13.22042,13.51967,13.73109,13.95060,14.17311,14.36320,14.55024,14.76585,15.01711,15.27236,15.54790,15.85511,16.17277,16.58911,17.18227,18.23424,19.90311
2026-08-27,2026-08-20,ar_garch,5,14.51000,15.65961,True,11.67450,12.44315,13.35204,13.83270,14.16586,14.44902,14.71196,14.94824,15.17903,15.41313,15.65568,15.90366,16.19983,16.41126,16.66930,17.00524,17.40724,17.90483,18.47899,19.49243,20.68680
2026-08-28,2026-08-21,ar_garch,5,14.43000,14.89160,True,11.20153,11.78114,12.50657,13.00258,13.38910,13.66154,13.95693,14.21825,14.46767,14.70023,14.95074,15.15711,15.39030,15.61969,15.92251,16.24122,16.54009,17.00257,17.58214,18.86276,20.24684
2026-08-31,2026-08-24,ar_garch,5,14.92000,15.50419,True,11.58818,12.31115,13.14363,13.65994,14.07502,14.35506,14.61451,14.84053,15.07108,15.25997,15.46844,15.67212,15.91976,16.23776,16.49672,16.73513,17.12998,17.58736,18.24635,19.47726,20.82366
2026-09-01,2026-08-25,ar_garch,5,16.34000,15.22352,True,11.88050,12.37548,12.91807,13.34944,13.69790,13.95974,14.27122,14.51182,14.74076,14.92409,15.13784,15.37059,15.61053,15.87154,16.16399,16.44752,16.77411,17.29417,17.95810,18.88617,20.25560
2026-09-02,2026-08-26,ar_garch,5,15.20000,14.87982,True,11.19337,12.03172,12.73237,13.20628,13.51051,13.78855,14.04148,14.31563,14.49502,14.71671,14.89559,15.09448,15.32129,15.55346,15.78392,16.11275,16.40521,16.85406,17.36836,18.28842,19.56422
2026-09-03,2026-08-27,ar_garch,5,14.32000,14.28694,True,10.92356,11.60489,12.27924,12.68920,12.99316,13.23798,13.46043,13.66696,13.88578,14.09316,14.30018,14.48193,14.66917,14.90188,15.14151,15.40448,15.75616,16.20878,16.75154,17.86571,18.89701
2026-09-04,2026-08-28,ar_garch,5,14.53000,14.11332,True,10.91868,11.45586,12.12240,12.49707,12.81954,13.09250,13.34360,13.52904,13.73980,13.92995,14.13772,14.30083,14.50153,14.67926,14.93050,15.19785,15.52611,15.90070,16.43037,17.38464,18.15738
2026-09-07,2026-08-31,ar_garch,5,15.30000,14.57987,True,11.12526,11.72763,12.50327,12.97362,13.27962,13.53517,13.80109,14.01036,14.18834,14.38057,14.58885,14.78228,14.97355,15.21722,15.44048,15.70790,16.05016,16.47390,16.98884,17.82892,18.70589
2026-09-08,2026-09-01,ar_garch,5,15.72000,15.96605,True,11.68866,12.55999,13.42367,13.93839,14.30381,14.64898,14.94619,15.20645,15.50707,15.74379,15.98356,16.22752,16.48364,16.75622,17.12127,17.45329,17.79696,18.18227,18.92700,20.21342,22.14462
2026-09-09,2026-09-02,ar_garch,5,16.46000,14.94797,True,11.30465,11.96204,12.63668,13.04217,13.34939,13.70751,13.96680,14.20645,14.44470,14.70258,14.92402,15.15903,15.39108,15.66124,15.97683,16.29977,16.67286,17.10667,17.74605,18.83864,19.96920
2024-01-02,2023-12-22,har_garch,5,13.20000,12.90842,False,9.68339,10.28483,10.87371,11.26383,11.57682,11.83903,12.06768,12.24820,12.46926,12.68840,12.89555,13.07751,13.28653,13.53796,13.77381,14.01823,14.31132,14.69501,15.25318,16.25681,17.54436
2024-01-03,2023-12-26,har_garch,5,14.04000,12.81214,True,10.24565,10.72039,11.28634,11.57737,11.80370,12.01078,12.19203,12.35982,12.51194,12.65353,12.79407,12.93217,13.08518,13.24454,13.44007,13.65360,13.93427,14.22740,14.59928,15.31472,16.21407
2024-01-04,2023-12-27,har_garch,5,14.13000,12.43028,True,9.67638,10.29319,10.83243,11.19817,11.44470,11.66828,11.83657,12.01047,12.13959,12.29656,12.46363,12.59781,12.73039,12.90511,13.11707,13.31765,13.54041,13.82700,14.26972,14.89781,15.69792
2024-01-05,2023-12-28,har_garch,5,13.35000,12.43529,True,9.84489,10.23030,10.79167,11.19281,11.41023,11.59806,11.81371,11.98727,12.15840,12.28953,12.44844,12.63101,12.76696,12.93152,13.11605,13.28340,13.50243,13.82058,14.27742,14.92059,15.59046
2024-01-08,2023-12-29,har_garch,5,13.08000,12.42809,True,10.05869,10.47042,10.95090,11.22596,11.42922,11.63882,11.83630,11.99513,12.12708,12.27887,12.43680,12.57164,12.71661,12.86640,13.05777,13.23255,13.46328,13.72682,14.04624,14.63624,15.51171
2024-01-09,2024-01-02,har_garch,5,12.76000,12.96919,True,10.17302,10.75957,11.24852,11.56686,11.84972,12.07247,12.26753,12.46610,12.64589,12.79632,12.97771,13.15119,13.32629,13.48780,13.66627,13.91591,14.17864,14.45902,14.86145,15.78132,16.88518
2024-01-10,2024-01-03,har_garch,5,12.69000,13.46527,True,10.59888,11.12509,11.70316,12.07008,12.32675,12.52894,12.74219,12.96890,13.13380,13.28767,13.46796,13.62319,13.80853,14.00136,14.21456,14.42787,14.71155,15.05628,15.53559,16.28044,17.11345
2024-01-11,2024-01-04,har_garch,5,12.44000,13.63673,True,10.67174,11.21234,11.85716,12.26970,12.52371,12.74254,12.91864,13.10117,13.29243,13.45441,13.61717,13.79115,13.95224,14.14862,14.35372,14.55722,14.86363,15.18568,15.64690,16.73132,17.56307
2024-01-12,2024-01-05,har_garch,5,12.70000,13.08178,True,10.17897,10.75783,11.31668,11.65887,11.97560,12.21037,12.41784,12.57905,12.74592,12.92690,13.10007,13.25395,13.43979,13.59871,13.78519,14.01734,14.26590,14.62000,15.08946,15.87411,16.89444
2024-01-16,2024-01-08,har_garch,5,13.84000,12.97723,True,10.27864,10.81329,11.29702,11.66814,11.95049,12.11298,12.30632,12.50317,12.66692,12.82121,12.96607,13.11650,13.28644,13.46468,13.66964,13.88630,14.12007,14.39122,14.93547,15.69498,16.43351
2024-01-17,2024-01-09,har_garch,5,14.79000,12.73806,True,10.03411,10.52576,11.08357,11.45613,11.70340,11.90708,12.09083,12.23416,12.40432,12.57283,12.75009,12.87287,13.04366,13.20547,13.38821,13.60309,13.83280,14.15222,14.59743,15.47350,16.31027
2024-01-18,2024-01-10,har_garch,5,14.13000,12.60626,True,10.06007,10.59986,11.07030,11.40764,11.61127,11.81361,11.98238,12.15627,12.31331,12.47692,12.61332,12.76611,12.92711,13.10106,13.25917,13.48119,13.73286,14.00061,14.35388,15.01607,15.56434
2024-01-19,2024-01-11,har_garch,5,13.30000,12.43755,True,9.96203,10.34925,10.85190,11.17456,11.40870,11.65297,11.80774,12.00808,12.15683,12.30480,12.45036,12.61935,12.77562,12.94783,13.12538,13.31126,13.56280,13.85097,14.23266,14.79007,15.55924
2024-01-22,2024-01-12,har_garch,5,13.19000,12.63631,True,10.12939,10.60865,11.04584,11.35904,11.61133,11.83021,12.03831,12.17427,12.33632,12.49460,12.65255,12.78901,12.95894,13.13056,13.30739,13.49166,13.77975,14.11338,14.47484,15.13352,15.77547
2024-01-23,2024-01-16,har_garch,5,12.55000,13.38665,True,10.46397,10.93131,11.54886,12.00139,12.29867,12.51272,12.72611,12.89803,13.06672,13.25372,13.42442,13.56991,13.76086,13.92719,14.13078,14.33803,14.64356,14.95446,15.43926,16.16299,17.17558
2024-01-24,2024-01-17,har_garch,5,13.14000,14.02728,True,10.81666,11.37545,12.12880,12.48816,12.75784,13.05305,13.23875,13.44096,13.62480,13.81194,14.00921,14.19224,14.39118,14.62713,14.86462,15.11028,15.42407,15.75379,16.20951,17.26799,18.23317
2024-01-25,2024-01-18,har_garch,5,13.45000,13.60306,True,10.54073,11.14708,11.75377,12.13241,12.38180,12.59761,12.84941,13.02806,13.21994,13.42589,13.63025,13.80029,13.96702,14.19082,14.42171,14.63073,14.92907,15.31235,15.70422,16.50345,17.41251
2024-01-26,2024-01-19,har_garch,5,13.26000,13.09194,True,10.06507,10.74508,11.37073,11.68727,11.97421,12.20895,12.40385,12.58481,12.77090,12.92629,13.10789,13.28393,13.45425,13.62273,13.80633,14.01061,14.27323,14.67045,15.17114,15.98369,16.72639
2024-01-29,2024-01-22,har_garch,5,13.60000,13.11947,True,10.29283,10.89976,11.36134,11.73834,12.03156,12.22471,12.41950,12.58206,12.73990,12.91327,13.09657,13.26322,13.46989,13.66594,13.88217,14.09914,14.35003,14.61854,15.20808,16.01956,16.88000
2024-01-30,2024-01-23,har_garch,5,13.31000,12.67651,True,9.96520,10.51380,11.03957,11.35859,11.60771,11.81364,12.02419,12.19951,12.37522,12.50382,12.66926,12.82935,12.95963,13.16498,13.35425,13.58201,13.86420,14.17954,14.54912,15.26423,16.09084
2024-01-31,2024-01-24,har_garch,5,14.35000,13.06234,True,10.27616,10.81843,11.45779,11.78280,12.00408,12.21432,12.39614,12.59391,12.76256,12.91910,13.07637,13.22366,13.37057,13.52678,13.71475,13.95108,14.20950,14.57746,15.06884,15.67626,16.57757
2024-02-01,2024-01-25,har_garch,5,13.88000,13.20734,True,10.54069,11.02576,11.57349,11.90432,12.16500,12.35451,12.51441,12.68925,12.83353,13.02439,13.17521,13.32088,13.51068,13.68904,13.90768,14.12418,14.39505,14.70443,15.19520,16.10529,17.00382
2024-02-02,2024-01-26,har_garch,5,13.85000,13.10117,True,10.38129,10.97803,11.49177,11.83901,12.06318,12.26435,12.41083,12.57893,12.74663,12.88990,13.06776,13.23770,13.41183,13.58775,13.75476,13.99419,14.23064,14.52641,14.98432,15.74143,16.78275
2024-02-05,2024-01-29,har_garch,5,13.67000,13.33084,True,10.61695,11.08243,11.69481,12.01665,12.30296,12.51565,12.71787,12.85618,12.99972,13.15831,13.33743,13.46922,13.64133,13.82380,14.02391,14.26803,14.51488,14.85749,15.15981,15.87806,16.95931
2024-02-06,2024-01-30,har_garch,5,13.06000,13.12276,True,10.47454,10.93987,11.52092,11.81127,12.05784,12.27092,12.44336,12.61835,12.79564,12.94723,13.09831,13.26049,13.44243,13.60920,13.80108,14.01174,14.27203,14.57803,14.99949,15.70167,16.45850
2024-02-07,2024-01-31,har_garch,5,12.83000,13.82357,True,10.83958,11.48140,12.06593,12.34890,12.64979,12.84051,13.06001,13.23757,13.43161,13.61078,13.80064,13.96975,14.16585,14.37158,14.57058,14.79670,15.09468,15.41792,15.86366,16.81821,17.90597
2024-02-08,2024-02-01,har_garch,5,12.79000,13.50128,True,10.47460,11.09560,11.67755,12.03811,12.28602,12.52359,12.78373,13.02815,13.19974,13.39501,13.55897,13.74089,13.93119,14.12614,14.30017,14.55233,14.81252,15.08509,15.53248,16.35273,17.14015
2024-02-09,2024-02-02,har_garch,5,12.93000,13.49161,True,10.67474,11.16708,11.78733,12.12675,12.40418,12.61973,12.83285,13.02327,13.18461,13.38365,13.54878,13.70559,13.86696,14.04885,14.21639,14.42907,14.67266,14.95431,15.40009,16.17116,16.90058
2024-02-12,2024-02-05,har_garch,5,13.93000,13.42066,True,10.65072,11.09171,11.71213,12.04296,12.33954,12.56858,12.74888,12.92470,13.08609,13.27745,13.44766,13.60440,13.76236,13.95980,14.11673,14.36992,14.64047,14.98405,15.36440,16.10145,17.09755
2024-02-13,2024-02-06,har_garch,5,15.85000,13.04864,True,10.19153,10.81015,11.39229,11.76601,12.01583,12.22783,12.38109,12.54814,12.69809,12.84530,12.98395,13.12862,13.28568,13.45598,13.64523,13.87210,14.12361,14.44391,14.94716,15.74120,16.68319
2024-02-14,2024-02-07,har_garch,5,14.38000,12.86577,True,10.13990,10.68062,11.20088,11.52396,11.78784,11.98526,12.16375,12.34969,12.54960,12.70699,12.86577,13.03501,13.21970,13.37716,13.55858,13.76408,14.02232,14.30280,14.73316,15.68404,16.53100
2024-02-15,2024-02-08,har_garch,5,14.01000,12.85971,True,10.36172,10.72507,11.28485,11.59061,11.82348,12.02958,12.22177,12.37869,12.53538,12.67977,12.83140,13.02868,13.17682,13.35521,13.53045,13.76082,13.98960,14.27678,14.65710,15.40628,16.25399
2024-02-16,2024-02-09,har_garch,5,14.24000,12.88416,True,10.37492,10.83566,11.36308,11.65578,11.87831,12.06532,12.27492,12.45037,12.61463,12.74787,12.88533,13.03481,13.16951,13.34997,13.55768,13.76621,13.97340,14.29087,14.70875,15.24292,15.79203
2024-02-20,2024-02-12,har_garch,5,15.42000,13.57617,True,10.52406,11.09535,11.72166,12.13962,12.42467,12.64519,12.82741,13.03390,13.19971,13.38549,13.53142,13.70940,13.91614,14.09080,14.31670,14.54404,14.80658,15.16537,15.62894,16.56840,17.55094
2024-02-21,2024-02-13,har_garch,5,15.34000,14.71728,True,10.76218,11.63678,12.39617,12.86257,13.21382,13.52472,13.75516,13.99042,14.24632,14.43053,14.68459,14.92837,15.16732,15.40947,15.70876,16.00605,16.38453,16.88886,17.53431,18.73423,19.73871
2024-02-22,2024-02-14,har_garch,5,14.54000,13.93809,True,10.53635,11.06245,11.74868,12.17794,12.50623,12.76989,13.02428,13.25003,13.47727,13.68420,13.90588,14.14766,14.37918,14.60513,14.88330,15.21194,15.47935,15.91796,16.44081,17.50463,19.16456
2024-02-23,2024-02-15,har_garch,5,13.75000,13.72547,True,10.43123,10.97143,11.68346,12.11508,12.46063,12.70144,12.89694,13.13141,13.34404,13.52377,13.69008,13.85745,14.06004,14.28857,14.53130,14.81334,15.08525,15.50873,16.12776,17.08393,18.21850
2024-02-26,2024-02-16,har_garch,5,13.74000,13.84463,True,10.72939,11.36994,11.95730,12.33096,12.61315,12.85997,13.08039,13.28801,13.46621,13.68250,13.84411,13.98153,14.17108,14.38490,14.62479,14.85307,15.16651,15.54906,16.04778,16.90534,18.12502
2024-02-27,2024-02-20,har_garch,5,13.43000,14.60770,True,11.23937,11.86418,12.54742,12.93665,13.25216,13.53248,13.81929,14.05211,14.25025,14.44161,14.61166,14.85265,15.03070,15.22244,15.48568,15.73547,16.02469,16.43250,17.03334,17.92006,18.91173
2024-02-28,2024-02-21,har_garch,5,13.84000,14.75696,True,11.64816,12.20089,12.74228,13.16586,13.48343,13.72174,13.93714,14.16172,14.37430,14.55398,14.75451,14.96455,15.16265,15.33458,15.58412,15.84675,16.08413,16.48890,17.03370,17.87277,18.72236
2024-02-29,2024-02-22,har_garch,5,13.40000,14.08564,True,11.05346,11.56428,12.26203,12.61924,12.94317,13.18075,13.38124,13.58999,13.80252,13.95866,14.11215,14.26681,14.48887,14.68331,14.85695,15.14138,15.42143,15.74147,16.13404,16.84378,17.54081
2024-03-01,2024-02-23,har_garch,5,13.11000,13.67963,True,10.64944,11.14742,11.69540,12.20061,12.45552,12.70050,12.89936,13.10596,13.28979,13.47956,13.66421,13.87157,14.02556,14.20497,14.39681,14.67980,14.96566,15.33390,15.82672,16.70401,17.89827
2024-03-04,2024-02-26,har_garch,5,13.49000,13.57195,True,10.78103,11.20313,11.77474,12.13185,12.42646,12.64307,12.84897,13.04210,13.21574,13.40491,13.57627,13.72533,13.89325,14.07916,14.27594,14.52208,14.82765,15.20341,15.67895,16.43741,17.26867
2024-03-05,2024-02-27,har_garch,5,14.46000,13.37907,True,10.46438,11.06964,11.67690,12.08480,12.32343,12.50467,12.70431,12.85453,13.01086,13.22168,13.38192,13.53370,13.69224,13.87107,14.05254,14.27693,14.54940,14.84933,15.32672,16.13018,16.89510
2024-03-06,2024-02-28,har_garch,5,14.50000,13.62299,True,10.62853,11.23106,11.88009,12.20586,12.47909,12.73106,12.93482,13.16153,13.33615,13.49052,13.66658,13.80821,13.97912,14.15556,14.37114,14.60536,14.85287,15.21414,15.62828,16.43752,17.19774
2024-03-07,2024-02-29,har_garch,5,14.44000,13.41323,True,10.72656,11.13534,11.70868,12.07052,12.32019,12.54074,12.74507,12.92067,13.06751,13.20035,13.37952,13.55642,13.70417,13.89437,14.09146,14.31827,14.57966,14.91652,15.30148,16.22832,17.17945
2024-03-08,2024-03-01,har_garch,5,14.74000,13.17762,True,10.31103,11.02254,11.49371,11.85668,12.12435,12.31281,12.48878,12.69121,12.84140,12.99030,13.16358,13.30229,13.45795,13.62985,13.84239,14.05190,14.34263,14.71466,15.19928,16.00937,17.21453
2024-03-11,2024-03-04,har_garch,5,15.22000,13.39929,True,10.75313,11.31584,11.77309,12.11050,12.32531,12.54236,12.73455,12.88740,13.06484,13.24960,13.40990,13.56470,13.69745,13.89360,14.07156,14.27071,14.50979,14.85251,15.21412,15.99908,16.84126
2024-03-12,2024-03-05,har_garch,5,13.84000,13.99532,True,10.78243,11.46342,12.12444,12.53976,12.84161,13.10720,13.30910,13.47893,13.64519,13.81161,13.96904,14.15077,14.35821,14.55334,14.75641,15.04818,15.30294,15.67028,16.17958,17.14682,17.97475
2024-03-13,2024-03-06,har_garch,5,13.75000,14.10229,True,11.11233,11.61059,12.28767,12.70610,13.00400,13.25549,13.45647,13.60579,13.76226,13.93719,14.09555,14.26427,14.41753,14.63205,14.84808,15.10324,15.35401,15.71507,16.16425,16.92278,17.80650
2024-03-14,2024-03-07,har_garch,5,14.40000,14.06934,True,11.08519,11.73471,12.34288,12.70710,12.93843,13.15895,13.36212,13.55843,13.71709,13.89573,14.06914,14.23840,14.41065,14.57471,14.78557,15.00783,15.29716,15.63554,16.17853,16.92705,17.80653
2024-03-15,2024-03-08,har_garch,5,14.41000,14.23200,True,11.24070,11.80921,12.41492,12.81178,13.05462,13.29687,13.50552,13.70215,13.91682,14.07335,14.23786,14.42863,14.61405,14.81125,15.00150,15.24939,15.48999,15.80347,16.25906,17.13464,17.94537
2024-03-18,2024-03-11,har_garch,5,14.33000,14.70554,True,11.68063,12.26230,12.84985,13.21690,13.47633,13.72325,13.92241,14.14710,14.33225,14.53118,14.73412,14.89981,15.06390,15.25430,15.47811,15.72283,15.99410,16.34911,16.78430,17.53071,18.56992
2024-03-19,2024-03-12,har_garch,5,13.82000,13.70076,True,10.53523,11.27931,11.84146,12.18963,12.54090,12.76372,12.99484,13.19681,13.38205,13.54512,13.71297,13.89294,14.07870,14.27637,14.51260,14.74478,15.00900,15.32199,15.77751,16.68269,17.60297
2024-03-20,2024-03-13,har_garch,5,13.04000,13.83371,True,10.94792,11.45131,11.94188,12.33806,12.60299,12.82840,13.07871,13.28448,13.44857,13.61926,13.81358,14.00297,14.15796,14.36497,14.62263,14.89128,15.22449,15.53666,15.96441,16.84193,17.51324
2024-03-21,2024-03-14,har_garch,5,12.92000,14.03477,True,10.88171,11.49367,12.17135,12.64915,12.91519,13.15251,13.37336,13.51962,13.71086,13.88645,14.04218,14.21035,14.40053,14.59156,14.78578,15.05489,15.33182,15.64260,16.13978,17.03130,18.05492
2024-03-22,2024-03-15,har_garch,5,13.06000,14.11427,True,11.17413,11.72855,12.32261,12.62375,12.94824,13.19790,13.39845,13.55355,13.71648,13.90894,14.08880,14.28503,14.44525,14.61756,14.85089,15.09318,15.35342,15.70301,16.23398,17.07353,17.93976
2024-03-25,2024-03-18,har_garch,5,13.19000,14.24262,True,11.64726,11.99650,12.54877,12.85815,13.12394,13.32225,13.51929,13.73362,13.91295,14.06145,14.24134,14.41671,14.55806,14.75159,14.96721,15.22591,15.47836,15.81870,16.17882,16.82082,17.31813
2024-03-26,2024-03-19,har_garch,5,13.24000,13.68112,True,10.87248,11.40049,11.91908,12.28276,12.55372,12.76986,12.95800,13.15319,13.33557,13.50758,13.66461,13.82346,14.03584,14.20823,14.40029,14.65752,14.91472,15.20194,15.59996,16.29220,17.18614
2024-03-27,2024-03-20,har_garch,5,12.78000,13.14026,True,10.32271,10.87380,11.45511,11.81750,12.08129,12.29714,12.48360,12.64024,12.80087,12.97036,13.14005,13.32779,13.52090,13.68504,13.85149,14.06747,14.35888,14.70586,15.10224,15.90999,16.61301
2024-03-28,2024-03-21,har_garch,5,13.01000,13.04140,True,10.35357,10.79608,11.36300,11.72118,12.01969,12.22464,12.42575,12.60071,12.77560,12.91059,13.07506,13.22490,13.36977,13.53427,13.76687,13.95121,14.21816,14.50874,14.93812,15.55875,16.41642
2024-04-01,2024-03-22,har_garch,5,13.65000,13.13557,True,10.53298,10.95977,11.49869,11.77546,12.01200,12.24172,12.42921,12.61844,12.76514,12.93124,13.11350,13.28686,13.48385,13.64637,13.81439,14.05514,14.29220,14.61783,15.02847,15.74863,16.63979
2024-04-02,2024-03-25,har_garch,5,14.61000,13.12943,True,10.44368,11.01517,11.56966,11.88598,12.12287,12.34186,12.53189,12.68687,12.85019,12.99165,13.16996,13.31622,13.45605,13.64962,13.84131,14.05598,14.28346,14.54333,14.91691,15.62579,16.19331
2024-04-03,2024-03-26,har_garch,5,14.33000,13.25354,True,10.67819,11.22825,11.64395,11.94293,12.21889,12.43375,12.61958,12.77244,12.94364,13.09314,13.25331,13.39038,13.55036,13.70896,13.90889,14.08322,14.32436,14.60142,15.01278,15.75284,16.57168
2024-04-04,2024-03-27,har_garch,5,16.35000,12.91845,True,10.31918,10.83734,11.36487,11.66965,11.92276,12.09220,12.28428,12.45210,12.60396,12.75605,12.91578,13.07003,13.21559,13.40727,13.56585,13.77633,14.04014,14.34516,14.76167,15.51825,16.29602
2024-04-05,2024-03-28,har_garch,5,16.03000,13.06109,True,10.37910,10.99996,11.50839,11.84041,12.04579,12.25278,12.44671,12.60081,12.72406,12.89787,13.03663,13.17330,13.33312,13.49153,13.69552,13.91091,14.16452,14.47510,14.87482,15.53219,16.40017
2024-04-08,2024-04-01,har_garch,5,15.19000,13.43162,True,10.82542,11.15640,11.72096,12.12643,12.35849,12.56439,12.74128,12.93963,13.09329,13.25793,13.40345,13.56609,13.73824,13.94090,14.12848,14.33959,14.58651,14.91578,15.32135,16.08243,16.89886
2024-04-09,2024-04-02,har_garch,5,14.98000,14.09967,True,11.09784,11.60731,12.24312,12.57335,12.91039,13.14632,13.33588,13.52296,13.71136,13.89089,14.07907,14.26758,14.46623,14.68902,14.89574,15.16522,15.44190,15.75949,16.26324,16.98375,18.01008
2024-04-10,2024-04-03,har_garch,5,15.80000,13.93395,True,10.84630,11.48946,12.08817,12.49187,12.79261,12.99131,13.20053,13.38947,13.53072,13.73435,13.89798,14.09028,14.29731,14.51235,14.72641,14.95432,15.25458,15.60434,16.04779,16.85645,17.84515
2024-04-11,2024-04-04,har_garch,5,14.91000,15.15748,True,11.31238,12.12624,12.87038,13.24068,13.58080,13.88631,14.15127,14.42799,14.62996,14.86417,15.09354,15.33891,15.60179,15.82810,16.11768,16.47262,16.82221,17.28861,17.99660,19.25287,20.62492
2024-04-12,2024-04-05,har_garch,5,17.31000,14.93672,True,11.08258,11.83472,12.74169,13.22451,13.57208,13.84982,14.13279,14.35286,14.57003,14.74403,14.97021,15.19835,15.44072,15.64639,15.88773,16.13492,16.44077,16.83479,17.47120,18.44705,19.61284
2024-04-15,2024-04-08,har_garch,5,19.23000,14.69218,True,11.46730,12.06193,12.68822,13.05332,13.37044,13.60373,13.86466,14.09468,14.27747,14.50144,14.69201,14.85697,15.11221,15.31162,15.53347,15.77492,16.08136,16.45643,16.97321,18.11219,19.22517
2024-04-16,2024-04-09,har_garch,5,18.40000,14.42814,True,11.24384,11.77566,12.47968,12.89122,13.17119,13.42865,13.64321,13.88143,14.08297,14.24888,14.45320,14.61685,14.80299,15.02921,15.24372,15.46121,15.74612,16.11246,16.62994,17.55637,18.74327
2024-04-17,2024-04-10,har_garch,5,18.21000,14.90897,True,11.50798,12.32106,12.98137,13.32022,13.62745,13.88804,14.10725,14.32490,14.53453,14.72127,14.89845,15.11812,15.34771,15.57882,15.76918,16.00180,16.31311,16.66897,17.17354,18.16587,18.93190
2024-04-18,2024-04-11,har_garch,5,18.00000,14.39572,True,11.14065,11.76224,12.47756,12.84157,13.15382,13.35339,13.60469,13.78317,13.97343,14.18839,14.34599,14.56610,14.78810,14.98109,15.24483,15.54321,15.82422,16.17047,16.62027,17.66409,18.72050
2024-04-19,2024-04-12,har_garch,5,18.71000,15.79112,True,11.47390,12.25478,13.12695,13.64505,14.06630,14.39358,14.75991,15.07370,15.33095,15.55634,15.80775,16.07736,16.34211,16.59898,16.92021,17.29514,17.70799,18.25751,18.97296,20.36468,21.82708
2024-04-22,2024-04-15,har_garch,5,16.94000,17.08187,True,12.34097,13.36692,14.18981,14.73226,15.17171,15.53774,15.84886,16.19935,16.50903,16.77478,17.03112,17.36228,17.64761,17.96201,18.28298,18.71585,19.15202,19.78982,20.57975,22.33935,24.38879
2024-04-23,2024-04-16,har_garch,5,15.69000,16.75155,True,12.58448,13.16223,14.07670,14.58992,14.97975,15.31966,15.60257,15.87468,16.17485,16.42645,16.66045,16.94449,17.24120,17.49154,17.78032,18.14230,18.57833,19.14557,19.92439,21.49201,23.43966
2024-04-24,2024-04-17,har_garch,5,15.97000,16.90311,True,12.86630,13.55810,14.42668,14.91144,15.25841,15.53019,15.84054,16.13135,16.42235,16.68083,16.88602,17.08669,17.33022,17.58035,17.89648,18.20194,18.62762,19.13660,19.88883,21.17238,22.85559
2024-04-25,2024-04-18,har_garch,5,15.37000,16.62354,True,12.64463,13.50193,14.30580,14.74272,15.09712,15.35307,15.60316,15.86299,16.09776,16.35764,16.60596,16.83608,17.08457,17.35301,17.61429,17.96563,18.29122,18.74945,19.45098,20.58902,21.47920
2024-04-26,2024-04-19,har_garch,5,15.03000,18.32006,True,14.37261,15.12951,15.79582,16.23247,16.64693,16.97801,17.32059,17.57304,17.84647,18.10588,18.35183,18.63097,18.88021,19.13610,19.40223,19.71069,20.10945,20.60187,21.23273,22.16610,23.17588
2024-04-29,2024-04-22,har_garch,5,14.67000,16.20007,True,12.22091,12.91221,13.73862,14.24323,14.63863,14.97639,15.26714,15.52967,15.75476,16.01078,16.22101,16.45006,16.73336,17.00270,17.27880,17.56239,17.97675,18.37876,19.01864,20.17121,21.22315
2024-04-30,2024-04-23,har_garch,5,15.65000,15.31833,True,11.63222,12.21098,13.07611,13.59957,13.95231,14.24415,14.51580,14.74539,14.93847,15.15545,15.37929,15.63099,15.87059,16.06478,16.30142,16.55321,16.87494,17.32624,17.82965,18.75222,19.79488
2024-05-01,2024-04-24,har_garch,5,15.39000,15.51042,True,12.28207,12.84129,13.41254,13.79078,14.11272,14.40087,14.65303,14.88959,15.05051,15.26435,15.45785,15.68620,15.91784,16.14578,16.38175,16.68569,16.96816,17.41383,18.03846,18.94768,19.93407
2024-05-02,2024-04-25,har_garch,5,14.68000,15.22352,True,11.90800,12.53748,13.17111,13.59912,13.89071,14.12437,14.36727,14.58616,14.77786,14.97472,15.18286,15.38350,15.59261,15.81222,16.03449,16.31701,16.62561,17.12477,17.60765,18.46749,19.56012
2024-05-03,2024-04-26,har_garch,5,13.49000,14.96121,True,11.66810,12.29868,13.04163,13.41046,13.74825,14.00091,14.21416,14.42110,14.58841,14.74826,14.91517,15.10077,15.31529,15.51312,15.77255,16.07861,16.38382,16.77197,17.27099,18.01534,18.99417
2024-05-06,2024-04-29,har_garch,5,13.49000,14.77024,True,11.77101,12.28005,12.89563,13.25538,13.56188,13.79924,14.01490,14.21218,14.38435,14.57566,14.74544,14.94567,15.12519,15.31344,15.52075,15.76668,16.03466,16.42395,16.92127,17.89562,18.82029
2024-05-07,2024-04-30,har_garch,5,13.23000,15.35135,True,11.97243,12.61633,13.34902,13.79963,14.10335,14.36262,14.56441,14.77773,14.96346,15.16264,15.32849,15.56428,15.72358,15.93259,16.19114,16.43170,16.77388,17.18710,17.63737,18.67324,19.57364
2024-05-08,2024-05-01,har_garch,5,13.00000,15.10048,True,11.98779,12.59840,13.20765,13.60362,13.86897,14.13672,14.36395,14.54833,14.75180,14.95045,15.12692,15.31171,15.51184,15.73828,15.93128,16.19368,16.46500,16.75209,17.27712,18.12958,18.94278
2024-05-09,2024-05-02,har_garch,5,12.69000,14.70948,True,11.44084,12.12542,12.84568,13.23787,13.51298,13.77681,14.01108,14.19375,14.35740,14.54094,14.70954,14.87172,15.05296,15.25686,15.49052,15.70520,16.00485,16.39206,16.84101,17.79128,18.82148
2024-05-10,2024-05-03,har_garch,5,12.55000,13.94468,True,10.86315,11.51580,12.11276,12.41482,12.71036,12.97755,13.20125,13.39193,13.60617,13.78007,13.95281,14.12958,14.33513,14.58475,14.78786,15.02805,15.32504,15.62300,16.07874,16.88483,17.81076
2024-05-13,2024-05-06,har_garch,5,13.60000,13.93616,True,10.95523,11.48917,12.12845,12.46015,12.76926,12.99009,13.20081,13.39787,13.58898,13.73739,13.89623,14.07404,14.24645,14.44321,14.66513,14.91666,15.18037,15.51892,16.11514,16.92715,17.89410
2024-05-14,2024-05-07,har_garch,5,13.42000,13.65495,True,10.77875,11.26313,11.83284,12.21068,12.46414,12.72229,12.95025,13.13749,13.31794,13.49070,13.66665,13.84020,13.97290,14.18312,14.40524,14.62745,14.92703,15.23630,15.71648,16.50179,17.44687
2024-05-15,2024-05-08,har_garch,5,12.45000,13.46715,True,10.67024,11.19772,11.72105,12.06511,12.35795,12.61963,12.83662,12.97910,13.12121,13.28054,13.44173,13.61189,13.79504,13.99213,14.17227,14.41658,14.65251,15.00273,15.43806,16.32714,17.11852
2024-05-16,2024-05-09,har_garch,5,12.42000,13.19613,True,10.38975,10.90743,11.52680,11.85271,12.13013,12.32901,12.51343,12.68419,12.85375,13.01098,13.19647,13.35259,13.52002,13.71127,13.91881,14.15481,14.42346,14.74620,15.29043,15.94962,16.91087
2024-05-17,2024-05-10,har_garch,5,11.99000,13.05529,True,10.21275,10.85954,11.44238,11.76357,12.03615,12.24685,12.42422,12.59431,12.73425,12.91585,13.05520,13.21430,13.38809,13.54891,13.72474,13.92936,14.18684,14.46728,14.87251,15.56519,16.44386
2024-05-20,2024-05-13,har_garch,5,12.15000,13.71431,True,10.67974,11.16543,11.86680,12.23253,12.52029,12.76964,12.97268,13.16838,13.33559,13.53697,13.70711,13.87286,14.07495,14.30163,14.48022,14.71497,15.01700,15.33699,15.83093,16.59737,17.85979
2024-05-21,2024-05-14,har_garch,5,11.86000,13.54636,True,10.83035,11.26884,11.82468,12.18179,12.43890,12.66755,12.86386,13.05408,13.22155,13.41210,13.58506,13.70246,13.87406,14.04676,14.23836,14.44647,14.71652,15.06687,15.43320,16.19785,16.90944
2024-05-22,2024-05-15,har_garch,5,12.29000,12.85566,True,10.03797,10.50314,11.12158,11.49621,11.78364,12.01653,12.17585,12.32918,12.51111,12.67845,12.83916,13.01402,13.21466,13.39253,13.57409,13.78940,14.02234,14.40612,14.84352,15.62819,16.45314
2024-05-23,2024-05-16,har_garch,5,12.77000,12.72922,True,10.03124,10.55196,11.10263,11.42550,11.65987,11.88456,12.06884,12.22380,12.40702,12.54138,12.68710,12.83217,13.01604,13.19035,13.41153,13.65002,13.89958,14.21969,14.73192,15.38152,16.26590
2024-05-24,2024-05-17,har_garch,5,11.93000,12.48115,True,9.81235,10.35141,10.85675,11.19198,11.43480,11.63029,11.79479,11.98038,12.14633,12.27291,12.43027,12.58831,12.76589,12.94055,13.11405,13.36339,13.60870,13.92645,14.40416,15.00672,16.19403
2024-05-28,2024-05-20,har_garch,5,12.92000,12.44487,True,9.87592,10.38685,10.86263,11.18975,11.44198,11.64192,11.82616,11.99970,12.15848,12.32340,12.46451,12.61673,12.76223,12.91630,13.10023,13.28396,13.51612,13.84427,14.24381,14.90942,15.58567
2024-05-29,2024-05-21,har_garch,5,14.28000,12.20544,True,9.78634,10.25290,10.73670,11.06543,11.28219,11.46329,11.61690,11.81717,11.98266,12.09642,12.22218,12.34691,12.48329,12.62595,12.79181,12.95435,13.19758,13.48804,13.85083,14.55202,15.32476
2024-05-30,2024-05-22,har_garch,5,14.47000,12.45252,True,9.86153,10.40605,10.91431,11.22418,11.47194,11.66645,11.81935,11.97611,12.14716,12.31413,12.43444,12.56829,12.75013,12.91062,13.06601,13.27601,13.49975,13.77431,14.20858,14.98179,15.80421
2024-05-31,2024-05-23,har_garch,5,12.92000,12.71850,True,10.01542,10.55709,11.11908,11.44170,11.72069,11.91013,12.09075,12.23077,12.43204,12.60249,12.74705,12.92470,13.07804,13.23571,13.41887,13.60148,13.82851,14.13853,14.55718,15.19995,15.87605
2024-06-03,2024-05-24,har_garch,5,13.11000,12.14912,True,9.54943,10.01910,10.55025,10.85170,11.11728,11.31707,11.49358,11.64818,11.79718,11.97884,12.14696,12.30145,12.45996,12.63288,12.85962,13.06008,13.29427,13.56802,14.02400,14.79455,15.48421
2024-06-04,2024-05-28,har_garch,5,13.16000,12.75332,True,9.63577,10.30266,11.02215,11.41695,11.67955,11.90779,12.10540,12.30124,12.45774,12.63191,12.79675,12.96267,13.13193,13.33153,13.53189,13.74712,14.01656,14.40402,14.81154,15.53956,16.32685
2024-06-05,2024-05-29,har_garch,5,12.63000,13.63533,True,10.36476,10.93794,11.62963,12.06816,12.34918,12.57328,12.81898,13.01785,13.23132,13.41916,13.61454,13.80520,14.04157,14.24877,14.51824,14.72959,15.01187,15.38814,15.97670,17.12621,18.66329
2024-06-06,2024-05-30,har_garch,5,12.58000,13.82001,True,10.69769,11.25207,11.88056,12.24987,12.56450,12.79890,13.01793,13.23722,13.42554,13.63731,13.81417,14.01172,14.22513,14.43509,14.62702,14.90437,15.18969,15.52003,16.01149,17.01829,17.92955
2024-06-07,2024-05-31,har_garch,5,12.22000,12.87377,True,9.61299,10.32003,10.96096,11.32724,11.64735,11.84459,12.10176,12.29601,12.51006,12.66627,12.86069,13.04538,13.22141,13.39774,13.62347,13.85768,14.24003,14.61293,15.23012,16.24445,17.07890
2024-06-10,2024-06-03,har_garch,5,12.74000,12.93820,True,9.90072,10.48883,11.08303,11.46253,11.74475,11.96511,12.18444,12.38464,12.56168,12.76964,12.94860,13.12403,13.28529,13.51521,13.71913,13.95341,14.24290,14.64115,15.13997,16.15666,17.41091
2024-06-11,2024-06-04,har_garch,5,12.85000,12.94737,True,9.97299,10.46654,11.11978,11.51769,11.79654,12.00707,12.18640,12.40333,12.57694,12.75702,12.96890,13.16130,13.34404,13.51562,13.72850,14.00510,14.25159,14.62117,15.10707,15.77561,16.83380
2024-06-12,2024-06-05,har_garch,5,12.04000,12.53771,True,9.95406,10.43699,10.92203,11.24680,11.51926,11.72190,11.91363,12.05558,12.19723,12.36425,12.54369,12.73885,12.90641,13.05642,13.27164,13.45677,13.67872,13.95394,14.37121,15.00607,15.78228
2024-06-13,2024-06-06,har_garch,5,11.94000,12.55699,True,9.87336,10.46400,10.97456,11.30549,11.57435,11.79151,11.96560,12.14999,12.30381,12.47466,12.60323,12.72769,12.89818,13.05453,13.21740,13.40044,13.61429,13.85085,14.27950,14.95508,15.78482
2024-06-14,2024-06-07,har_garch,5,12.66000,12.33121,True,9.73894,10.26475,10.81602,11.08182,11.29987,11.50214,11.69204,11.83584,11.99986,12.14964,12.31388,12.47853,12.64211,12.78030,12.96161,13.17790,13.41905,13.76403,14.12416,14.85017,15.62977
2024-06-17,2024-06-10,har_garch,5,12.75000,12.63283,True,10.09849,10.58226,11.05342,11.37678,11.60081,11.82514,11.99286,12.14878,12.30103,12.46005,12.59333,12.76579,12.93783,13.13283,13.31007,13.50276,13.76164,14.04593,14.42937,15.02987,15.85508
2024-06-18,2024-06-11,har_garch,5,12.30000,12.70666,True,10.02917,10.56525,11.11556,11.42044,11.69934,11.90221,12.07333,12.22649,12.40528,12.56652,12.70749,12.85700,12.99483,13.16814,13.30912,13.52779,13.75289,14.04813,14.43306,15.10965,15.89895
2024-06-20,2024-06-12,har_garch,5,13.28000,12.14625,True,9.30549,10.03946,10.57155,10.92582,11.15219,11.35785,11.54537,11.69995,11.82149,11.97583,12.13139,12.28210,12.45964,12.61991,12.78925,12.98080,13.19691,13.49473,13.94801,14.70394,15.83001
2024-06-21,2024-06-13,har_garch,5,13.20000,12.10235,True,9.58737,10.05702,10.54952,10.89934,11.12436,11.30892,11.50843,11.65069,11.80246,11.95524,12.09941,12.26073,12.40098,12.55945,12.75220,12.96266,13.15795,13.44710,13.80654,14.50397,15.21100
2024-06-24,2024-06-14,har_garch,5,13.33000,12.51583,True,9.93452,10.31295,10.89367,11.21878,11.46870,11.69273,11.91959,12.07758,12.21533,12.35632,12.50428,12.65561,12.82335,12.99919,13.16212,13.39549,13.66628,13.95888,14.35039,15.06055,15.91174
2024-06-25,2024-06-17,har_garch,5,12.84000,12.59615,True,9.93905,10.39332,10.96872,11.33019,11.55076,11.78493,11.97683,12.13220,12.29703,12.44761,12.58358,12.73125,12.89320,13.05864,13.26523,13.50004,13.78056,14.06227,14.39520,15.13990,16.11126
2024-06-26,2024-06-18,har_garch,5,12.55000,12.28709,True,9.56036,10.18094,10.72381,11.04973,11.26530,11.47584,11.68143,11.85369,12.01618,12.19048,12.32192,12.49581,12.64691,12.79764,12.98383,13.17004,13.41171,13.72963,14.06666,14.64722,15.37214
2024-06-27,2024-06-20,har_garch,5,12.24000,12.96483,True,10.18238,10.65000,11.16661,11.58191,11.85085,12.09026,12.30522,12.46850,12.64502,12.83001,13.00108,13.17566,13.31463,13.52221,13.70740,13.96460,14.17640,14.52514,15.01808,15.65805,16.54113
2024-06-28,2024-06-21,har_garch,5,12.44000,12.87142,True,10.01144,10.64515,11.21424,11.60933,11.82504,12.04641,12.25687,12.41342,12.56179,12.70631,12.83969,13.00719,13.21480,13.36169,13.54484,13.75746,14.01655,14.30779,14.71228,15.56718,16.47485
2024-07-01,2024-06-24,har_garch,5,12.22000,13.01664,True,10.44484,10.97766,11.38053,11.69251,11.96619,12.15346,12.34589,12.49986,12.65448,12.81644,12.96135,13.11384,13.29280,13.48287,13.69972,13.92669,14.17235,14.49445,14.94065,15.64286,16.46236
2024-07-02,2024-06-25,har_garch,5,12.03000,12.72733,True,10.15525,10.61247,11.18934,11.52833,11.79180,11.96504,12.14613,12.28866,12.42125,12.56238,12.68445,12.85144,13.00412,13.21706,13.38165,13.55674,13.76150,14.09139,14.52546,15.15188,16.04722
2024-07-03,2024-06-26,har_garch,5,12.09000,12.52647,True,9.91377,10.40587,11.00337,11.28886,11.56795,11.73364,11.90750,12.06931,12.22397,12.37650,12.52602,12.67726,12.81466,12.96042,13.14264,13.33057,13.59606,13.91278,14.27515,15.00579,15.73738
2024-07-05,2024-06-27,har_garch,5,12.48000,12.35261,True,9.84288,10.32181,10.77570,11.09426,11.34971,11.55335,11.73309,11.90660,12.09071,12.25833,12.39210,12.54441,12.69210,12.84872,13.03005,13.22139,13.41649,13.68625,14.03921,14.64936,15.57698
2024-07-08,2024-06-28,har_garch,5,12.37000,12.39261,True,10.04017,10.47235,10.92165,11.20538,11.42884,11.63099,11.80568,11.95880,12.10074,12.24779,12.37966,12.51686,12.64202,12.79709,12.97465,13.19214,13.40785,13.67954,14.18667,14.74734,15.55678
2024-07-09,2024-07-01,har_garch,5,12.51000,12.23772,True,9.70024,10.21756,10.76576,11.06394,11.31407,11.48959,11.66466,11.82897,11.97794,12.11896,12.23517,12.39806,12.53661,12.68195,12.84600,13.02439,13.22685,13.51484,13.86779,14.53637,15.23229
2024-07-10,2024-07-02,har_garch,5,12.85000,12.13467,True,9.64255,10.19691,10.66419,10.95427,11.21309,11.40459,11.54457,11.69681,11.83193,11.96761,12.11779,12.25863,12.42694,12.56926,12.74253,12.95240,13.21248,13.51947,13.90255,14.57878,15.19968
2024-07-11,2024-07-03,har_garch,5,12.92000,12.08419,True,9.67356,10.07416,10.68469,10.94342,11.16357,11.36021,11.52714,11.67705,11.82692,11.98158,12.12437,12.24116,12.37310,12.51300,12.68704,12.88669,13.13266,13.35847,13.73008,14.32359,15.05368
2024-07-12,2024-07-05,har_garch,5,12.46000,12.38646,True,9.97071,10.39257,10.93400,11.25097,11.48408,11.67137,11.81389,11.93849,12.08265,12.24970,12.40754,12.54797,12.68777,12.84959,13.01972,13.18624,13.36452,13.63940,13.99705,14.72999,15.45743
2024-07-15,2024-07-08,har_garch,5,13.12000,12.32827,True,9.88540,10.29093,10.83369,11.18313,11.41223,11.58331,11.73424,11.86918,12.03959,12.17611,12.32950,12.44349,12.60203,12.77341,12.95016,13.13636,13.39349,13.63894,14.01459,14.67003,15.35186
2024-07-16,2024-07-09,har_garch,5,13.19000,12.39430,True,9.96092,10.38686,10.95047,11.22312,11.44000,11.67175,11.83835,12.00057,12.14137,12.29139,12.43018,12.54569,12.68124,12.83584,13.02254,13.17799,13.35456,13.65601,14.04405,14.68912,15.34704
2024-07-17,2024-07-10,har_garch,5,14.48000,12.63854,True,10.18146,10.71868,11.15591,11.40448,11.69484,11.86436,12.02179,12.17710,12.31754,12.45887,12.61361,12.76564,12.90759,13.09946,13.29815,13.50612,13.73567,14.01570,14.37071,14.98497,15.57085
2024-07-18,2024-07-11,har_garch,5,15.93000,12.72558,True,10.41093,10.75763,11.17593,11.47906,11.72111,11.91853,12.09532,12.25259,12.40474,12.54533,12.70577,12.85590,13.01639,13.20054,13.37175,13.55887,13.76863,14.03065,14.44381,15.11427,15.98300
2024-07-19,2024-07-12,har_garch,5,16.52000,12.42876,True,9.94994,10.52650,10.98676,11.28697,11.48701,11.66213,11.84949,11.98379,12.12556,12.25386,12.40011,12.54379,12.69733,12.83387,13.03438,13.22527,13.46828,13.72608,14.08263,14.75244,15.66543
2024-07-22,2024-07-15,har_garch,5,14.91000,12.83748,True,10.06768,10.68142,11.24445,11.59576,11.83639,12.04244,12.21015,12.40279,12.54381,12.69156,12.86164,13.01050,13.18443,13.37715,13.55852,13.76482,13.98759,14.22951,14.59729,15.30843,16.09932
2024-07-23,2024-07-16,har_garch,5,14.72000,12.90612,True,10.16327,10.75597,11.30974,11.62216,11.92451,12.13234,12.32042,12.46888,12.64578,12.78352,12.91599,13.05856,13.22441,13.40444,13.57269,13.75881,14.00870,14.31037,14.73008,15.43659,16.18834
2024-07-24,2024-07-17,har_garch,5,18.04000,13.72254,True,10.57215,11.16634,11.84802,12.18582,12.51266,12.76366,12.96824,13.17097,13.35322,13.58610,13.78468,13.94449,14.17400,14.34612,14.53960,14.79154,15.06392,15.38928,15.81132,16.71083,17.71743
2024-07-25,2024-07-18,har_garch,5,18.46000,14.63776,True,11.03769,11.61107,12.39923,12.80935,13.20231,13.49917,13.72532,13.97891,14.22435,14.48713,14.68564,14.90389,15.14121,15.35703,15.58087,15.83747,16.18741,16.57257,17.17674,18.22796,19.23327
2024-07-26,2024-07-19,har_garch,5,16.39000,15.23752,True,11.85028,12.45951,13.02464,13.43604,13.76388,14.02605,14.28390,14.50403,14.71514,14.91311,15.11649,15.34016,15.61338,15.86826,16.16568,16.51854,16.86875,17.33499,17.90189,19.08141,20.59507
2024-07-29,2024-07-22,har_garch,5,16.60000,14.23975,True,10.62815,11.32921,12.17000,12.56047,12.89226,13.17438,13.39077,13.60300,13.81206,14.02113,14.20156,14.40251,14.62681,14.84189,15.08914,15.37814,15.69311,16.17496,16.83939,17.87944,19.36117
2024-07-30,2024-07-23,har_garch,5,17.69000,14.10963,True,10.97350,11.51201,12.13074,12.51668,12.82559,13.07250,13.30841,13.48255,13.68582,13.88304,14.07985,14.25257,14.46491,14.68182,14.91789,15.16319,15.47755,15.88919,16.40760,17.33058,18.33521
2024-07-31,2024-07-24,har_garch,5,16.36000,16.21982,True,11.18426,12.11851,13.08258,13.65373,14.09166,14.53852,14.96102,15.29606,15.57780,15.86647,16.18096,16.52960,16.84631,17.18202,17.55450,17.94186,18.52180,19.19138,20.11625,21.97952,23.70007
2024-08-01,2024-07-25,har_garch,5,18.59000,16.59369,True,11.85571,12.52795,13.52950,14.03910,14.60522,15.06992,15.39114,15.75811,16.07158,16.37501,16.64742,16.93568,17.24509,17.56455,17.92389,18.31622,18.77169,19.34640,20.04638,21.57057,23.56032
2024-08-02,2024-07-26,har_garch,5,23.39000,15.40681,True,11.18113,12.13833,12.83736,13.26779,13.69234,14.03523,14.30678,14.59291,14.88328,15.15748,15.39000,15.65338,15.94426,16.24353,16.55990,16.95088,17.38522,17.94113,18.65902,19.90694,21.17551
2024-08-05,2024-07-29,har_garch,5,38.57000,15.54702,True,11.35743,12.18193,13.13432,13.62553,13.97849,14.28718,14.51841,14.74982,15.03935,15.28804,15.56835,15.81043,16.07917,16.36936,16.63842,17.00197,17.37713,17.89410,18.57538,19.68589,21.11903
2024-08-06,2024-07-30,har_garch,5,27.71000,16.22012,True,11.83550,12.66939,13.60373,14.17344,14.60162,14.95227,15.23144,15.51510,15.75537,15.96152,16.21432,16.47976,16.71553,17.01854,17.30513,17.69618,18.11839,18.61546,19.28857,20.54463,21.68970
2024-08-07,2024-07-31,har_garch,5,27.85000,15.48912,True,11.50423,12.37500,13.16193,13.61122,14.00151,14.31307,14.56416,14.82846,15.02079,15.25932,15.50135,15.73164,15.93529,16.19775,16.48334,16.79755,17.20102,17.59370,18.16000,19.38262,20.61843
2024-08-08,2024-08-01,har_garch,5,23.79000,16.91745,True,12.09735,12.95546,13.91390,14.64686,15.07411,15.40976,15.73609,16.01262,16.31347,16.58709,16.82927,17.13018,17.48544,17.85450,18.15562,18.63029,19.09371,19.70184,20.53514,21.94585,23.48107
2024-08-09,2024-08-02,har_garch,5,20.37000,19.75412,True,12.44552,13.62386,15.02739,16.06282,16.79815,17.34690,17.88091,18.36046,18.85294,19.33987,19.72190,20.16537,20.60207,21.16155,21.74865,22.54608,23.17267,24.14402,25.41280,28.32111,31.40067
2024-08-12,2024-08-05,har_garch,5,20.71000,27.56509,True,12.49257,15.00896,17.31260,19.12282,20.56478,21.80363,22.97679,24.23273,25.37604,26.37959,27.45146,28.70095,29.82750,31.06275,32.84027,34.63057,36.83002,40.23465,45.34389,52.67508,63.80287
2024-08-13,2024-08-06,har_garch,5,18.12000,23.25444,True,11.11386,12.92612,15.16024,16.51884,17.54870,18.52405,19.62311,20.37077,21.11877,22.13448,23.09635,23.88470,25.06385,26.26451,27.63989,28.68642,30.23161,32.65535,36.08564,41.25563,51.28524
2024-08-14,2024-08-07,har_garch,5,16.19000,23.39512,True,12.07638,14.16523,16.17500,17.54109,18.45867,19.33774,20.22482,21.06774,21.81523,22.64037,23.37225,24.11149,24.87461,25.95548,27.17660,28.28379,29.44848,31.16893,34.00296,38.60560,45.42138
2024-08-15,2024-08-08,har_garch,5,15.23000,21.15483,True,11.41595,13.45199,15.00709,16.22627,16.98081,17.83379,18.53425,19.18320,19.75672,20.45110,21.22752,21.92265,22.65880,23.34187,24.16462,25.05594,26.20634,27.50120,29.61517,33.06907,38.15232
2024-08-16,2024-08-09,har_garch,5,14.80000,19.11270,True,11.44712,12.70799,14.17246,15.03798,15.80510,16.41888,17.05299,17.56379,18.14590,18.60443,19.13993,19.73720,20.20883,20.80423,21.46772,22.16858,23.02404,24.19369,25.91758,29.25278,32.36816
2024-08-19,2024-08-12,har_garch,5,14.65000,19.33553,True,12.04911,13.60115,14.94473,15.70382,16.38436,16.89222,17.40594,17.83647,18.36863,18.79174,19.23396,19.75217,20.26575,20.78455,21.36231,21.99885,22.72657,23.80455,25.23615,27.69274,31.98391
2024-08-20,2024-08-13,har_garch,5,15.88000,17.70050,True,11.23226,12.32565,13.87848,14.63527,15.19787,15.77018,16.13834,16.60605,17.05040,17.37545,17.71802,18.06644,18.50491,18.87919,19.35734,19.95708,20.60088,21.40201,22.53359,24.54322,27.49056
2024-08-21,2024-08-14,har_garch,5,16.27000,16.42524,True,10.88809,11.89810,13.07472,13.76415,14.26333,14.68274,15.13236,15.46871,15.84702,16.18375,16.49398,16.79401,17.12718,17.45810,17.83672,18.40508,18.96231,19.55673,20.41746,22.46907,24.10870
2024-08-22,2024-08-15,har_garch,5,17.55000,15.77758,True,10.81688,11.74777,12.76186,13.30831,13.81991,14.18117,14.56276,14.84284,15.19225,15.51290,15.87042,16.19635,16.49628,16.82698,17.13065,17.59078,18.15548,18.79151,19.62978,21.00337,23.00146
2024-08-23,2024-08-16,har_garch,5,15.86000,15.47681,True,10.92483,11.63646,12.69562,13.23458,13.70020,14.02285,14.33726,14.64859,14.95915,15.27101,15.53273,15.80119,16.08213,16.37402,16.68268,16.99568,17.43687,18.02505,18.85531,20.32532,22.17103
2024-08-26,2024-08-19,har_garch,5,16.15000,15.27823,True,11.28025,11.97902,12.81075,13.27022,13.69344,14.03076,14.33550,14.61329,14.87774,15.11993,15.33827,15.56680,15.84395,16.07885,16.33494,16.68020,17.04597,17.51544,18.10538,19.34256,20.67160
2024-08-27,2024-08-20,har_garch,5,15.43000,16.06583,True,11.76216,12.65017,13.50569,14.11107,14.51716,14.83170,15.10057,15.40088,15.62277,15.87757,16.13477,16.40649,16.64873,16.89534,17.17837,17.53048,17.90303,18.39365,19.13031,20.18440,21.56793
2024-08-28,2024-08-21,har_garch,5,17.11000,16.47538,True,12.68050,13.34213,13.96492,14.49993,14.93420,15.20786,15.46457,15.70568,15.94798,16.19457,16.43392,16.65603,16.93360,17.19121,17.51761,17.81829,18.21776,18.72789,19.35396,20.53075,21.87009
2024-08-29,2024-08-22,har_garch,5,15.65000,17.23717,True,13.10913,13.84465,14.63212,15.13659,15.47251,15.82226,16.12694,16.40253,16.65826,16.94608,17.20020,17.47442,17.72715,17.99297,18.25857,18.66405,19.08484,19.67410,20.41942,21.65380,22.90096
2024-08-30,2024-08-23,har_garch,5,15.00000,16.16355,True,11.97639,12.82498,13.61888,14.17071,14.53989,14.88816,15.15002,15.40252,15.64249,15.91121,16.16715,16.37371,16.59770,16.90178,17.24892,17.60274,18.00703,18.47357,19.05261,20.27051,21.55651
2024-09-03,2024-08-26,har_garch,5,20.72000,16.27336,True,12.46594,13.18624,13.94866,14.45120,14.80407,15.11144,15.40162,15.60825,15.88579,16.09531,16.30078,16.50463,16.71196,16.99173,17.22357,17.50983,17.89929,18.32395,19.01149,20.04063,21.29758
2024-09-04,2024-08-27,har_garch,5,21.32000,15.85017,True,12.21798,12.95319,13.74723,14.14979,14.47965,14.71987,14.96589,15.17344,15.39900,15.61916,15.80940,16.01959,16.30211,16.55860,16.76980,17.04494,17.39236,17.86152,18.49739,19.55560,21.02072
2024-09-05,2024-08-28,har_garch,5,19.90000,16.84186,True,12.71238,13.44150,14.29447,14.84020,15.19967,15.51361,15.84031,16.11814,16.40700,16.62891,16.83569,17.07656,17.32933,17.60265,17.89735,18.19340,18.62330,19.06901,19.77501,20.96670,22.46042
2024-09-06,2024-08-29,har_garch,5,22.38000,15.78371,True,11.62508,12.42464,13.27277,13.87050,14.28705,14.60744,14.89408,15.12378,15.35027,15.60708,15.81154,16.03450,16.30787,16.58720,16.88300,17.13794,17.51202,17.94292,18.61080,19.61995,20.66618
2024-09-09,2024-08-30,har_garch,5,19.45000,15.37463,True,11.61270,12.30026,13.05728,13.45449,13.81402,14.19758,14.52350,14.75147,14.99047,15.20004,15.43126,15.66782,15.84341,16.07170,16.33168,16.60916,16.97979,17.34172,17.95524,19.13227,20.38725
2024-09-10,2024-09-03,har_garch,5,19.08000,18.82521,True,11.76570,12.91274,14.20582,14.98384,15.78189,16.42303,16.89999,17.41680,17.94211,18.41994,18.97227,19.39630,19.90159,20.33956,20.90865,21.57670,22.43973,23.31574,24.57780,27.30484,31.39918
2024-09-11,2024-09-04,har_garch,5,17.69000,19.15280,True,12.01155,13.60794,14.84792,15.65458,16.25428,16.81307,17.31801,17.81622,18.21226,18.70622,19.17127,19.62458,20.09674,20.57663,21.15299,21.72560,22.57560,23.42418,24.76067,26.89934,30.49976
2024-09-12,2024-09-05,har_garch,5,17.07000,18.29262,True,12.45468,13.64147,14.81118,15.47089,15.98313,16.48510,16.89498,17.21292,17.61409,17.96315,18.30497,18.63847,19.02849,19.34610,19.83801,20.39868,20.94360,21.70026,22.62016,24.40396,26.30424
2024-09-13,2024-09-06,har_garch,5,16.56000,19.79263,True,13.33835,14.55431,15.85004,16.69016,17.21710,17.80395,18.24117,18.60616,19.00944,19.38652,19.78949,20.23225,20.61524,21.03336,21.58354,22.11401,22.71473,23.48946,24.74944,26.68396,28.83358
2024-09-16,2024-09-09,har_garch,5,17.14000,18.17601,True,12.74956,13.79179,14.79065,15.45799,15.91063,16.34420,16.72956,17.09864,17.49292,17.80583,18.12136,18.46215,18.83088,19.16992,19.60897,20.08469,20.63142,21.46580,22.46081,24.32391,26.37025
2024-09-17,2024-09-10,har_garch,5,17.61000,17.94814,True,12.89864,13.74018,14.88068,15.47437,15.94725,16.32461,16.68021,16.98484,17.31815,17.58329,17.94609,18.26862,18.64971,18.98336,19.33364,19.81465,20.25195,20.86488,21.79420,23.23273,24.52869
2024-09-18,2024-09-11,har_garch,5,18.23000,16.95463,True,12.30086,13.25107,14.18579,14.78146,15.16388,15.55493,15.88031,16.19650,16.44813,16.71298,16.98269,17.29521,17.56120,17.85070,18.13015,18.48655,18.92750,19.40608,20.10548,21.52786,23.14397
2024-09-19,2024-09-12,har_garch,5,16.33000,16.54884,True,12.02328,13.02691,13.96761,14.52391,14.91290,15.24434,15.54461,15.75854,16.02637,16.23443,16.48380,16.77445,17.06359,17.34148,17.64571,17.98443,18.40838,18.90426,19.68918,20.99015,22.60628
2024-09-20,2024-09-13,har_garch,5,16.15000,16.26845,True,12.16010,13.08111,13.95727,14.43656,14.82511,15.11883,15.39504,15.63463,15.84432,16.06967,16.29432,16.53934,16.77121,17.00065,17.30337,17.60457,17.93763,18.34715,18.96145,19.94785,21.16187
2024-09-23,2024-09-16,har_garch,5,15.89000,16.63883,True,12.82921,13.52343,14.25943,14.71306,15.05470,15.38187,15.64234,15.91073,16.16700,16.43047,16.67288,16.90375,17.14845,17.37018,17.63518,17.90002,18.21196,18.65295,19.21764,20.31754,21.82186
2024-09-24,2024-09-17,har_garch,5,15.39000,16.91771,True,13.07228,13.85744,14.60931,15.13961,15.47754,15.76651,16.01500,16.28679,16.49790,16.72047,16.97369,17.20805,17.44725,17.63576,17.87512,18.11279,18.49965,18.94925,19.47747,20.76164,21.74324
2024-09-25,2024-09-18,har_garch,5,15.41000,17.39255,True,13.34806,14.22790,15.03180,15.55553,15.92244,16.25445,16.49496,16.70978,16.92297,17.12063,17.34428,17.59436,17.84681,18.13619,18.41899,18.72163,19.03656,19.48513,20.11986,21.37337,22.74659
2024-09-26,2024-09-19,har_garch,5,15.37000,16.13232,True,11.94365,12.84467,13.67338,14.21081,14.59122,14.95181,15.18716,15.44950,15.67935,15.91764,16.15490,16.41338,16.66775,16.93061,17.19193,17.53238,17.82936,18.30536,18.93847,20.00789,21.47643
2024-09-27,2024-09-20,har_garch,5,16.96000,15.99569,True,12.19452,13.05758,13.77034,14.28276,14.62110,14.88312,15.17951,15.40660,15.62931,15.82851,16.02440,16.24170,16.41720,16.64175,16.87619,17.16024,17.56163,17.99216,18.63061,19.66611,20.67291
2024-09-30,2024-09-23,har_garch,5,16.73000,15.82829,True,12.29963,12.94353,13.63957,14.15937,14.45957,14.68663,14.96024,15.14096,15.38643,15.58650,15.81632,16.00528,16.22329,16.47474,16.74521,17.00865,17.29016,17.76991,18.31189,19.38062,20.53926
2024-10-01,2024-09-24,har_garch,5,19.26000,15.50773,True,12.07412,12.74762,13.41813,13.88790,14.20375,14.50028,14.75521,14.94813,15.11443,15.33413,15.52405,15.71682,15.94108,16.14732,16.37657,16.59665,16.96374,17.36751,17.94382,18.78872,19.92480
2024-10-02,2024-09-25,har_garch,5,18.90000,15.46297,True,12.13828,12.83312,13.58341,13.97366,14.25467,14.48200,14.69089,14.92288,15.10180,15.27476,15.45227,15.64794,15.86334,16.05435,16.28052,16.52058,16.79139,17.20773,17.65757,18.57862,19.67385
2024-10-03,2024-09-26,har_garch,5,20.49000,15.47638,True,12.07656,12.73867,13.53804,13.97393,14.29947,14.56783,14.79052,15.01140,15.18921,15.36936,15.52336,15.69529,15.87817,16.09837,16.29800,16.55275,16.80190,17.10833,17.53724,18.32844,19.24525
2024-10-04,2024-09-27,har_garch,5,19.21000,16.48036,True,12.55013,13.28985,14.18683,14.71099,15.07467,15.35147,15.57560,15.82115,16.00377,16.24044,16.46299,16.71657,16.96247,17.20500,17.46807,17.72593,18.07335,18.52245,19.04973,20.32252,21.58191
2024-10-07,2024-09-30,har_garch,5,22.64000,16.31972,True,12.76710,13.59461,14.22638,14.61113,14.93708,15.21968,15.47654,15.69666,15.89699,16.08187,16.28977,16.48307,16.70147,16.91903,17.19277,17.48546,17.82683,18.20457,18.75736,19.86718,21.02233
2024-10-08,2024-10-01,har_garch,5,21.42000,17.77940,True,12.96465,13.93697,14.94172,15.50222,15.92596,16.38395,16.69912,16.97204,17.23973,17.47381,17.78091,18.10011,18.37214,18.66749,18.99651,19.44639,19.86163,20.31006,21.11763,22.61806,23.94749
2024-10-09,2024-10-02,har_garch,5,20.86000,17.72319,True,13.15135,14.19086,15.15431,15.63057,15.97953,16.30764,16.62788,16.90039,17.19472,17.48498,17.73315,17.99982,18.25491,18.55514,18.81453,19.17363,19.71754,20.19088,20.90968,21.98097,23.60481
2024-10-10,2024-10-03,har_garch,5,20.93000,18.66166,True,13.88826,14.76292,15.70964,16.26876,16.75425,17.13553,17.45611,17.78329,18.09086,18.36320,18.65524,18.89311,19.16376,19.47530,19.84307,20.22431,20.70091,21.21453,22.20120,23.85004,25.11775
2024-10-11,2024-10-04,har_garch,5,20.46000,17.97395,True,13.49814,14.44528,15.34004,15.85884,16.30843,16.66747,16.97072,17.22036,17.50437,17.74031,17.99739,18.22813,18.50819,18.77630,19.07801,19.39946,19.78654,20.34354,20.98970,22.28064,23.76457
2024-10-14,2024-10-07,har_garch,5,19.70000,19.88112,True,14.19425,15.24116,16.37666,17.04958,17.53583,18.06361,18.49011,18.82911,19.20548,19.58410,19.96599,20.39617,20.73155,21.06890,21.51501,21.88978,22.38786,23.07286,23.97304,25.99272,27.62351
2024-10-15,2024-10-08,har_garch,5,20.64000,19.42781,True,14.02332,15.20309,16.22237,16.93997,17.40570,17.80360,18.18346,18.54126,18.82399,19.09273,19.42299,19.82599,20.18550,20.51079,20.82675,21.18767,21.70354,22.29859,23.26022,25.03235,26.58732
2024-10-16,2024-10-09,har_garch,5,19.58000,19.06611,True,14.32109,15.05424,16.12455,16.77195,17.20690,17.57764,17.93827,18.24710,18.51714,18.79080,19.06538,19.34603,19.64781,19.96085,20.36443,20.71495,21.17403,21.68973,22.36680,23.73246,25.60380
2024-10-17,2024-10-10,har_garch,5,19.11000,19.22945,True,14.61414,15.56363,16.44875,16.99708,17.41484,17.75295,18.07426,18.38927,18.69642,18.97693,19.23595,19.46412,19.72055,20.01360,20.32672,20.68255,21.16004,21.74783,22.55006,24.06183,25.86191
2024-10-18,2024-10-11,har_garch,5,18.03000,18.92107,True,14.46295,15.21198,16.24610,16.77967,17.22751,17.55917,17.86849,18.21436,18.51752,18.73677,18.97536,19.21313,19.49108,19.73788,20.06816,20.40238,20.83415,21.30497,22.06233,23.17216,24.54092
2024-10-21,2024-10-14,har_garch,5,18.37000,18.54067,True,14.31795,14.99891,15.94568,16.53903,16.90622,17.21532,17.50932,17.82644,18.09747,18.29797,18.53262,18.77918,19.03336,19.32722,19.61447,19.92758,20.31933,20.91692,21.55093,22.66705,23.69517
2024-10-22,2024-10-15,har_garch,5,18.20000,19.07725,True,14.65393,15.46782,16.43754,16.98771,17.40549,17.76630,18.01480,18.30074,18.60193,18.84012,19.13162,19.38434,19.63221,19.89645,20.17060,20.50755,20.86681,21.31924,22.01428,23.37316,24.58924
2024-10-23,2024-10-16,har_garch,5,19.24000,18.55894,True,14.49392,15.27145,16.07942,16.58714,16.93721,17.24770,17.55345,17.82426,18.04163,18.28343,18.48582,18.76102,19.05788,19.32119,19.59209,19.93517,20.30354,20.80390,21.37912,22.73874,23.99207
2024-10-24,2024-10-17,har_garch,5,19.08000,18.28880,True,14.08678,15.11720,15.91376,16.43030,16.77771,17.10718,17.36648,17.63543,17.86597,18.13380,18.35693,18.58615,18.82969,19.04061,19.27407,19.55912,19.84395,20.26858,20.98927,22.01921,23.13709
2024-10-25,2024-10-18,har_garch,5,20.33000,17.57803,True,13.72777,14.54421,15.23857,15.72050,16.06066,16.44100,16.65167,16.88721,17.15147,17.39159,17.63330,17.84962,18.08022,18.27188,18.57275,18.86267,19.18836,19.63627,20.30287,21.30977,22.59393
2024-10-28,2024-10-21,har_garch,5,19.80000,17.74491,True,14.29024,14.96470,15.57483,16.03314,16.36398,16.57970,16.83317,17.07909,17.28468,17.49274,17.70935,17.94752,18.23458,18.47874,18.67213,18.91977,19.22937,19.64727,20.21351,21.29290,22.45054
2024-10-29,2024-10-22,har_garch,5,19.34000,17.64173,True,13.93569,14.64236,15.40711,15.86606,16.18197,16.49581,16.75987,17.00994,17.20256,17.43532,17.67561,17.89969,18.14323,18.32969,18.57166,18.86636,19.17684,19.55569,20.17025,21.14370,22.31746
2024-10-30,2024-10-23,har_garch,5,20.35000,18.31452,True,14.18060,15.08204,16.08423,16.44701,16.81730,17.13143,17.39844,17.62005,17.84022,18.08121,18.31146,18.53698,18.81306,19.10791,19.32960,19.58432,19.92640,20.36986,21.02045,22.04126,23.06493
2024-10-31,2024-10-24,har_garch,5,23.16000,18.30624,True,14.44283,15.34105,16.08242,16.45056,16.83812,17.10579,17.36980,17.60425,17.86516,18.09224,18.32470,18.49952,18.70149,18.95749,19.26213,19.58095,19.87356,20.34098,20.91105,21.91780,23.31293
2024-11-01,2024-10-25,har_garch,5,21.88000,19.06621,True,14.68791,15.72878,16.52351,17.05206,17.40854,17.72670,18.02678,18.32940,18.58771,18.81872,19.02838,19.31425,19.61964,19.92518,20.21467,20.50908,20.92140,21.33279,21.92129,23.30074,24.56029
2024-11-04,2024-10-28,har_garch,5,21.98000,18.92484,True,15.09069,15.68812,16.40047,16.88729,17.29465,17.62342,17.91269,18.15077,18.39139,18.64466,18.88362,19.15526,19.40424,19.69287,19.95505,20.27654,20.64510,21.14469,21.84811,23.15203,24.14707
2024-11-05,2024-10-29,har_garch,5,20.49000,18.57345,True,14.60085,15.42081,16.20079,16.70077,17.06080,17.33907,17.62102,17.90478,18.15570,18.33886,18.57867,18.78514,18.99929,19.28524,19.57068,19.87294,20.24120,20.74570,21.39573,22.31473,23.41023
2024-11-06,2024-10-30,har_garch,5,16.27000,19.31836,True,15.11822,15.96280,16.81308,17.35334,17.72371,18.08529,18.35591,18.62044,18.80147,19.02801,19.26062,19.50538,19.76634,20.05236,20.35084,20.65960,21.07511,21.50707,22.14983,23.51799,24.94640
2024-11-07,2024-10-31,har_garch,5,15.20000,21.09454,True,15.76658,16.44806,17.51816,18.17550,18.73058,19.19798,19.61723,19.95573,20.35171,20.67941,21.00466,21.34298,21.73012,22.09861,22.50347,22.98207,23.59571,24.28615,25.26926,26.93823,29.27744
2024-11-08,2024-11-01,har_garch,5,14.94000,20.30293,True,15.10092,16.08938,17.10020,17.82908,18.31886,18.70204,19.08438,19.41456,19.74673,20.02397,20.29886,20.61554,20.92472,21.27440,21.59838,22.01007,22.46408,23.07550,23.90862,25.38692,26.89581
2024-11-11,2024-11-04,har_garch,5,14.97000,20.35241,True,15.46494,16.49878,17.41285,18.04101,18.53955,18.92743,19.26015,19.56487,19.86539,20.14514,20.38046,20.67457,20.96046,21.30261,21.63363,21.95634,22.36589,22.88080,23.66588,25.06384,26.70024
2024-11-12,2024-11-05,har_garch,5,14.71000,19.42303,True,15.06906,15.84963,16.73310,17.39706,17.79992,18.12705,18.38220,18.68857,18.93048,19.19364,19.46410,19.68427,19.96474,20.23820,20.53547,20.90797,21.30299,21.86171,22.38125,23.71150,25.03674
2024-11-13,2024-11-06,har_garch,5,14.02000,16.73052,True,11.63212,12.59069,13.55719,14.16989,14.63426,15.01617,15.36186,15.71523,16.01345,16.35082,16.65653,17.01995,17.40887,17.77833,18.15928,18.56863,19.05876,19.80826,20.59579,22.41349,24.68742
2024-11-14,2024-11-07,har_garch,5,14.31000,15.84549,True,11.05740,11.98510,12.98682,13.54708,14.04461,14.38089,14.64832,14.94702,15.26129,15.56812,15.85499,16.14430,16.44581,16.73329,17.08221,17.52266,18.07315,18.59050,19.34952,20.71030,22.86480
2024-11-15,2024-11-08,har_garch,5,16.14000,15.56387,True,11.05952,12.01694,12.86676,13.51300,13.87524,14.23003,14.56669,14.80767,15.03542,15.29907,15.54367,15.82430,16.10810,16.40193,16.69312,17.03039,17.43530,17.88610,18.59940,19.99868,22.04287
2024-11-18,2024-11-11,har_garch,5,15.58000,15.44012,True,11.14817,11.95683,12.87694,13.46877,13.88887,14.17970,14.53498,14.75115,14.98319,15.17592,15.43342,15.69285,15.93157,16.17870,16.47560,16.83889,17.26002,17.73719,18.39502,19.71123,21.26456
2024-11-19,2024-11-12,har_garch,5,16.35000,15.28196,True,11.71811,12.37570,13.07217,13.49713,13.83199,14.08320,14.31060,14.53991,14.77851,14.99392,15.21978,15.46327,15.67094,15.89876,16.23980,16.54647,16.86389,17.29128,17.90156,19.07297,20.48082
2024-11-20,2024-11-13,har_garch,5,17.16000,14.71688,True,11.14348,11.85945,12.60268,12.98974,13.32006,13.58497,13.85525,14.06622,14.27847,14.48746,14.69471,14.92179,15.11556,15.37003,15.60245,15.90863,16.26852,16.75014,17.28574,18.21608,19.34721
2024-11-21,2024-11-14,har_garch,5,16.87000,14.73409,True,11.38860,11.99208,12.68076,13.15136,13.47379,13.77171,13.99984,14.21509,14.41462,14.61101,14.79249,14.97479,15.14264,15.32742,15.55129,15.81572,16.11641,16.50517,17.05015,18.05198,19.06796
2024-11-22,2024-11-15,har_garch,5,15.24000,15.99680,True,11.85305,12.72411,13.52274,14.05112,14.44594,14.80623,15.07543,15.33804,15.53820,15.80528,16.04644,16.25769,16.56513,16.78673,17.04712,17.41470,17.82947,18.23258,18.78844,20.09117,21.52067
2024-11-25,2024-11-18,har_garch,5,14.60000,15.60715,True,11.94097,12.61239,13.42204,13.83705,14.11840,14.41617,14.68046,14.90332,15.13309,15.32406,15.53733,15.77473,16.01601,16.28324,16.53922,16.85979,17.22459,17.66268,18.32328,19.24957,20.44000
2024-11-26,2024-11-19,har_garch,5,14.10000,16.06553,True,12.12605,13.02349,13.82141,14.27337,14.64162,14.93890,15.16298,15.40739,15.59995,15.80384,16.00663,16.23557,16.51897,16.82620,17.08839,17.37226,17.71978,18.16960,18.68509,19.54343,20.93428
2024-11-27,2024-11-20,har_garch,5,14.10000,16.60524,True,12.86733,13.64553,14.30955,14.74960,15.13882,15.43420,15.72336,15.95939,16.22044,16.44650,16.62420,16.82195,17.04137,17.27592,17.53225,17.83197,18.13229,18.60473,19.34888,20.34462,21.58733
2024-11-29,2024-11-21,har_garch,5,13.51000,16.43196,True,12.90210,13.57264,14.24951,14.68049,15.01991,15.30527,15.59373,15.79437,15.98139,16.17571,16.41582,16.61254,16.79093,17.03132,17.25980,17.57510,17.93147,18.36947,18.98480,20.03328,21.11773
2024-12-02,2024-11-22,har_garch,5,13.34000,15.34174,True,11.62508,12.37179,13.11622,13.59636,13.97809,14.26257,14.56108,14.77851,14.99057,15.17518,15.36168,15.56405,15.76946,16.00852,16.23520,16.55203,16.88607,17.26021,17.95237,19.01815,20.00488
2024-12-03,2024-11-25,har_garch,5,13.30000,14.86009,True,11.41381,12.15062,12.77887,13.19140,13.50923,13.79031,14.03362,14.25400,14.43523,14.58400,14.75629,14.96950,15.18357,15.42392,15.68666,15.98439,16.31515,16.74208,17.36521,18.43289,19.74713
2024-12-04,2024-11-26,har_garch,5,13.45000,14.41756,True,11.01045,11.69458,12.34939,12.79372,13.14101,13.39199,13.62107,13.80312,14.02642,14.24772,14.42549,14.58105,14.78835,15.02882,15.24905,15.53926,15.86670,16.30503,16.80951,17.74216,18.68526
2024-12-05,2024-11-27,har_garch,5,13.54000,14.33526,True,11.31849,11.90739,12.44662,12.85199,13.15143,13.40439,13.58554,13.79754,13.97715,14.14718,14.31365,14.49124,14.67584,14.88884,15.09730,15.33905,15.61870,15.98614,16.44821,17.28906,18.34116
2024-12-06,2024-11-29,har_garch,5,12.77000,13.87898,True,10.86471,11.38449,12.06713,12.41218,12.70170,12.91777,13.12594,13.33760,13.52273,13.69939,13.89779,14.05899,14.27098,14.43807,14.66184,14.91829,15.20791,15.57835,16.03454,16.88015,17.56101
2024-12-09,2024-12-02,har_garch,5,14.19000,13.63121,True,10.84321,11.27372,11.81587,12.18935,12.49125,12.74677,12.93406,13.07805,13.28620,13.44419,13.63432,13.79200,13.97431,14.16853,14.40414,14.66632,14.88919,15.20471,15.71367,16.53656,17.56972
2024-12-10,2024-12-03,har_garch,5,14.18000,13.63019,True,10.88173,11.29735,11.90365,12.23932,12.51042,12.72267,12.89696,13.12003,13.27318,13.43519,13.58278,13.74475,13.92246,14.12704,14.32135,14.54086,14.84625,15.15430,15.56929,16.42082,17.29435
2024-12-11,2024-12-04,har_garch,5,13.58000,13.61717,True,10.75430,11.27512,11.83678,12.22875,12.52860,12.74905,12.95367,13.15512,13.32984,13.47552,13.64182,13.80120,13.97399,14.13700,14.33630,14.56090,14.82600,15.14389,15.63636,16.29079,17.06393
2024-12-12,2024-12-05,har_garch,5,13.92000,13.56592,True,10.90062,11.39768,11.91786,12.25507,12.49765,12.74157,12.93187,13.09779,13.25959,13.37735,13.53134,13.69547,13.88398,14.07775,14.27224,14.50120,14.74079,15.08362,15.45253,16.25149,17.06612
2024-12-13,2024-12-06,har_garch,5,13.81000,13.03049,True,10.15115,10.70085,11.30714,11.65019,11.94817,12.19091,12.38787,12.56971,12.71971,12.86974,13.01507,13.18245,13.34806,13.52220,13.70955,13.91888,14.20558,14.50961,15.03703,15.95335,16.73292
2024-12-16,2024-12-09,har_garch,5,14.69000,14.05703,True,10.70911,11.30597,12.01235,12.47201,12.80447,13.09591,13.29269,13.48092,13.70196,13.87028,14.03598,14.22486,14.41006,14.62597,14.88972,15.13912,15.45863,15.87154,16.37470,17.36146,18.74566
2024-12-17,2024-12-10,har_garch,5,15.87000,13.96721,True,10.74797,11.51999,12.11247,12.47029,12.79560,13.05407,13.28802,13.49232,13.63105,13.79777,13.95815,14.13786,14.32061,14.56033,14.75321,15.01205,15.28204,15.64578,16.16852,16.95493,17.84259
2024-12-18,2024-12-11,har_garch,5,27.62000,13.58231,True,10.72494,11.21999,11.79940,12.22041,12.47950,12.68541,12.85864,13.05412,13.22154,13.39589,13.56041,13.72230,13.90682,14.12105,14.31794,14.49546,14.80504,15.12016,15.52975,16.41485,17.30062
2024-12-19,2024-12-12,har_garch,5,24.09000,13.77680,False,10.25086,10.91345,11.60610,12.01896,12.37015,12.70553,12.95862,13.18951,13.38030,13.60200,13.83144,14.05330,14.28618,14.50973,14.73525,14.98271,15.32024,15.74969,16.26726,17.19913,18.04152
2024-12-20,2024-12-13,har_garch,5,18.36000,13.72710,True,10.78680,11.46236,11.99217,12.33683,12.59892,12.85284,13.05136,13.22980,13.41468,13.57598,13.73633,13.89768,14.04676,14.20207,14.38422,14.59587,14.88192,15.19305,15.64604,16.34543,17.37748
2024-12-23,2024-12-16,har_garch,5,16.78000,14.22176,True,10.94290,11.67024,12.35922,12.78267,13.06147,13.30015,13.50833,13.72113,13.92375,14.07791,14.25200,14.42800,14.61656,14.82182,15.01195,15.27100,15.55432,15.88719,16.35567,17.21702,18.03868
2024-12-24,2024-12-17,har_garch,5,14.27000,14.98628,True,11.30890,12.13603,12.84414,13.35956,13.64046,13.88059,14.16282,14.40268,14.62338,14.83091,15.01868,15.20972,15.42934,15.65177,15.87736,16.15041,16.44278,16.83949,17.39467,18.31561,19.51025
2024-12-26,2024-12-18,har_garch,5,14.73000,21.26004,True,9.66852,11.33417,13.64955,15.16424,16.23104,17.23904,18.09347,18.85917,19.66887,20.45627,21.30020,22.23090,23.16181,24.18868,25.09874,26.46913,28.29968,30.22248,33.28750,38.67519,46.73221
2024-12-27,2024-12-19,har_garch,5,15.95000,20.18362,True,9.97249,11.87386,13.73871,14.95903,15.85513,16.69687,17.47140,18.16683,18.80317,19.39008,20.08152,20.83851,21.52097,22.33084,23.30218,24.28321,25.69586,27.11152,29.69442,34.22240,41.34492
2024-12-30,2024-12-20,har_garch,5,17.40000,17.10801,True,9.07603,10.34175,11.77011,12.84568,13.65389,14.29199,14.88064,15.46155,16.04218,16.57162,17.07019,17.70818,18.23187,18.84223,19.51653,20.30174,21.40471,22.77032,24.75876,28.78644,34.24028
2024-12-31,2024-12-23,har_garch,5,17.35000,16.12947,True,9.37176,10.50129,11.71097,12.46574,13.17074,13.85886,14.27715,14.77737,15.17126,15.61363,16.01672,16.50814,17.04131,17.59437,18.15663,18.88595,19.67732,20.65947,22.31902,25.04844,28.19668
2025-01-02,2024-12-24,har_garch,5,17.93000,14.26352,True,8.26280,9.33476,10.64930,11.41523,11.90624,12.37651,12.82594,13.21511,13.61850,13.97962,14.33944,14.77503,15.16630,15.52596,16.07008,16.66185,17.35214,18.21969,19.38727,21.44748,23.26482
2025-01-03,2024-12-26,har_garch,5,16.13000,14.63290,True,9.22888,10.22722,11.25747,12.02577,12.47733,12.90564,13.28236,13.62315,13.89765,14.19294,14.51626,14.89249,15.25610,15.71408,16.17286,16.71451,17.22677,17.80068,18.95325,20.98604,23.22106
2025-01-06,2024-12-27,har_garch,5,16.04000,15.19260,True,10.12961,11.06737,12.03926,12.64033,13.14210,13.56389,13.95774,14.28143,14.61163,14.92367,15.25772,15.54951,15.85277,16.25995,16.61348,17.08113,17.60514,18.25165,19.25700,21.15669,23.39254
2025-01-07,2024-12-30,har_garch,5,17.82000,16.20673,True,11.01598,12.07250,13.02497,13.63972,14.14199,14.55802,14.99580,15.31808,15.59990,15.86607,16.20206,16.47843,16.78547,17.16805,17.54036,17.97120,18.54588,19.33661,20.30844,21.94136,23.92760
2025-01-08,2024-12-31,har_garch,5,17.70000,16.42977,True,11.30541,12.37415,13.34882,13.97435,14.49720,14.83151,15.21517,15.50748,15.81629,16.09943,16.39548,16.66992,16.95849,17.31110,17.62922,18.00119,18.45741,19.25728,20.19686,21.85853,23.84043
2025-01-10,2025-01-02,har_garch,5,19.54000,16.78260,True,12.29234,13.09264,13.96933,14.51753,14.95450,15.33677,15.62631,15.88559,16.18365,16.47014,16.76680,17.03395,17.37479,17.69545,17.98100,18.32765,18.75792,19.28122,20.13960,21.64132,23.32565
2025-01-13,2025-01-03,har_garch,5,19.19000,15.69981,True,11.44855,12.20939,13.00453,13.62569,14.01028,14.38063,14.64819,14.90607,15.19329,15.40778,15.63744,15.87063,16.11887,16.39547,16.72496,17.07609,17.56075,18.10884,18.79703,20.20544,22.27737
2025-01-14,2025-01-06,har_garch,5,18.71000,15.56205,True,11.51360,12.47071,13.17444,13.64152,14.02696,14.32308,14.59700,14.89396,15.10522,15.33986,15.62295,15.81396,16.08949,16.34598,16.57908,16.87373,17.25258,17.78788,18.47754,19.73287,20.78420
2025-01-15,2025-01-07,har_garch,5,16.12000,16.72810,True,12.32040,13.14310,13.99026,14.54956,14.98904,15.27843,15.55771,15.83715,16.11853,16.39414,16.69659,16.99267,17.25635,17.51982,17.83931,18.22044,18.72869,19.25882,20.06323,21.49331,23.06409
2025-01-16,2025-01-08,har_garch,5,16.60000,16.78326,True,12.74394,13.50259,14.28577,14.82987,15.19408,15.49420,15.77512,16.02457,16.26462,16.50415,16.74308,17.01619,17.26795,17.56351,17.85120,18.22480,18.59030,19.05577,19.85366,21.13378,22.52573
2025-01-17,2025-01-10,har_garch,5,15.97000,17.95821,True,13.54542,14.19593,15.04581,15.69483,16.15874,16.54425,16.90000,17.19630,17.43827,17.71268,17.96534,18.25180,18.49949,18.83668,19.20882,19.60084,20.06023,20.65448,21.34724,22.71978,24.26890
2025-01-21,2025-01-13,har_garch,5,15.06000,17.88593,True,13.39437,14.25456,15.15974,15.70087,16.13740,16.44403,16.70043,17.00819,17.29710,17.54922,17.86690,18.13877,18.38636,18.69560,19.05167,19.45509,19.87646,20.37873,21.19236,22.48316,24.09703
2025-01-22,2025-01-14,har_garch,5,15.10000,17.52754,True,13.45404,14.33295,15.03785,15.46404,15.89301,16.28422,16.55205,16.78584,17.04626,17.25748,17.52229,17.78363,18.04846,18.33790,18.61598,18.89940,19.30892,19.81725,20.56712,21.59319,23.00696
2025-01-23,2025-01-15,har_garch,5,15.02000,16.10614,True,11.87882,12.68717,13.53273,14.06703,14.50557,14.80999,15.07752,15.42361,15.63993,15.83088,16.04691,16.31523,16.59181,16.84446,17.14522,17.49768,17.92114,18.44648,19.15183,20.32062,22.12574
2025-01-24,2025-01-16,har_garch,5,14.85000,16.46300,True,12.42615,13.27220,14.01112,14.46992,14.78187,15.10585,15.40020,15.65420,15.92160,16.18273,16.41014,16.63211,16.90324,17.17867,17.47020,17.75989,18.10386,18.60120,19.24627,20.53355,22.47417
2025-01-27,2025-01-17,har_garch,5,17.90000,15.83602,True,11.92022,12.86558,13.62987,14.10406,14.43104,14.69881,14.94754,15.19574,15.40485,15.61358,15.81150,16.01076,16.24571,16.50041,16.76132,17.04052,17.38414,17.82378,18.44526,19.53146,20.70190
2025-01-28,2025-01-21,har_garch,5,16.41000,15.21892,True,11.52995,12.30484,13.01551,13.52330,13.86235,14.13507,14.38148,14.57429,14.78207,14.99337,15.22344,15.42392,15.65302,15.90196,16.11793,16.44571,16.76387,17.19326,17.81022,18.93250,20.05644
2025-01-29,2025-01-22,har_garch,5,16.56000,15.08022,True,11.59156,12.23949,12.99274,13.44666,13.81987,14.10015,14.30215,14.53831,14.71821,14.90136,15.08630,15.29524,15.51552,15.73010,15.96997,16.22500,16.48597,16.92123,17.48092,18.49174,19.66143
2025-01-30,2025-01-23,har_garch,5,15.84000,15.01019,True,11.62007,12.47307,13.13092,13.49178,13.75705,14.01346,14.21892,14.42317,14.65814,14.86429,15.04494,15.23194,15.39300,15.58264,15.81103,16.11353,16.39317,16.83319,17.20378,18.34479,19.36655
2025-01-31,2025-01-24,har_garch,5,16.43000,14.90472,True,11.59723,12.33880,13.00938,13.41923,13.70834,13.91893,14.16295,14.36968,14.58773,14.77212,14.92362,15.09877,15.27606,15.46735,15.70288,15.96653,16.29883,16.62173,17.10018,18.05483,19.14463
2025-02-03,2025-01-27,har_garch,5,18.62000,16.80645,True,11.87193,12.93204,14.04286,14.54593,14.92578,15.33669,15.69560,16.00082,16.27988,16.56415,16.85748,17.11675,17.35781,17.70894,18.09996,18.51287,18.95230,19.47637,20.17901,21.69108,23.09907
2025-02-04,2025-01-28,har_garch,5,17.21000,15.97429,True,11.54635,12.38336,13.22510,13.77522,14.19802,14.58981,14.90030,15.14435,15.39447,15.67934,15.96071,16.25194,16.53428,16.83445,17.15006,17.47598,17.94181,18.47309,19.27122,20.95720,22.23206
2025-02-05,2025-01-29,har_garch,5,15.77000,16.09892,True,12.06395,12.83602,13.60188,14.13298,14.48326,14.80019,15.06403,15.31665,15.54732,15.81565,16.07547,16.33495,16.58829,16.87738,17.18801,17.44428,17.84949,18.37017,19.03737,20.08866,21.66185
2025-02-06,2025-01-30,har_garch,5,15.50000,15.65832,True,11.83143,12.60025,13.31692,13.75634,14.11677,14.39257,14.67951,14.92043,15.15812,15.39839,15.63255,15.84863,16.06593,16.33592,16.62097,16.93072,17.34365,17.84219,18.40252,19.56390,21.26877
2025-02-07,2025-01-31,har_garch,5,16.54000,15.88144,True,12.02214,12.75364,13.65117,14.12004,14.47049,14.80591,15.05916,15.26676,15.50351,15.73311,15.90774,16.10689,16.33148,16.55611,16.86564,17.10885,17.41360,17.89434,18.52542,19.57831,20.46366
2025-02-10,2025-02-03,har_garch,5,15.81000,17.25146,True,12.65776,13.73069,14.53050,15.04103,15.40321,15.79731,16.11181,16.39301,16.66997,16.97137,17.24968,17.52851,17.83443,18.12557,18.45298,18.75459,19.24446,19.74789,20.50546,22.24471,23.53196
2025-02-11,2025-02-04,har_garch,5,16.02000,16.57608,True,12.32457,13.14176,13.96105,14.43217,14.80470,15.19396,15.54229,15.81248,16.08017,16.30437,16.60715,16.86809,17.13932,17.42562,17.74383,18.10876,18.48059,18.99674,19.65960,20.98434,22.65224
2025-02-12,2025-02-05,har_garch,5,15.89000,15.58174,True,11.40130,12.23604,13.00030,13.65876,14.08200,14.40130,14.67199,14.95708,15.17454,15.41794,15.67069,15.94605,16.19830,16.41881,16.68349,16.98708,17.31619,17.72899,18.32832,19.40676,20.76403
2025-02-13,2025-02-06,har_garch,5,15.10000,15.28072,True,11.52551,12.36220,13.02008,13.51532,13.84736,14.15531,14.43008,14.65759,14.86596,15.09842,15.30454,15.53846,15.75620,15.91838,16.20328,16.50677,16.90269,17.32453,17.86834,18.86595,19.96585
2025-02-14,2025-02-07,har_garch,5,14.77000,16.06113,True,12.11443,12.89894,13.64982,14.18036,14.55675,14.84394,15.06642,15.33892,15.56218,15.79234,16.05529,16.30815,16.58035,16.81388,17.08936,17.39877,17.77636,18.26652,18.86895,20.25153,21.30554
2025-02-18,2025-02-10,har_garch,5,15.35000,15.46713,True,11.85878,12.52910,13.29021,13.69574,14.07674,14.38007,14.66123,14.87684,15.10086,15.32800,15.53400,15.75770,15.93845,16.17046,16.38486,16.64261,16.96862,17.33779,17.81579,18.76898,19.55938
2025-02-19,2025-02-11,har_garch,5,15.27000,15.61657,True,11.92509,12.76830,13.48238,13.98696,14.31220,14.56398,14.82210,15.05075,15.23875,15.41253,15.57387,15.79434,16.03422,16.25231,16.47981,16.75117,17.06016,17.43807,18.06356,19.12726,20.08089
2025-02-20,2025-02-12,har_garch,5,15.66000,15.57439,True,12.22736,13.00522,13.64255,14.03913,14.34129,14.57964,14.78250,14.98981,15.18050,15.37007,15.54218,15.75930,15.95007,16.17019,16.41114,16.65015,16.94099,17.35211,17.86186,18.73823,19.64744
2025-02-21,2025-02-13,har_garch,5,18.21000,14.98905,True,11.71801,12.34833,13.00173,13.43276,13.71950,13.98844,14.21505,14.43412,14.62516,14.87011,15.04327,15.24287,15.41801,15.61339,15.84790,16.10736,16.40176,16.72252,17.20270,18.03434,18.83424
2025-02-24,2025-02-14,har_garch,5,18.98000,14.78960,True,11.67507,12.28961,12.88352,13.30921,13.60144,13.82470,14.03567,14.22711,14.40741,14.59026,14.75783,14.94584,15.11960,15.33198,15.53503,15.80106,16.10743,16.47409,17.06101,18.08219,18.97875
2025-02-25,2025-02-18,har_garch,5,19.43000,15.07742,True,11.73809,12.43065,13.06961,13.56066,13.81672,14.09489,14.32178,14.49399,14.69973,14.86199,15.04849,15.23059,15.42130,15.62890,15.85904,16.14045,16.50038,16.84066,17.36518,18.35007,19.28952
2025-02-26,2025-02-19,har_garch,5,19.10000,15.08599,True,11.95822,12.60602,13.18554,13.54047,13.86459,14.07639,14.29013,14.49326,14.68330,14.86293,15.05358,15.21639,15.39898,15.60859,15.83042,16.08149,16.37280,16.72092,17.30977,18.29452,19.21138
2025-02-27,2025-02-20,har_garch,5,21.13000,15.35609,True,11.96879,12.75170,13.51014,13.87936,14.15392,14.39043,14.61197,14.77919,14.98386,15.19297,15.36424,15.56628,15.72793,15.95457,16.19397,16.41712,16.67597,17.03351,17.55572,18.41774,19.18631
2025-02-28,2025-02-21,har_garch,5,19.63000,16.93879,True,12.70264,13.50071,14.21312,14.72528,15.16662,15.51459,15.85611,16.11294,16.41329,16.68266,16.97734,17.23209,17.50646,17.79701,18.10721,18.46927,18.81088,19.28764,19.90269,21.50996,23.29489
2025-03-03,2025-02-24,har_garch,5,22.78000,17.46898,True,12.89605,14.07038,14.83059,15.39568,15.78686,16.12028,16.42953,16.67495,16.93734,17.18957,17.45623,17.70934,18.00180,18.29844,18.58448,18.93971,19.31809,19.86334,20.63343,22.06218,23.49874
2025-03-04,2025-02-25,har_garch,5,23.51000,17.78746,True,13.54215,14.39732,15.19146,15.63044,16.02816,16.37747,16.67218,16.98190,17.24860,17.48373,17.76720,18.04155,18.35514,18.63692,18.93679,19.27506,19.67286,20.12897,20.94226,22.24425,24.01563
2025-03-05,2025-02-26,har_garch,5,21.93000,17.61394,True,13.52413,14.32320,15.12585,15.56723,16.00389,16.35780,16.67730,16.93893,17.13435,17.37297,17.61557,17.85888,18.10293,18.34936,18.64247,18.92476,19.26262,19.75549,20.38253,21.46917,22.83075
2025-03-06,2025-02-27,har_garch,5,24.87000,18.85499,True,13.96189,14.83624,15.85151,16.54570,16.98053,17.33682,17.70027,18.03719,18.33280,18.64629,18.93920,19.21751,19.53952,19.81840,20.12510,20.50814,21.09615,21.64214,22.40052,23.67691,24.91349
2025-03-07,2025-02-28,har_garch,5,23.37000,18.06629,True,13.56600,14.47149,15.44089,15.99229,16.40561,16.72554,17.06255,17.28564,17.54986,17.77758,18.06860,18.35408,18.61813,18.86797,19.21025,19.51175,19.94357,20.42479,21.28138,22.57873,23.81774
2025-03-10,2025-03-03,har_garch,5,27.86000,19.85079,True,14.06259,15.16365,16.37363,17.09032,17.61603,18.07137,18.45576,18.81651,19.19032,19.52375,19.83915,20.19044,20.53416,20.83409,21.26913,21.68647,22.35808,22.96626,23.97307,26.06155,28.48665
2025-03-11,2025-03-04,har_garch,5,26.92000,20.49565,True,14.84503,16.18210,17.13277,17.80786,18.32071,18.69310,19.10698,19.40205,19.75432,20.15730,20.45193,20.77791,21.12846,21.47923,21.89768,22.42635,22.99305,23.70576,24.65176,26.14580,27.90906
2025-03-12,2025-03-05,har_garch,5,24.23000,19.60663,True,14.12956,15.22506,16.21159,17.03736,17.65609,18.09923,18.47683,18.82102,19.10456,19.39656,19.68492,19.98107,20.29415,20.63519,20.99271,21.42764,21.95213,22.51079,23.33722,24.75268,26.43674
2025-03-13,2025-03-06,har_garch,5,24.66000,21.33666,True,15.23925,16.35136,17.66871,18.34028,18.95638,19.47862,19.90504,20.31255,20.60374,21.00465,21.38217,21.78394,22.21913,22.61685,23.05151,23.50938,24.08520,24.78977,25.71454,27.60998,29.50601
2025-03-14,2025-03-07,har_garch,5,21.77000,20.74326,True,15.10444,16.17382,17.35121,17.97116,18.41843,18.93410,19.32844,19.70322,20.06107,20.39054,20.75139,21.04351,21.40305,21.81504,22.25712,22.68369,23.26952,24.05410,25.04016,26.74082,28.71195
2025-03-17,2025-03-10,har_garch,5,20.51000,23.40895,True,15.63958,17.20572,18.80857,19.76035,20.53098,21.09577,21.61528,22.06757,22.49709,22.96237,23.41965,23.91807,24.32035,24.77745,25.35616,25.95701,26.67076,27.69866,29.19498,31.99415,34.70285
2025-03-18,2025-03-11,har_garch,5,21.70000,22.98534,True,15.91528,17.50798,18.70180,19.60188,20.27463,20.87851,21.28499,21.80113,22.22160,22.63504,23.03681,23.48018,23.88946,24.31106,24.76681,25.34286,26.07096,26.84788,28.17199,30.22938,32.74162
2025-03-19,2025-03-12,har_garch,5,19.90000,21.78456,True,15.96628,16.91254,18.12689,18.84187,19.38509,19.79444,20.21155,20.60803,21.03193,21.39513,21.74557,22.08242,22.45267,22.88768,23.35650,23.93883,24.48348,25.16457,26.29287,27.90909,29.99270
2025-03-20,2025-03-13,har_garch,5,19.80000,22.05208,True,16.20797,17.35259,18.53821,19.21709,19.82582,20.34603,20.74394,21.09171,21.41064,21.70955,21.98294,22.36663,22.73260,23.22648,23.59101,24.00328,24.56375,25.24219,26.27165,28.09741,29.37947
2025-03-21,2025-03-14,har_garch,5,19.28000,20.48006,True,14.81226,15.90457,17.07819,17.71128,18.29567,18.81633,19.15891,19.46149,19.79677,20.08982,20.39700,20.74363,21.15744,21.54498,21.93608,22.38508,22.92527,23.67124,24.87349,26.61757,28.55762
2025-03-24,2025-03-17,har_garch,5,17.48000,19.74923,True,14.51968,15.57059,16.72955,17.40165,17.94905,18.32185,18.62746,18.93537,19.19051,19.46646,19.73570,20.01791,20.35734,20.70710,21.02524,21.40732,21.92951,22.52403,23.33197,24.82282,26.52692
2025-03-25,2025-03-18,har_garch,5,17.15000,20.43720,True,15.53661,16.41776,17.42180,17.96732,18.44814,18.87237,19.18371,19.51934,19.84309,20.12567,20.42842,20.77058,21.07669,21.41360,21.79857,22.21800,22.64852,23.21374,24.11578,25.55856,27.12754
2025-03-26,2025-03-19,har_garch,5,18.33000,19.40417,True,14.61018,15.37439,16.43970,17.08647,17.54124,17.97956,18.28288,18.55880,18.82823,19.14573,19.38950,19.70970,19.98480,20.27916,20.64102,21.07926,21.47059,22.06121,22.80108,24.18958,25.53291
2025-03-27,2025-03-20,har_garch,5,18.69000,19.29362,True,14.91198,15.85325,16.63594,17.12404,17.55327,17.87580,18.18210,18.44949,18.72051,18.98996,19.27428,19.51202,19.80424,20.07510,20.40609,20.78599,21.22183,21.70967,22.41349,23.59517,25.05680
2025-03-28,2025-03-21,har_garch,5,21.65000,19.01300,True,14.61374,15.44332,16.39346,16.94727,17.39543,17.74193,17.98785,18.26204,18.49636,18.76660,19.00154,19.20380,19.44952,19.75398,20.15036,20.46306,20.85105,21.32690,22.09157,23.24324,24.76348
2025-03-31,2025-03-24,har_garch,5,22.28000,17.89051,True,13.57866,14.49748,15.24715,15.74921,16.14500,16.48915,16.78757,17.13132,17.44764,17.70009,17.93075,18.16989,18.41707,18.68084,18.99893,19.38455,19.79549,20.33034,21.07805,22.32230,23.62293
2025-04-01,2025-03-25,har_garch,5,21.77000,17.54835,True,13.22321,14.22594,15.08447,15.61102,16.00908,16.32534,16.65707,16.89451,17.10660,17.37031,17.60263,17.81531,18.03245,18.24506,18.52226,18.88060,19.30696,19.70988,20.45219,21.63385,22.78958
2025-04-02,2025-03-26,har_garch,5,21.51000,18.27249,True,14.07269,14.89685,15.70636,16.20851,16.65848,17.01877,17.31543,17.63135,17.90445,18.10285,18.35050,18.57560,18.77883,19.06594,19.34650,19.61531,20.01548,20.44994,21.14175,22.23301,23.50840
2025-04-03,2025-03-27,har_garch,5,30.02000,18.50326,True,14.43764,15.29807,16.02923,16.46180,16.85973,17.22616,17.49925,17.77968,18.01217,18.24629,18.45667,18.68872,18.94816,19.21547,19.51961,19.88269,20.28253,20.80106,21.49706,22.64145,24.02678
2025-04-04,2025-03-28,har_garch,5,45.31000,20.36937,True,14.96940,15.95056,17.02027,17.67564,18.21670,18.61755,19.06696,19.37910,19.75415,20.04187,20.41948,20.70401,21.00261,21.33394,21.68268,22.14765,22.69906,23.39009,24.51043,26.58198,28.63701
2025-04-07,2025-03-31,har_garch,5,46.98000,20.68183,True,15.46345,16.34849,17.40998,18.07639,18.62200,19.05050,19.44498,19.73840,20.01343,20.35538,20.62633,20.94699,21.29639,21.65715,22.05955,22.53349,23.02872,23.77594,24.67923,26.50408,28.18996
2025-04-08,2025-04-01,har_garch,5,52.33000,20.41636,True,15.41095,16.32546,17.41530,18.03003,18.52169,18.89669,19.23149,19.56244,19.88001,20.21237,20.50010,20.78756,21.05716,21.37626,21.75974,22.13682,22.54402,23.16464,23.91198,25.42700,26.58383
2025-04-09,2025-04-02,har_garch,5,33.62000,20.33487,True,15.55124,16.60165,17.45173,18.01863,18.49086,18.88479,19.23365,19.54604,19.84028,20.10470,20.36383,20.66030,20.94916,21.25011,21.60043,21.94812,22.34477,22.87532,23.64470,25.32100,26.99714
2025-04-10,2025-04-03,har_garch,5,40.72000,25.27857,True,15.03630,16.99179,19.03990,20.28734,21.15213,21.83757,22.66093,23.33579,23.96048,24.65750,25.18685,25.95209,26.60225,27.38420,28.21933,29.08825,30.32372,31.68070,33.88120,37.98846,41.43250
2025-04-11,2025-04-04,har_garch,5,37.56000,33.70166,True,15.91121,18.69222,21.88254,24.03475,25.73193,27.35221,28.82560,29.93025,31.10447,32.52622,33.52470,34.65152,36.05218,37.74768,39.45398,41.66047,44.26099,47.39904,52.87807,61.23276,71.95853
2025-04-14,2025-04-07,har_garch,5,30.89000,34.48513,True,17.23051,20.22934,23.73286,25.60831,27.29121,28.75062,29.90294,31.09829,32.15015,33.26078,34.39307,35.65706,36.89309,38.42751,39.79480,41.71505,43.55875,46.26694,50.54056,58.42476,68.22073
2025-04-15,2025-04-08,har_garch,5,30.12000,37.85127,True,20.35026,23.24029,26.60031,28.60710,30.28061,31.79087,32.84601,33.97389,35.13895,36.27493,37.52933,38.85679,40.24507,41.86054,43.21857,44.98260,47.17299,49.64666,53.89718,62.65923,71.23282
2025-04-16,2025-04-09,har_garch,5,32.64000,28.93803,True,13.93553,16.67660,19.38093,21.17717,22.42214,23.39597,24.45549,25.67039,26.93405,27.93699,28.80006,29.97494,31.07543,32.23917,33.79278,35.54851,37.62928,39.96460,44.14404,51.59947,61.19244
2025-04-17,2025-04-10,har_garch,5,29.65000,32.39580,True,16.42326,18.95417,22.04735,24.10370,25.74003,26.91397,27.93722,29.04532,29.96895,31.19691,32.28451,33.37947,34.68123,36.03949,37.48790,39.23445,41.09817,43.96450,48.04218,54.23011,65.75482
2025-04-21,2025-04-11,har_garch,5,33.82000,31.17004,True,17.01448,19.04773,21.96596,23.82445,25.25476,26.33516,27.65036,28.57708,29.34007,30.11721,31.01217,31.97706,32.99862,34.00990,35.27531,36.85594,38.37948,40.64123,44.06282,49.77525,57.93863
2025-04-22,2025-04-14,har_garch,5,30.57000,27.22397,True,15.67251,18.34650,20.33033,21.46806,22.49007,23.29550,24.09663,24.84867,25.59173,26.31643,27.14234,27.71555,28.60591,29.38248,30.24398,31.43080,32.81497,34.43777,37.07106,41.90727,49.04075
2025-04-23,2025-04-15,har_garch,5,28.45000,26.99524,True,16.83297,18.55966,20.73539,21.98692,22.95010,23.68058,24.43028,25.05827,25.76254,26.35823,27.05239,27.69190,28.35290,29.03204,29.88720,30.60913,31.65042,33.04508,35.43715,39.03086,43.87465
2025-04-24,2025-04-16,har_garch,5,26.47000,28.65812,True,18.58680,20.48753,22.48719,23.56109,24.53103,25.24845,25.92580,26.59036,27.22570,27.83216,28.56424,29.27788,30.07610,30.72800,31.49812,32.49339,33.56522,34.83907,36.93952,40.79079,44.43403
2025-04-25,2025-04-17,har_garch,5,24.84000,26.96505,True,18.01558,19.68179,21.40842,22.48581,23.35089,24.12495,24.76815,25.28983,25.82829,26.40560,26.90296,27.50001,28.00536,28.63410,29.32558,30.03754,30.97938,32.21385,33.87037,36.74390,41.27007
2025-04-28,2025-04-21,har_garch,5,25.15000,29.28419,True,19.22835,21.46650,23.28804,24.56706,25.33144,25.99949,26.71144,27.29034,27.84493,28.60463,29.21399,29.78459,30.54368,31.30303,32.09271,32.98944,34.08538,35.41859,37.18354,40.17297,43.56668
2025-04-29,2025-04-22,har_garch,5,24.17000,27.97725,True,18.92404,20.82056,22.64528,23.54436,24.50143,25.25589,25.95127,26.42917,26.92089,27.42768,27.92083,28.46358,29.02547,29.65661,30.33998,31.05434,31.98794,33.01722,34.67464,37.71838,40.89061
2025-04-30,2025-04-23,har_garch,5,24.70000,26.60723,True,18.86077,20.37537,21.74336,22.75423,23.49325,24.02652,24.56311,25.13191,25.65187,26.11862,26.57494,27.09263,27.57395,28.08577,28.69705,29.41725,30.18802,31.28188,32.60796,34.80063,37.27432
2025-05-01,2025-04-24,har_garch,5,24.60000,25.49668,True,18.12610,19.67071,21.28475,22.12259,22.72173,23.35806,23.83647,24.30770,24.72816,25.14092,25.51579,25.97456,26.40611,26.85285,27.36093,27.90174,28.64096,29.50479,30.62941,32.88740,36.03797
2025-05-02,2025-04-25,har_garch,5,22.68000,24.60463,True,17.61082,19.42080,20.64764,21.50748,22.13096,22.64287,23.12989,23.49217,23.89021,24.27189,24.67563,25.05773,25.43422,25.84270,26.30799,26.84946,27.40253,28.14697,29.50438,31.57996,33.60136
2025-05-05,2025-04-28,har_garch,5,23.64000,24.72640,True,18.68465,19.79068,21.07231,21.74154,22.30769,22.83241,23.25765,23.65321,24.08458,24.40628,24.75919,25.16004,25.49499,25.83706,26.28816,26.73927,27.36856,28.07565,29.01692,30.79637,32.80545
2025-05-06,2025-04-29,har_garch,5,24.76000,24.15102,True,18.68822,19.80529,20.79456,21.41871,21.96071,22.42266,22.87375,23.19639,23.57640,23.86860,24.12629,24.45948,24.74025,25.11162,25.59925,26.06237,26.56685,27.23304,28.09622,29.80639,31.19971
2025-05-07,2025-04-30,har_garch,5,23.55000,24.47118,True,18.85922,20.08657,21.08866,21.71856,22.34835,22.79782,23.10987,23.45066,23.78042,24.10852,24.43224,24.71697,25.07503,25.43425,25.82841,26.29372,26.82185,27.49072,28.65047,29.96328,31.62650
2025-05-08,2025-05-01,har_garch,5,22.48000,24.24427,True,18.80462,19.83910,20.98412,21.72455,22.18975,22.65912,23.02809,23.36157,23.73239,24.04821,24.34312,24.67128,24.97395,25.26349,25.63381,25.99215,26.40012,26.97945,27.88910,29.55613,31.27079
2025-05-09,2025-05-02,har_garch,5,21.90000,22.98677,True,17.41266,18.63586,19.74095,20.50245,21.01798,21.42738,21.78296,22.13778,22.44536,22.70154,22.99453,23.31053,23.60075,23.93109,24.27243,24.67473,25.28757,25.95485,26.88104,28.17960,29.77859
2025-05-12,2025-05-05,har_garch,5,18.39000,23.37554,True,18.12319,19.19317,20.22793,20.85411,21.40334,21.78185,22.15112,22.47617,22.80070,23.05985,23.36560,23.68383,23.94695,24.26784,24.61337,25.10227,25.60318,26.26385,27.02794,28.27419,30.02032
2025-05-13,2025-05-06,har_garch,5,18.22000,24.18052,True,18.95870,19.92514,20.96403,21.57592,21.99695,22.44790,22.79286,23.15963,23.53279,23.86738,24.19326,24.47419,24.77437,25.18495,25.52374,25.89198,26.38634,26.91661,27.96577,29.67294,31.46630
2025-05-14,2025-05-07,har_garch,5,18.62000,23.32167,True,18.25480,19.24821,20.19605,20.79999,21.33287,21.72596,22.08326,22.38711,22.69271,22.93641,23.27419,23.58319,23.89528,24.27982,24.59906,25.02287,25.51449,26.04900,26.85806,28.15344,29.59037
2025-05-15,2025-05-08,har_garch,5,17.83000,22.23856,True,17.44214,18.19712,19.26277,19.77144,20.17307,20.58223,20.95698,21.32321,21.61101,21.93352,22.18693,22.46269,22.74497,23.10428,23.47913,23.90389,24.42275,24.95593,25.80415,27.45581,29.08814
2025-05-16,2025-05-09,har_garch,5,17.24000,21.65841,True,17.00380,17.91114,18.77745,19.32065,19.75469,20.15471,20.49301,20.76784,21.05071,21.35785,21.61426,21.90982,22.19744,22.52130,22.83043,23.23325,23.60440,24.17761,24.99144,26.14402,27.55053
2025-05-19,2025-05-12,har_garch,5,18.14000,19.25675,True,13.81226,14.90670,16.04572,16.62834,17.16104,17.60399,18.01963,18.33372,18.59417,18.92921,19.23616,19.54701,19.91684,20.21210,20.61831,21.11200,21.66430,22.24707,23.30021,25.24019,27.20697
2025-05-20,2025-05-13,har_garch,5,18.09000,18.88070,True,13.89035,14.87862,15.85117,16.44644,16.89317,17.29314,17.72016,18.01247,18.33336,18.63059,18.89610,19.26863,19.53703,19.79186,20.12179,20.58211,21.00731,21.63540,22.51767,23.90523,25.12576
2025-05-21,2025-05-14,har_garch,5,20.87000,19.04829,True,14.10057,15.08802,16.16698,16.82361,17.19178,17.54430,17.87259,18.17658,18.43228,18.68334,19.00025,19.26927,19.54529,19.84404,20.22366,20.62009,21.05529,21.70851,22.47990,24.18184,26.05433
2025-05-22,2025-05-15,har_garch,5,20.28000,18.34911,True,13.79664,14.79980,15.67345,16.22436,16.65382,16.99712,17.27178,17.57406,17.86887,18.11190,18.37572,18.64304,18.91206,19.18167,19.49714,19.85525,20.25159,20.76678,21.53136,22.89316,24.30958
2025-05-23,2025-05-16,har_garch,5,22.29000,17.94431,True,13.63744,14.45544,15.40449,15.95282,16.28630,16.55976,16.79280,17.07694,17.33448,17.58462,17.82119,18.09551,18.31670,18.64645,18.96217,19.36765,19.70353,20.19283,20.98438,22.40394,23.83644
2025-05-27,2025-05-19,har_garch,5,18.96000,18.25501,True,13.92069,14.75284,15.71710,16.23722,16.62239,16.98336,17.30253,17.58209,17.81698,18.07878,18.34207,18.56656,18.81180,19.06893,19.34484,19.63601,19.99880,20.51416,21.11865,22.31031,23.54968
2025-05-28,2025-05-20,har_garch,5,19.31000,18.21746,True,14.22664,15.02242,15.77003,16.34829,16.67543,16.95249,17.23869,17.48726,17.70906,17.94330,18.16250,18.38077,18.63181,18.90493,19.17708,19.47195,19.88429,20.39717,20.98992,22.12718,23.98227
2025-05-29,2025-05-21,har_garch,5,19.18000,20.01873,True,14.76320,15.86631,16.97456,17.46837,17.94008,18.34550,18.75494,19.09984,19.42894,19.70154,20.01729,20.31286,20.61444,20.95361,21.33421,21.74989,22.30273,22.87530,23.60538,25.41826,27.03586
2025-05-30,2025-05-22,har_garch,5,18.57000,19.53438,True,14.80325,15.76399,16.66797,17.21514,17.67479,18.05986,18.33204,18.65512,18.91240,19.24130,19.50954,19.76154,20.07342,20.39975,20.69826,21.05848,21.46865,22.13670,23.04934,24.58470,26.08219
2025-06-02,2025-05-23,har_garch,5,18.36000,20.71668,True,15.41391,16.44729,17.36831,18.16203,18.60174,19.04657,19.41465,19.79983,20.09917,20.40399,20.72149,20.96862,21.27130,21.65129,22.06421,22.52621,23.08218,23.81412,24.57409,26.45129,28.35886
2025-06-03,2025-05-27,har_garch,5,17.69000,18.63434,True,13.13289,14.19718,15.42047,16.08791,16.61859,17.01364,17.39255,17.74180,18.09045,18.34897,18.63186,18.98359,19.29526,19.62425,20.02493,20.54205,21.03038,21.62952,22.58100,24.22330,26.07648
2025-06-04,2025-05-28,har_garch,5,17.61000,18.68881,True,13.54556,14.64555,15.65865,16.30282,16.75920,17.18131,17.50457,17.80699,18.15123,18.43221,18.68985,19.02557,19.32608,19.67683,20.03018,20.43634,20.94488,21.46584,22.25377,23.58383,25.23333
2025-06-05,2025-05-29,har_garch,5,18.48000,18.66734,True,13.84887,14.87449,15.83954,16.36641,16.86032,17.24401,17.54216,17.82186,18.10728,18.36623,18.64396,18.92069,19.23245,19.50582,19.88581,20.28279,20.76445,21.32310,22.01512,23.74360,25.24094
2025-06-06,2025-05-30,har_garch,5,16.77000,18.22161,True,13.73526,14.83406,15.64812,16.18763,16.65588,16.97715,17.24394,17.52672,17.75615,17.98981,18.25309,18.51263,18.75316,19.00527,19.31663,19.63673,20.07365,20.52754,21.19403,22.42976,23.89456
2025-06-09,2025-06-02,har_garch,5,17.16000,17.88619,True,13.61673,14.51564,15.45664,15.99644,16.38107,16.67454,16.92671,17.18636,17.46140,17.70854,17.94917,18.20306,18.43760,18.73382,19.02451,19.35396,19.64860,20.07255,20.60363,21.61722,23.17522
2025-06-10,2025-06-03,har_garch,5,16.95000,17.42558,True,13.65969,14.17442,15.04428,15.54660,15.92617,16.21835,16.48435,16.76743,17.00967,17.23098,17.40824,17.68614,17.92035,18.12048,18.39856,18.76250,19.05786,19.52383,20.10442,21.25839,22.12022
2025-06-11,2025-06-04,har_garch,5,17.26000,17.27831,True,13.20043,14.18088,14.97524,15.45497,15.85545,16.15464,16.38551,16.62338,16.86842,17.09241,17.27875,17.54630,17.76980,18.00750,18.25853,18.56497,18.90098,19.38286,19.99956,20.89164,22.17321
2025-06-12,2025-06-05,har_garch,5,18.02000,17.87295,True,14.23529,14.76973,15.55584,15.96108,16.36114,16.60942,16.85427,17.14142,17.36816,17.63831,17.86362,18.09397,18.32300,18.57501,18.85647,19.22076,19.61567,20.13440,20.71702,21.74802,22.99792
2025-06-13,2025-06-06,har_garch,5,20.82000,16.62165,True,12.57686,13.48102,14.32050,14.80440,15.07899,15.40891,15.71444,15.95986,16.17196,16.40918,16.62988,16.88722,17.15636,17.41182,17.65823,17.93051,18.28218,18.75433,19.25760,20.48550,21.79641
2025-06-16,2025-06-09,har_garch,5,19.11000,16.92418,True,13.07635,13.83623,14.63748,15.11700,15.47520,15.78790,16.06106,16.29227,16.54238,16.76091,16.95207,17.15154,17.39763,17.63632,17.83615,18.12406,18.47820,18.94878,19.58799,20.82318,21.88485
2025-06-17,2025-06-10,har_garch,5,21.60000,16.78371,True,13.23596,13.86517,14.52990,15.05041,15.35091,15.66131,15.92309,16.17442,16.37596,16.60707,16.82036,17.01141,17.21899,17.49009,17.75552,18.02845,18.35932,18.76048,19.39305,20.28810,21.23097
2025-06-18,2025-06-11,har_garch,5,20.14000,16.88483,True,13.17555,14.10403,14.75837,15.18592,15.49516,15.78371,16.06276,16.27568,16.46303,16.66017,16.89815,17.11360,17.32002,17.55933,17.76708,18.10121,18.41181,18.80482,19.40609,20.40965,21.22267
2025-06-20,2025-06-12,har_garch,5,20.62000,17.35492,True,13.75951,14.38718,14.97930,15.43089,15.77183,16.09762,16.36028,16.60762,16.88225,17.11397,17.34189,17.54909,17.78410,18.04050,18.26820,18.56686,18.95159,19.38390,20.13001,21.23277,22.61964
2025-06-23,2025-06-13,har_garch,5,19.83000,18.96391,True,13.76311,14.83520,15.81984,16.46454,16.98509,17.39274,17.74430,18.03512,18.36951,18.64504,18.97615,19.29075,19.62460,19.95975,20.34182,20.75517,21.19952,21.81737,22.73866,24.15959,25.86025
2025-06-24,2025-06-16,har_garch,5,17.48000,18.06435,True,13.57142,14.38986,15.18721,15.92649,16.32670,16.69835,16.98690,17.26095,17.53851,17.80680,18.05931,18.33986,18.59109,18.92907,19.27503,19.65353,20.07224,20.62274,21.43623,22.59380,23.98664
2025-06-25,2025-06-17,har_garch,5,16.76000,19.70578,True,14.18003,15.15375,16.32195,17.04976,17.60155,18.01185,18.38512,18.66830,19.01697,19.34815,19.65477,20.02667,20.39867,20.74830,21.06668,21.53592,22.05578,22.83556,23.83348,25.48326,27.56411
2025-06-26,2025-06-18,har_garch,5,16.59000,18.85711,True,13.64643,14.76567,15.81707,16.45789,16.97092,17.31688,17.65819,18.01240,18.32580,18.62211,18.90648,19.22471,19.55678,19.86565,20.25223,20.58326,20.98622,21.67397,22.52263,23.61275,25.24035
2025-06-27,2025-06-20,har_garch,5,16.32000,19.21655,True,14.70213,15.42883,16.23239,16.88736,17.32287,17.69726,17.97285,18.27880,18.55288,18.85031,19.15753,19.48742,19.83491,20.09593,20.45458,20.76975,21.28959,21.90328,22.62860,24.09390,25.61943
2025-06-30,2025-06-23,har_garch,5,16.73000,18.66965,True,14.29109,15.09021,16.04708,16.53973,16.98739,17.31530,17.62558,17.91141,18.16541,18.43373,18.66612,18.93479,19.24349,19.50061,19.75800,20.12720,20.54658,21.08522,21.74316,23.07706,24.54305
2025-07-01,2025-06-24,har_garch,5,16.83000,17.10475,True,12.85494,13.58614,14.39745,14.90351,15.29198,15.69130,16.05326,16.32634,16.58768,16.85064,17.14213,17.40247,17.68050,17.97025,18.30368,18.66454,18.98616,19.50850,20.21789,21.63748,23.26954
2025-07-02,2025-06-25,har_garch,5,16.64000,16.66795,True,12.21986,13.16320,14.08454,14.64044,15.06816,15.37253,15.66404,15.93655,16.17064,16.40649,16.62933,16.88627,17.14464,17.44205,17.73558,18.10511,18.55546,19.13939,19.83112,21.12729,22.33812
2025-07-03,2025-06-26,har_garch,5,16.38000,16.47118,True,12.49756,13.40932,14.14481,14.64662,15.01289,15.26460,15.50770,15.75689,15.98566,16.21084,16.43445,16.64742,16.88573,17.17497,17.45398,17.76525,18.10208,18.48609,19.24721,20.34648,21.41826
2025-07-07,2025-06-27,har_garch,5,17.79000,16.21357,True,12.29246,13.24428,14.02044,14.45876,14.76908,15.08080,15.30068,15.56716,15.79014,15.99399,16.18200,16.40361,16.63426,16.83795,17.07716,17.39197,17.76996,18.21064,18.86274,20.06531,21.36527
2025-07-08,2025-06-30,har_garch,5,16.81000,16.57826,True,13.15273,13.72149,14.39350,14.80998,15.19488,15.45606,15.71536,15.94916,16.15325,16.34714,16.56449,16.78045,16.96229,17.18937,17.41106,17.66712,18.03589,18.43141,19.04029,20.07655,21.56953
2025-07-09,2025-07-01,har_garch,5,15.94000,16.49016,True,12.61678,13.47447,14.28844,14.78048,15.13747,15.46027,15.69034,15.91493,16.11254,16.31927,16.53707,16.73456,16.94560,17.14849,17.36780,17.66018,17.96336,18.37224,18.92085,19.91706,21.20125
2025-07-10,2025-07-02,har_garch,5,15.78000,16.44618,True,13.09177,13.71261,14.41882,14.77716,15.08336,15.37737,15.62040,15.82498,16.01135,16.24179,16.40662,16.60572,16.85798,17.05175,17.31994,17.56483,17.89932,18.26416,18.72437,19.75435,20.85190
2025-07-11,2025-07-03,har_garch,5,16.40000,16.21132,False,12.13144,12.92437,13.62506,14.23274,14.55571,14.88545,15.16778,15.44907,15.70329,15.96596,16.22765,16.46891,16.71722,16.99433,17.30456,17.64910,18.08872,18.64043,19.28887,20.33717,21.62449
2025-07-14,2025-07-07,har_garch,5,17.20000,17.04308,True,13.04236,14.03901,14.79619,15.26449,15.58491,15.86601,16.18505,16.41784,16.65667,16.83584,17.05815,17.27217,17.51889,17.74149,17.97403,18.33694,18.67714,19.10214,19.66873,20.66882,22.10624
2025-07-15,2025-07-08,har_garch,5,17.38000,16.50038,True,12.81090,13.52612,14.23170,14.71385,15.04573,15.36422,15.63498,15.85501,16.05175,16.31032,16.50130,16.73882,16.95112,17.17834,17.42526,17.69424,18.03588,18.48828,19.03923,20.00676,21.02943
2025-07-16,2025-07-09,har_garch,5,17.16000,15.92486,True,12.19717,12.93186,13.76214,14.20709,14.54877,14.82948,15.05421,15.32203,15.55243,15.74874,15.94458,16.16021,16.38733,16.63484,16.85951,17.16426,17.46925,17.82843,18.45300,19.38295,20.34016
2025-07-17,2025-07-10,har_garch,5,16.52000,15.87277,True,12.64162,13.21810,13.79600,14.23086,14.57442,14.84311,15.04078,15.29163,15.45469,15.67411,15.84866,16.03628,16.23753,16.46387,16.70179,16.96448,17.31491,17.71390,18.36769,19.22932,20.26370
2025-07-18,2025-07-11,har_garch,5,16.41000,16.16702,True,12.70295,13.26936,13.96502,14.48157,14.78246,15.04555,15.28125,15.54989,15.75224,15.94824,16.13341,16.39008,16.59684,16.83236,17.09096,17.33817,17.65213,18.10229,18.59729,19.74450,20.61765
2025-07-21,2025-07-14,har_garch,5,16.65000,16.63347,True,12.95029,13.65488,14.43324,14.90146,15.24192,15.48434,15.70108,15.93753,16.18405,16.36681,16.59794,16.78084,17.01873,17.24468,17.50966,17.83361,18.18937,18.56540,19.11730,20.28190,21.62867
2025-07-22,2025-07-15,har_garch,5,16.50000,16.69438,True,12.96780,13.87218,14.58295,15.03151,15.39042,15.68188,15.92644,16.14571,16.32234,16.51927,16.72710,16.92738,17.12138,17.30674,17.57257,17.84999,18.15683,18.55638,19.04265,20.00345,21.12006
2025-07-23,2025-07-16,har_garch,5,15.37000,16.75679,True,13.17604,13.85079,14.62805,15.08450,15.38183,15.62699,15.89328,16.13089,16.29706,16.49224,16.70792,16.91971,17.09818,17.28728,17.53137,17.85188,18.23891,18.69791,19.30311,20.51705,21.67609
2025-07-24,2025-07-17,har_garch,5,15.39000,16.25453,True,12.79317,13.49127,14.29302,14.65273,14.95917,15.19884,15.45944,15.70003,15.93631,16.11936,16.29265,16.49990,16.70983,16.92641,17.14849,17.35885,17.62183,17.99793,18.47213,19.49520,20.42831
2025-07-25,2025-07-18,har_garch,5,14.93000,15.98507,True,12.60518,13.23543,14.00334,14.40398,14.73487,14.98669,15.23451,15.43624,15.64164,15.85325,16.04343,16.25066,16.46008,16.67139,16.89569,17.15447,17.42804,17.72671,18.17279,19.11524,19.75697
2025-07-28,2025-07-21,har_garch,5,15.03000,16.15020,True,12.83930,13.36856,14.09085,14.56013,14.87750,15.12196,15.35525,15.57559,15.76115,15.95334,16.14591,16.33272,16.53771,16.76413,16.96096,17.21342,17.56280,17.99591,18.52591,19.51447,20.59694
2025-07-29,2025-07-22,har_garch,5,15.98000,16.09309,True,12.74644,13.37807,14.09205,14.53888,14.84297,15.07838,15.32577,15.52366,15.73136,15.91229,16.09950,16.28713,16.46953,16.67803,16.89388,17.17470,17.44526,17.84906,18.34778,19.40612,20.54387
2025-07-30,2025-07-23,har_garch,5,15.48000,15.27354,True,12.08643,12.58904,13.29849,13.75406,14.02813,14.28360,14.52289,14.70965,14.87922,15.07457,15.25785,15.47275,15.67580,15.90254,16.10880,16.34494,16.63147,17.00704,17.52702,18.43615,19.62285
2025-07-31,2025-07-24,har_garch,5,16.72000,15.27541,True,12.24470,12.75722,13.39030,13.79706,14.09024,14.30901,14.54571,14.73208,14.92383,15.10176,15.28557,15.49805,15.65923,15.85595,16.05306,16.29671,16.57570,16.95254,17.42849,18.10851,18.79448
2025-08-01,2025-07-25,har_garch,5,20.38000,14.87734,True,11.68509,12.30204,12.97089,13.38685,13.72488,13.99306,14.18991,14.41476,14.56230,14.72117,14.91103,15.12240,15.29255,15.47326,15.68204,15.91122,16.16707,16.57741,17.02495,17.81912,18.70234
2025-08-04,2025-07-28,har_garch,5,17.52000,15.01140,True,12.05014,12.50793,13.13022,13.52507,13.75170,14.01503,14.24025,14.45533,14.64086,14.81425,14.99912,15.17406,15.34136,15.56921,15.77676,16.04685,16.33945,16.61887,17.13163,17.93987,18.81409
2025-08-05,2025-07-29,har_garch,5,17.85000,15.58262,True,12.38936,13.05328,13.65199,14.07420,14.41658,14.64071,14.80918,14.99273,15.19682,15.36757,15.57358,15.78469,15.95344,16.16495,16.38630,16.60650,16.89194,17.21265,17.73888,18.94344,19.85030
2025-08-06,2025-07-30,har_garch,5,16.77000,15.23152,True,12.11066,12.71280,13.30290,13.66818,13.95228,14.19628,14.41731,14.63059,14.84477,15.03356,15.22206,15.42056,15.61903,15.81351,16.00102,16.27704,16.53242,16.99592,17.54323,18.41410,19.45873
2025-08-07,2025-07-31,har_garch,5,16.57000,15.98897,True,12.14359,12.93946,13.73228,14.21011,14.52495,14.77837,15.07339,15.31628,15.56661,15.82099,16.05633,16.24305,16.46034,16.64984,16.86621,17.16435,17.44041,17.81245,18.38114,19.40901,20.93735
2025-08-08,2025-08-01,har_garch,5,15.15000,18.44794,True,12.82120,14.05277,14.95312,15.65781,16.22681,16.63846,17.02503,17.33559,17.63847,17.95425,18.28142,18.66485,19.02799,19.39821,19.85198,20.30631,20.89811,21.62189,22.62967,24.63553,27.18195
2025-08-11,2025-08-04,har_garch,5,16.25000,16.72215,True,11.52660,12.50609,13.62712,14.30740,14.75102,15.14365,15.46598,15.75992,16.05209,16.37138,16.65629,16.97155,17.30843,17.65870,18.03301,18.49664,19.04920,19.70877,20.74112,22.36173,24.17334
2025-08-12,2025-08-05,har_garch,5,14.73000,16.80410,True,12.09079,12.88065,13.79463,14.42567,14.87671,15.23385,15.59987,15.93077,16.21829,16.53417,16.86085,17.10596,17.41602,17.75091,18.10478,18.52430,19.03377,19.69263,20.54290,22.17059,24.18267
2025-08-13,2025-08-06,har_garch,5,14.49000,16.12106,True,11.47089,12.50419,13.42093,14.01502,14.42504,14.75741,15.05048,15.38769,15.61472,15.85181,16.11497,16.36354,16.67710,17.04040,17.34455,17.69453,18.07579,18.55168,19.32277,20.61576,22.15925
2025-08-14,2025-08-07,har_garch,5,14.83000,16.19425,True,12.23659,12.91931,13.67154,14.13126,14.50640,14.87591,15.12582,15.45315,15.71580,15.94522,16.18071,16.41772,16.63072,16.89859,17.17363,17.51304,18.00241,18.44064,19.19940,20.35044,21.92112
2025-08-15,2025-08-08,har_garch,5,15.09000,15.15098,True,11.40186,12.06753,12.83953,13.30782,13.62440,13.92416,14.18471,14.40660,14.59301,14.79767,15.04797,15.33573,15.56987,15.86000,16.15932,16.44551,16.80276,17.26990,17.98529,19.14561,20.48159
2025-08-18,2025-08-11,har_garch,5,14.99000,15.79917,True,11.83440,12.68198,13.42554,13.97327,14.26225,14.57137,14.82568,15.05549,15.32429,15.55625,15.77949,16.03614,16.30654,16.55268,16.80815,17.10714,17.51507,17.97464,18.53497,19.79430,20.92630
2025-08-19,2025-08-12,har_garch,5,15.57000,14.79569,True,10.90416,11.78032,12.39414,12.86672,13.19981,13.56083,13.82494,14.07108,14.28177,14.54754,14.79712,14.97204,15.24102,15.51515,15.80906,16.13272,16.48546,16.97884,17.59930,18.94660,20.07197
2025-08-20,2025-08-13,har_garch,5,15.69000,14.58374,True,11.00718,11.72815,12.36469,12.81346,13.14893,13.45763,13.70338,13.93283,14.15959,14.36667,14.58299,14.76754,14.97480,15.19572,15.49274,15.79109,16.15853,16.59234,17.10247,18.11529,19.11322
2025-08-21,2025-08-14,har_garch,5,16.60000,14.77169,True,11.27303,11.99088,12.64193,13.07623,13.36675,13.69107,13.91770,14.14322,14.36209,14.56281,14.79747,14.98926,15.19925,15.43282,15.65953,15.97103,16.31009,16.69359,17.23182,18.32708,19.51577
2025-08-22,2025-08-15,har_garch,5,14.22000,14.93085,True,11.59893,12.29836,12.92814,13.36878,13.64473,13.94597,14.14618,14.33327,14.51017,14.70056,14.91261,15.07969,15.30562,15.55057,15.77045,16.02548,16.34094,16.73207,17.23448,18.18231,19.32670
2025-08-25,2025-08-18,har_garch,5,14.79000,14.92362,True,11.77670,12.40302,12.96862,13.33863,13.64850,13.93040,14.15279,14.35863,14.54614,14.75229,14.90232,15.07634,15.26263,15.43834,15.68232,15.95467,16.28087,16.60474,17.10658,17.99738,19.27924
2025-08-26,2025-08-19,har_garch,5,14.62000,15.16390,True,11.76773,12.53846,13.31646,13.65099,13.92220,14.17476,14.40081,14.60564,14.78358,14.94604,15.13490,15.34716,15.55396,15.77801,16.01221,16.28512,16.55908,16.95452,17.44493,18.29779,19.23932
2025-08-27,2025-08-20,har_garch,5,14.85000,15.29842,True,11.96214,12.70963,13.34722,13.73708,14.04963,14.33023,14.53111,14.75646,14.94577,15.12563,15.32989,15.49191,15.66920,15.86360,16.11119,16.33773,16.65002,17.02201,17.61101,18.52204,19.57874
2025-08-28,2025-08-21,har_garch,5,14.43000,15.91065,True,12.38316,13.07525,13.81206,14.26371,14.59428,14.86159,15.14355,15.34817,15.52624,15.74596,15.92367,16.08702,16.29806,16.51676,16.77464,17.03646,17.38149,17.80114,18.37571,19.35529,20.38509
2025-08-29,2025-08-22,har_garch,5,15.36000,14.39304,True,10.23308,11.31140,12.17781,12.63211,12.98112,13.27602,13.48502,13.74724,13.96979,14.19384,14.38296,14.60468,14.85233,15.08352,15.31963,15.62149,15.96909,16.47912,17.07524,18.39971,20.03869
2025-09-02,2025-08-25,har_garch,5,17.17000,14.71561,True,11.22064,11.92184,12.57187,13.02418,13.34007,13.67564,13.93258,14.14342,14.31794,14.48482,14.71166,14.90048,15.09844,15.32559,15.60202,15.87150,16.24886,16.68610,17.28165,18.34848,19.35487
2025-09-03,2025-08-26,har_garch,5,16.35000,14.63294,True,11.14165,11.99091,12.57850,12.95969,13.24299,13.51069,13.76443,14.02949,14.22438,14.40967,14.62453,14.81611,15.05912,15.26794,15.49781,15.78109,16.12006,16.47529,17.06701,18.06615,19.08035
2025-09-04,2025-08-27,har_garch,5,15.30000,14.75760,True,11.20174,12.00167,12.69446,13.10906,13.46839,13.67450,13.92253,14.14019,14.32647,14.53943,14.74109,14.93382,15.14953,15.38800,15.63693,15.90345,16.18294,16.59037,17.21427,18.19531,19.25466
2025-09-05,2025-08-28,har_garch,5,15.18000,14.47366,True,11.19397,11.97075,12.56374,12.96948,13.23511,13.51038,13.70163,13.91670,14.10947,14.29824,14.50184,14.67658,14.85255,15.03920,15.24888,15.51146,15.75006,16.11747,16.69084,17.63590,18.46533
2025-09-08,2025-08-29,har_garch,5,15.11000,14.97858,True,11.52212,12.23252,12.94908,13.40254,13.71554,13.99164,14.23037,14.42983,14.58617,14.79240,15.01025,15.17141,15.36270,15.59301,15.77530,16.05155,16.40645,16.77781,17.34332,18.24903,19.34373
2025-09-09,2025-09-02,har_garch,5,15.04000,16.19222,True,12.20882,12.98342,13.77005,14.23403,14.57900,14.89981,15.21955,15.51405,15.71691,15.91688,16.17255,16.42405,16.64891,16.91536,17.18248,17.49734,17.84067,18.31062,19.03285,20.25998,22.05076
2025-09-10,2025-09-03,har_garch,5,15.35000,15.64725,True,12.01665,12.65081,13.35793,13.86103,14.19796,14.48440,14.77350,15.00702,15.25907,15.49513,15.70516,15.91203,16.14685,16.34547,16.57753,16.88859,17.21823,17.68468,18.29248,19.47125,20.60461
2025-09-11,2025-09-04,har_garch,5,14.71000,14.95341,True,11.50062,12.25250,12.94427,13.32118,13.62030,13.93795,14.15703,14.34797,14.53698,14.73178,14.91631,15.11363,15.30575,15.54169,15.81355,16.12790,16.45643,16.88451,17.35454,18.32588,19.12116
2025-09-12,2025-09-05,har_garch,5,14.76000,14.86779,True,11.55366,12.05652,12.76376,13.29194,13.58089,13.82748,14.08022,14.29327,14.50862,14.71628,14.89699,15.11493,15.31724,15.54386,15.72347,15.99785,16.31341,16.68268,17.22337,18.10213,19.06041
2025-09-15,2025-09-08,har_garch,5,15.69000,14.74708,True,11.27123,12.04155,12.79057,13.22819,13.52845,13.76760,14.00042,14.21089,14.41151,14.61228,14.79141,14.97885,15.14958,15.37471,15.62061,15.87727,16.16096,16.51451,16.94059,17.75538,18.47276
2025-09-16,2025-09-09,har_garch,5,16.36000,14.66811,True,11.67383,12.14063,12.74896,13.20724,13.51281,13.73311,13.94009,14.16392,14.34880,14.53883,14.72469,14.89469,15.08036,15.25610,15.46163,15.72809,15.98246,16.28518,16.68221,17.62745,18.38065
2025-09-17,2025-09-10,har_garch,5,15.72000,14.93133,True,11.76720,12.30782,13.00200,13.41965,13.68880,13.90411,14.12047,14.31681,14.49249,14.70312,14.90712,15.08862,15.32068,15.53710,15.73941,15.99388,16.29073,16.67634,17.16134,18.05375,19.04530
2025-09-18,2025-09-11,har_garch,5,15.70000,14.51133,True,11.28135,11.97662,12.57636,13.03604,13.31483,13.55708,13.76712,13.97087,14.15433,14.33607,14.52555,14.69734,14.86615,15.05939,15.28194,15.49534,15.77728,16.22234,16.62860,17.57404,18.64677
2025-09-19,2025-09-12,har_garch,5,15.45000,14.51685,True,11.39141,12.01138,12.67402,13.07475,13.35114,13.59153,13.80147,13.97756,14.16431,14.34317,14.53600,14.72083,14.89159,15.10423,15.28807,15.53085,15.78182,16.19090,16.70612,17.55542,18.24096
2025-09-22,2025-09-15,har_garch,5,16.10000,15.10060,True,11.74930,12.42659,13.09460,13.51843,13.88164,14.10302,14.31852,14.51850,14.72638,14.92158,15.13987,15.35630,15.56184,15.73784,15.97253,16.20665,16.47489,16.87729,17.36267,18.17330,18.99872
2025-09-23,2025-09-16,har_garch,5,16.64000,15.58349,True,12.16873,12.79442,13.46342,13.92638,14.22614,14.51824,14.74239,14.99646,15.22836,15.38171,15.56946,15.77290,15.97408,16.17651,16.45532,16.70320,16.97576,17.34479,17.88604,18.99747,20.33479
2025-09-24,2025-09-17,har_garch,5,16.18000,15.17639,True,12.10687,12.65038,13.22610,13.60289,13.90887,14.14394,14.36187,14.57862,14.76936,14.96070,15.11727,15.27587,15.48714,15.66978,15.91846,16.19808,16.50180,16.99596,17.57450,18.60757,19.73176
2025-09-25,2025-09-18,har_garch,5,16.74000,15.07797,True,11.70685,12.38870,13.03650,13.57131,13.91064,14.15087,14.38195,14.59659,14.77244,14.97798,15.15445,15.30439,15.49681,15.69786,15.96650,16.21717,16.45973,16.78734,17.23322,18.11589,19.37034
2025-09-26,2025-09-19,har_garch,5,15.29000,15.07611,True,12.05789,12.55105,13.20782,13.55698,13.82551,14.07976,14.29299,14.48918,14.70524,14.91480,15.09643,15.28512,15.49514,15.67456,15.88427,16.12021,16.38517,16.74179,17.25362,18.17184,19.02160
2025-09-29,2025-09-22,har_garch,5,16.12000,15.43753,True,12.18190,12.91154,13.53745,13.90649,14.18116,14.45550,14.67030,14.89455,15.04885,15.24962,15.47210,15.66853,15.85785,16.06793,16.28153,16.50570,16.77045,17.17554,17.72393,18.58057,19.38975
2025-09-30,2025-09-23,har_garch,5,16.28000,15.79508,True,12.43986,13.16994,13.85873,14.25117,14.54972,14.77950,14.99532,15.19998,15.37714,15.58049,15.76724,15.96521,16.18181,16.40279,16.61923,16.89952,17.18632,17.56860,18.08779,19.02612,19.93273
2025-10-01,2025-09-24,har_garch,5,16.29000,15.62488,True,12.36759,12.94244,13.62667,14.05263,14.33790,14.59454,14.80700,15.00041,15.17788,15.39050,15.59655,15.78998,15.98371,16.19543,16.44563,16.65758,16.95391,17.37064,17.91148,19.04108,20.06417
2025-10-02,2025-09-25,har_garch,5,16.63000,15.90683,True,12.49546,13.10070,13.80509,14.27273,14.60116,14.83450,15.06134,15.27620,15.50324,15.69847,15.88972,16.11635,16.31179,16.52377,16.76571,16.99210,17.28275,17.74891,18.17921,19.30474,20.28464
2025-10-03,2025-09-26,har_garch,5,16.65000,14.98185,True,11.72447,12.29281,12.91576,13.37138,13.67877,13.92875,14.12647,14.35325,14.54717,14.75493,14.95663,15.15672,15.35691,15.59889,15.83593,16.07271,16.38784,16.73147,17.30279,18.17630,19.00530
2025-10-06,2025-09-29,har_garch,5,16.37000,15.59352,True,12.05158,12.74534,13.50815,13.91215,14.23587,14.48029,14.75952,14.96109,15.15163,15.37065,15.57371,15.77293,16.02741,16.24681,16.47821,16.74542,17.04922,17.40423,17.92432,19.03987,20.05106
2025-10-07,2025-09-30,har_garch,5,17.24000,15.61537,True,12.29148,12.92629,13.66673,14.01651,14.35891,14.60150,14.83875,15.04931,15.24426,15.42883,15.62943,15.81720,16.02112,16.20402,16.43993,16.73006,17.00512,17.40404,17.81862,18.80309,19.90138
2025-10-08,2025-10-01,har_garch,5,16.30000,15.60724,True,12.32499,13.02569,13.62831,14.02010,14.32371,14.60229,14.86756,15.08055,15.30152,15.52206,15.70465,15.88148,16.07688,16.25698,16.47594,16.73524,17.02128,17.33307,17.77290,18.76726,19.50299
2025-10-09,2025-10-02,har_garch,5,16.43000,15.93094,True,12.68230,13.19703,13.83727,14.22157,14.61253,14.86557,15.10428,15.32247,15.50412,15.70182,15.91532,16.10323,16.30510,16.50459,16.75573,17.04594,17.32254,17.69561,18.24901,19.26101,20.54736
2025-10-10,2025-10-03,har_garch,5,21.66000,15.94027,True,12.69331,13.34287,13.96993,14.36097,14.71498,14.95808,15.15056,15.38206,15.57908,15.75473,15.93458,16.11179,16.31643,16.52712,16.74166,16.95408,17.29809,17.64918,18.21751,19.12424,20.20668
2025-10-13,2025-10-06,har_garch,5,19.03000,15.71380,True,12.36005,13.05403,13.77003,14.19896,14.49588,14.74920,15.00089,15.16157,15.30073,15.48235,15.68443,15.86915,16.07137,16.29057,16.53177,16.75293,16.99805,17.37463,17.91557,18.73369,20.05010
2025-10-14,2025-10-07,har_garch,5,20.81000,16.34698,True,12.97340,13.52248,14.20920,14.69180,14.97318,15.23045,15.46224,15.68273,15.92799,16.10377,16.29408,16.54267,16.71437,16.95543,17.21552,17.47898,17.74358,18.16294,18.74600,19.76733,20.82624
2025-10-15,2025-10-08,har_garch,5,20.64000,15.78769,True,12.40714,13.01457,13.61164,14.06243,14.44004,14.72419,14.94264,15.18859,15.43595,15.65645,15.83501,16.01172,16.20947,16.41133,16.65030,16.92180,17.17866,17.55927,18.05087,19.09727,20.15688
2025-10-16,2025-10-09,har_garch,5,25.31000,15.83173,True,12.36240,13.14839,13.92261,14.28091,14.55683,14.81914,15.07449,15.30278,15.48251,15.65591,15.84148,16.00450,16.23107,16.41102,16.66675,16.93991,17.22807,17.68031,18.12145,19.11615,20.06144
2025-10-17,2025-10-10,har_garch,5,20.78000,19.00351,True,11.89829,13.50882,14.86411,15.65117,16.25045,16.78637,17.33953,17.85932,18.17565,18.61062,19.01933,19.48302,19.92775,20.50984,21.08112,21.59531,22.23269,23.11234,24.25876,27.32576,30.10507
2025-10-20,2025-10-13,har_garch,5,18.23000,17.41697,True,11.74436,12.79172,13.74143,14.46023,15.08927,15.59565,16.03668,16.38596,16.80754,17.12535,17.46657,17.81318,18.23172,18.65333,19.03373,19.58581,20.25703,20.95811,22.06916,24.33052,26.70790
2025-10-21,2025-10-14,har_garch,5,17.87000,18.72849,True,12.95493,14.02894,15.05556,15.82281,16.31532,16.75538,17.17585,17.58765,17.91058,18.19751,18.54687,18.94797,19.35523,19.75643,20.19692,20.74828,21.37631,22.23094,23.43524,25.65061,28.50699
2025-10-22,2025-10-15,har_garch,5,18.60000,18.73218,True,13.31833,14.35059,15.38939,16.13410,16.58869,16.98099,17.41793,17.73716,18.07048,18.37453,18.69957,19.02749,19.40580,19.74859,20.15304,20.49726,21.06252,21.70968,22.53695,24.22338,26.35736
2025-10-23,2025-10-16,har_garch,5,17.30000,21.24669,True,13.73588,15.08552,16.40183,17.43572,18.16015,18.87381,19.45307,19.94910,20.38184,20.86267,21.32056,21.81428,22.28400,22.74079,23.33842,23.92853,24.66481,25.51564,26.93397,30.04364,32.36522
2025-10-24,2025-10-17,har_garch,5,16.37000,19.05732,True,12.51663,13.63141,14.95261,15.78980,16.38161,16.89716,17.37809,17.76736,18.21446,18.63432,19.00459,19.39634,19.94232,20.35954,20.87852,21.35225,22.04063,22.81780,23.95314,26.38951,28.93672
2025-10-27,2025-10-20,har_garch,5,15.79000,17.59145,True,11.82160,12.83790,13.98699,14.65575,15.30193,15.78641,16.15808,16.52939,16.88199,17.27105,17.60925,17.94092,18.30501,18.73238,19.18283,19.76416,20.34672,21.06797,22.02924,24.16423,25.86151
2025-10-28,2025-10-21,har_garch,5,16.42000,17.35707,True,11.81667,13.08061,14.11026,14.80514,15.34079,15.74434,16.15965,16.45391,16.77791,17.07369,17.42055,17.73538,18.08261,18.43605,18.79430,19.21643,19.67183,20.40245,21.46009,22.90255,24.87758
2025-10-29,2025-10-22,har_garch,5,16.92000,17.72929,True,12.48331,13.62190,14.62592,15.21307,15.68261,16.12743,16.43516,16.76404,17.05740,17.37242,17.66919,17.98752,18.29977,18.62163,19.03804,19.46707,19.90344,20.49185,21.45956,23.26480,25.43334
2025-10-30,2025-10-23,har_garch,5,16.91000,16.82107,True,12.28813,13.21299,14.10744,14.61347,15.07955,15.41191,15.70831,16.00893,16.28938,16.57509,16.85638,17.12084,17.38212,17.64204,17.94815,18.30315,18.76135,19.39329,20.06007,21.58346,23.31131
2025-10-31,2025-10-24,har_garch,5,17.44000,16.25951,True,12.17062,12.98167,13.76275,14.32177,14.69101,14.97367,15.30240,15.59568,15.81507,16.11522,16.37188,16.58751,16.82057,17.05215,17.35144,17.64388,17.96204,18.41962,19.02518,20.12931,21.36656
2025-11-03,2025-10-27,har_garch,5,17.17000,15.85533,True,11.89515,12.66962,13.49801,13.94952,14.37251,14.66138,14.92262,15.15551,15.39163,15.59382,15.82686,16.06224,16.28358,16.54715,16.78154,17.11778,17.49020,17.97663,18.60084,19.74093,21.53392
2025-11-04,2025-10-28,har_garch,5,19.00000,16.34473,True,12.62725,13.46646,14.14256,14.57949,14.90312,15.14575,15.39320,15.62511,15.85158,16.11384,16.33519,16.56981,16.73466,16.97608,17.24295,17.53636,17.90285,18.31371,18.98643,19.98944,21.43206
2025-11-05,2025-10-29,har_garch,5,18.01000,16.60010,True,12.98136,13.56542,14.29122,14.70121,15.06505,15.34425,15.61755,15.85985,16.09785,16.35578,16.57997,16.76412,17.01003,17.30961,17.59466,17.91483,18.24026,18.67349,19.26800,20.33141,21.54368
2025-11-06,2025-10-30,har_garch,5,19.50000,16.60405,True,12.70368,13.56084,14.31102,14.86542,15.19900,15.47409,15.69570,15.93438,16.18538,16.39139,16.60388,16.83658,17.04392,17.25766,17.53708,17.85277,18.19416,18.58315,19.22817,20.30917,21.69488
2025-11-07,2025-10-31,har_garch,5,19.08000,16.89327,True,13.23172,13.88506,14.64165,15.13871,15.49045,15.75677,16.00864,16.22417,16.46685,16.70549,16.94866,17.16082,17.36934,17.60904,17.89674,18.15061,18.50209,18.94761,19.55050,20.50217,21.27752
2025-11-10,2025-11-03,har_garch,5,17.60000,16.76611,True,12.99260,13.88432,14.60129,15.00306,15.32658,15.60214,15.89174,16.11755,16.30752,16.51334,16.74660,16.96886,17.20781,17.47847,17.70477,17.97530,18.29768,18.74165,19.34659,20.29717,21.33550
2025-11-11,2025-11-04,har_garch,5,17.28000,17.93712,True,13.67168,14.49413,15.29027,15.90719,16.27588,16.55628,16.89872,17.18971,17.44893,17.69448,17.93184,18.22322,18.48279,18.75962,19.02512,19.34641,19.75231,20.26001,21.01359,22.18230,23.38255
2025-11-12,2025-11-05,har_garch,5,17.51000,17.37858,True,13.17529,14.00962,14.88615,15.38066,15.85688,16.13014,16.41460,16.66411,16.88447,17.14366,17.36693,17.58706,17.86165,18.13131,18.42662,18.74880,19.08866,19.57487,20.20509,21.26036,22.65681
2025-11-13,2025-11-06,har_garch,5,20.00000,18.39428,True,14.07495,15.00272,15.87200,16.29764,16.65101,16.99369,17.28364,17.56269,17.79045,18.03934,18.33550,18.59766,18.89731,19.15690,19.43538,19.78072,20.19563,20.69807,21.52346,22.87655,24.43638
2025-11-14,2025-11-07,har_garch,5,19.83000,18.13405,True,14.09271,14.82740,15.70996,16.18165,16.56785,16.90694,17.15770,17.42606,17.67465,17.91229,18.17851,18.37465,18.62521,18.85573,19.09780,19.41148,19.80066,20.24095,20.88848,22.01141,23.37721
2025-11-17,2025-11-10,har_garch,5,22.38000,17.20928,True,13.38338,13.99640,14.73999,15.28691,15.67565,15.97973,16.21979,16.44902,16.69710,16.89842,17.12999,17.35703,17.58651,17.84597,18.23053,18.62875,18.97942,19.42623,20.04771,21.19608,22.73668
2025-11-18,2025-11-11,har_garch,5,24.69000,16.95942,True,13.15707,13.83973,14.66850,15.12253,15.53387,15.78633,16.03530,16.29505,16.51241,16.71735,16.94821,17.19105,17.40805,17.64177,17.92791,18.24015,18.59796,18.98628,19.64405,20.69201,22.11905
2025-11-19,2025-11-12,har_garch,5,23.66000,16.92261,True,13.02103,13.72105,14.68214,15.17193,15.47565,15.74624,16.02837,16.23911,16.46195,16.68462,16.89009,17.13073,17.34203,17.57723,17.83604,18.11958,18.48137,18.94349,19.55638,20.64768,21.98996
2025-11-20,2025-11-13,har_garch,5,26.42000,18.35119,True,13.59418,14.52953,15.62544,16.16829,16.62549,16.94974,17.25221,17.57477,17.86790,18.14764,18.35833,18.61676,18.87529,19.17738,19.54139,19.98005,20.41238,20.95826,21.77950,23.04505,24.73328
2025-11-21,2025-11-14,har_garch,5,23.43000,18.35106,True,14.00046,14.78036,15.72398,16.29717,16.65624,16.96295,17.22644,17.51153,17.80937,18.06286,18.34322,18.58926,18.86289,19.19165,19.46987,19.80390,20.27332,20.74577,21.41987,22.73011,24.06479
2025-11-24,2025-11-17,har_garch,5,20.52000,20.04574,True,14.73756,15.57515,16.66269,17.35009,17.85306,18.32884,18.71093,19.07015,19.39226,19.64636,19.99065,20.34508,20.71116,21.04807,21.43134,21.89359,22.45528,23.08518,24.13249,25.73213,27.50689
2025-11-25,2025-11-18,har_garch,5,18.56000,21.38348,True,15.19174,16.30352,17.65917,18.50466,19.03898,19.46963,19.93999,20.31681,20.66557,21.03008,21.42096,21.74203,22.11822,22.56942,23.04679,23.54636,24.09188,24.81084,25.81481,27.58566,30.14612
2025-11-26,2025-11-19,har_garch,5,17.19000,20.92022,True,15.22579,16.28228,17.48035,18.25256,18.77591,19.22041,19.54845,19.91015,20.21415,20.50247,20.81842,21.13153,21.48597,21.96158,22.31101,22.83293,23.37751,24.08825,25.06412,26.98331,28.47195
2025-11-28,2025-11-20,har_garch,5,16.35000,22.46425,True,15.98443,17.36873,18.56404,19.39897,20.00861,20.51387,20.89418,21.35417,21.75216,22.21435,22.60122,22.96755,23.39598,23.80347,24.31722,24.74306,25.39052,26.17578,27.17047,29.39693,30.91469
2025-12-01,2025-11-21,har_garch,5,17.24000,21.03725,True,15.24042,16.23796,17.41906,18.27077,18.75820,19.22037,19.54481,19.95766,20.32952,20.69054,21.01840,21.42176,21.83425,22.27957,22.65145,23.08913,23.68467,24.31721,25.26715,27.05644,29.11012
2025-12-02,2025-11-24,har_garch,5,16.59000,19.38581,True,13.81241,14.80782,15.90533,16.73797,17.32507,17.75782,18.12462,18.48329,18.77285,19.11898,19.42768,19.78050,20.08124,20.45673,20.82138,21.31036,21.74014,22.35825,23.35036,25.11219,26.64869
2025-12-03,2025-11-25,har_garch,5,16.08000,18.20012,True,12.97448,14.05991,15.22190,15.87264,16.30326,16.65864,17.02235,17.33729,17.67213,17.92240,18.18526,18.47134,18.76677,19.09603,19.49662,19.85316,20.29636,20.94455,21.70185,23.52147,25.33274
2025-12-04,2025-11-26,har_garch,5,15.78000,17.32718,True,12.49354,13.57678,14.48336,15.03446,15.41304,15.74440,16.08571,16.41221,16.72202,16.97865,17.28705,17.59225,17.87215,18.20319,18.57201,18.98040,19.38059,19.97582,20.75146,22.49724,24.27523
2025-12-05,2025-11-28,har_garch,5,15.41000,16.63460,True,12.32548,13.10920,13.97443,14.51921,14.94377,15.39153,15.66223,15.91099,16.14974,16.38011,16.66364,16.91095,17.17489,17.45981,17.75737,18.04176,18.47911,18.91674,19.57824,20.80275,22.00909
2025-12-08,2025-12-01,har_garch,5,16.66000,17.14541,True,12.91407,13.72696,14.51412,15.10553,15.51168,15.84757,16.13379,16.41805,16.63163,16.84120,17.10821,17.39806,17.62810,17.91241,18.20616,18.55522,18.92611,19.41990,20.26395,21.60997,22.98626
2025-12-09,2025-12-02,har_garch,5,16.93000,16.68651,True,12.47888,13.58577,14.40099,14.87902,15.20055,15.53024,15.83895,16.05676,16.29766,16.48801,16.72470,16.95655,17.15410,17.43473,17.70978,18.02007,18.42455,18.83109,19.33888,20.50768,21.54208
2025-12-10,2025-12-03,har_garch,5,15.77000,16.42652,True,12.67457,13.32988,14.09868,14.53042,14.90028,15.22457,15.49205,15.75574,15.99823,16.20865,16.43883,16.64737,16.90414,17.11646,17.39872,17.71217,18.08748,18.49850,19.05061,20.12598,21.38009
2025-12-11,2025-12-04,har_garch,5,14.85000,16.18894,True,12.62152,13.40928,14.12933,14.55834,14.86000,15.12527,15.35265,15.55668,15.74142,15.93205,16.13787,16.35246,16.55724,16.79715,17.04615,17.33157,17.69432,18.14541,18.68436,19.63387,20.90291
2025-12-12,2025-12-05,har_garch,5,15.74000,15.85120,True,12.44713,13.02992,13.62322,14.08692,14.44332,14.73235,14.99738,15.23548,15.47328,15.63990,15.83957,16.05129,16.31299,16.52910,16.75206,16.99750,17.35851,17.80580,18.42554,19.31208,20.25328
2025-12-15,2025-12-08,har_garch,5,16.50000,16.60259,True,12.98499,13.70176,14.34993,14.77348,15.12796,15.38567,15.65597,15.92019,16.13967,16.34085,16.60674,16.87038,17.09005,17.28406,17.55811,17.84267,18.18000,18.63887,19.25126,20.23891,21.55837
2025-12-16,2025-12-09,har_garch,5,16.48000,16.77904,True,13.13585,13.79432,14.50130,14.99133,15.37383,15.63421,15.89959,16.17222,16.40054,16.59969,16.77634,17.03801,17.24457,17.51131,17.77149,18.05876,18.35064,18.76500,19.38581,20.25926,21.17498
2025-12-17,2025-12-10,har_garch,5,17.62000,16.03663,True,12.47335,13.06823,13.86652,14.31045,14.66068,14.95742,15.18407,15.43293,15.64213,15.85137,16.08684,16.28963,16.48689,16.70041,16.94870,17.25079,17.56517,17.94825,18.45630,19.58266,20.65105
2025-12-18,2025-12-11,har_garch,5,16.87000,15.39469,True,11.79488,12.56882,13.29600,13.66852,14.06246,14.32742,14.56871,14.81585,15.00566,15.20475,15.42980,15.65296,15.86186,16.03205,16.29064,16.60368,16.93595,17.32441,17.86392,18.94121,19.87385
2025-12-19,2025-12-12,har_garch,5,14.91000,15.85983,True,12.28445,13.03717,13.59670,14.05518,14.38227,14.68328,14.97896,15.18185,15.43931,15.67058,15.87429,16.08335,16.31581,16.54564,16.78666,17.07306,17.38954,17.83126,18.39719,19.38740,20.67663
2025-12-22,2025-12-15,har_garch,5,14.08000,16.30111,True,12.61150,13.30988,14.08173,14.57422,14.85621,15.15178,15.38945,15.60495,15.83150,16.07589,16.26439,16.52358,16.72990,16.99705,17.23599,17.56049,17.85811,18.23697,18.84491,19.92470,21.27778
2025-12-23,2025-12-16,har_garch,5,14.00000,16.25625,True,12.72285,13.45130,14.21579,14.58893,14.89853,15.14499,15.36858,15.60489,15.83032,16.04095,16.23210,16.43662,16.65514,16.86094,17.11948,17.40297,17.70371,18.07075,18.69194,19.77263,20.88014
2025-12-24,2025-12-17,har_garch,5,13.47000,16.84701,True,12.90231,13.86168,14.62116,15.06434,15.42199,15.69749,15.97351,16.22462,16.45941,16.65619,16.84321,17.05120,17.30846,17.58545,17.84138,18.09808,18.48055,18.90633,19.48698,20.40361,21.36499
2025-12-26,2025-12-18,har_garch,5,13.60000,16.35684,True,12.77971,13.57250,14.22396,14.67470,14.96686,15.20835,15.43113,15.70007,15.96356,16.18646,16.36976,16.55971,16.80667,17.01577,17.30195,17.56754,17.93868,18.31030,18.87001,19.67921,20.56224
2025-12-29,2025-12-19,har_garch,5,14.20000,15.07205,True,11.23550,12.02869,12.79559,13.28639,13.62596,13.91936,14.20039,14.40826,14.62537,14.87307,15.07999,15.26838,15.48213,15.67901,15.98631,16.28615,16.69073,17.10206,17.78179,19.00935,20.68648
2025-12-30,2025-12-22,har_garch,5,14.33000,14.44063,True,10.81453,11.46267,12.30218,12.77615,13.14753,13.41539,13.64506,13.83897,14.04391,14.24935,14.44998,14.65607,14.87380,15.07716,15.35697,15.60346,15.94346,16.35404,16.88841,18.10152,19.28907
2025-12-31,2025-12-23,har_garch,5,14.95000,14.33598,True,11.11072,11.76679,12.31191,12.68982,13.01845,13.27450,13.50096,13.68840,13.91386,14.11737,14.34187,14.52939,14.73282,14.94212,15.16728,15.47289,15.79974,16.19078,16.77665,17.80634,18.68400
2026-01-02,2025-12-24,har_garch,5,14.51000,13.84146,True,10.55025,11.27053,11.93923,12.40016,12.68447,12.93409,13.13957,13.32679,13.51683,13.72637,13.90865,14.07703,14.25720,14.41221,14.62633,14.85266,15.15410,15.56481,16.00858,16.87731,17.81678
2026-01-05,2025-12-26,har_garch,5,14.90000,13.81211,True,10.76041,11.34601,11.99874,12.39977,12.68441,12.89951,13.10539,13.24577,13.41399,13.61578,13.79337,13.96747,14.18117,14.39297,14.61836,14.84945,15.13251,15.43719,15.92852,16.68008,17.80940
2026-01-06,2025-12-29,har_garch,5,14.75000,14.22634,True,11.24757,11.78882,12.44514,12.78402,13.02859,13.28758,13.47533,13.67316,13.84248,14.03658,14.22068,14.39957,14.59125,14.81171,14.99659,15.22035,15.50126,15.80751,16.21159,17.14393,18.20631
2026-01-07,2025-12-30,har_garch,5,15.38000,14.34569,True,11.47192,12.01277,12.60785,12.93373,13.19163,13.41259,13.59909,13.78954,13.97473,14.14497,14.31767,14.48533,14.65747,14.85173,15.08488,15.31996,15.58598,15.89595,16.32300,17.19730,17.99399
2026-01-08,2025-12-31,har_garch,5,15.45000,14.67723,True,11.52259,12.17449,12.84625,13.20687,13.45987,13.68842,13.88735,14.10394,14.30587,14.47492,14.67515,14.85253,15.01265,15.20967,15.42869,15.75534,16.09478,16.42847,16.98366,17.74735,18.56383
2026-01-09,2026-01-02,har_garch,5,14.49000,14.39387,True,11.35053,11.93880,12.53921,12.94385,13.22564,13.46845,13.66922,13.85639,14.02437,14.22142,14.38032,14.55926,14.75432,14.94694,15.15965,15.40199,15.70432,16.02521,16.46452,17.21550,18.33995
2026-01-12,2026-01-05,har_garch,5,15.12000,14.64424,True,11.68080,12.15812,12.85625,13.21195,13.53343,13.74528,13.93878,14.09954,14.25512,14.44336,14.60909,14.76052,14.98129,15.17100,15.40090,15.60299,15.91563,16.27485,16.79202,17.71885,18.72153
2026-01-13,2026-01-06,har_garch,5,15.98000,14.49463,True,11.29533,12.00373,12.65735,13.07509,13.31374,13.56655,13.75509,13.97987,14.16716,14.32075,14.50259,14.64515,14.81743,15.01303,15.19586,15.44701,15.69443,16.04625,16.60489,17.38718,18.42967
2026-01-14,2026-01-07,har_garch,5,16.75000,14.96751,True,11.95745,12.46259,13.00236,13.41808,13.69195,13.94161,14.16309,14.36225,14.55253,14.77000,14.96295,15.12632,15.33348,15.51322,15.74729,16.00583,16.27617,16.60805,17.18243,18.11521,19.07473
2026-01-15,2026-01-08,har_garch,5,15.84000,14.94675,True,11.81234,12.39419,13.10549,13.45061,13.71432,13.97802,14.19785,14.39739,14.58104,14.74639,14.91480,15.10587,15.30368,15.50520,15.70688,15.93521,16.20656,16.62768,17.04908,17.91752,19.28335
2026-01-16,2026-01-09,har_garch,5,15.86000,14.42018,True,11.27625,11.99654,12.64081,12.94637,13.24960,13.47971,13.66458,13.83554,14.00415,14.17206,14.37991,14.55351,14.74371,14.96912,15.20013,15.45270,15.73439,16.05794,16.60421,17.44965,18.17046
2026-01-20,2026-01-12,har_garch,5,20.09000,14.77153,True,11.85591,12.30838,12.83251,13.26960,13.51844,13.72953,13.99792,14.18755,14.38272,14.58040,14.76630,14.95472,15.16724,15.37350,15.57206,15.79150,16.04783,16.42788,16.91216,17.84400,18.95866
2026-01-21,2026-01-13,har_garch,5,16.90000,15.22395,True,11.75568,12.49835,13.17239,13.60270,13.90403,14.21371,14.43564,14.64308,14.87360,15.08970,15.25284,15.45331,15.66262,15.86604,16.12416,16.33784,16.67014,17.09842,17.63100,18.41375,19.61608
2026-01-22,2026-01-14,har_garch,5,15.64000,15.74048,True,12.01486,12.81040,13.60558,13.99555,14.32171,14.59696,14.84956,15.07450,15.33113,15.54935,15.76800,15.94373,16.16322,16.39526,16.66601,16.89951,17.16778,17.58191,18.13656,19.36497,20.33219
2026-01-23,2026-01-15,har_garch,5,16.09000,15.18497,True,11.86902,12.49696,13.14073,13.60014,13.88454,14.18008,14.41370,14.63946,14.82884,15.00826,15.20702,15.40774,15.59163,15.81533,16.04751,16.30147,16.61301,17.00607,17.54348,18.42373,19.27789
2026-01-26,2026-01-16,har_garch,5,16.15000,15.18421,True,11.88433,12.53853,13.21934,13.61461,13.92984,14.19792,14.42273,14.59366,14.76088,14.93242,15.13207,15.33117,15.50662,15.72633,16.00509,16.24357,16.51471,16.86509,17.49257,18.54291,19.71336
2026-01-27,2026-01-20,har_garch,5,16.35000,17.74186,True,11.49254,12.86114,14.07015,14.79370,15.39429,15.85820,16.31639,16.68946,17.08620,17.49079,17.78866,18.13430,18.55513,18.89559,19.34355,19.90276,20.53882,21.21910,22.14403,23.99789,26.15466
2026-01-28,2026-01-21,har_garch,5,16.35000,15.96677,True,10.78183,11.70908,12.72538,13.36738,13.83677,14.22144,14.57217,14.92591,15.27142,15.62061,16.00397,16.27634,16.65298,16.98136,17.41076,17.81952,18.34461,19.05096,20.09061,21.60099,23.64913
2026-01-29,2026-01-22,har_garch,5,16.88000,15.22175,True,10.64025,11.36913,12.37488,12.95770,13.41843,13.73948,14.03074,14.35844,14.62557,14.93842,15.20420,15.51234,15.80271,16.09381,16.41346,16.83717,17.33353,17.95898,18.90398,20.49294,22.03201
2026-01-30,2026-01-23,har_garch,5,17.44000,15.45515,True,11.18752,11.86474,12.75399,13.39203,13.76775,14.09690,14.40019,14.62725,14.93704,15.17581,15.42311,15.68818,15.97566,16.25076,16.57702,16.91579,17.40554,18.05658,18.84334,19.92640,21.11881
2026-02-02,2026-01-26,har_garch,5,16.34000,15.51737,True,11.62540,12.33052,13.08968,13.54947,13.88810,14.20853,14.47606,14.83525,15.07822,15.32515,15.53040,15.75996,16.02441,16.26146,16.52971,16.81741,17.24021,17.67555,18.34779,19.56944,20.99520
2026-02-03,2026-01-27,har_garch,5,18.00000,15.71016,True,12.05190,12.69528,13.36353,13.80505,14.14886,14.45027,14.72116,14.97798,15.22425,15.47622,15.67883,15.89277,16.16599,16.39135,16.67432,16.96972,17.37536,17.90352,18.53969,19.60858,21.10057
2026-02-04,2026-01-28,har_garch,5,18.64000,15.75383,True,12.10960,12.84968,13.51226,13.95481,14.30685,14.59134,14.83446,15.12852,15.30755,15.55425,15.76846,15.95790,16.17770,16.40392,16.66389,17.00204,17.28399,17.66310,18.26559,19.36322,20.33934
2026-02-05,2026-01-29,har_garch,5,21.77000,16.08802,True,12.35289,13.18194,13.86937,14.32265,14.65177,14.94757,15.17544,15.40528,15.63672,15.85316,16.08394,16.28423,16.49041,16.72038,16.99541,17.27701,17.64511,18.11789,18.65471,19.77317,21.07945
2026-02-06,2026-01-30,har_garch,5,20.37000,16.51299,True,12.64496,13.53636,14.24359,14.69271,15.06027,15.34775,15.62936,15.84796,16.08281,16.30957,16.53910,16.75849,16.95163,17.17536,17.46402,17.76693,18.11403,18.51981,19.18897,20.13961,21.18755
2026-02-09,2026-02-02,har_garch,5,17.36000,15.80636,True,12.32452,13.10648,13.69016,14.16972,14.46574,14.70818,14.99695,15.23424,15.44418,15.63599,15.83894,16.05389,16.24196,16.44817,16.67495,16.94912,17.29335,17.69385,18.18265,19.06106,19.99301
2026-02-10,2026-02-03,har_garch,5,17.79000,16.85331,True,12.78628,13.47132,14.39070,14.91667,15.27778,15.59003,15.88920,16.11659,16.36213,16.59954,16.83970,17.09307,17.32425,17.62884,17.89306,18.20954,18.58002,19.15769,19.85404,20.92581,22.25797
2026-02-11,2026-02-04,har_garch,5,17.65000,17.31292,True,13.06330,13.97132,14.76977,15.27787,15.70198,16.02175,16.30404,16.60432,16.84721,17.07298,17.33797,17.61893,17.82975,18.08512,18.34883,18.63755,19.06340,19.53160,20.19727,21.40656,22.91983
2026-02-12,2026-02-05,har_garch,5,20.82000,19.12101,True,13.74535,14.71254,15.74301,16.51898,17.03665,17.43821,17.82054,18.18018,18.52858,18.82670,19.17023,19.44562,19.81735,20.21643,20.55598,20.95060,21.40260,22.10906,23.11802,24.82543,27.09187
2026-02-13,2026-02-06,har_garch,5,20.60000,18.46928,True,13.10854,14.49199,15.39003,15.95886,16.49373,16.91241,17.25137,17.52461,17.88309,18.19731,18.46324,18.76130,19.07973,19.36693,19.73385,20.09095,20.58153,21.14687,22.07912,23.57401,25.49153
2026-02-17,2026-02-09,har_garch,5,20.29000,16.80704,True,12.07795,12.96634,13.87149,14.40889,14.95184,15.29688,15.63504,15.91386,16.21397,16.48208,16.74403,17.01872,17.34333,17.68723,18.09342,18.43786,18.87056,19.37173,20.23710,21.69569,23.62803
2026-02-18,2026-02-10,har_garch,5,19.62000,17.12127,True,12.51557,13.41219,14.34198,14.85671,15.27691,15.71362,16.02396,16.29759,16.59908,16.88430,17.12513,17.34074,17.63612,17.94966,18.32095,18.72083,19.13907,19.68497,20.52434,21.80873,23.55407
2026-02-19,2026-02-11,har_garch,5,20.23000,16.89441,True,12.37250,13.34746,14.38187,14.87326,15.29051,15.59435,15.89383,16.17068,16.40889,16.65872,16.93136,17.16295,17.43285,17.72423,18.03743,18.39259,18.78487,19.29417,20.10680,21.05935,22.27588
2026-02-20,2026-02-12,har_garch,5,19.09000,18.89491,True,13.31059,14.27991,15.45666,16.13671,16.59542,17.02752,17.49211,17.84671,18.21988,18.54816,18.93401,19.26178,19.69205,20.03470,20.45203,20.86801,21.34412,21.93065,22.88534,24.63397,27.54001
2026-02-23,2026-02-13,har_garch,5,21.01000,18.80628,True,13.70292,14.61752,15.61316,16.16183,16.63079,17.03045,17.49823,17.85676,18.18437,18.52498,18.82946,19.16593,19.47764,19.74594,20.12726,20.58289,21.05225,21.62190,22.59670,24.36396,26.06751
2026-02-24,2026-02-17,har_garch,5,19.55000,18.73674,True,14.08251,14.87934,15.78469,16.42632,16.89113,17.24309,17.60649,17.86437,18.17019,18.44526,18.73950,19.03415,19.37322,19.68025,19.98864,20.31887,20.78306,21.37348,22.17573,23.39156,25.01425
2026-02-25,2026-02-18,har_garch,5,17.93000,18.35611,True,13.76252,14.80712,15.77470,16.30098,16.66752,16.96627,17.25710,17.55185,17.82360,18.09293,18.36971,18.60598,18.89254,19.20813,19.53921,19.84309,20.29676,20.83604,21.60332,22.86716,24.11955
2026-02-26,2026-02-19,har_garch,5,18.63000,18.68428,True,13.93482,14.98498,15.99331,16.56399,17.02798,17.36633,17.69139,17.94144,18.23458,18.45194,18.69992,18.96600,19.24368,19.48712,19.77923,20.17367,20.56004,21.08495,21.79704,23.23284,24.46719
2026-02-27,2026-02-20,har_garch,5,19.86000,18.07697,True,13.82886,14.58568,15.46008,16.06044,16.49558,16.82601,17.08357,17.36020,17.60731,17.86033,18.12332,18.37433,18.59826,18.87051,19.16859,19.47870,19.84188,20.30552,20.98578,22.08120,23.44024
2026-03-02,2026-02-23,har_garch,5,21.44000,19.39613,True,14.66071,15.55400,16.54576,17.11584,17.57856,17.95381,18.21494,18.47827,18.81222,19.12614,19.36809,19.64775,19.91024,20.21680,20.55643,20.95117,21.42291,22.08649,22.78404,24.26539,25.85201
2026-03-03,2026-02-24,har_garch,5,23.57000,18.56791,True,14.14631,14.92710,15.83279,16.38070,16.79936,17.23503,17.48733,17.75899,18.00879,18.29080,18.53719,18.79323,19.09366,19.35257,19.67192,20.02595,20.45163,21.01860,21.69787,23.15586,24.99113
2026-03-04,2026-02-25,har_garch,5,21.15000,17.44177,True,13.17724,13.92959,14.75299,15.35859,15.82761,16.15723,16.42240,16.68958,16.96124,17.22926,17.47813,17.73301,17.99268,18.24660,18.54607,18.85304,19.22164,19.70193,20.47451,21.67730,23.40636
2026-03-05,2026-02-26,har_garch,5,23.75000,18.02665,True,13.79629,14.54872,15.45400,15.97271,16.38431,16.66857,16.99787,17.25272,17.49562,17.77159,18.00385,18.26127,18.49019,18.73844,19.00158,19.44520,19.82054,20.33483,21.00499,22.39688,24.28465
2026-03-06,2026-02-27,har_garch,5,29.49000,18.74590,True,14.29175,15.08770,16.03230,16.54779,16.92437,17.29994,17.59303,17.91108,18.18973,18.41937,18.70359,18.96046,19.26671,19.53754,19.84790,20.17185,20.66729,21.19859,21.91544,23.26680,25.16169
2026-03-09,2026-03-02,har_garch,5,25.50000,19.62607,True,14.89103,15.76080,16.67938,17.25698,17.71854,18.03768,18.39504,18.69907,18.97553,19.27979,19.60182,19.88896,20.16892,20.48833,20.83647,21.24790,21.73699,22.35315,23.18882,24.51608,26.44760
2026-03-10,2026-03-03,har_garch,5,24.93000,21.11782,True,15.23936,16.31275,17.54785,18.23550,18.83942,19.33899,19.77136,20.15876,20.47939,20.84153,21.21656,21.51186,21.89490,22.23294,22.61370,23.03398,23.58947,24.24653,25.37290,26.90226,28.87073
2026-03-11,2026-03-04,har_garch,5,24.23000,19.70023,True,14.29369,15.57335,16.52144,17.12894,17.61905,18.02076,18.42683,18.76641,19.10708,19.47389,19.80579,20.06154,20.39928,20.72813,21.07634,21.50191,21.99447,22.57622,23.42681,24.88867,26.87385
2026-03-12,2026-03-05,har_garch,5,27.29000,21.28982,True,15.43466,16.26119,17.37453,18.28021,18.84053,19.37021,19.73277,20.18658,20.59341,20.96403,21.30952,21.65235,22.01121,22.39764,22.85579,23.34000,23.96997,24.74112,25.62349,27.50842,29.97342
2026-03-13,2026-03-06,har_garch,5,27.19000,24.47036,True,16.01148,17.46379,18.96926,20.12479,20.92868,21.62793,22.34296,22.89158,23.52732,24.10049,24.61974,25.15575,25.78721,26.40286,26.94475,27.66825,28.52863,29.61855,31.01959,34.08485,38.00855
2026-03-16,2026-03-09,har_garch,5,23.51000,22.64310,True,15.09873,16.40313,17.96218,18.80671,19.53009,20.17605,20.66299,21.15920,21.63123,22.10335,22.56042,23.02275,23.40819,23.94974,24.62527,25.25336,26.05110,27.05424,28.60917,31.63136,35.43560
2026-03-17,2026-03-10,har_garch,5,22.37000,22.27303,True,15.53742,16.68173,18.02895,18.98768,19.61089,20.10050,20.53622,21.04767,21.44694,21.82357,22.22585,22.66023,23.08670,23.49795,24.09963,24.66617,25.24587,26.18453,27.52301,29.65455,32.31991
2026-03-18,2026-03-11,har_garch,5,25.09000,21.99782,True,15.67567,16.96494,18.32714,19.07008,19.65581,20.20407,20.60847,20.96418,21.30038,21.59757,21.97530,22.35985,22.76286,23.16764,23.59829,24.12288,24.72328,25.51001,26.49437,28.32343,30.97104
2026-03-19,2026-03-12,har_garch,5,24.06000,24.00005,True,16.23169,17.92396,19.47367,20.49487,21.10608,21.62061,22.17330,22.68827,23.08791,23.56386,23.97969,24.45194,24.95068,25.43384,25.94254,26.52779,27.33270,28.24326,29.70171,31.82502,34.52298
2026-03-20,2026-03-13,har_garch,5,26.78000,23.90109,True,17.09189,18.51297,19.96792,20.69129,21.33733,21.85825,22.40417,22.83936,23.23357,23.62916,23.95968,24.32528,24.71674,25.15173,25.63584,26.19983,26.89875,27.63123,28.63044,30.28856,32.27249
2026-03-23,2026-03-16,har_garch,5,26.15000,21.75926,True,15.08080,16.74878,18.10429,18.84803,19.45382,19.90802,20.37419,20.74663,21.11003,21.47230,21.81588,22.27641,22.62130,22.98737,23.42426,23.90789,24.53245,25.17138,26.17642,28.14328,30.09836
2026-03-24,2026-03-17,har_garch,5,26.95000,21.12948,True,15.59120,16.68933,17.84885,18.49186,19.04124,19.45014,19.84404,20.25214,20.57194,20.83458,21.13350,21.43468,21.80145,22.11359,22.47285,22.90972,23.45373,24.20684,25.33746,26.89618,28.76998
2026-03-25,2026-03-18,har_garch,5,25.33000,22.77726,True,16.38056,17.70781,18.81959,19.66330,20.28808,20.89598,21.35829,21.71845,22.04735,22.52108,22.85964,23.23890,23.54559,24.03215,24.44627,24.97495,25.48971,26.27928,27.31245,29.04669,31.15179
2026-03-26,2026-03-19,har_garch,5,27.44000,22.19354,True,15.99189,17.33987,18.61569,19.32698,19.83449,20.38071,20.91425,21.25461,21.66441,22.00658,22.36649,22.69977,23.00926,23.34166,23.77526,24.23041,24.77948,25.42955,26.38701,27.87153,29.75399
2026-03-27,2026-03-20,har_garch,5,31.05000,23.80778,True,17.00064,18.54950,19.97274,20.64495,21.20659,21.69319,22.13207,22.55049,22.97575,23.39063,23.77991,24.18966,24.59228,25.06085,25.54127,26.07066,26.78804,27.53054,28.68270,30.45241,32.71168
2026-03-30,2026-03-23,har_garch,5,30.61000,23.61904,True,17.42940,18.65995,19.93391,20.65842,21.23730,21.71453,22.16646,22.57449,22.92156,23.24853,23.65525,24.02195,24.41598,24.84573,25.34208,25.73333,26.31040,27.07669,27.83703,29.84628,32.01229
2026-03-31,2026-03-24,har_garch,5,25.25000,24.31191,True,18.06147,19.29151,20.50680,21.22986,21.91191,22.41917,22.75786,23.18167,23.55065,23.93944,24.35363,24.73220,25.14082,25.59528,26.08090,26.54209,27.06792,27.68009,28.75352,30.46950,33.02048
2026-04-01,2026-03-25,har_garch,5,24.54000,23.32380,True,17.55238,18.72305,19.88481,20.65035,21.21993,21.70625,22.08837,22.45186,22.72433,23.05175,23.38852,23.67099,24.02065,24.37890,24.84194,25.28672,25.85716,26.43463,27.29412,28.80798,30.48183
2026-04-02,2026-03-26,har_garch,5,23.87000,24.78787,True,18.12922,19.78015,21.06336,21.74120,22.27850,22.76749,23.14521,23.60339,23.97667,24.36666,24.74309,25.11951,25.56559,25.97705,26.38605,26.90788,27.55993,28.27098,29.53648,31.33052,32.92046
2026-04-06,2026-03-27,har_garch,5,24.17000,26.85905,True,18.99141,20.78681,22.21309,23.03057,23.83896,24.41298,24.99220,25.44291,25.85836,26.32849,26.82457,27.30968,27.77483,28.21117,28.82673,29.49690,30.41805,31.35352,32.69176,34.90059,38.31795
2026-04-07,2026-03-30,har_garch,5,25.78000,27.03609,True,19.87526,21.20921,22.61300,23.45014,24.10559,24.64731,25.13573,25.63154,26.02707,26.51967,26.99687,27.45041,27.92577,28.39119,28.97073,29.54528,30.33420,31.19507,32.49239,35.05564,37.94239
2026-04-08,2026-03-31,har_garch,5,21.04000,23.81341,True,16.24046,17.92135,19.54382,20.47054,21.19085,21.74088,22.26444,22.62923,23.10736,23.47867,23.84335,24.36580,24.82331,25.27092,25.74796,26.26965,26.98103,27.82012,29.02908,30.79752,32.83469
2026-04-09,2026-04-01,har_garch,5,19.49000,23.35770,True,16.55774,18.22162,19.38355,20.34219,20.99405,21.51166,21.95645,22.30916,22.65989,23.02063,23.36247,23.74383,24.12992,24.55025,25.01086,25.55669,26.16692,26.87147,27.99399,30.36844,32.19013
2026-04-10,2026-04-02,har_garch,5,19.23000,22.89276,True,17.14489,18.27610,19.34890,20.08046,20.62041,21.11143,21.41531,21.80499,22.16621,22.46207,22.84917,23.16718,23.57213,23.95586,24.36726,24.85465,25.34195,26.13598,27.09693,28.53641,30.98825
2026-04-13,2026-04-06,har_garch,5,19.12000,23.10703,True,17.42746,18.73032,19.79087,20.51768,20.95782,21.34751,21.70195,22.08226,22.45337,22.75929,23.12827,23.42105,23.74534,24.17238,24.57780,25.03099,25.58042,26.20522,27.24780,28.60829,30.50826
2026-04-14,2026-04-07,har_garch,5,18.36000,23.84092,True,18.17795,19.28458,20.35501,21.08088,21.61942,22.05204,22.45353,22.86348,23.20551,23.51369,23.88885,24.23798,24.59764,24.99632,25.35423,25.77296,26.41885,27.04537,27.98233,29.50202,31.04347
2026-04-15,2026-04-08,har_garch,5,18.17000,21.04522,True,14.80907,15.98228,17.29146,18.07005,18.61175,19.02637,19.46845,19.81091,20.16723,20.57902,20.97355,21.39811,21.88078,22.24783,22.69346,23.23837,23.85042,24.57847,25.63576,27.74519,30.01449
2026-04-16,2026-04-09,har_garch,5,17.94000,19.82011,True,13.72958,15.15324,16.31772,17.06530,17.68149,18.09475,18.40069,18.80266,19.15484,19.51129,19.84237,20.10517,20.49231,20.90853,21.34918,21.85420,22.43655,23.05099,23.90615,25.54638,27.73717
2026-04-17,2026-04-10,har_garch,5,17.48000,19.61552,True,14.57020,15.28524,16.40059,17.10370,17.55653,18.03350,18.41007,18.73716,19.11555,19.41156,19.67965,19.97248,20.28907,20.66517,20.97167,21.39153,21.84419,22.45315,23.38320,24.77691,26.45211
2026-04-20,2026-04-13,har_garch,5,18.87000,19.41447,True,14.53354,15.44612,16.53171,17.22874,17.61420,17.92382,18.22103,18.57260,18.88571,19.17857,19.46188,19.76049,20.05623,20.32720,20.60216,20.98333,21.42775,21.96896,22.79777,24.36887,25.82803
2026-04-21,2026-04-14,har_garch,5,19.50000,18.81327,True,14.22202,15.22163,16.05076,16.60025,17.02929,17.40338,17.71688,17.98026,18.22164,18.48916,18.74633,18.98404,19.27056,19.58504,19.88054,20.35007,20.80090,21.29638,21.95243,23.39379,25.35502
2026-04-22,2026-04-15,har_garch,5,18.92000,18.57397,True,14.22085,15.09015,15.90634,16.50230,16.95652,17.26711,17.59422,17.88938,18.12937,18.33061,18.57789,18.84171,19.09347,19.36182,19.63324,19.92347,20.37812,20.89548,21.64348,22.83973,24.02069
2026-04-23,2026-04-16,har_garch,5,19.31000,18.40056,True,14.24584,15.16412,15.89977,16.37019,16.78756,17.14228,17.40193,17.66471,17.93828,18.14297,18.35062,18.63908,18.84360,19.10830,19.38303,19.69494,20.10731,20.65495,21.25680,22.48457,24.14576
2026-04-24,2026-04-17,har_garch,5,18.71000,17.91871,True,14.05497,14.74929,15.50655,16.01276,16.36877,16.69204,16.98761,17.23635,17.49530,17.73573,17.94174,18.18051,18.39877,18.68655,18.95565,19.24109,19.63398,20.08569,20.62944,21.82041,22.99430
2026-04-27,2026-04-20,har_garch,5,18.02000,18.77314,True,14.21455,15.33885,16.15163,16.65368,17.05759,17.38382,17.71543,18.00453,18.30143,18.57261,18.82401,19.06891,19.30100,19.57834,19.91237,20.24792,20.65030,21.11566,21.76353,23.20752,24.55747
2026-04-28,2026-04-21,har_garch,5,17.83000,19.21014,True,14.81403,15.80123,16.56028,17.06117,17.47807,17.82871,18.11967,18.47328,18.73194,18.99606,19.22030,19.48273,19.74260,19.99631,20.34060,20.65684,21.03069,21.55835,22.30264,23.50127,24.79142
2026-04-29,2026-04-22,har_garch,5,18.81000,18.59055,True,14.39764,15.34168,16.19481,16.67913,17.04466,17.35931,17.64165,17.93306,18.15411,18.39433,18.65528,18.89956,19.17322,19.42565,19.72055,20.04443,20.44796,20.83734,21.27299,22.40375,23.58806
2026-04-30,2026-04-23,har_garch,5,16.89000,18.88963,True,14.79452,15.68801,16.41183,16.90062,17.33288,17.64557,17.93150,18.15947,18.42318,18.67318,18.89218,19.14325,19.43653,19.68746,19.94307,20.22555,20.58068,20.94386,21.63636,22.60376,24.12156
2026-05-01,2026-04-24,har_garch,5,16.99000,18.55106,True,14.70390,15.19496,16.07104,16.58761,16.95975,17.29872,17.61999,17.88917,18.11167,18.30727,18.52082,18.75620,19.02240,19.27600,19.53529,19.84162,20.17909,20.58701,21.34495,22.60480,23.87649
2026-05-04,2026-04-27,har_garch,5,18.29000,17.91860,True,13.92195,14.64887,15.61495,16.08436,16.46257,16.73476,17.02549,17.26603,17.51675,17.74884,17.96240,18.15308,18.42514,18.66898,18.96936,19.22511,19.56660,19.90501,20.50338,21.50848,22.95546
2026-05-05,2026-04-28,har_garch,5,17.38000,17.60466,True,13.75966,14.62190,15.42803,15.82015,16.16991,16.48312,16.74874,16.99224,17.20942,17.44441,17.63675,17.88239,18.04785,18.27432,18.50761,18.75482,19.09438,19.49117,20.05254,21.25731,22.40632
2026-05-06,2026-04-29,har_garch,5,17.39000,18.13900,True,14.29699,14.98685,15.78611,16.23625,16.64771,16.94105,17.25014,17.49375,17.74784,18.00742,18.26087,18.46317,18.70520,18.91590,19.17875,19.43920,19.82317,20.19395,20.70266,21.62735,22.89998
2026-05-07,2026-04-30,har_garch,5,17.08000,16.87094,True,12.63871,13.55198,14.36248,14.94042,15.37782,15.66553,15.97885,16.21432,16.44650,16.67199,16.89129,17.11737,17.35544,17.58706,17.85673,18.15185,18.50379,18.92667,19.62675,20.70243,22.08229
2026-05-08,2026-05-01,har_garch,5,17.19000,16.94320,True,13.02358,13.80740,14.60447,15.13211,15.43709,15.70633,15.98434,16.23230,16.48311,16.68808,16.94229,17.14797,17.38545,17.63663,17.89779,18.17241,18.58472,18.99281,19.62781,20.81277,22.57289
2026-05-11,2026-05-04,har_garch,5,18.38000,17.59368,True,13.44019,14.19029,15.12329,15.55750,15.96100,16.29316,16.58332,16.86006,17.11222,17.34913,17.57886,17.86478,18.10334,18.34117,18.63032,18.97052,19.39696,19.85733,20.45684,21.60012,23.01016
2026-05-12,2026-05-05,har_garch,5,17.99000,16.99996,True,13.27983,13.93445,14.62792,15.09343,15.40761,15.72785,16.06398,16.34279,16.54865,16.77284,17.03484,17.22304,17.45539,17.73534,18.02949,18.30432,18.68751,19.16633,19.79916,20.77293,21.65999
2026-05-13,2026-05-06,har_garch,5,17.87000,16.99864,True,13.35750,14.07671,14.75646,15.22024,15.53919,15.81136,16.07426,16.35073,16.59359,16.77522,17.00874,17.22627,17.46139,17.70156,17.92072,18.19442,18.52634,18.98359,19.53583,20.64067,21.58878
2026-05-14,2026-05-07,har_garch,5,17.26000,16.73681,True,13.17847,13.89803,14.52556,14.94871,15.29562,15.63430,15.87382,16.10525,16.31724,16.52827,16.73625,16.98853,17.21766,17.41495,17.66331,17.91405,18.22924,18.66830,19.19373,20.34801,21.65616
2026-05-15,2026-05-08,har_garch,5,18.43000,16.79474,True,13.21146,13.98177,14.74805,15.12815,15.46256,15.76479,16.00122,16.21145,16.39282,16.59269,16.78485,16.98917,17.19042,17.42484,17.70222,17.99345,18.28257,18.66441,19.17220,20.06904,21.07382
2026-05-18,2026-05-11,har_garch,5,17.82000,17.44655,True,13.30403,14.28939,15.18521,15.63598,15.98668,16.23752,16.54876,16.78407,17.04390,17.28177,17.49384,17.73432,17.93331,18.21480,18.48652,18.76813,19.12002,19.54509,20.16240,21.13864,22.26773
2026-05-19,2026-05-12,har_garch,5,18.06000,17.37993,True,13.73441,14.30999,15.10045,15.61114,15.94063,16.20407,16.46168,16.68818,16.92697,17.14164,17.38169,17.59609,17.85350,18.06803,18.29562,18.55362,18.85286,19.35325,20.00223,21.17671,22.10888
2026-05-20,2026-05-13,har_garch,5,17.44000,17.22647,True,13.72511,14.32986,15.03755,15.49130,15.83868,16.13127,16.35395,16.59926,16.78345,16.99746,17.21523,17.43735,17.63544,17.85809,18.13379,18.42107,18.80495,19.18290,19.81162,20.65333,21.47823
2026-05-21,2026-05-14,har_garch,5,16.76000,16.82346,True,13.21558,13.96385,14.66948,15.16897,15.46361,15.75520,15.97797,16.22882,16.45491,16.65251,16.85191,17.04542,17.26728,17.49450,17.74515,18.01918,18.33814,18.69159,19.22200,20.17494,21.36767
2026-05-22,2026-05-15,har_garch,5,16.70000,17.57458,True,13.66457,14.35883,15.14731,15.63667,15.99444,16.31706,16.57073,16.83440,17.08149,17.36662,17.59698,17.79251,18.03998,18.30210,18.60216,18.91170,19.22697,19.67243,20.43806,21.60904,22.78784
2026-05-25,2026-05-18,har_garch,5,16.59000,17.17493,True,13.30103,14.11014,14.88196,15.37783,15.77442,16.05124,16.30327,16.55713,16.75378,16.95154,17.17447,17.41218,17.64602,17.88423,18.13846,18.44069,18.83912,19.23266,19.81028,20.79093,22.06252
2026-05-26,2026-05-19,har_garch,5,17.01000,17.34583,True,13.77187,14.43534,15.15931,15.62893,15.92891,16.19729,16.46581,16.66004,16.88954,17.10425,17.29701,17.52845,17.71073,17.92162,18.16839,18.48554,18.84617,19.29942,19.90511,21.10407,21.97668
2026-05-27,2026-05-20,har_garch,5,16.29000,16.95671,True,13.29439,14.10166,14.76484,15.24281,15.57806,15.87311,16.12212,16.33612,16.56449,16.77352,16.97863,17.18890,17.38597,17.59286,17.88093,18.16094,18.44192,18.82529,19.38799,20.39890,21.50572
2026-05-28,2026-05-21,har_garch,5,15.74000,16.46137,True,13.01608,13.68340,14.36899,14.82179,15.13775,15.40070,15.65375,15.84509,16.05001,16.28453,16.50613,16.67402,16.88355,17.13033,17.36927,17.62651,17.93927,18.30861,18.81608,19.78681,20.78428
2026-05-29,2026-05-22,har_garch,5,15.32000,16.44191,True,13.18575,13.84101,14.40500,14.79956,15.14001,15.44660,15.66249,15.83954,16.07174,16.24521,16.45654,16.61180,16.80799,17.01017,17.21044,17.48741,17.77423,18.20081,18.72188,19.74037,20.88493
2026-06-01,2026-05-25,har_garch,5,16.05000,16.30006,True,12.76522,13.53374,14.16744,14.65667,14.99771,15.27531,15.52346,15.73268,15.96572,16.17917,16.37002,16.53643,16.70167,16.88973,17.12963,17.39339,17.68436,18.05169,18.66536,19.46717,20.67836
2026-06-02,2026-05-26,har_garch,5,15.77000,16.53999,True,13.12914,13.86133,14.49509,14.93624,15.29073,15.52127,15.74534,15.92545,16.13310,16.34804,16.53401,16.72308,16.92456,17.15325,17.38737,17.66848,17.98004,18.39012,18.93140,19.71300,20.61544
2026-06-03,2026-05-27,har_garch,5,16.06000,16.05425,True,12.78386,13.49629,14.16206,14.53670,14.79597,15.03481,15.23687,15.45194,15.64810,15.83435,16.01392,16.19311,16.38898,16.62232,16.89412,17.15986,17.45880,17.79658,18.36762,19.22903,20.45830
2026-06-04,2026-05-28,har_garch,5,15.40000,15.68332,True,12.50320,13.02841,13.75738,14.13322,14.43014,14.66069,14.89530,15.11647,15.31529,15.48815,15.69966,15.89785,16.10982,16.29116,16.47969,16.70787,17.02607,17.39076,17.90518,18.82292,19.81221
2026-06-05,2026-05-29,har_garch,5,21.51000,15.38025,True,12.24437,12.87506,13.47795,13.88968,14.16908,14.39048,14.62696,14.82334,14.99639,15.18784,15.37846,15.58900,15.76251,15.93026,16.15302,16.41822,16.65421,17.03820,17.55940,18.33064,19.34227
2026-06-08,2026-06-01,har_garch,5,18.92000,15.82677,True,12.64561,13.16108,13.84213,14.21921,14.51248,14.77118,15.00010,15.21938,15.41982,15.61863,15.82632,16.05464,16.23430,16.46409,16.69804,16.95954,17.24330,17.61160,18.14232,18.97658,19.88102
2026-06-09,2026-06-02,har_garch,5,19.87000,15.65563,True,12.20977,13.02988,13.73757,14.10552,14.39821,14.63891,14.85708,15.08704,15.28084,15.50121,15.67067,15.86514,16.05197,16.23613,16.46888,16.68601,16.96576,17.42721,17.84213,18.72645,19.66327
2026-06-10,2026-06-03,har_garch,5,22.22000,15.80365,True,12.57445,13.31510,13.87370,14.24882,14.54638,14.77549,15.04866,15.23308,15.43113,15.62020,15.78381,15.99035,16.19171,16.41045,16.62351,16.89493,17.16115,17.49806,17.99676,18.91942,20.01244
2026-06-11,2026-06-04,har_garch,5,19.44000,15.36081,True,12.25834,12.92497,13.54166,13.92401,14.15172,14.42522,14.64042,14.79496,14.98717,15.16766,15.33372,15.50444,15.68572,15.91284,16.14368,16.39040,16.68728,17.03124,17.53101,18.35890,19.42548
2026-06-12,2026-06-05,har_garch,5,17.68000,19.00776,True,11.78176,12.82460,14.21706,15.28343,15.97440,16.58546,17.17014,17.66797,18.12396,18.62275,19.12178,19.57334,20.07708,20.53237,21.06250,21.70286,22.46304,23.34932,24.73469,27.56781,31.20982
2026-06-15,2026-06-08,har_garch,5,16.20000,17.61926,True,11.57164,12.59335,13.71568,14.41570,14.97692,15.52686,15.97112,16.38578,16.72164,17.15107,17.59027,18.04305,18.46204,18.89604,19.46008,20.00519,20.68524,21.42119,22.46936,24.63162,26.78607
2026-06-16,2026-06-09,har_garch,5,16.41000,18.26655,True,12.33644,13.46007,14.50550,15.25504,15.85646,16.33253,16.76894,17.12287,17.53522,17.91440,18.29727,18.61981,19.09011,19.45860,19.96301,20.41961,20.99443,21.69744,23.03664,25.16580,27.28691
2026-06-17,2026-06-10,har_garch,5,18.44000,19.57021,True,13.05678,14.24224,15.67504,16.46745,17.04206,17.51670,17.96721,18.42968,18.76522,19.17840,19.51618,19.90400,20.28622,20.75843,21.29287,21.81213,22.58417,23.39528,24.64408,26.76504,29.61335
2026-06-18,2026-06-11,har_garch,5,16.40000,18.11425,True,12.41653,13.42778,14.50361,15.21213,15.79799,16.25179,16.73823,17.12323,17.44366,17.74458,18.14012,18.44362,18.81708,19.18116,19.64770,20.13685,20.64294,21.31047,22.29430,24.28102,26.53475
2026-06-22,2026-06-12,har_garch,5,17.28000,17.06338,True,11.75273,12.82407,13.97328,14.54841,15.09726,15.48691,15.82711,16.14384,16.37928,16.66147,16.98363,17.34478,17.67182,18.03516,18.43515,18.83821,19.35213,19.99010,20.87160,22.63056,24.98971
2026-06-23,2026-06-15,har_garch,5,19.49000,16.11122,True,11.75884,12.54915,13.32791,13.84379,14.26759,14.59824,14.89594,15.21385,15.46363,15.73416,16.06003,16.33615,16.67260,16.94050,17.30174,17.72208,18.15833,18.60507,19.45879,21.08807,23.00613
2026-06-24,2026-06-16,har_garch,5,18.63000,16.04852,True,11.81124,12.57526,13.48439,13.95447,14.36245,14.77112,15.07143,15.32834,15.60707,15.85854,16.09484,16.33799,16.61900,16.86634,17.16626,17.50222,17.86504,18.29366,19.00244,20.25285,21.25359
2026-06-25,2026-06-17,har_garch,5,18.89000,17.48260,True,12.57619,13.51360,14.48246,15.09027,15.57823,15.96474,16.31453,16.61437,16.91487,17.21701,17.52262,17.76137,18.02758,18.31484,18.70682,19.09007,19.59984,20.22896,21.14483,22.67747,24.59281
2026-06-26,2026-06-18,har_garch,5,18.41000,16.07318,True,11.55872,12.48846,13.42364,14.05176,14.45533,14.78778,15.07436,15.34190,15.58196,15.83451,16.08782,16.39559,16.66928,16.95228,17.19489,17.59183,18.06160,18.55107,19.34438,20.55291,21.85631
2026-06-29,2026-06-22,har_garch,5,17.65000,16.85612,True,12.35943,13.33545,14.11562,14.64601,15.03214,15.37225,15.68367,15.98770,16.22263,16.47556,16.79761,17.06712,17.36106,17.62975,17.96197,18.40635,18.89178,19.37971,20.18834,21.58140,23.61613
2026-06-30,2026-06-23,har_garch,5,16.45000,18.14970,True,13.20142,14.01475,14.97723,15.58360,16.05668,16.44872,16.82900,17.18534,17.46505,17.78874,18.09629,18.39179,18.70963,19.06582,19.44263,19.83856,20.36442,21.06063,21.99497,23.37258,24.96616
2026-07-01,2026-06-24,har_garch,5,16.59000,17.54194,True,12.76099,13.64980,14.61460,15.29368,15.78274,16.17733,16.48926,16.72684,17.04321,17.31239,17.58090,17.86202,18.16222,18.39329,18.73231,19.12267,19.57574,20.14909,21.02384,22.42195,23.94470
2026-07-02,2026-06-25,har_garch,5,16.15000,17.81392,True,13.39984,14.31685,15.01268,15.64850,16.06945,16.42804,16.74027,17.02229,17.26820,17.55203,17.80461,18.06469,18.32133,18.59878,18.90372,19.22009,19.71248,20.24329,21.09007,22.39342,24.04113
2026-07-06,2026-06-26,har_garch,5,15.57000,17.51533,True,13.41519,14.20642,15.11130,15.56641,15.97707,16.29592,16.54030,16.77349,17.03563,17.27298,17.47351,17.68867,17.94541,18.22760,18.53479,18.88513,19.28988,19.73704,20.33495,21.53120,22.79976
2026-07-07,2026-06-29,har_garch,5,16.13000,17.09871,True,13.10612,13.90444,14.72069,15.20409,15.59473,15.87485,16.13228,16.41777,16.69886,16.89423,17.11902,17.33711,17.57504,17.85212,18.13130,18.40807,18.76278,19.21228,19.87276,21.00174,22.21922
2026-07-08,2026-06-30,har_garch,5,16.90000,16.35720,True,12.60850,13.36480,14.13643,14.53179,14.88644,15.17191,15.43425,15.68032,15.90031,16.13578,16.40308,16.62498,16.86211,17.05719,17.32567,17.62877,17.94753,18.37946,19.03612,19.99899,21.14563
2026-07-09,2026-07-01,har_garch,5,15.84000,16.44841,True,12.64729,13.39877,14.16570,14.59357,14.90724,15.22375,15.49737,15.76037,15.98277,16.23013,16.46218,16.68474,16.92750,17.17588,17.44457,17.71502,18.07393,18.46044,19.07819,20.06331,21.50627
2026-07-10,2026-07-02,har_garch,5,15.03000,16.11110,True,12.64076,13.31338,14.03311,14.43876,14.77382,15.06543,15.26425,15.48735,15.71480,15.90551,16.09644,16.29533,16.50986,16.75883,16.99886,17.29252,17.66437,18.02143,18.63351,19.56715,20.69974
2026-07-13,2026-07-06,har_garch,5,17.16000,15.69496,True,12.31805,12.95592,13.70027,14.05886,14.43641,14.64712,14.88347,15.08755,15.29488,15.47631,15.65540,15.83057,16.02515,16.28337,16.51677,16.82394,17.08525,17.42428,18.03714,19.10598,19.99963
2026-07-14,2026-07-07,har_garch,5,16.50000,16.01377,True,12.30217,13.36784,14.02686,14.44314,14.78961,14.97586,15.17816,15.41897,15.63333,15.83794,16.02603,16.19372,16.38619,16.60973,16.87486,17.14568,17.46762,17.82399,18.26616,19.24346,20.44029
2026-07-15,2026-07-08,har_garch,5,15.67000,16.47691,True,12.95067,13.70359,14.33154,14.80400,15.12025,15.38143,15.62595,15.85150,16.05134,16.26843,16.46522,16.68312,16.89970,17.14864,17.36879,17.61774,17.97456,18.40309,18.90994,19.91987,20.89221
2026-07-16,2026-07-09,har_garch,5,16.73000,15.72936,True,12.09601,12.91658,13.64778,14.04900,14.41451,14.66558,14.94709,15.13862,15.34159,15.56082,15.74679,15.93458,16.16556,16.38057,16.61427,16.84413,17.10463,17.53102,18.16960,19.18380,20.16403
2026-07-17,2026-07-10,har_garch,5,18.77000,15.11047,True,11.69354,12.24106,13.02414,13.47143,13.72897,14.05072,14.30505,14.51631,14.71827,14.90795,15.12772,15.32506,15.50885,15.73015,16.01532,16.26564,16.60594,17.03797,17.53682,18.43659,19.59623
2026-07-20,2026-07-13,har_garch,5,18.65000,16.53159,True,12.68301,13.34785,14.01700,14.45798,14.88934,15.23742,15.52404,15.78578,16.02443,16.29462,16.52024,16.77961,17.03792,17.32162,17.56769,17.92814,18.30355,18.75679,19.45936,20.56918,22.04674
2026-07-21,2026-07-14,har_garch,5,17.05000,16.14771,True,12.23008,12.99191,13.70598,14.27926,14.64632,14.96018,15.20954,15.45270,15.69145,15.89980,16.15450,16.43391,16.66882,16.91630,17.20867,17.47533,17.80446,18.24073,19.00066,20.02437,20.89689
2026-07-22,2026-07-15,har_garch,5,16.64000,15.55779,True,12.00640,12.65297,13.39038,13.78656,14.07319,14.35098,14.58889,14.83700,15.08357,15.30608,15.53428,15.76442,15.98140,16.21335,16.44446,16.74209,17.07548,17.50893,18.09716,19.16622,20.56254
2026-07-23,2026-07-16,har_garch,5,18.70000,16.36529,True,12.49438,13.26851,14.00616,14.52613,14.89267,15.18225,15.43480,15.65465,15.88273,16.11194,16.34721,16.54892,16.78341,17.05290,17.31258,17.66002,18.04292,18.46712,19.05325,20.24654,21.67218
2026-07-24,2026-07-17,har_garch,5,18.58000,17.53648,True,13.24872,13.97363,14.92185,15.46840,15.82928,16.10273,16.40542,16.66414,16.94629,17.22225,17.46408,17.71663,17.94698,18.27864,18.60912,18.96261,19.35848,19.97460,20.78803,21.96185,23.70420
2026-07-27,2026-07-20,har_garch,5,18.67000,17.51218,True,13.11002,14.04957,14.96098,15.48729,15.88379,16.18046,16.51318,16.77366,17.00406,17.25792,17.46886,17.72299,17.98830,18.26720,18.58927,18.92330,19.27007,19.76692,20.47137,21.65380,23.07719
2026-07-28,2026-07-21,har_garch,5,18.21000,16.54119,True,12.54348,13.36575,14.15653,14.57152,14.90458,15.23229,15.51261,15.75622,16.03776,16.27450,16.53620,16.78799,17.02425,17.27880,17.61647,17.93126,18.25864,18.77306,19.37269,20.51871,21.88093
2026-07-29,2026-07-22,har_garch,5,20.66000,16.19120,True,12.35100,13.15226,13.84909,14.40224,14.71083,14.99540,15.23029,15.49824,15.73031,15.98357,16.20670,16.43167,16.65175,16.92830,17.16036,17.39451,17.77693,18.25921,18.92006,19.96223,21.15453
2026-07-30,2026-07-23,har_garch,5,17.09000,17.48082,True,12.92728,13.77799,14.72060,15.33825,15.77319,16.09920,16.40740,16.72093,16.97444,17.16624,17.42244,17.71948,17.98611,18.26431,18.55859,18.93532,19.31464,19.95695,20.65983,22.25496,23.54465
2026-07-31,2026-07-24,har_garch,5,15.99000,17.29405,True,13.08714,13.71037,14.67206,15.17689,15.58948,15.97017,16.27299,16.55442,16.79061,17.06183,17.29126,17.56279,17.77664,18.03701,18.34686,18.69824,19.04536,19.62088,20.26039,21.62476,23.34854
2026-08-03,2026-07-27,har_garch,5,15.86000,17.49300,True,13.48444,14.20394,15.04975,15.61078,15.98439,16.27130,16.56403,16.80317,17.06324,17.24922,17.51407,17.78527,17.98410,18.20967,18.49947,18.80595,19.23759,19.68977,20.22885,21.49417,22.88097
2026-08-04,2026-07-28,har_garch,5,16.50000,17.20700,True,13.42283,14.23204,14.94972,15.33869,15.71777,16.03988,16.28578,16.54726,16.76054,16.95410,17.16439,17.39260,17.63704,17.88446,18.17333,18.46371,18.75100,19.22191,19.81897,21.04950,22.28436
2026-08-05,2026-07-29,har_garch,5,15.81000,18.73451,True,14.11765,14.95365,15.81099,16.34166,16.79479,17.14505,17.54199,17.83141,18.14187,18.42002,18.71704,19.02562,19.29649,19.60062,19.99238,20.31431,20.69754,21.32202,22.20296,23.85704,25.52521
2026-08-06,2026-07-30,har_garch,5,15.15000,16.57997,True,11.44331,12.52090,13.47035,14.18364,14.67968,15.12505,15.41967,15.69999,15.97558,16.28572,16.59018,16.90630,17.21745,17.53822,17.94753,18.33356,18.79753,19.54254,20.26799,21.71809,23.29871
2026-08-07,2026-07-31,har_garch,5,14.90000,15.93936,True,11.44816,12.21652,13.16110,13.71985,14.16675,14.47882,14.79477,15.07163,15.38388,15.65924,15.92883,16.23364,16.49778,16.83954,17.15583,17.52894,17.94706,18.48719,19.31131,20.59913,22.00278
2026-08-10,2026-08-03,har_garch,5,15.46000,15.78278,True,11.74609,12.56046,13.38377,13.86362,14.19759,14.53442,14.78612,15.08507,15.30651,15.53540,15.73841,15.99167,16.21529,16.50260,16.76031,17.06457,17.49921,18.09687,18.85266,19.99257,21.09270
2026-08-11,2026-08-04,har_garch,5,15.28000,16.12569,True,11.96410,12.70735,13.64733,14.13517,14.56332,14.89640,15.20889,15.43866,15.68228,15.92862,16.16985,16.37404,16.57622,16.82489,17.10498,17.40418,17.80904,18.35523,19.06810,20.32936,21.94744
2026-08-12,2026-08-05,har_garch,5,14.55000,15.67307,True,12.14546,12.71574,13.41043,13.91253,14.22257,14.51391,14.73527,15.00729,15.26239,15.47197,15.68043,15.88865,16.13682,16.36271,16.64884,16.92616,17.25410,17.67221,18.27481,19.25780,20.27079
2026-08-13,2026-08-06,har_garch,5,14.63000,15.22421,True,11.59919,12.34501,13.15196,13.58037,13.91504,14.17511,14.42264,14.62921,14.84046,15.04277,15.21094,15.43522,15.63032,15.85900,16.10640,16.38040,16.72371,17.13037,17.69138,18.69013,19.57273
2026-08-14,2026-08-07,har_garch,5,14.25000,15.09253,True,11.96117,12.52306,13.06710,13.49808,13.75020,14.00408,14.22829,14.44905,14.63876,14.81944,15.04780,15.25010,15.47703,15.69493,15.91320,16.18194,16.45803,16.88161,17.48009,18.59984,19.50652
2026-08-17,2026-08-10,har_garch,5,15.19000,15.47492,True,12.14794,12.79312,13.44409,13.85473,14.17145,14.44852,14.64499,14.85935,15.02868,15.21046,15.41689,15.62490,15.83552,16.01526,16.27878,16.58663,16.92122,17.32216,17.87552,18.77579,19.99366
2026-08-18,2026-08-11,har_garch,5,15.84000,15.25460,True,11.99130,12.60011,13.31914,13.73134,14.01268,14.24731,14.44886,14.67823,14.85119,15.07244,15.23988,15.42544,15.63311,15.83311,16.09802,16.34278,16.65469,17.04434,17.60902,18.48612,19.54631
2026-08-19,2026-08-12,har_garch,5,14.89000,14.84528,True,11.74315,12.36209,12.90475,13.40004,13.63799,13.85870,14.07221,14.27334,14.46999,14.64984,14.84693,14.99458,15.17873,15.38256,15.57540,15.89369,16.17799,16.51183,17.06418,17.89011,18.89151
2026-08-20,2026-08-13,har_garch,5,16.01000,14.76829,True,11.89173,12.31361,12.84143,13.27395,13.53871,13.83455,14.03261,14.24483,14.38976,14.56270,14.75511,14.94158,15.13375,15.31256,15.51678,15.76610,16.05904,16.41735,16.87982,17.64607,18.51836
2026-08-21,2026-08-14,har_garch,5,15.13000,14.51712,True,11.55207,12.19235,12.73358,13.07842,13.34635,13.59180,13.78380,13.96717,14.14499,14.32935,14.50417,14.68207,14.87619,15.05896,15.27703,15.52858,15.78002,16.13401,16.60743,17.48924,18.43290
2026-08-24,2026-08-17,har_garch,5,15.85000,15.04797,True,11.82418,12.53128,13.18125,13.59720,13.86899,14.11035,14.29712,14.51190,14.68945,14.88044,15.02738,15.21288,15.37269,15.60544,15.85402,16.07968,16.41002,16.78927,17.26444,18.10510,18.76639
2026-08-25,2026-08-18,har_garch,5,15.45000,15.45087,True,12.12920,12.70537,13.44886,13.87539,14.22257,14.47872,14.68295,14.87939,15.10389,15.28495,15.47836,15.67828,15.85059,16.04686,16.27748,16.54260,16.81151,17.20282,17.79212,18.72705,19.79499
2026-08-26,2026-08-19,har_garch,5,15.21000,14.81283,True,11.50070,12.25567,12.83950,13.29404,13.61672,13.89833,14.09889,14.32366,14.49898,14.69022,14.87019,15.03424,15.18531,15.44005,15.63327,15.85809,16.15264,16.50523,16.97841,17.92534,18.96548
2026-08-27,2026-08-20,har_garch,5,14.51000,15.58511,True,12.24269,12.85221,13.55391,13.94642,14.29891,14.55585,14.78793,14.99467,15.17382,15.37262,15.56226,15.78248,16.01143,16.22230,16.49491,16.78824,17.04332,17.40335,17.91222,18.80757,19.88060
2026-08-28,2026-08-21,har_garch,5,14.43000,15.00726,True,11.76926,12.32225,13.02914,13.42954,13.76005,13.95983,14.19288,14.39232,14.59786,14.76254,14.94863,15.16728,15.36165,15.62193,15.83649,16.10574,16.39252,16.77985,17.28967,18.31468,19.42499
2026-08-31,2026-08-24,har_garch,5,14.92000,15.41637,True,12.01620,12.68321,13.34948,13.76170,14.01355,14.31928,14.56762,14.77142,14.98633,15.19970,15.37693,15.57097,15.76060,16.00045,16.27227,16.54192,16.85592,17.26729,17.84467,18.81489,19.89664
2026-09-01,2026-08-25,har_garch,5,16.34000,15.14163,True,11.84683,12.43133,12.99232,13.50704,13.86960,14.14535,14.37434,14.56446,14.74525,14.95715,15.13190,15.29546,15.48226,15.68729,15.92009,16.19310,16.55135,16.99530,17.57182,18.50045,19.52302
2026-09-02,2026-08-26,har_garch,5,15.20000,14.92386,True,11.83056,12.42933,12.93476,13.35021,13.66446,13.92221,14.16101,14.34282,14.57596,14.77930,14.96087,15.13544,15.30889,15.53139,15.72344,15.96187,16.25473,16.60652,17.06048,18.03477,18.94154
2026-09-03,2026-08-27,har_garch,5,14.32000,14.42856,True,11.17075,12.00576,12.58549,12.93907,13.23620,13.46464,13.65254,13.85181,14.05102,14.23989,14.43094,14.65148,14.82884,15.00484,15.23668,15.47952,15.73235,16.05872,16.54383,17.34161,18.43595
2026-09-04,2026-08-28,har_garch,5,14.53000,14.43133,True,11.51118,12.06675,12.60071,12.94217,13.23540,13.52060,13.71911,13.89887,14.05852,14.22107,14.41525,14.57928,14.75380,14.93987,15.15923,15.37943,15.61979,15.98166,16.49076,17.40447,18.18058
2026-09-07,2026-08-31,har_garch,5,15.30000,14.72386,True,11.67266,12.21797,12.82472,13.17320,13.48118,13.72095,13.94607,14.12079,14.33791,14.53521,14.73842,14.89587,15.07559,15.28108,15.45704,15.70560,15.96606,16.32571,16.87497,17.83929,18.97002
2026-09-08,2026-09-01,har_garch,5,15.72000,15.44100,True,11.80947,12.44729,13.22669,13.70403,14.03868,14.37197,14.59783,14.87449,15.09652,15.28235,15.49339,15.68578,15.92364,16.15774,16.39736,16.69547,17.00163,17.43760,18.07444,18.97946,20.18940
2026-09-09,2026-09-02,har_garch,5,16.46000,14.88441,True,11.39058,12.09678,12.85774,13.29026,13.60330,13.86683,14.04520,14.24978,14.44168,14.59360,14.81284,15.02166,15.19657,15.42240,15.68292,16.00530,16.36636,16.81978,17.56065,18.42319,19.58358
