target_date,origin_date,model,horizon,y_true,point,converged,q0.025,q0.05,q0.1,q0.15,q0.2,q0.25,q0.3,q0.35,q0.4,q0.45,q0.5,q0.55,q0.6,q0.65,q0.7,q0.75,q0.8,q0.85,q0.9,q0.95,q0.975
2024-01-02,2023-12-29,rw,1,13.20000,12.45000,True,10.86047,11.18696,11.47198,11.64677,11.79956,11.92001,12.02093,12.11492,12.20815,12.29571,12.36618,12.46089,12.54689,12.64738,12.75385,12.89139,13.07698,13.27659,13.55861,14.14241,14.78559
2024-01-03,2024-01-02,rw,1,14.04000,13.20000,True,11.51472,11.86088,12.16306,12.34879,12.51084,12.63810,12.74521,12.84497,12.94362,13.03680,13.11153,13.21166,13.30307,13.40951,13.52216,13.66973,13.86539,14.07631,14.37536,14.99423,15.67609
2024-01-04,2024-01-03,rw,1,14.13000,14.04000,True,12.24748,12.61567,12.93708,13.13504,13.30748,13.44236,13.55641,13.66263,13.76735,13.86683,13.94632,14.05256,14.14997,14.26307,14.38283,14.54144,14.74817,14.97199,15.29012,15.94826,16.67345
2024-01-05,2024-01-04,rw,1,13.35000,14.13000,True,12.32600,12.69656,13.02002,13.21967,13.39328,13.52855,13.64344,13.75050,13.85566,13.95582,14.03584,14.14299,14.24046,14.35439,14.47490,14.63405,14.84262,15.06789,15.38810,16.05034,16.78011
2024-01-08,2024-01-05,rw,1,13.08000,13.35000,True,11.64559,11.99569,12.30130,12.49033,12.65246,12.78170,12.89000,12.99097,13.09073,13.18525,13.26092,13.36200,13.45413,13.56187,13.67582,13.82565,14.02319,14.23604,14.53861,15.16420,15.85362
2024-01-09,2024-01-08,rw,1,12.76000,13.08000,True,11.41007,11.75310,12.05251,12.23811,12.39665,12.52321,12.62943,12.72846,12.82591,12.91811,12.99233,13.09159,13.18179,13.28746,13.39923,13.54546,13.73950,13.94805,14.24454,14.85737,15.53279
2024-01-10,2024-01-09,rw,1,12.69000,12.76000,True,11.13094,11.46557,11.75765,11.93909,12.09382,12.21685,12.32058,12.41736,12.51142,12.60181,12.67409,12.77122,12.85908,12.96224,13.07142,13.21351,13.40321,13.60674,13.89602,14.49375,15.15259
2024-01-11,2024-01-10,rw,1,12.44000,12.69000,True,11.06988,11.40268,11.69316,11.87410,12.02792,12.14985,12.25324,12.34968,12.44325,12.53286,12.60494,12.70098,12.78833,12.89096,12.99954,13.14046,13.32952,13.53205,13.81975,14.41411,15.06927
2024-01-12,2024-01-11,rw,1,12.70000,12.44000,True,10.85181,11.17805,11.46280,11.64089,11.79140,11.91051,12.01233,12.10683,12.19743,12.28576,12.35625,12.45039,12.53606,12.63684,12.74293,12.88104,13.06678,13.26545,13.54746,14.13001,14.77221
2024-01-16,2024-01-12,rw,1,13.84000,12.70000,True,11.07862,11.41169,11.70238,11.88492,12.03829,12.15947,12.26390,12.36025,12.45282,12.54265,12.61488,12.71107,12.79851,12.90127,13.00874,13.14998,13.33972,13.54269,13.83057,14.42520,15.08076
2024-01-17,2024-01-16,rw,1,14.79000,13.84000,True,12.07309,12.43605,12.75284,12.95255,13.11937,13.25099,13.36530,13.47008,13.57114,13.66893,13.74765,13.85221,13.94770,14.05961,14.17778,14.33189,14.53782,14.75862,15.07238,15.71991,16.43426
2024-01-18,2024-01-17,rw,1,14.13000,14.79000,True,12.90182,13.28969,13.62822,13.84249,14.02001,14.16060,14.28299,14.39504,14.50274,14.60762,14.69144,14.80320,14.90549,15.02494,15.15096,15.31759,15.53609,15.77360,16.10694,16.79880,17.56211
2024-01-19,2024-01-18,rw,1,13.30000,14.13000,True,12.32608,12.69666,13.02007,13.22559,13.39448,13.52857,13.64461,13.75204,13.85525,13.95526,14.03572,14.14249,14.24009,14.35433,14.47486,14.63344,14.84271,15.06903,15.38813,16.04901,16.77819
2024-01-22,2024-01-19,rw,1,13.19000,13.30000,True,11.60205,11.95086,12.25528,12.44948,12.60656,12.73384,12.84202,12.94346,13.04066,13.13515,13.21086,13.31167,13.40339,13.51102,13.62460,13.77329,13.97076,14.18323,14.48420,15.10615,15.79243
2024-01-23,2024-01-22,rw,1,12.55000,13.19000,True,11.50611,11.85203,12.15393,12.34687,12.50275,12.62855,12.73620,12.83687,12.93329,13.02680,13.10120,13.20128,13.29231,13.39915,13.51155,13.65879,13.85513,14.06567,14.36437,14.98107,15.66162
2024-01-24,2024-01-23,rw,1,13.14000,12.55000,True,10.94782,11.27696,11.56421,11.74792,11.89654,12.01556,12.11769,12.21318,12.30505,12.39442,12.46540,12.56035,12.64714,12.74884,12.85544,12.99549,13.18277,13.38311,13.66735,14.25403,14.90150
2024-01-25,2024-01-24,rw,1,13.45000,13.14000,True,11.46251,11.80712,12.10787,12.30036,12.45591,12.58063,12.68749,12.78781,12.88402,12.97733,13.05153,13.15132,13.24204,13.34847,13.46069,13.60817,13.80236,14.01220,14.30985,14.92401,15.60185
2024-01-26,2024-01-25,rw,1,13.26000,13.45000,True,11.73294,12.08569,12.39353,12.59070,12.74987,12.87746,12.98708,13.08998,13.18847,13.28389,13.35985,13.46184,13.55479,13.66363,13.77808,13.92862,14.12783,14.34271,14.64741,15.27595,15.96973
2024-01-29,2024-01-26,rw,1,13.60000,13.26000,True,11.56720,11.91497,12.21846,12.41298,12.56986,12.69557,12.80414,12.90540,13.00243,13.09576,13.17073,13.27151,13.36308,13.47048,13.58290,13.73128,13.92809,14.14002,14.44046,15.06002,15.74393
2024-01-30,2024-01-29,rw,1,13.31000,13.60000,True,11.86381,12.22050,12.53176,12.73142,12.89226,13.02111,13.13300,13.23664,13.33588,13.43194,13.50884,13.61199,13.70608,13.81610,13.93192,14.08276,14.28506,14.50251,14.81069,15.44603,16.14742
2024-01-31,2024-01-30,rw,1,14.35000,13.31000,True,11.61084,11.95992,12.26455,12.46008,12.61745,12.74348,12.85348,12.95470,13.05144,13.14505,13.22039,13.32164,13.41358,13.52139,13.63484,13.78188,13.98029,14.19319,14.49484,15.11653,15.80289
2024-02-01,2024-01-31,rw,1,13.88000,14.35000,True,12.51808,12.89471,13.22296,13.43396,13.60338,13.73925,13.85807,13.96697,14.07129,14.17258,14.25382,14.36268,14.46205,14.57811,14.70022,14.86065,15.07336,15.30265,15.62725,16.29752,17.03746
2024-02-02,2024-02-01,rw,1,13.85000,13.88000,True,12.10809,12.47265,12.78996,12.99424,13.15789,13.28929,13.40443,13.50920,13.61011,13.70797,13.78655,13.89216,13.98814,14.10053,14.21875,14.37331,14.57950,14.80137,15.11525,15.76358,16.47923
2024-02-05,2024-02-02,rw,1,13.67000,13.85000,True,12.08193,12.44596,12.76241,12.96643,13.12950,13.26060,13.37571,13.48029,13.58097,13.67867,13.75717,13.86179,13.95767,14.06995,14.18802,14.34164,14.54782,14.76931,15.08241,15.72935,16.44340
2024-02-06,2024-02-05,rw,1,13.06000,13.67000,True,11.92492,12.28448,12.59664,12.79819,12.95891,13.08830,13.20200,13.30513,13.40452,13.50055,13.57797,13.68123,13.77604,13.88695,14.00326,14.15464,14.35858,14.57728,14.88623,15.52477,16.22949
2024-02-07,2024-02-06,rw,1,12.83000,13.06000,True,11.39279,11.73656,12.03462,12.22735,12.38069,12.50415,12.61245,12.71115,12.80630,12.89800,12.97196,13.07053,13.16108,13.26714,13.37785,13.52274,13.71770,13.92672,14.22180,14.83185,15.50508
2024-02-08,2024-02-07,rw,1,12.79000,12.83000,True,11.19216,11.53012,11.82276,12.01227,12.16268,12.28397,12.39056,12.48752,12.58081,12.67050,12.74340,12.84030,12.92884,13.03335,13.14173,13.28431,13.47548,13.68139,13.97118,14.57050,15.23183
2024-02-09,2024-02-08,rw,1,12.93000,12.79000,True,11.15728,11.49442,11.78599,11.97503,12.12479,12.24571,12.35211,12.44862,12.54163,12.63133,12.70378,12.80016,12.88808,12.99255,13.10039,13.24262,13.43283,13.63868,13.92747,14.52493,15.18414
2024-02-12,2024-02-09,rw,1,13.93000,12.93000,True,11.27942,11.62050,11.91509,12.10621,12.25754,12.37979,12.48738,12.58491,12.67896,12.76968,12.84295,12.94039,13.02985,13.13459,13.24375,13.38730,13.57923,13.78796,14.07977,14.68377,15.35016
2024-02-13,2024-02-12,rw,1,15.85000,13.93000,True,12.15177,12.51949,12.83669,13.04261,13.20557,13.33749,13.45323,13.55832,13.65959,13.75741,13.83663,13.94126,14.03805,14.15076,14.26864,14.42356,14.63168,14.85467,15.16852,15.81925,16.53712
2024-02-14,2024-02-13,rw,1,14.38000,15.85000,True,13.82668,14.24539,14.60610,14.84043,15.02576,15.17611,15.30760,15.42731,15.54238,15.65409,15.74424,15.86334,15.97335,16.10151,16.23683,16.41333,16.64916,16.90486,17.26095,18.00294,18.81622
2024-02-15,2024-02-14,rw,1,14.01000,14.38000,True,12.54434,12.92449,13.25060,13.46300,13.63206,13.76805,13.88772,13.99622,14.10083,14.20178,14.28362,14.39167,14.49166,14.60804,14.73037,14.89045,15.10487,15.33633,15.65992,16.33311,17.07090
2024-02-16,2024-02-15,rw,1,14.24000,14.01000,True,12.22158,12.59222,12.90975,13.11688,13.28134,13.41383,13.53047,13.63622,13.73794,13.83625,13.91568,14.02128,14.11855,14.23200,14.35078,14.50670,14.71605,14.94106,15.25682,15.91271,16.63145
2024-02-20,2024-02-16,rw,1,15.42000,14.24000,True,12.42223,12.79922,13.12179,13.33250,13.49941,13.63430,13.75267,13.86027,13.96352,14.06349,14.14456,14.25165,14.35070,14.46594,14.58579,14.74455,14.95747,15.18566,15.50711,16.17380,16.90428
2024-02-21,2024-02-20,rw,1,15.34000,15.42000,True,13.45161,13.86013,14.20923,14.43748,14.61808,14.76440,14.89232,15.00901,15.12067,15.22920,15.31711,15.43318,15.54027,15.66493,15.79592,15.96805,16.19758,16.44821,16.79193,17.51388,18.30482
2024-02-22,2024-02-21,rw,1,14.54000,15.34000,True,13.38183,13.78853,14.13561,14.36271,14.54228,14.68808,14.81507,14.93144,15.04228,15.15064,15.23777,15.35266,15.45938,15.58352,15.71334,15.88453,16.11345,16.36214,16.70462,17.42286,18.20962
2024-02-23,2024-02-22,rw,1,13.75000,14.54000,True,12.68396,13.06972,13.39852,13.61379,13.78374,13.92128,14.04238,14.15230,14.25772,14.36000,14.44298,14.55173,14.65291,14.77068,14.89327,15.05549,15.27293,15.50814,15.83328,16.51408,17.25974
2024-02-26,2024-02-23,rw,1,13.74000,13.75000,True,11.99482,12.35988,12.67063,12.87423,13.03465,13.16478,13.27924,13.38304,13.48299,13.57953,13.65784,13.76104,13.85654,13.96801,14.08369,14.23719,14.44294,14.66488,14.97285,15.61668,16.32176
2024-02-27,2024-02-26,rw,1,13.43000,13.74000,True,11.98610,12.35116,12.66151,12.86498,13.02522,13.15525,13.26966,13.37347,13.47323,13.56981,13.64832,13.75094,13.84610,13.95767,14.07341,14.22654,14.43227,14.65355,14.96179,15.60518,16.30969
2024-02-28,2024-02-27,rw,1,13.84000,13.43000,True,11.71568,12.07276,12.37593,12.57483,12.73140,12.85847,12.97034,13.07192,13.16918,13.26347,13.33998,13.44047,13.53322,13.64258,13.75584,13.90527,14.10649,14.32230,14.62407,15.25296,15.94151
2024-02-29,2024-02-28,rw,1,13.40000,13.84000,True,12.07335,12.44159,12.75384,12.95884,13.12012,13.25106,13.36639,13.47118,13.57126,13.66848,13.74765,13.85107,13.94712,14.05941,14.17589,14.32949,14.53698,14.75887,15.07035,15.71847,16.42797
2024-03-01,2024-02-29,rw,1,13.11000,13.40000,True,11.68961,12.04636,12.34860,12.54686,12.70304,12.83003,12.94145,13.04257,13.13974,13.23382,13.31019,13.41050,13.50323,13.61226,13.72517,13.87388,14.07416,14.28959,14.59118,15.21859,15.90543
2024-03-04,2024-03-01,rw,1,13.49000,13.11000,True,11.43671,11.78596,12.08158,12.27534,12.42815,12.55261,12.66138,12.76048,12.85508,12.94723,13.02174,13.12005,13.21053,13.31749,13.42809,13.57358,13.76892,13.98026,14.27535,14.88908,15.56095
2024-03-05,2024-03-04,rw,1,14.46000,13.49000,True,11.76830,12.12790,12.43199,12.63115,12.78842,12.91670,13.02838,13.13055,13.22797,13.32269,13.39958,13.50062,13.59417,13.70384,13.81758,13.96697,14.16735,14.38541,14.68907,15.32050,16.01173
2024-03-06,2024-03-05,rw,1,14.50000,14.46000,True,12.61460,13.00029,13.32616,13.53941,13.70801,13.84575,13.96520,14.07502,14.17917,14.28076,14.36351,14.47159,14.57216,14.68949,14.81251,14.97141,15.18838,15.42189,15.74523,16.42195,17.16277
2024-03-07,2024-03-06,rw,1,14.44000,14.50000,True,12.64959,13.03659,13.36327,13.57688,13.74596,13.88406,14.00385,14.11427,14.21845,14.32054,14.40337,14.51169,14.61223,14.72998,14.85290,15.01278,15.23021,15.46385,15.78873,16.46722,17.20996
2024-03-08,2024-03-07,rw,1,14.74000,14.44000,True,12.59734,12.98298,13.30822,13.52071,13.68948,13.82662,13.94593,14.05610,14.15967,14.26171,14.34389,14.45159,14.55125,14.66887,14.79084,14.95061,15.16648,15.39917,15.72334,16.39891,17.13846
2024-03-11,2024-03-08,rw,1,15.22000,14.74000,True,12.85916,13.25305,13.58495,13.80175,13.97429,14.11388,14.23572,14.34817,14.45390,14.55829,14.64377,14.75190,14.85421,14.97391,15.09772,15.26116,15.48084,15.71860,16.04994,16.73944,17.49424
2024-03-12,2024-03-11,rw,1,13.84000,15.22000,True,13.27801,13.68498,14.02760,14.25160,14.42977,14.57351,14.69945,14.81546,14.92468,15.03240,15.12257,15.23271,15.33832,15.46179,15.59063,15.75808,15.98421,16.23038,16.57254,17.28438,18.06363
2024-03-13,2024-03-12,rw,1,13.75000,13.84000,True,12.07419,12.44448,12.75375,12.95886,13.12025,13.25209,13.36645,13.47206,13.57134,13.66939,13.74965,13.85118,13.94735,14.05975,14.17646,14.32909,14.53424,14.75869,15.06984,15.71704,16.42552
2024-03-14,2024-03-13,rw,1,14.40000,13.75000,True,11.99576,12.36388,12.67091,12.87460,13.03496,13.16593,13.27955,13.38449,13.48314,13.58051,13.66059,13.76106,13.85642,13.96818,14.08370,14.23570,14.43904,14.66264,14.97179,15.61468,16.31844
2024-03-15,2024-03-14,rw,1,14.41000,14.40000,True,12.56293,12.94868,13.27014,13.48323,13.65156,13.78833,13.90745,14.01726,14.12066,14.22252,14.30709,14.41169,14.51182,14.62875,14.75086,14.90914,15.12145,15.35571,15.67927,16.35266,17.08957
2024-03-18,2024-03-15,rw,1,14.33000,14.41000,True,12.57175,12.95801,13.27960,13.49261,13.66143,13.79791,13.91725,14.02708,14.13060,14.23246,14.31776,14.42160,14.52165,14.63878,14.76051,14.91944,15.13178,15.36629,15.68989,16.36385,17.10116
2024-03-19,2024-03-18,rw,1,13.82000,14.33000,True,12.50205,12.88640,13.20611,13.41771,13.58598,13.72168,13.84013,13.94933,14.05227,14.15352,14.23830,14.34148,14.44066,14.55737,14.67798,14.83640,15.04761,15.28090,15.60251,16.27284,17.00594
2024-03-20,2024-03-19,rw,1,13.04000,13.82000,True,12.05720,12.42810,12.73635,12.94043,13.10283,13.23369,13.34724,13.45268,13.55198,13.64972,13.73154,13.83090,13.92622,14.03914,14.15538,14.30817,14.51191,14.73703,15.04696,15.69354,16.40043
2024-03-21,2024-03-20,rw,1,12.92000,13.04000,True,11.37678,11.72696,12.01773,12.21043,12.36189,12.48610,12.59381,12.69334,12.78692,12.87927,12.95587,13.05007,13.13976,13.24661,13.35641,13.50043,13.69271,13.90526,14.19746,14.80764,15.47454
2024-03-22,2024-03-21,rw,1,13.06000,12.92000,True,11.27217,11.61935,11.90735,12.09841,12.24848,12.37120,12.47794,12.57657,12.66937,12.76079,12.83598,12.92981,13.01816,13.12453,13.23346,13.37600,13.56635,13.77729,14.06657,14.67123,15.33188
2024-03-25,2024-03-22,rw,1,13.19000,13.06000,True,11.39440,11.74555,12.03660,12.22985,12.38156,12.50559,12.61320,12.71289,12.80678,12.89913,12.97574,13.07013,13.16015,13.26657,13.37683,13.52089,13.71299,13.92657,14.21874,14.83006,15.49776
2024-03-26,2024-03-25,rw,1,13.24000,13.19000,True,11.50791,11.86278,12.15664,12.35195,12.50517,12.63042,12.73888,12.83953,12.93436,13.02759,13.10557,13.20050,13.29185,13.39850,13.50998,13.65543,13.84913,14.06519,14.36002,14.97752,15.65176
2024-03-27,2024-03-26,rw,1,12.78000,13.24000,True,11.55162,11.90805,12.20294,12.39912,12.55293,12.67864,12.78730,12.88832,12.98348,13.07701,13.15528,13.25064,13.34176,13.44917,13.56119,13.70714,13.90126,14.11849,14.41421,15.03415,15.71084
2024-03-28,2024-03-27,rw,1,13.01000,12.78000,True,11.15037,11.49462,11.77919,11.96868,12.11715,12.23847,12.34274,12.44033,12.53227,12.62263,12.69819,12.79022,12.87777,12.98179,13.09003,13.23087,13.41794,13.62796,13.91317,14.51167,15.16474
2024-04-01,2024-03-28,rw,1,13.65000,13.01000,True,11.35112,11.70165,11.99132,12.18413,12.33525,12.45934,12.56500,12.66433,12.75789,12.84983,12.92675,13.02047,13.11023,13.21564,13.32551,13.46846,13.65936,13.87289,14.16306,14.77275,15.43740
2024-04-02,2024-04-01,rw,1,14.61000,13.65000,True,11.90961,12.27746,12.58135,12.78355,12.94208,13.07290,13.18324,13.28745,13.38557,13.48199,13.56269,13.66113,13.75577,13.86603,13.98114,14.13166,14.33123,14.55499,14.85926,15.49938,16.19655
2024-04-03,2024-04-02,rw,1,14.33000,14.61000,True,12.74731,13.14110,13.46634,13.68266,13.85232,13.99301,14.11056,14.22207,14.32719,14.43031,14.51682,14.62244,14.72357,14.84159,14.96445,15.12586,15.34009,15.57942,15.90374,16.58935,17.33536
2024-04-04,2024-04-03,rw,1,16.35000,14.33000,True,12.50310,12.88943,13.20841,13.42049,13.58687,13.72551,13.84026,13.94959,14.05293,14.15361,14.23834,14.34178,14.44115,14.55696,14.67764,14.83576,15.04570,15.28083,15.59840,16.27133,17.00284
2024-04-05,2024-04-04,rw,1,16.03000,16.35000,True,14.26569,14.70656,15.07048,15.31234,15.50215,15.66063,15.79137,15.91607,16.03425,16.14887,16.24572,16.36403,16.47724,16.60932,16.74672,16.92779,17.16839,17.43506,17.80127,18.56821,19.39930
2024-04-08,2024-04-05,rw,1,15.19000,16.03000,True,13.98659,14.41892,14.77570,15.01271,15.19878,15.35446,15.48245,15.60469,15.71988,15.83268,15.92746,16.04328,16.15448,16.28407,16.41891,16.59624,16.83193,17.09374,17.45256,18.20461,19.01930
2024-04-09,2024-04-08,rw,1,14.98000,15.19000,True,13.25377,13.66353,14.00158,14.22609,14.40221,14.54851,14.67082,14.78678,14.89574,15.00297,15.09280,15.20226,15.30770,15.43055,15.55850,15.72634,15.94949,16.19794,16.53772,17.25048,18.02236
2024-04-10,2024-04-09,rw,1,15.80000,14.98000,True,13.07063,13.47482,13.80817,14.02954,14.20313,14.34809,14.46813,14.58245,14.69003,14.79547,14.88411,14.99203,15.09568,15.21703,15.34340,15.50870,15.72858,15.97399,16.30881,17.01182,17.77291
2024-04-11,2024-04-10,rw,1,14.91000,15.80000,True,13.78622,14.21262,14.56419,14.79764,14.98064,15.13382,15.26026,15.38082,15.49451,15.60545,15.69890,15.81277,15.92256,16.05040,16.18335,16.35835,16.59104,16.84839,17.20125,17.94286,18.74548
2024-04-12,2024-04-11,rw,1,17.31000,14.91000,True,13.00975,13.41221,13.74396,13.96423,14.13667,14.27963,14.40035,14.51422,14.62121,14.72632,14.81456,14.92199,15.02540,15.14609,15.27171,15.43668,15.65631,15.89933,16.23203,16.93199,17.68927
2024-04-15,2024-04-12,rw,1,19.23000,17.31000,True,15.10400,15.57133,15.95652,16.21214,16.41223,16.57898,16.71847,16.85063,16.97512,17.09684,17.19923,17.32405,17.44442,17.58450,17.73005,17.92203,18.17724,18.45884,18.84779,19.66107,20.53630
2024-04-16,2024-04-15,rw,1,18.40000,19.23000,True,16.77944,17.29872,17.72668,18.01052,18.23269,18.41881,18.57303,18.71986,18.85841,18.99325,19.10699,19.24631,19.37982,19.53530,19.69775,19.91012,20.19651,20.50796,20.93936,21.84165,22.81378
2024-04-17,2024-04-16,rw,1,18.21000,18.40000,True,16.05533,16.55230,16.96184,17.23331,17.44577,17.62121,17.77099,17.91160,18.04382,18.17340,18.28226,18.41506,18.54304,18.69194,18.84681,19.05070,19.32389,19.62192,20.03550,20.89873,21.82873
2024-04-18,2024-04-17,rw,1,18.00000,18.21000,True,15.88966,16.38160,16.78696,17.05547,17.26566,17.44011,17.58766,17.72676,17.85791,17.98580,18.09343,18.22467,18.35125,18.49875,18.65191,18.85391,19.12344,19.41894,19.82854,20.68274,21.60297
2024-04-19,2024-04-18,rw,1,18.71000,18.00000,True,15.70654,16.19290,16.59363,16.85888,17.06659,17.23984,17.38499,17.52252,17.65238,17.77843,17.88386,18.01444,18.13932,18.28519,18.43676,18.63643,18.90202,19.19490,19.59980,20.44403,21.35349
2024-04-22,2024-04-19,rw,1,16.94000,18.71000,True,16.32620,16.83185,17.24844,17.52397,17.73981,17.92074,18.07090,18.21390,18.34881,18.47981,18.59023,18.72509,18.85529,19.00683,19.16459,19.37173,19.64738,19.95193,20.37283,21.25024,22.19540
2024-04-23,2024-04-22,rw,1,15.69000,16.94000,True,14.78183,15.23974,15.61467,15.86551,16.06146,16.22301,16.36101,16.49048,16.61266,16.73147,16.83070,16.95360,17.07126,17.20859,17.35111,17.53907,17.78851,18.06435,18.44545,19.23975,20.09534
2024-04-24,2024-04-23,rw,1,15.97000,15.69000,True,13.69118,14.11539,14.46263,14.69421,14.87536,15.02436,15.15338,15.27346,15.38628,15.49681,15.58797,15.70249,15.81116,15.93856,16.07072,16.24481,16.47572,16.73129,17.08430,17.81989,18.61220
2024-04-25,2024-04-24,rw,1,15.37000,15.97000,True,13.93562,14.36748,14.72090,14.95649,15.14126,15.29289,15.42396,15.54613,15.66122,15.77340,15.86696,15.98284,16.09388,16.22334,16.35747,16.53465,16.76955,17.02979,17.38912,18.13773,18.94404
2024-04-26,2024-04-25,rw,1,15.03000,15.37000,True,13.41215,13.82788,14.16799,14.39463,14.57282,14.71873,14.84412,14.96187,15.07230,15.18074,15.27005,15.38230,15.48896,15.61367,15.74287,15.91338,16.13934,16.38989,16.73574,17.45613,18.23200
2024-04-29,2024-04-26,rw,1,14.67000,15.03000,True,13.11555,13.52203,13.85480,14.07633,14.25048,14.39385,14.51590,14.63100,14.73875,14.84483,14.93111,15.04177,15.14579,15.26808,15.39462,15.56114,15.78190,16.02731,16.36524,17.06981,17.82842
2024-04-30,2024-04-29,rw,1,15.65000,14.67000,True,12.80149,13.19819,13.52316,13.73929,13.90918,14.04978,14.16836,14.28065,14.38556,14.48919,14.57236,14.68124,14.78249,14.90218,15.02588,15.18820,15.40349,15.64341,15.97298,16.66078,17.40113
2024-05-01,2024-04-30,rw,1,15.39000,15.65000,True,13.65676,14.07991,14.42678,14.65725,14.83839,14.98909,15.11500,15.23475,15.34668,15.45718,15.54703,15.66232,15.77085,15.89808,16.02968,16.20334,16.43371,16.68878,17.03973,17.77359,18.56330
2024-05-02,2024-05-01,rw,1,14.68000,15.39000,True,13.42997,13.84603,14.18733,14.41387,14.59190,14.74079,14.86403,14.98183,15.09182,15.20031,15.28757,15.40185,15.50829,15.63375,15.76335,15.93409,16.16052,16.41144,16.75635,17.47814,18.25463
2024-05-03,2024-05-02,rw,1,13.49000,14.68000,True,12.81048,13.20730,13.53303,13.74902,13.91875,14.05866,14.17797,14.29040,14.39544,14.49904,14.58217,14.69114,14.79231,14.91231,15.03612,15.19877,15.41480,15.65424,15.98303,16.67164,17.41221
2024-05-06,2024-05-03,rw,1,13.49000,13.49000,True,11.77210,12.13672,12.43444,12.63390,12.79035,12.91769,13.02843,13.13182,13.22831,13.32344,13.39999,13.50014,13.59249,13.70331,13.81725,13.96652,14.16486,14.38519,14.68715,15.32003,16.00049
2024-05-07,2024-05-06,rw,1,13.23000,13.49000,True,11.77218,12.13675,12.43459,12.63397,12.79038,12.91804,13.02849,13.13190,13.22844,13.32370,13.40010,13.50007,13.59178,13.70319,13.81722,13.96632,14.16449,14.38513,14.68689,15.31988,16.00025
2024-05-08,2024-05-07,rw,1,13.00000,13.23000,True,11.54537,11.90287,12.19507,12.39058,12.54389,12.66941,12.77751,12.87889,12.97359,13.06656,13.14172,13.23987,13.32946,13.43896,13.55081,13.69694,13.89113,14.10787,14.40357,15.02446,15.69163
2024-05-09,2024-05-08,rw,1,12.69000,13.00000,True,11.34473,11.69598,11.98320,12.17528,12.32584,12.44977,12.55551,12.65511,12.74813,12.83894,12.91287,13.00968,13.09770,13.20522,13.31513,13.45877,13.64928,13.86260,14.15292,14.76312,15.41860
2024-05-10,2024-05-09,rw,1,12.55000,12.69000,True,11.07428,11.41711,11.69758,11.88505,12.03195,12.15349,12.25623,12.35348,12.44401,12.53264,12.60456,12.69941,12.78534,12.89023,12.99752,13.13779,13.32344,13.53202,13.81519,14.41093,15.05070
2024-05-13,2024-05-10,rw,1,13.60000,12.55000,True,10.95217,11.29118,11.56871,11.75403,11.89923,12.02000,12.12113,12.21734,12.30681,12.39446,12.46540,12.55927,12.64419,12.74793,12.85410,12.99280,13.17640,13.38272,13.66229,14.25180,14.88444
2024-05-14,2024-05-13,rw,1,13.42000,13.60000,True,11.86857,12.23590,12.53681,12.73755,12.89481,13.02630,13.13537,13.23962,13.33654,13.43181,13.50844,13.61010,13.70219,13.81468,13.92971,14.08000,14.27999,14.50254,14.80483,15.44402,16.12951
2024-05-15,2024-05-14,rw,1,12.45000,13.42000,True,11.71156,12.07399,12.37108,12.56908,12.72417,12.85417,12.96164,13.06446,13.16022,13.25366,13.32953,13.42992,13.52078,13.63174,13.74525,13.89360,14.09062,14.31052,14.60837,15.23946,15.91579
2024-05-16,2024-05-15,rw,1,12.42000,12.45000,True,10.86512,11.20131,11.47708,11.66000,11.80437,11.92364,12.02451,12.12001,12.20878,12.29558,12.36597,12.45918,12.54340,12.64634,12.75169,12.88932,13.07181,13.27612,13.55199,14.13781,14.76517
2024-05-17,2024-05-16,rw,1,11.99000,12.42000,True,10.83901,11.17435,11.44961,11.63200,11.77595,11.89549,11.99565,12.09090,12.17944,12.26603,12.33627,12.42914,12.51308,12.61582,12.72093,12.85821,13.03997,13.24412,13.51886,14.10360,14.72937
2024-05-20,2024-05-17,rw,1,12.15000,11.99000,True,10.46382,10.78751,11.05338,11.22939,11.36827,11.48422,11.58008,11.67208,11.75766,11.84126,11.90907,11.99878,12.07978,12.17900,12.28049,12.41299,12.58845,12.78558,13.05035,13.61517,14.21920
2024-05-21,2024-05-20,rw,1,11.86000,12.15000,True,10.60353,10.93150,11.20106,11.37934,11.52000,11.63772,11.73473,11.82798,11.91463,11.99936,12.06809,12.15894,12.24110,12.34149,12.44431,12.57815,12.75637,12.95619,13.22404,13.79672,14.40873
2024-05-22,2024-05-21,rw,1,12.29000,11.86000,True,10.35051,10.67061,10.93389,11.10783,11.24506,11.36019,11.45474,11.54575,11.63014,11.71286,11.77995,11.86870,11.94884,12.04679,12.14720,12.27746,12.45184,12.64694,12.90794,13.46728,14.06461
2024-05-23,2024-05-22,rw,1,12.77000,12.29000,True,10.72585,11.05752,11.33049,11.51066,11.65279,11.77232,11.87016,11.96442,12.05188,12.13761,12.20715,12.29905,12.38220,12.48373,12.58777,12.72362,12.90324,13.10546,13.37546,13.95541,14.57432
2024-05-24,2024-05-23,rw,1,11.93000,12.77000,True,11.14483,11.48942,11.77320,11.96033,12.10793,12.23237,12.33388,12.43178,12.52266,12.61174,12.68402,12.77943,12.86594,12.97136,13.07946,13.22071,13.40713,13.61730,13.89737,14.50031,15.14331
2024-05-28,2024-05-24,rw,1,12.92000,11.93000,True,10.41181,10.73369,10.99879,11.17303,11.31138,11.42699,11.52232,11.61390,11.69882,11.78205,11.84958,11.93879,12.01954,12.11808,12.21908,12.35101,12.52511,12.72126,12.98305,13.54642,14.14699
2024-05-29,2024-05-28,rw,1,14.28000,12.92000,True,11.27589,11.62446,11.91154,12.10032,12.25007,12.37552,12.47860,12.57774,12.66972,12.75987,12.83302,12.92955,13.01708,13.12381,13.23323,13.37638,13.56480,13.77730,14.06027,14.67047,15.32073
2024-05-30,2024-05-29,rw,1,14.47000,14.28000,True,12.46291,12.84814,13.16541,13.37415,13.53958,13.67850,13.79226,13.90179,14.00358,14.10336,14.18429,14.29061,14.38735,14.50546,14.62642,14.78490,14.99360,15.22785,15.54452,16.21464,16.93318
2024-05-31,2024-05-30,rw,1,12.92000,14.47000,True,12.62882,13.01914,13.34061,13.55222,13.71976,13.86079,13.97587,14.08684,14.19023,14.29143,14.37345,14.48079,14.57956,14.69835,14.82095,14.98157,15.19269,15.43038,15.75079,16.43029,17.15823
2024-06-03,2024-05-31,rw,1,13.11000,12.92000,True,11.27612,11.62386,11.91054,12.10003,12.25002,12.37525,12.47856,12.57775,12.66976,12.76010,12.83340,12.92961,13.01714,13.12379,13.23326,13.37658,13.56492,13.77743,14.06310,14.67023,15.32004
2024-06-04,2024-06-03,rw,1,13.16000,13.11000,True,11.44202,11.79484,12.08589,12.27801,12.43019,12.55751,12.66219,12.76279,12.85637,12.94813,13.02252,13.11978,13.20961,13.31671,13.42777,13.57309,13.76435,13.97997,14.26940,14.88588,15.54510
2024-06-05,2024-06-04,rw,1,12.63000,13.16000,True,11.48574,11.83986,12.13218,12.32491,12.47763,12.60568,12.71058,12.81154,12.90570,12.99777,13.07230,13.16982,13.25929,13.36746,13.47890,13.62467,13.81678,14.03324,14.32332,14.94257,15.60415
2024-06-06,2024-06-05,rw,1,12.58000,12.63000,True,11.02324,11.36306,11.64376,11.82865,11.97513,12.09826,12.19843,12.29544,12.38552,12.47397,12.54573,12.63942,12.72495,12.82907,12.93603,13.07576,13.26027,13.46806,13.74598,14.34070,14.97549
2024-06-07,2024-06-06,rw,1,12.22000,12.58000,True,10.97967,11.31811,11.59785,11.78192,11.92775,12.05041,12.15025,12.24684,12.33677,12.42492,12.49617,12.58937,12.67454,12.77820,12.88479,13.02395,13.20771,13.41473,13.69108,14.28385,14.91598
2024-06-10,2024-06-07,rw,1,12.74000,12.22000,True,10.66554,10.99425,11.26613,11.44486,11.58644,11.70561,11.80266,11.89625,11.98331,12.06896,12.13846,12.22907,12.31181,12.41237,12.51604,12.65120,12.82969,13.03084,13.29881,13.87501,14.48892
2024-06-11,2024-06-10,rw,1,12.85000,12.74000,True,11.11947,11.46212,11.74557,11.93198,12.08013,12.20376,12.30497,12.40254,12.49353,12.58290,12.65510,12.74949,12.83576,12.94080,13.04871,13.18984,13.37551,13.58533,13.86455,14.46536,15.10524
2024-06-12,2024-06-11,rw,1,12.04000,12.85000,True,11.21555,11.56112,11.84700,12.03511,12.18508,12.30918,12.41128,12.50970,12.60169,12.69160,12.76448,12.85959,12.94695,13.05243,13.16134,13.30353,13.49088,13.70262,13.98409,14.59017,15.23543
2024-06-13,2024-06-12,rw,1,11.94000,12.04000,True,10.50865,10.83240,11.10025,11.27658,11.41572,11.53314,11.62877,11.72102,11.80694,11.89146,11.95976,12.04897,12.13051,12.22951,12.33169,12.46489,12.64036,12.83887,13.10245,13.67040,14.27485
2024-06-14,2024-06-13,rw,1,12.66000,11.94000,True,10.42144,10.74246,11.00808,11.18299,11.32093,11.43739,11.53227,11.62374,11.70914,11.79282,11.86033,11.94887,12.02973,12.12778,12.22920,12.36132,12.53526,12.73202,12.99347,13.55679,14.15608
2024-06-17,2024-06-14,rw,1,12.75000,12.66000,True,11.04994,11.39028,11.67190,11.85741,12.00363,12.12713,12.22775,12.32474,12.41551,12.50396,12.57563,12.66944,12.75519,12.85941,12.96675,13.10701,13.29165,13.49946,13.77683,14.37420,15.00949
2024-06-18,2024-06-17,rw,1,12.30000,12.75000,True,11.12857,11.47129,11.75490,11.94177,12.08961,12.21338,12.31475,12.41242,12.50386,12.59289,12.66514,12.75952,12.84584,12.95066,13.05890,13.20000,13.38601,13.59511,13.87460,14.47631,15.11596
2024-06-20,2024-06-18,rw,1,13.28000,12.30000,True,10.73587,11.06645,11.34004,11.52036,11.66354,11.78275,11.87995,11.97422,12.06232,12.14839,12.21803,12.30917,12.39243,12.49342,12.59795,12.73407,12.91344,13.11497,13.38475,13.96530,14.58224
2024-06-21,2024-06-20,rw,1,13.20000,13.28000,True,11.59132,11.94820,12.24358,12.43832,12.59350,12.72201,12.82656,12.92833,13.02358,13.11634,13.19161,13.28992,13.37983,13.48915,13.60178,13.74910,13.94271,14.16116,14.45100,15.07790,15.74384
2024-06-24,2024-06-21,rw,1,13.33000,13.20000,True,11.52157,11.87626,12.16985,12.36345,12.51830,12.64583,12.74936,12.85052,12.94522,13.03739,13.11315,13.20985,13.29920,13.40772,13.51981,13.66608,13.85865,14.07584,14.36377,14.98698,15.64876
2024-06-25,2024-06-24,rw,1,12.84000,13.33000,True,11.63512,11.99326,12.28973,12.48529,12.64226,12.77084,12.87499,12.97715,13.07281,13.16586,13.24332,13.33996,13.43023,13.53959,13.65293,13.80047,13.99507,14.21445,14.50506,15.13450,15.80264
2024-06-26,2024-06-25,rw,1,12.55000,12.84000,True,11.20752,11.55244,11.83825,12.02653,12.17754,12.30146,12.40156,12.49999,12.59213,12.68181,12.75552,12.84958,12.93651,13.04178,13.15096,13.29313,13.48050,13.69162,13.97165,14.57797,15.22142
2024-06-27,2024-06-26,rw,1,12.24000,12.55000,True,10.95448,11.29157,11.57115,11.75510,11.90251,12.02369,12.12153,12.21774,12.30749,12.39532,12.46647,12.55935,12.64430,12.74712,12.85384,12.99285,13.17591,13.38206,13.65587,14.24852,14.87731
2024-06-28,2024-06-27,rw,1,12.44000,12.24000,True,10.68398,11.01269,11.28560,11.46492,11.60850,11.72675,11.82218,11.91607,12.00307,12.08912,12.15843,12.24909,12.33191,12.43214,12.53624,12.67186,12.85033,13.05120,13.31834,13.89638,14.50951
2024-07-01,2024-06-28,rw,1,12.22000,12.44000,True,10.85865,11.19268,11.47027,11.65244,11.79818,11.91843,12.01573,12.11128,12.19948,12.28667,12.35720,12.44927,12.53349,12.63548,12.74097,12.87887,13.06018,13.26414,13.53575,14.12325,14.74627
2024-07-02,2024-07-01,rw,1,12.03000,12.22000,True,10.66671,10.99478,11.26769,11.44655,11.58954,11.70773,11.80376,11.89758,11.98401,12.06936,12.13856,12.22909,12.31181,12.41192,12.51555,12.65062,12.82910,13.02925,13.29616,13.87329,14.48517
2024-07-03,2024-07-02,rw,1,12.09000,12.03000,True,10.50095,10.82387,11.09276,11.26876,11.40945,11.52577,11.62075,11.71302,11.79776,11.88146,11.94973,12.03891,12.12029,12.21882,12.32085,12.45345,12.62954,12.82636,13.08922,13.65740,14.25964
2024-07-05,2024-07-03,rw,1,12.48000,12.09000,True,10.55341,10.87790,11.14835,11.32511,11.46647,11.58334,11.67912,11.77171,11.85669,11.94096,12.00943,12.09900,12.18065,12.27959,12.38207,12.51508,12.69244,12.89011,13.15429,13.72533,14.33045
2024-07-08,2024-07-05,rw,1,12.37000,12.48000,True,10.89393,11.22884,11.50825,11.69049,11.83647,11.95707,12.05608,12.15172,12.23926,12.32617,12.39694,12.48931,12.57372,12.67599,12.78187,12.91829,13.10179,13.30586,13.57841,14.16789,14.79240
2024-07-09,2024-07-08,rw,1,12.51000,12.37000,True,10.79800,11.12991,11.40708,11.58750,11.73226,11.85174,11.95003,12.04480,12.13147,12.21755,12.28757,12.37921,12.46280,12.56413,12.66910,12.80441,12.98622,13.18852,13.45852,14.04283,14.66170
2024-07-10,2024-07-09,rw,1,12.85000,12.51000,True,10.92030,11.25592,11.53646,11.71870,11.86515,11.98593,12.08549,12.18119,12.26887,12.35589,12.42674,12.51933,12.60399,12.70615,12.81238,12.94931,13.13310,13.33773,13.61062,14.20157,14.82732
2024-07-11,2024-07-10,rw,1,12.92000,12.85000,True,11.21719,11.56188,11.85000,12.03725,12.18781,12.31175,12.41428,12.51232,12.60232,12.69176,12.76546,12.85961,12.94659,13.05179,13.16086,13.30124,13.49002,13.70017,13.98046,14.58734,15.22997
2024-07-12,2024-07-11,rw,1,12.46000,12.92000,True,11.27840,11.62491,11.91456,12.10288,12.25439,12.37888,12.48224,12.58084,12.67098,12.76094,12.83598,12.92977,13.01708,13.12274,13.23244,13.37368,13.56349,13.77474,14.05655,14.66661,15.31260
2024-07-15,2024-07-12,rw,1,13.12000,12.46000,True,10.87693,11.21106,11.49036,11.67203,11.81827,11.93826,12.03712,12.13251,12.21983,12.30655,12.37802,12.46934,12.55357,12.65535,12.76121,12.89742,13.08056,13.28425,13.55602,14.14423,14.76709
2024-07-16,2024-07-15,rw,1,13.19000,13.12000,True,11.45318,11.80495,12.09900,12.29031,12.44447,12.57076,12.67501,12.77524,12.86712,12.95847,13.03468,13.12994,13.21860,13.32601,13.43743,13.58073,13.77358,13.98787,14.27400,14.89324,15.54896
2024-07-17,2024-07-16,rw,1,14.48000,13.19000,True,11.51438,11.86798,12.16355,12.35588,12.51106,12.63795,12.74298,12.84383,12.93578,13.02764,13.10490,13.20018,13.28910,13.39695,13.50901,13.65318,13.84697,14.06247,14.35009,14.97250,15.63158
2024-07-18,2024-07-17,rw,1,15.93000,14.48000,True,12.64061,13.02873,13.35317,13.56430,13.73467,13.87411,13.98963,14.10061,14.20100,14.30185,14.38731,14.49148,14.58884,14.70747,14.83049,14.98853,15.20164,15.43812,15.75494,16.43661,17.16000
2024-07-19,2024-07-18,rw,1,16.52000,15.93000,True,13.90654,14.33346,14.69033,14.92261,15.11004,15.26360,15.39080,15.51331,15.62314,15.73419,15.82807,15.94279,16.05019,16.18050,16.31588,16.49136,16.72449,16.98548,17.33488,18.08229,18.87796
2024-07-22,2024-07-19,rw,1,14.91000,16.52000,True,14.42171,14.86438,15.23442,15.47530,15.66968,15.82909,15.96084,16.08802,16.20189,16.31715,16.41433,16.53334,16.64595,16.78018,16.92029,17.10293,17.34375,17.61415,17.97670,18.75175,19.57672
2024-07-23,2024-07-22,rw,1,14.72000,14.91000,True,13.01632,13.41579,13.74936,13.96704,14.14231,14.28597,14.40494,14.51943,14.62275,14.72669,14.81459,14.92198,15.02289,15.14463,15.27124,15.43607,15.65332,15.89714,16.22454,16.92402,17.66844
2024-07-24,2024-07-23,rw,1,18.04000,14.72000,True,12.85056,13.24488,13.57447,13.78913,13.96230,14.10406,14.22175,14.33505,14.43649,14.53883,14.62578,14.73178,14.83068,14.95145,15.07661,15.23931,15.45371,15.69418,16.01759,16.70813,17.44291
2024-07-25,2024-07-24,rw,1,18.46000,18.04000,True,15.74905,16.23231,16.63611,16.89917,17.11142,17.28533,17.42939,17.56828,17.69270,17.81817,17.92457,18.05452,18.17706,18.32408,18.47713,18.67664,18.93990,19.23651,19.63238,20.48182,21.39242
2024-07-26,2024-07-25,rw,1,16.39000,18.46000,True,16.11585,16.61037,17.02343,17.29261,17.50981,17.68795,17.83519,17.97734,18.10478,18.23320,18.34192,18.47504,18.60155,18.75098,18.90727,19.11139,19.38066,19.68389,20.08921,20.95838,21.89014
2024-07-29,2024-07-26,rw,1,16.60000,16.39000,True,14.30883,14.74657,15.11200,15.35325,15.54586,15.70402,15.83508,15.96139,16.07439,16.18841,16.28512,16.40320,16.51496,16.64828,16.78708,16.96828,17.20727,17.47623,17.83631,18.60798,19.43521
2024-07-30,2024-07-29,rw,1,17.69000,16.60000,True,14.49229,14.93557,15.30599,15.55004,15.74529,15.90540,16.03812,16.16594,16.28050,16.39601,16.49382,16.61364,16.72759,16.86138,17.00207,17.18563,17.42758,17.69973,18.06462,18.84614,19.68394
2024-07-31,2024-07-30,rw,1,16.36000,17.69000,True,15.44402,15.91634,16.31141,16.57118,16.77942,16.94997,17.09125,17.22748,17.34968,17.47291,17.57718,17.70518,17.82692,17.96884,18.11863,18.31429,18.57261,18.86149,19.25056,20.08335,20.97612
2024-08-01,2024-07-31,rw,1,18.59000,16.36000,True,14.28300,14.71975,15.08542,15.32477,15.51694,15.67512,15.80596,15.93218,16.04505,16.15892,16.25535,16.37355,16.48604,16.61778,16.75636,16.93729,17.17609,17.44300,17.80302,18.57316,19.39877
2024-08-02,2024-08-01,rw,1,23.39000,18.59000,True,16.23003,16.72623,17.14209,17.41387,17.63229,17.81195,17.96076,18.10391,18.23228,18.36178,18.47143,18.60608,18.73404,18.88306,19.04049,19.24639,19.51778,19.82330,20.23332,21.10809,22.04265
2024-08-05,2024-08-02,rw,1,38.57000,23.39000,True,20.42085,21.04508,21.56874,21.91030,22.18534,22.41128,22.59831,22.77846,22.94014,23.10333,23.24125,23.41061,23.57183,23.75891,23.95718,24.21692,24.55884,24.94203,25.46482,26.56252,27.75089
2024-08-06,2024-08-05,rw,1,27.71000,38.57000,True,33.67417,34.70337,35.56760,36.13015,36.58409,36.95650,37.26456,37.56184,37.82856,38.09803,38.32495,38.60430,38.87083,39.17888,39.50567,39.93399,40.50104,41.13026,41.99739,43.80944,45.78870
2024-08-07,2024-08-06,rw,1,27.85000,27.71000,True,24.18512,24.93050,25.54751,25.95544,26.28165,26.54997,26.77205,26.98545,27.17691,27.37026,27.53378,27.73445,27.92564,28.14723,28.38221,28.68984,29.09701,29.54922,30.17224,31.47390,32.89574
2024-08-08,2024-08-07,rw,1,23.79000,27.85000,True,24.30747,25.05653,25.67720,26.08700,26.41484,26.68438,26.90735,27.12186,27.31450,27.50912,27.67306,27.87485,28.06626,28.28923,28.52540,28.83469,29.24325,29.69836,30.32415,31.63263,33.06152
2024-08-09,2024-08-08,rw,1,20.37000,23.79000,True,20.75834,21.40075,21.93309,22.28228,22.56305,22.79361,22.98393,23.16790,23.33222,23.49821,23.63871,23.81103,23.97433,24.16509,24.36676,24.63106,24.97949,25.36878,25.90302,27.02095,28.24142
2024-08-12,2024-08-09,rw,1,20.71000,20.37000,True,17.76972,18.31794,18.77786,19.07840,19.31905,19.51657,19.67866,19.83616,19.97776,20.11971,20.24008,20.38787,20.52730,20.69111,20.86369,21.08985,21.38793,21.72170,22.17887,23.13626,24.18119
2024-08-13,2024-08-12,rw,1,18.12000,20.71000,True,18.06633,18.62416,19.09159,19.39697,19.64151,19.84242,20.00759,20.16815,20.31139,20.45589,20.57830,20.72834,20.87064,21.03660,21.21184,21.44155,21.74434,22.08421,22.54866,23.52221,24.58448
2024-08-14,2024-08-13,rw,1,16.19000,18.12000,True,15.80697,16.28736,16.70197,16.97036,17.18513,17.36064,17.50461,17.64445,17.77100,17.89731,18.00443,18.13592,18.26025,18.40568,18.55904,18.75980,19.02449,19.32234,19.72838,20.58033,21.50967
2024-08-15,2024-08-14,rw,1,15.23000,16.19000,True,14.12334,14.54774,14.92106,15.16236,15.35143,15.51121,15.63923,15.76449,15.87805,15.99082,16.08644,16.20395,16.31473,16.44521,16.58224,16.76141,16.99808,17.26427,17.62676,18.38810,19.21838
2024-08-16,2024-08-15,rw,1,14.80000,15.23000,True,13.28590,13.68513,14.03656,14.26335,14.44029,14.59122,14.71036,14.82953,14.93646,15.04252,15.13255,15.24267,15.34679,15.47004,15.59892,15.76747,15.99009,16.24055,16.58127,17.29761,18.07858
2024-08-19,2024-08-16,rw,1,14.65000,14.80000,True,12.91079,13.29876,13.64050,13.86069,14.03262,14.17933,14.29567,14.41022,14.51473,14.61777,14.70526,14.81195,14.91283,15.03309,15.15839,15.32224,15.53856,15.78201,16.11284,16.80907,17.56793
2024-08-20,2024-08-19,rw,1,15.88000,14.65000,True,12.77995,13.16399,13.50250,13.72026,13.89043,14.03570,14.15141,14.26450,14.36763,14.46965,14.55548,14.66178,14.76092,14.88054,15.00464,15.16689,15.38100,15.62205,15.94926,16.63856,17.38965
2024-08-21,2024-08-20,rw,1,16.27000,15.88000,True,13.85295,14.26924,14.63643,14.87226,15.05668,15.21420,15.34023,15.46249,15.57394,15.68455,15.77835,15.89284,16.00149,16.13028,16.26471,16.44047,16.67268,16.93373,17.28804,18.03535,18.84943
2024-08-22,2024-08-21,rw,1,17.55000,16.27000,True,14.19328,14.62000,14.99606,15.23765,15.42729,15.58795,15.71725,15.84233,15.95651,16.06993,16.16589,16.28375,16.39535,16.52650,16.66424,16.84417,17.08207,17.34959,17.71199,18.47810,19.31204
2024-08-23,2024-08-22,rw,1,15.86000,17.55000,True,15.31001,15.77053,16.17602,16.43657,16.64187,16.81441,16.95407,17.08877,17.21193,17.33438,17.43774,17.56538,17.68598,17.82684,17.97547,18.16993,18.42749,18.71499,19.10476,19.93161,20.83102
2024-08-26,2024-08-23,rw,1,16.15000,15.86000,True,13.83582,14.25220,14.61612,14.85332,15.03766,15.19496,15.32068,15.44303,15.55436,15.66493,15.75851,15.87351,15.98247,16.11007,16.24438,16.42000,16.65255,16.91272,17.26443,18.01209,18.82476
2024-08-27,2024-08-26,rw,1,15.43000,16.15000,True,14.08892,14.51312,14.88365,15.12497,15.31265,15.47288,15.60124,15.72549,15.83886,15.95154,16.04670,16.16418,16.27527,16.40486,16.54135,16.72000,16.95660,17.22188,17.57949,18.34126,19.16865
2024-08-28,2024-08-27,rw,1,17.11000,15.43000,True,13.46091,13.86640,14.22036,14.45073,14.63002,14.78283,14.90442,15.02408,15.13261,15.24019,15.33127,15.44324,15.54943,15.67338,15.80387,15.97453,16.20022,16.45401,16.79517,17.52339,18.31377
2024-08-29,2024-08-28,rw,1,15.65000,17.11000,True,14.92663,15.37649,15.76895,16.02417,16.22378,16.39246,16.52793,16.66018,16.78032,16.89971,17.00056,17.12505,17.24286,17.38012,17.52472,17.71439,17.96596,18.24652,18.62840,19.43112,20.30742
2024-08-30,2024-08-29,rw,1,15.00000,15.65000,True,13.65304,14.06472,14.42148,14.65650,14.83851,14.99297,15.11603,15.23799,15.34836,15.45744,15.54986,15.66354,15.77126,15.89695,16.02924,16.20258,16.43249,16.68901,17.03854,17.77288,18.57427
2024-09-03,2024-08-30,rw,1,20.72000,15.00000,True,13.08608,13.48085,13.82261,14.04782,14.22225,14.37079,14.48783,14.60432,14.71088,14.81535,14.90398,15.01253,15.11583,15.23658,15.36346,15.52941,15.74958,15.99578,16.33058,17.03454,17.80252
2024-09-04,2024-09-03,rw,1,21.32000,20.72000,True,18.07638,18.62196,19.09376,19.40480,19.64571,19.85095,20.01263,20.17411,20.32064,20.46501,20.58741,20.73806,20.88072,21.04709,21.22227,21.45222,21.75737,22.09996,22.56121,23.53465,24.60420
2024-09-05,2024-09-04,rw,1,19.90000,21.32000,True,18.59997,19.16162,19.64681,19.96679,20.21464,20.42590,20.59226,20.75878,20.90909,21.05786,21.18362,21.33882,21.48591,21.65690,21.83720,22.07310,22.38716,22.73890,23.21444,24.21594,25.31635
2024-09-06,2024-09-05,rw,1,22.38000,19.90000,True,17.36127,17.88577,18.33859,18.63543,18.86810,19.06455,19.22048,19.37518,19.51644,19.65507,19.77266,19.91743,20.05453,20.21429,20.38260,20.60265,20.89553,21.22344,21.66789,22.60285,23.62988
2024-09-09,2024-09-06,rw,1,19.45000,22.38000,True,19.52503,20.11519,20.62438,20.95844,21.21955,21.44121,21.61592,21.79045,21.94865,22.10477,22.23684,22.39978,22.55436,22.73383,22.92292,23.17121,23.50099,23.87341,24.36936,25.41945,26.57437
2024-09-10,2024-09-09,rw,1,19.08000,19.45000,True,16.96692,17.47701,17.92267,18.21176,18.44132,18.63208,18.78568,18.93638,19.07510,19.21060,19.32554,19.46706,19.60120,19.75733,19.92184,20.13734,20.42401,20.74764,21.17883,22.09132,23.09495
2024-09-11,2024-09-10,rw,1,17.69000,19.08000,True,16.64416,17.14456,17.58185,17.86566,18.09055,18.27831,18.42845,18.57692,18.71225,18.84509,18.95787,19.09631,19.22800,19.38131,19.54276,19.75398,20.03526,20.35226,20.77587,21.67088,22.65532
2024-09-12,2024-09-11,rw,1,17.07000,17.69000,True,15.43163,15.89557,16.30111,16.56374,16.77249,16.94541,17.08559,17.22225,17.34902,17.47212,17.57586,17.70460,17.82692,17.96922,18.11891,18.31462,18.57546,18.86873,19.26225,20.09194,21.00459
2024-09-13,2024-09-12,rw,1,16.56000,17.07000,True,14.89079,15.33848,15.72990,15.98323,16.18468,16.35157,16.48640,16.61804,16.74078,16.85965,16.95900,17.08377,17.20151,17.33931,17.48375,17.67247,17.92396,18.20660,18.58708,19.38758,20.26816
2024-09-16,2024-09-13,rw,1,17.14000,16.56000,True,14.44591,14.88022,15.26005,15.50571,15.70116,15.86361,15.99400,16.12138,16.24043,16.35588,16.45105,16.57330,16.68698,16.82113,16.96129,17.14441,17.38799,17.66184,18.03168,18.80816,19.66235
2024-09-17,2024-09-16,rw,1,17.61000,17.14000,True,14.95188,15.40140,15.79463,16.04880,16.25112,16.41982,16.55433,16.68611,16.80936,16.92877,17.02854,17.15384,17.27235,17.41052,17.55562,17.74481,17.99652,18.27961,18.66316,19.46672,20.35075
2024-09-18,2024-09-17,rw,1,18.23000,17.61000,True,15.36189,15.82375,16.22786,16.48889,16.69678,16.87069,17.00842,17.14376,17.27043,17.39307,17.49638,17.62476,17.74660,17.88821,18.03720,18.23133,18.48952,18.78002,19.17485,20.00034,20.90853
2024-09-19,2024-09-18,rw,1,16.33000,18.23000,True,15.90275,16.38087,16.79932,17.06943,17.28466,17.46530,17.60741,17.74744,17.87861,18.00552,18.11331,18.24595,18.37187,18.51831,18.67225,18.87314,19.13998,19.44033,19.84987,20.70431,21.64438
2024-09-20,2024-09-19,rw,1,16.15000,16.33000,True,14.24531,14.67335,15.04745,15.29032,15.48306,15.64328,15.77196,15.89757,16.01505,16.12882,16.22464,16.34380,16.45681,16.58811,16.72615,16.90581,17.14506,17.41410,17.78073,18.54624,19.38828
2024-09-23,2024-09-20,rw,1,15.89000,16.15000,True,14.08830,14.51162,14.88169,15.12179,15.31243,15.47142,15.59825,15.72243,15.83864,15.95112,16.04498,16.16316,16.27514,16.40512,16.54178,16.71918,16.95600,17.22206,17.58444,18.34163,19.17432
2024-09-24,2024-09-23,rw,1,15.39000,15.89000,True,13.86150,14.27801,14.64222,14.87836,15.06594,15.22290,15.34727,15.46947,15.58372,15.69422,15.78546,15.90280,16.01270,16.14088,16.27547,16.44973,16.68295,16.94471,17.30104,18.04616,18.86539
2024-09-25,2024-09-24,rw,1,15.41000,15.39000,True,13.42534,13.82874,14.18158,14.41020,14.59190,14.74443,14.86445,14.98248,15.09324,15.20031,15.28757,15.40234,15.50829,15.63287,15.76327,15.93184,16.15793,16.41144,16.75635,17.47814,18.27153
2024-09-26,2024-09-25,rw,1,15.37000,15.41000,True,13.44280,13.84673,14.20012,14.42894,14.61090,14.76367,14.88385,15.00203,15.11297,15.22012,15.30861,15.42243,15.52789,15.65307,15.78363,15.95220,16.17885,16.43268,16.77783,17.50068,18.29505
2024-09-27,2024-09-26,rw,1,16.96000,15.37000,True,13.40792,13.81080,14.16336,14.39150,14.57300,14.72543,14.84530,14.96332,15.07375,15.18069,15.27005,15.38233,15.48678,15.61234,15.74255,15.91046,16.13671,16.38994,16.73399,17.45507,18.24732
2024-09-30,2024-09-27,rw,1,16.73000,16.96000,True,14.79495,15.23951,15.62865,15.88044,16.08059,16.24883,16.38133,16.51194,16.63311,16.75117,16.85057,16.97369,17.09005,17.22762,17.37139,17.55742,17.80643,18.08598,18.46723,19.26057,20.13472
2024-10-01,2024-09-30,rw,1,19.26000,16.73000,True,14.59432,15.03286,15.41681,15.66553,15.86255,16.02856,16.15990,16.28869,16.40760,16.52392,16.62121,16.74344,16.85755,16.99387,17.13568,17.31902,17.56487,17.84062,18.21672,18.99919,19.86142
2024-10-02,2024-10-01,rw,1,18.90000,19.26000,True,16.80137,17.30622,17.74835,18.03507,18.26141,18.45261,18.60451,18.75258,18.88894,19.02284,19.13573,19.27556,19.40804,19.56404,19.72723,19.93913,20.22193,20.54273,20.97241,21.87633,22.86467
2024-10-03,2024-10-02,rw,1,20.49000,18.90000,True,16.48734,16.98276,17.41674,17.69847,17.92011,18.10783,18.25758,18.40249,18.53598,18.66716,18.77710,18.91520,19.04459,19.19822,19.35849,19.56609,19.84343,20.15784,20.58018,21.46722,22.43701
2024-10-04,2024-10-03,rw,1,19.21000,20.49000,True,17.87438,18.41148,18.88230,19.18794,19.42871,19.63131,19.79389,19.95109,20.09554,20.23768,20.35780,20.50663,20.64786,20.81361,20.98707,21.21294,21.51505,21.85756,22.31144,23.27298,24.32426
2024-10-07,2024-10-04,rw,1,22.64000,19.21000,True,16.75779,17.26134,17.70306,17.98979,18.21392,18.40458,18.55594,18.70396,18.83996,18.97332,19.08508,19.22546,19.35731,19.51323,19.67602,19.88771,20.17049,20.49188,20.91758,21.81893,22.80444
2024-10-08,2024-10-07,rw,1,21.42000,22.64000,True,19.74995,20.34342,20.86437,21.20253,21.46611,21.69092,21.87013,22.04411,22.20404,22.36118,22.49393,22.65853,22.81483,22.99773,23.18926,23.43897,23.77375,24.15233,24.65457,25.71804,26.87590
2024-10-09,2024-10-08,rw,1,20.86000,21.42000,True,18.68570,19.24720,19.74042,20.06024,20.30920,20.52170,20.68946,20.85522,21.00733,21.15607,21.28071,21.43726,21.58464,21.75827,21.93964,22.17584,22.49241,22.85065,23.32575,24.33212,25.42731
2024-10-10,2024-10-09,rw,1,20.93000,20.86000,True,18.19720,18.74402,19.22468,19.53586,19.77828,19.98530,20.14946,20.31056,20.45796,20.60289,20.72276,20.87673,21.01959,21.18926,21.36605,21.59600,21.90414,22.25298,22.71568,23.69593,24.76223
2024-10-11,2024-10-10,rw,1,20.46000,20.93000,True,18.25828,18.80693,19.28954,19.60149,19.84469,20.05247,20.21798,20.37918,20.52671,20.67209,20.79389,20.94688,21.08902,21.26020,21.43774,21.66839,21.97706,22.32738,22.79165,23.77539,24.84501
2024-10-14,2024-10-11,rw,1,19.70000,20.46000,True,17.84829,18.38462,18.85673,19.16140,19.39910,19.60231,19.76467,19.92201,20.06566,20.20781,20.32539,20.47643,20.61437,20.78263,20.95628,21.18144,21.48299,21.82573,22.27960,23.24143,24.28678
2024-10-15,2024-10-14,rw,1,20.64000,19.70000,True,17.18531,17.70173,18.15662,18.44971,18.67855,18.87429,19.02869,19.18118,19.32029,19.45715,19.56889,19.71569,19.84810,20.01059,20.17770,20.39429,20.68445,21.01475,21.45177,22.37806,23.38434
2024-10-16,2024-10-15,rw,1,19.58000,20.64000,True,18.00534,18.54640,19.02332,19.33012,19.56986,19.77503,19.93755,20.09688,20.24218,20.38559,20.50420,20.65659,20.79627,20.96561,21.14071,21.36823,21.67085,22.01721,22.47511,23.44579,24.49983
2024-10-17,2024-10-16,rw,1,19.11000,19.58000,True,17.08066,17.59394,18.04668,18.33746,18.56485,18.75907,18.91166,19.06396,19.20259,19.33862,19.44968,19.59566,19.72722,19.88874,20.05499,20.27076,20.55737,20.88623,21.32063,22.24164,23.24130
2024-10-18,2024-10-17,rw,1,18.03000,19.11000,True,16.67078,17.17199,17.61369,17.89745,18.12019,18.30890,18.45852,18.60678,18.74143,18.87373,18.98265,19.12497,19.25364,19.41128,19.57344,19.78384,20.06382,20.38396,20.80877,21.70755,22.68304
2024-10-21,2024-10-18,rw,1,18.37000,18.03000,True,15.72875,16.20187,16.61844,16.88612,17.09511,17.27387,17.41443,17.55419,17.68206,17.80653,17.90969,18.04382,18.16548,18.31420,18.46711,18.66543,18.92983,19.23110,19.63269,20.48056,21.40076
2024-10-22,2024-10-21,rw,1,18.20000,18.37000,True,16.02548,16.50775,16.93202,17.20471,17.41751,17.59971,17.74293,17.88591,18.01564,18.14276,18.24758,18.38446,18.50810,18.65965,18.81522,19.01709,19.28671,19.59286,20.00284,20.86658,21.80396
2024-10-23,2024-10-22,rw,1,19.24000,18.20000,True,15.87730,16.35534,16.77552,17.04564,17.25637,17.43693,17.57928,17.72080,17.84905,17.97540,18.07856,18.21402,18.33678,18.48692,18.64102,18.84077,19.10814,19.41067,19.81765,20.67329,21.60183
2024-10-24,2024-10-23,rw,1,19.08000,19.24000,True,16.78470,17.29031,17.73432,18.01984,18.24248,18.43345,18.58464,18.73384,18.86914,19.00283,19.11178,19.25521,19.38466,19.54348,19.70650,19.91842,20.20040,20.51893,20.95001,21.85442,22.83584
2024-10-25,2024-10-24,rw,1,20.33000,19.08000,True,16.64524,17.14690,17.58704,17.87014,18.09174,18.28028,18.43091,18.57839,18.71224,18.84482,18.95269,19.09477,19.22342,19.38084,19.54247,19.75244,20.03232,20.34738,20.77571,21.67247,22.64556
2024-10-28,2024-10-25,rw,1,19.80000,20.33000,True,17.73587,18.27065,18.73945,19.04103,19.27802,19.47802,19.63909,19.79564,19.93816,20.07947,20.19452,20.34615,20.48339,20.65080,20.82313,21.04730,21.34649,21.67972,22.13672,23.09210,24.12875
2024-10-29,2024-10-28,rw,1,19.34000,19.80000,True,17.27363,17.79473,18.25112,18.54473,18.77645,18.97036,19.12744,19.27967,19.41836,19.55594,19.66788,19.81540,19.94885,20.11229,20.28012,20.49852,20.78944,21.11442,21.55954,22.48989,23.49933
2024-10-30,2024-10-29,rw,1,20.35000,19.34000,True,16.87245,17.38169,17.82731,18.11400,18.34121,18.52972,18.68340,18.83218,18.96707,19.10158,19.21037,19.35474,19.48535,19.64493,19.80882,20.02195,20.30592,20.62378,21.05858,21.96719,22.95301
2024-10-31,2024-10-30,rw,1,23.16000,20.35000,True,17.75373,18.28982,18.75853,19.06008,19.30008,19.49750,19.65945,19.81655,19.95775,20.09916,20.21421,20.36590,20.50301,20.67110,20.84367,21.06808,21.36861,21.70071,22.15825,23.11418,24.15129
2024-11-01,2024-10-31,rw,1,21.88000,23.16000,True,20.20538,20.81580,21.34911,21.69208,21.96510,22.18989,22.37469,22.55390,22.71360,22.87455,23.00566,23.17854,23.33596,23.52577,23.72184,23.97775,24.32033,24.70024,25.21879,26.30887,27.48573
2024-11-04,2024-11-01,rw,1,21.98000,21.88000,True,19.08882,19.66579,20.16952,20.49332,20.74782,20.96320,21.13704,21.30563,21.45817,21.61029,21.73400,21.89718,22.04509,22.22538,22.41079,22.65223,22.97595,23.33407,23.82491,24.85478,25.96623
2024-11-05,2024-11-04,rw,1,20.49000,21.98000,True,19.17621,19.75610,20.26202,20.58710,20.84376,21.05911,21.23402,21.40396,21.55634,21.70909,21.83352,21.99761,22.14524,22.32679,22.51321,22.75568,23.08070,23.43966,23.93371,24.96831,26.08447
2024-11-06,2024-11-05,rw,1,16.27000,20.49000,True,17.87641,18.41726,18.88878,19.19092,19.42763,19.63118,19.79377,19.95157,20.09490,20.23742,20.35328,20.50616,20.64399,20.81313,20.98696,21.21302,21.51585,21.85031,22.31119,23.27568,24.31583
2024-11-07,2024-11-06,rw,1,15.20000,16.27000,True,14.19291,14.61962,14.99674,15.23774,15.42630,15.58777,15.71581,15.84230,15.95608,16.06916,16.16095,16.28256,16.39224,16.52651,16.66448,16.84405,17.08439,17.35006,17.71604,18.48191,19.30757
2024-11-08,2024-11-07,rw,1,14.94000,15.20000,True,13.25952,13.65817,14.01064,14.23520,14.41166,14.56240,14.68111,14.79998,14.90657,15.01183,15.09766,15.21155,15.31408,15.43960,15.56843,15.73624,15.96041,16.20894,16.55088,17.26641,18.03750
2024-11-11,2024-11-08,rw,1,14.97000,14.94000,True,13.03272,13.42455,13.77114,13.99175,14.16518,14.31338,14.43025,14.54716,14.65169,14.75477,14.83929,14.95124,15.05202,15.17547,15.30204,15.46680,15.68699,15.93160,16.26771,16.97102,17.72867
2024-11-12,2024-11-11,rw,1,14.71000,14.97000,True,13.05890,13.45152,13.79895,14.01990,14.19365,14.34220,14.45987,14.57649,14.68122,14.78458,14.86921,14.98139,15.08214,15.20577,15.33273,15.49759,15.71808,15.96351,16.30032,17.00506,17.76398
2024-11-13,2024-11-12,rw,1,14.02000,14.71000,True,12.83210,13.21790,13.55945,13.77646,13.94717,14.09318,14.20937,14.32340,14.42635,14.52760,14.61084,14.72109,14.82010,14.94148,15.06640,15.22816,15.44468,15.68617,16.01715,16.70967,17.45517
2024-11-14,2024-11-13,rw,1,14.31000,14.02000,True,12.23020,12.59791,12.92356,13.13030,13.29298,13.43190,13.54144,13.65139,13.74950,13.84604,13.92537,14.03047,14.12485,14.24044,14.35965,14.51361,14.71983,14.95031,15.26578,15.92583,16.63612
2024-11-15,2024-11-14,rw,1,16.14000,14.31000,True,12.48319,12.85877,13.19110,13.40201,13.56797,13.70980,13.82216,13.93385,14.03401,14.13254,14.21353,14.32081,14.41715,14.53535,14.65656,14.81350,15.02424,15.25954,15.58128,16.25510,16.97996
2024-11-18,2024-11-15,rw,1,15.58000,16.14000,True,14.07958,14.50350,14.87824,15.11603,15.30311,15.46313,15.59047,15.71583,15.82884,15.93995,16.03134,16.15237,16.26102,16.39441,16.53106,16.70882,16.94699,17.21139,17.57468,18.33368,19.15108
2024-11-19,2024-11-18,rw,1,16.35000,15.58000,True,13.59108,14.00059,14.36225,14.59169,14.77218,14.92670,15.04816,15.17039,15.27946,15.38677,15.47497,15.59180,15.69671,15.82552,15.95745,16.12881,16.35856,16.61414,16.96484,17.69740,18.48630
2024-11-20,2024-11-19,rw,1,17.16000,16.35000,True,14.26279,14.69285,15.07231,15.31298,15.50228,15.66450,15.79238,15.92024,16.03473,16.14733,16.23992,16.36259,16.47265,16.60776,16.74619,16.92681,17.16659,17.43515,17.80322,18.57188,19.39962
2024-11-21,2024-11-20,rw,1,16.87000,17.16000,True,14.96940,15.42109,15.81926,16.07175,16.27032,16.44065,16.57549,16.70904,16.82924,16.94762,17.04498,17.17357,17.28893,17.43067,17.57606,17.76558,18.01657,18.29882,18.68514,19.49178,20.36036
2024-11-22,2024-11-21,rw,1,15.24000,16.87000,True,14.71643,15.16081,15.55217,15.80028,15.99621,16.16291,16.29610,16.42694,16.54484,16.66086,16.75642,16.88306,16.99662,17.13599,17.27890,17.46528,17.71202,17.98948,18.36930,19.16219,20.01595
2024-11-25,2024-11-22,rw,1,14.60000,15.24000,True,13.29452,13.69625,14.04767,14.27292,14.44977,14.60096,14.72002,14.83942,14.94619,15.05094,15.13726,15.25159,15.35427,15.48025,15.60931,15.77771,16.00059,16.25126,16.59437,17.31056,18.08168
2024-11-26,2024-11-25,rw,1,14.10000,14.60000,True,12.73623,13.12136,13.45790,13.67365,13.84299,13.98757,14.10148,14.21596,14.31836,14.41839,14.50145,14.61100,14.70937,14.83012,14.95377,15.11507,15.32858,15.56878,15.89744,16.58345,17.32206
2024-11-27,2024-11-26,rw,1,14.10000,14.10000,True,12.30007,12.67228,12.99716,13.20549,13.36894,13.50861,13.61833,13.72852,13.82785,13.92400,14.00432,14.11053,14.20554,14.32214,14.44162,14.59718,14.80356,15.03559,15.35295,16.01538,16.72856
2024-11-29,2024-11-27,rw,1,13.51000,14.10000,True,12.30008,12.67256,12.99731,13.20561,13.36897,13.50869,13.61845,13.72884,13.82795,13.92450,14.00483,14.11052,14.20545,14.32196,14.44159,14.59693,14.80349,15.03558,15.35289,16.01523,16.72828
2024-12-02,2024-11-29,rw,1,13.34000,13.51000,True,11.78540,12.14255,12.45365,12.65315,12.81024,12.94350,13.04832,13.15370,13.24919,13.34128,13.41832,13.52007,13.61059,13.72250,13.83719,13.98589,14.18392,14.40642,14.71021,15.34495,16.02804
2024-12-03,2024-12-02,rw,1,13.30000,13.34000,True,11.63711,11.99002,12.29714,12.49404,12.64972,12.78070,12.88425,12.98859,13.08257,13.17300,13.24899,13.34991,13.43888,13.54969,13.66297,13.80966,14.00531,14.22513,14.52485,15.15172,15.82609
2024-12-04,2024-12-03,rw,1,13.45000,13.30000,True,11.60223,11.95433,12.26046,12.45669,12.61246,12.74246,12.84574,12.94994,13.04344,13.13383,13.20975,13.30984,13.39830,13.50895,13.62189,13.76796,13.96319,14.18247,14.48105,15.10615,15.77838
2024-12-05,2024-12-04,rw,1,13.54000,13.45000,True,11.73309,12.08942,12.39893,12.59726,12.75539,12.88626,12.99070,13.09629,13.19065,13.28238,13.35922,13.46000,13.54992,13.66119,13.77541,13.92295,14.12054,14.34219,14.64411,15.27638,15.95607
2024-12-06,2024-12-05,rw,1,12.77000,13.54000,True,11.81161,12.17058,12.48210,12.68162,12.84143,12.97257,13.07770,13.18407,13.27901,13.37173,13.44872,13.55010,13.64014,13.75244,13.86747,14.01581,14.21489,14.43781,14.74184,15.37846,16.06257
2024-12-09,2024-12-06,rw,1,14.19000,12.77000,True,11.13991,11.47870,11.77245,11.96051,12.10857,12.23459,12.33380,12.43393,12.52371,12.61075,12.68381,12.77950,12.86432,12.97018,13.07874,13.21848,13.40642,13.61643,13.90325,14.50377,15.14886
2024-12-10,2024-12-09,rw,1,14.18000,14.19000,True,12.37865,12.75539,13.08173,13.29057,13.45574,13.59515,13.70541,13.81688,13.91643,14.01354,14.09434,14.20058,14.29518,14.41279,14.53336,14.68928,14.89771,15.13155,15.45106,16.11642,16.83311
2024-12-11,2024-12-10,rw,1,13.58000,14.18000,True,12.36994,12.74668,13.07272,13.28127,13.44697,13.58566,13.69583,13.80725,13.90668,14.00407,14.08453,14.19056,14.28480,14.40245,14.52299,14.67862,14.88707,15.12087,15.44012,16.10491,16.82097
2024-12-12,2024-12-11,rw,1,13.92000,13.58000,True,11.84653,12.20760,12.51978,12.71937,12.87868,13.01056,13.11609,13.22266,13.31814,13.41102,13.48845,13.59007,13.68023,13.79285,13.90836,14.05722,14.25702,14.48105,14.78674,15.42332,16.10896
2024-12-13,2024-12-12,rw,1,13.81000,13.92000,True,12.14314,12.51351,12.83344,13.03790,13.20182,13.33638,13.44460,13.55402,13.65169,13.74728,13.82628,13.93037,14.02295,14.13854,14.25686,14.40886,14.61383,14.84360,15.15690,15.80932,16.51200
2024-12-16,2024-12-13,rw,1,14.69000,13.81000,True,12.04728,12.41494,12.73205,12.93508,13.09750,13.23108,13.33843,13.44699,13.54382,13.63874,13.71690,13.82025,13.91200,14.02662,14.14408,14.29498,14.49825,14.72595,15.03686,15.68424,16.38127
2024-12-17,2024-12-16,rw,1,15.87000,14.69000,True,12.81505,13.20639,13.54338,13.75955,13.93210,14.07428,14.18846,14.30394,14.40687,14.50793,14.59110,14.70095,14.79889,14.92073,15.04565,15.20655,15.42264,15.66394,15.99476,16.68350,17.42486
2024-12-18,2024-12-17,rw,1,27.62000,15.87000,True,13.84455,14.26758,14.63131,14.86505,15.05122,15.20493,15.32826,15.45310,15.56417,15.67369,15.76363,15.88184,15.98842,16.11951,16.25448,16.42902,16.66195,16.92303,17.27926,18.02345,18.82425
2024-12-19,2024-12-18,rw,1,24.09000,27.62000,True,24.09511,24.83181,25.46424,25.87142,26.19501,26.46269,26.67801,26.89564,27.08788,27.27915,27.43570,27.64072,27.82673,28.05489,28.28929,28.59441,28.99946,29.45315,30.07492,31.37342,32.78255
2024-12-20,2024-12-19,rw,1,18.36000,24.09000,True,21.01443,21.64883,22.20781,22.56322,22.84712,23.08014,23.26749,23.45692,23.62570,23.79185,23.92853,24.10798,24.27016,24.46900,24.67369,24.93944,25.29249,25.68873,26.23107,27.36345,28.59227
2024-12-23,2024-12-20,rw,1,16.78000,18.36000,True,16.01385,16.49748,16.92338,17.19580,17.40904,17.59003,17.73286,17.87732,18.00612,18.13238,18.23639,18.37369,18.49670,18.64864,18.80482,19.00706,19.27639,19.57836,19.99172,20.85465,21.79101
2024-12-24,2024-12-23,rw,1,14.27000,16.78000,True,14.63581,15.07778,15.46510,15.71520,15.90992,16.07592,16.20648,16.33824,16.45650,16.57183,16.66688,16.79249,16.90438,17.04366,17.18647,17.37108,17.61745,17.89344,18.27124,19.05979,19.91542
2024-12-26,2024-12-24,rw,1,14.73000,14.27000,True,12.44455,12.81877,13.14991,13.36416,13.52996,13.67073,13.78194,13.89358,13.99473,14.09249,14.17368,14.28058,14.37547,14.49410,14.61556,14.77241,14.98211,15.21688,15.53811,16.20862,16.93613
2024-12-27,2024-12-26,rw,1,15.95000,14.73000,True,12.84576,13.23229,13.57390,13.79501,13.96613,14.11159,14.22636,14.34193,14.44596,14.54724,14.63070,14.74097,14.83943,14.96155,15.08688,15.24828,15.46499,15.70739,16.03893,16.73096,17.48179
2024-12-30,2024-12-27,rw,1,17.40000,15.95000,True,13.90976,14.32858,14.69825,14.93763,15.12289,15.28056,15.40480,15.53014,15.64256,15.75221,15.84262,15.96190,16.06928,16.20108,16.33652,16.51213,16.74617,17.00867,17.36728,18.11652,18.92939
2024-12-31,2024-12-30,rw,1,17.35000,17.40000,True,15.17435,15.63154,16.03475,16.29566,16.49774,16.66991,16.80539,16.94236,17.06462,17.18435,17.28337,17.41301,17.53029,17.67425,17.82197,18.01392,18.27047,18.55718,18.94676,19.76329,20.64990
2025-01-02,2024-12-31,rw,1,17.93000,17.35000,True,15.13081,15.58698,15.98897,16.24889,16.45037,16.62221,16.75725,16.89390,17.01560,17.13544,17.23423,17.36295,17.47981,17.62331,17.77063,17.96209,18.21749,18.50302,18.89224,19.70632,20.59022
2025-01-03,2025-01-02,rw,1,16.13000,17.93000,True,15.63668,16.10841,16.52377,16.79215,17.00033,17.17797,17.31760,17.45875,17.58447,17.70879,17.81051,17.94343,18.06431,18.21265,18.36496,18.56223,18.82599,19.12070,19.52373,20.36490,21.27819
2025-01-06,2025-01-03,rw,1,16.04000,16.13000,True,14.06697,14.49162,14.86348,15.10605,15.29353,15.45300,15.57874,15.70581,15.81911,15.93042,16.02237,16.14204,16.25073,16.38423,16.52121,16.69847,16.93560,17.20085,17.56366,18.32029,19.14175
2025-01-07,2025-01-06,rw,1,17.82000,16.04000,True,13.98854,14.41109,14.78065,15.02182,15.20823,15.36697,15.49196,15.61835,15.73085,15.84200,15.93311,16.05196,16.15996,16.29265,16.42891,16.60501,16.84067,17.10479,17.46560,18.21791,19.03463
2025-01-08,2025-01-07,rw,1,17.70000,17.82000,True,15.54095,16.01070,16.42102,16.68890,16.89596,17.07249,17.21130,17.35165,17.47664,17.60033,17.70140,17.83330,17.95344,18.10090,18.25229,18.44867,18.71148,19.00654,19.40503,20.23941,21.14660
2025-01-10,2025-01-08,rw,1,19.54000,17.70000,True,15.43636,15.90325,16.31056,16.57658,16.78222,16.95762,17.09554,17.23490,17.35905,17.48183,17.58205,17.71320,17.83243,17.97897,18.12934,18.32412,18.58499,18.87770,19.27414,20.10293,21.00385
2025-01-13,2025-01-10,rw,1,19.19000,19.54000,True,17.04111,17.55687,18.00625,18.29986,18.52685,18.72055,18.87281,19.02730,19.16374,19.29919,19.40995,19.55459,19.68638,19.84806,20.01403,20.22950,20.51852,20.84407,21.27953,22.19252,23.18692
2025-01-14,2025-01-13,rw,1,18.71000,19.19000,True,16.73594,17.24279,17.68385,17.97214,18.19504,18.38533,18.53486,18.68732,18.82065,18.95346,19.06212,19.20431,19.33364,19.49249,19.65553,19.86708,20.15077,20.47046,20.89832,21.79481,22.77122
2025-01-15,2025-01-14,rw,1,16.12000,18.71000,True,16.31739,16.81188,17.24165,17.52267,17.73996,17.92555,18.07135,18.22071,18.34964,18.47935,18.58515,18.72394,18.84992,19.00488,19.16388,19.37007,19.64652,19.95819,20.37554,21.24946,22.20127
2025-01-16,2025-01-15,rw,1,16.60000,16.12000,True,14.05575,14.47829,14.85394,15.09671,15.28411,15.44389,15.56956,15.69714,15.80940,15.92070,16.01196,16.13197,16.24002,16.37385,16.51093,16.68841,16.92643,17.19463,17.55479,18.30774,19.12767
2025-01-17,2025-01-16,rw,1,15.97000,16.60000,True,14.47437,14.90975,15.29635,15.54629,15.73925,15.90384,16.03325,16.16527,16.28023,16.39525,16.48923,16.61237,16.72420,16.86166,17.00270,17.18504,17.42999,17.70583,18.07731,18.85269,19.69690
2025-01-21,2025-01-17,rw,1,15.06000,15.97000,True,13.92513,14.34423,14.71594,14.95634,15.14195,15.30035,15.42454,15.55047,15.66224,15.77245,15.86296,15.98186,16.08917,16.22166,16.35741,16.53255,16.76805,17.03310,17.39105,18.13702,18.94905
2025-01-22,2025-01-21,rw,1,15.10000,15.06000,True,13.13173,13.52718,13.87749,14.10416,14.27902,14.42827,14.54531,14.66414,14.76973,14.87332,14.95861,15.07114,15.17188,15.29713,15.42526,15.59022,15.81216,16.06180,16.39990,17.10336,17.86900
2025-01-23,2025-01-22,rw,1,15.02000,15.10000,True,13.16670,13.56342,13.91445,14.14167,14.31697,14.46667,14.58408,14.70317,14.80897,14.91311,14.99879,15.11123,15.21167,15.33756,15.46612,15.63130,15.85374,16.10373,16.44327,17.14862,17.91617
2025-01-24,2025-01-23,rw,1,14.85000,15.02000,True,13.09702,13.49187,13.84084,14.06680,14.24115,14.39010,14.50695,14.62552,14.73059,14.83454,14.91978,15.03112,15.13093,15.25613,15.38406,15.54815,15.76968,16.01770,16.35598,17.05759,17.82095
2025-01-27,2025-01-24,rw,1,17.90000,14.85000,True,12.94887,13.33948,13.68428,13.90767,14.08000,14.22731,14.34287,14.46064,14.56394,14.66694,14.75047,14.86096,14.95953,15.08333,15.20986,15.37185,15.59112,15.83590,16.17068,16.86436,17.61896
2025-01-28,2025-01-27,rw,1,16.41000,17.90000,True,15.60850,16.07961,16.49498,16.76427,16.97188,17.14951,17.28881,17.43145,17.55532,17.67936,17.78056,17.91327,18.03229,18.18158,18.33405,18.53021,18.79450,19.09301,19.49353,20.33177,21.25041
2025-01-29,2025-01-28,rw,1,16.56000,16.41000,True,14.30933,14.74148,15.12105,15.36837,15.55901,15.72173,15.84942,15.97912,16.09385,16.20770,16.30001,16.42212,16.53112,16.66796,16.80780,16.98739,17.22959,17.50291,17.87084,18.63918,19.48127
2025-01-30,2025-01-29,rw,1,15.84000,16.56000,True,14.44022,14.87657,15.25927,15.50891,15.70126,15.86552,15.99444,16.12590,16.24105,16.35587,16.44950,16.57228,16.68247,16.82018,16.96130,17.14230,17.38662,17.66211,18.03415,18.80938,19.65909
2025-01-31,2025-01-30,rw,1,16.43000,15.84000,True,13.81247,14.23009,14.59593,14.83467,15.01863,15.17536,15.29870,15.42375,15.53479,15.64468,15.73383,15.85170,15.95699,16.08874,16.22382,16.39664,16.63061,16.89343,17.24987,17.99141,18.80411
2025-02-03,2025-01-31,rw,1,18.62000,16.43000,True,14.32704,14.76046,15.13970,15.38728,15.57807,15.74080,15.86868,15.99870,16.11351,16.22747,16.32037,16.44220,16.55178,16.68826,16.82832,17.00845,17.24998,17.52188,17.89218,18.66138,19.50427
2025-02-04,2025-02-03,rw,1,17.21000,18.62000,True,16.23684,16.72831,17.15784,17.43836,17.65455,17.83903,17.98403,18.13202,18.26146,18.39050,18.49592,18.63388,18.75894,18.91308,19.07170,19.27656,19.55048,19.86227,20.27787,21.14861,22.10377
2025-02-05,2025-02-04,rw,1,15.77000,17.21000,True,15.00740,15.46192,15.85868,16.11749,16.31752,16.48768,16.62183,16.75776,16.87844,16.99785,17.09516,17.22279,17.33785,17.48066,17.62741,17.81653,18.06954,18.35757,18.74229,19.54695,20.42969
2025-02-06,2025-02-05,rw,1,15.50000,15.77000,True,13.75178,14.16851,14.53128,14.76675,14.95207,15.10738,15.23069,15.35544,15.46606,15.57533,15.66430,15.78167,15.88663,16.01786,16.15236,16.32550,16.55719,16.82079,17.17404,17.91125,18.72006
2025-02-07,2025-02-06,rw,1,16.54000,15.50000,True,13.51642,13.92625,14.28250,14.51434,14.69610,14.84908,14.97008,15.09263,15.20134,15.30811,15.39564,15.51144,15.61448,15.74349,15.87570,16.04571,16.27364,16.53206,16.87996,17.60442,18.39931
2025-02-10,2025-02-07,rw,1,15.81000,16.54000,True,14.42342,14.86100,15.24082,15.48865,15.68220,15.84560,15.97468,16.10538,16.22139,16.33572,16.42914,16.55225,16.66260,16.80010,16.94120,17.12322,17.36699,17.64407,18.01250,18.78545,19.63360
2025-02-11,2025-02-10,rw,1,16.02000,15.81000,True,13.78692,14.20543,14.56817,14.80548,14.99009,15.14533,15.26927,15.39441,15.50533,15.61417,15.70356,15.82167,15.92685,16.05847,16.19337,16.36719,16.60005,16.86513,17.21747,17.95618,18.76682
2025-02-12,2025-02-11,rw,1,15.89000,16.02000,True,13.97014,14.39445,14.76168,15.00257,15.18923,15.34687,15.47225,15.59897,15.71136,15.82204,15.91262,16.03188,16.13901,16.27164,16.40834,16.58431,16.82011,17.08894,17.44613,18.19452,19.01585
2025-02-13,2025-02-12,rw,1,15.10000,15.89000,True,13.85686,14.27797,14.64190,14.88125,15.06601,15.22270,15.34685,15.47248,15.58395,15.69411,15.78302,15.90174,16.00752,16.13947,16.27507,16.44944,16.68318,16.95006,17.30451,18.04671,18.86130
2025-02-14,2025-02-13,rw,1,14.77000,15.10000,True,13.16800,13.56813,13.91405,14.14145,14.31700,14.46483,14.58351,14.70308,14.80905,14.91331,14.99833,15.11113,15.21153,15.33686,15.46589,15.63130,15.85367,16.10663,16.44400,17.14931,17.92328
2025-02-18,2025-02-14,rw,1,15.35000,14.77000,True,12.88027,13.27162,13.61007,13.83246,14.00414,14.14905,14.26494,14.38184,14.48532,14.58694,14.67054,14.78086,14.87894,15.00147,15.12786,15.28936,15.50713,15.75393,16.08445,16.77435,17.53129
2025-02-19,2025-02-18,rw,1,15.27000,15.35000,True,13.38612,13.79279,14.14462,14.37569,14.55410,14.70502,14.82526,14.94676,15.05419,15.16012,15.24664,15.36132,15.46345,15.59096,15.72202,15.89071,16.11600,16.37183,16.71588,17.43289,18.21942
2025-02-20,2025-02-19,rw,1,15.66000,15.27000,True,13.31641,13.72092,14.07101,14.30083,14.47828,14.62874,14.74813,14.86953,14.97581,15.08156,15.16719,15.28123,15.38271,15.50949,15.64002,15.80761,16.03194,16.28577,16.62858,17.34186,18.12417
2025-02-21,2025-02-20,rw,1,18.21000,15.66000,True,13.65657,14.07137,14.43049,14.66613,14.84809,15.00255,15.12494,15.24998,15.35838,15.46696,15.55504,15.67155,15.77582,15.90595,16.03969,16.21100,16.44133,16.70096,17.05309,17.78459,18.58676
2025-02-24,2025-02-21,rw,1,18.98000,18.21000,True,15.88041,16.36269,16.78040,17.05436,17.26680,17.44570,17.58798,17.73380,17.85943,17.98555,18.08849,18.22348,18.34558,18.49628,18.65175,18.85178,19.11890,19.42499,19.83122,20.68426,21.61298
2025-02-25,2025-02-24,rw,1,19.43000,18.98000,True,16.55197,17.05460,17.49008,17.77559,17.99788,18.18361,18.33183,18.48371,18.61478,18.74610,18.85352,18.99412,19.12200,19.27882,19.44044,19.64967,19.92724,20.24590,20.66973,21.55869,22.52650
2025-02-26,2025-02-25,rw,1,19.10000,19.43000,True,16.94448,17.45896,17.90488,18.19720,18.42558,18.61496,18.76656,18.92200,19.05630,19.19066,19.30068,19.44449,19.57555,19.73625,19.90136,20.11547,20.39961,20.72498,21.15974,22.06962,23.06020
2025-02-27,2025-02-26,rw,1,21.13000,19.10000,True,16.65676,17.16246,17.60091,17.88829,18.11360,18.29890,18.44794,18.60065,18.73284,18.86460,18.97272,19.11423,19.24296,19.40092,19.56335,19.77349,20.05305,20.37207,20.80031,21.69459,22.66817
2025-02-28,2025-02-27,rw,1,19.63000,21.13000,True,18.42716,18.98654,19.47173,19.78968,20.03983,20.24387,20.40875,20.57758,20.72402,20.86969,20.98937,21.14576,21.28835,21.46310,21.64260,21.87560,22.18474,22.54055,23.01152,24.00013,25.07699
2025-03-03,2025-02-28,rw,1,22.78000,19.63000,True,17.11910,17.63872,18.08978,18.38412,18.61325,18.80634,18.95970,19.11677,19.25255,19.38806,19.49918,19.64463,19.77699,19.93940,20.10621,20.32260,20.60977,20.94016,21.37790,22.29618,23.29641
2025-03-04,2025-03-03,rw,1,23.51000,22.78000,True,19.86627,20.46920,20.99301,21.33428,21.60125,21.82444,22.00226,22.18445,22.34221,22.49934,22.62839,22.79700,22.95080,23.13916,23.33272,23.58400,23.91899,24.30168,24.81430,25.87714,27.03431
2025-03-05,2025-03-04,rw,1,21.93000,23.51000,True,20.50298,21.12517,21.66614,22.01804,22.29466,22.52393,22.70747,22.89536,23.05852,23.22047,23.35532,23.52761,23.68654,23.88093,24.08089,24.33967,24.68484,25.08044,25.60874,26.70633,27.90018
2025-03-06,2025-03-05,rw,1,24.87000,21.93000,True,19.12515,19.70546,20.21043,20.53786,20.79297,21.00957,21.18112,21.35665,21.50844,21.65979,21.78404,21.94637,22.09451,22.27584,22.46218,22.70383,23.02528,23.39471,23.88699,24.91145,26.02471
2025-03-07,2025-03-06,rw,1,23.37000,24.87000,True,21.68921,22.34726,22.92032,23.29132,23.58059,23.82647,24.02086,24.21981,24.39217,24.56369,24.70638,24.88867,25.05685,25.26255,25.47528,25.74813,26.11485,26.53130,27.09341,28.25109,29.51317
2025-03-10,2025-03-07,rw,1,27.86000,23.37000,True,20.38114,20.99943,21.53830,21.88662,22.15817,22.38858,22.57173,22.75895,22.92064,23.08202,23.21446,23.38745,23.54541,23.73870,23.93781,24.19482,24.53913,24.93110,25.45914,26.54710,27.73266
2025-03-11,2025-03-10,rw,1,26.92000,27.86000,True,24.29700,25.03400,25.67686,26.09172,26.41540,26.69036,26.90857,27.13162,27.32458,27.51683,27.67670,27.88096,28.06935,28.29993,28.53957,28.84454,29.25548,29.72108,30.35443,31.65005,33.07930
2025-03-12,2025-03-11,rw,1,24.23000,26.92000,True,23.47732,24.18937,24.81097,25.21148,25.52420,25.79014,26.00082,26.21607,26.40225,26.58824,26.74083,26.94010,27.12215,27.34488,27.57554,27.87092,28.26809,28.71827,29.32938,30.58175,31.96279
2025-03-13,2025-03-12,rw,1,24.66000,24.23000,True,21.13142,21.77225,22.32828,22.69115,22.97348,23.21191,23.40228,23.59530,23.76365,23.93134,24.06853,24.24807,24.41177,24.61224,24.81904,25.08554,25.44310,25.84857,26.39783,27.52546,28.76852
2025-03-14,2025-03-13,rw,1,21.77000,24.66000,True,21.50652,22.15865,22.72469,23.09450,23.38123,23.62441,23.81781,24.01511,24.18559,24.35607,24.49587,24.67842,24.84527,25.04937,25.25848,25.53035,25.89434,26.30728,26.86549,28.01356,29.27869
2025-03-17,2025-03-14,rw,1,20.51000,21.77000,True,18.98616,19.56147,20.06019,20.38465,20.64092,20.85426,21.02606,21.19892,21.35090,21.50165,21.62492,21.78624,21.93340,22.11357,22.29828,22.53827,22.85909,23.22422,23.71687,24.73048,25.84708
2025-03-18,2025-03-17,rw,1,21.70000,20.51000,True,17.88736,18.42931,18.89929,19.20539,19.44455,19.64664,19.80866,19.97098,20.11492,20.25702,20.37315,20.52529,20.66378,20.83353,21.00764,21.23373,21.53549,21.88006,22.34405,23.29908,24.35080
2025-03-19,2025-03-18,rw,1,19.90000,21.70000,True,18.92527,19.49860,19.99598,20.32027,20.57332,20.78663,20.95818,21.12995,21.28215,21.43251,21.55539,21.71619,21.86295,22.04261,22.22694,22.46620,22.78668,23.14955,23.64031,24.65084,25.76331
2025-03-20,2025-03-19,rw,1,19.80000,19.90000,True,17.35551,17.88122,18.33686,18.63308,18.86510,19.06218,19.21926,19.37692,19.51661,19.65442,19.76722,19.91484,20.04928,20.21404,20.38292,20.60235,20.89631,21.22930,21.67922,22.60602,23.62596
2025-03-21,2025-03-20,rw,1,19.28000,19.80000,True,17.26836,17.79138,18.24473,18.53946,18.77035,18.96646,19.12287,19.27966,19.41864,19.55592,19.66805,19.81472,19.94838,20.11231,20.28043,20.49875,20.79108,21.12262,21.57014,22.49236,23.50694
2025-03-24,2025-03-21,rw,1,17.48000,19.28000,True,16.81492,17.32415,17.76558,18.05258,18.27792,18.46842,18.62085,18.77343,18.90851,19.04195,19.15135,19.29428,19.42437,19.58399,19.74776,19.96032,20.24452,20.56788,21.00352,21.90160,22.88929
2025-03-25,2025-03-24,rw,1,17.15000,17.48000,True,15.24513,15.70676,16.10689,16.36709,16.57087,16.74371,16.88199,17.02055,17.14309,17.26354,17.36284,17.49290,17.61078,17.75557,17.90405,18.09674,18.35399,18.64757,19.04249,19.85680,20.75206
2025-03-26,2025-03-25,rw,1,18.33000,17.15000,True,14.95738,15.41025,15.80282,16.05812,16.25807,16.42796,16.56344,16.69931,16.81950,16.93736,17.03454,17.16263,17.27797,17.42032,17.56605,17.75503,18.00702,18.29530,18.68287,19.48188,20.36003
2025-03-27,2025-03-26,rw,1,18.69000,18.33000,True,15.98659,16.47057,16.89013,17.16300,17.37675,17.55835,17.70327,17.84840,17.97686,18.10290,18.20714,18.34353,18.46720,18.61901,18.77473,18.97687,19.24771,19.55443,19.96821,20.82228,21.76062
2025-03-28,2025-03-27,rw,1,21.65000,18.69000,True,16.30063,16.79406,17.22186,17.50010,17.71807,17.90326,18.05114,18.19903,18.33002,18.45899,18.56529,18.70387,18.83007,18.98491,19.14341,19.34951,19.62552,19.93848,20.36026,21.23117,22.18771
2025-03-31,2025-03-28,rw,1,22.28000,21.65000,True,18.88229,19.45381,19.94936,20.27167,20.52474,20.73873,20.91016,21.08137,21.23321,21.38303,21.50572,21.66613,21.81250,21.99193,22.17537,22.41444,22.73468,23.09624,23.58614,24.59730,25.70133
2025-04-01,2025-03-31,rw,1,21.77000,22.28000,True,19.43184,20.01992,20.52989,20.86158,21.12260,21.34229,21.51883,21.69537,21.85128,22.00536,22.13171,22.29663,22.44742,22.63225,22.82194,23.06635,23.39599,23.76831,24.27233,25.31272,26.44888
2025-04-02,2025-04-01,rw,1,21.51000,21.77000,True,18.98711,19.56167,20.05996,20.38406,20.63969,20.85426,21.02644,21.19960,21.35080,21.50141,21.62492,21.78623,21.93348,22.11399,22.29864,22.53827,22.86019,23.22423,23.71657,24.73295,25.84312
2025-04-03,2025-04-02,rw,1,30.02000,21.51000,True,18.76043,19.32807,19.82039,20.14101,20.39377,20.60569,20.77546,20.94725,21.09600,21.24485,21.36647,21.52599,21.67136,21.84969,22.03199,22.26901,22.58692,22.94686,23.43317,24.43722,25.53415
2025-04-04,2025-04-03,rw,1,45.31000,30.02000,True,26.18272,26.97485,27.66195,28.11020,28.46298,28.75862,28.99502,29.23499,29.44247,29.64998,29.81994,30.04238,30.24554,30.49458,30.75062,31.07997,31.52437,32.02540,32.70979,34.11437,35.66536
2025-04-07,2025-04-04,rw,1,46.98000,45.31000,True,39.51846,40.71391,41.75096,42.42870,42.96003,43.40722,43.76322,44.12529,44.43878,44.75166,45.00844,45.34382,45.65058,46.02728,46.41583,46.91187,47.58955,48.33789,49.38857,51.50161,53.97939
2025-04-08,2025-04-07,rw,1,52.33000,46.98000,True,40.97516,42.21455,43.28981,43.99376,44.54351,45.00764,45.37706,45.75175,46.07713,46.40132,46.67091,47.01535,47.33447,47.72487,48.12659,48.64140,49.34125,50.11922,51.20595,53.39955,55.96789
2025-04-09,2025-04-08,rw,1,33.62000,52.33000,True,45.64154,47.02191,48.21961,49.00510,49.61616,50.13365,50.54677,50.96190,51.32507,51.68566,51.98971,52.36983,52.72896,53.16066,53.60811,54.18303,54.96659,55.82851,57.06090,59.48031,62.34026
2025-04-10,2025-04-09,rw,1,40.72000,33.62000,True,29.31810,30.20858,30.97906,31.47964,31.87534,32.20736,32.47223,32.74096,32.97372,33.20584,33.39881,33.64535,33.87455,34.15333,34.44083,34.80978,35.31350,35.86743,36.65919,38.21361,40.05046
2025-04-11,2025-04-10,rw,1,37.56000,40.72000,True,35.50984,36.58898,37.52136,38.12767,38.60801,39.00997,39.33006,39.65543,39.93764,40.21859,40.45520,40.75106,41.03152,41.36672,41.71504,42.16365,42.77311,43.44360,44.40351,46.28798,48.54340
2025-04-14,2025-04-11,rw,1,30.89000,37.56000,True,32.75430,33.74959,34.60960,35.16867,35.60781,35.98006,36.27745,36.57786,36.83779,37.09727,37.31288,37.58838,37.84537,38.15616,38.47748,38.89082,39.45333,40.07199,40.95740,42.69568,44.77545
2025-04-15,2025-04-14,rw,1,30.12000,30.89000,True,26.93114,27.74471,28.46342,28.92212,29.28342,29.58970,29.83467,30.08116,30.29560,30.50927,30.68441,30.91312,31.12307,31.37998,31.64427,31.98383,32.44673,32.95569,33.68387,35.11350,36.82343
2025-04-16,2025-04-15,rw,1,32.64000,30.12000,True,26.25999,27.05374,27.75392,28.20142,28.55354,28.85222,29.09125,29.33234,29.54001,29.74872,29.91928,30.14248,30.34643,30.59746,30.85520,31.18592,31.63756,32.13400,32.84402,34.23806,35.90487
2025-04-17,2025-04-16,rw,1,29.65000,32.64000,True,28.45722,29.31787,30.07598,30.56117,30.94256,31.26626,31.52539,31.78652,32.01178,32.23769,32.42276,32.66448,32.88713,33.15802,33.43740,33.79719,34.28592,34.82424,35.59171,37.10241,38.90814
2025-04-21,2025-04-17,rw,1,33.82000,29.65000,True,25.85055,26.63281,27.31622,27.75964,28.10777,28.40180,28.63695,28.87379,29.07893,29.28450,29.45241,29.67213,29.87293,30.12027,30.37408,30.70055,31.14496,31.63378,32.33111,33.70347,35.34329
2025-04-22,2025-04-21,rw,1,30.57000,33.82000,True,29.48638,30.37917,31.15904,31.66446,32.06095,32.39637,32.66477,32.93559,33.16892,33.40314,33.59491,33.84542,34.07695,34.35704,34.64703,35.02201,35.52607,36.08532,36.88093,38.45564,40.31326
2025-04-23,2025-04-22,rw,1,28.45000,30.57000,True,26.65299,27.46046,28.15686,28.61814,28.97958,29.28233,29.52515,29.76868,29.98113,30.19315,30.36628,30.59282,30.80065,31.05512,31.31692,31.65515,32.11192,32.61711,33.33642,34.75945,36.43860
2025-04-24,2025-04-23,rw,1,26.47000,28.45000,True,24.80479,25.55669,26.20490,26.63163,26.96927,27.24988,27.47697,27.70276,27.90174,28.09854,28.26017,28.47122,28.66388,28.90120,29.14486,29.45864,29.88481,30.35480,31.02424,32.34824,33.91100
2025-04-25,2025-04-24,rw,1,24.84000,26.47000,True,23.07863,23.77860,24.38178,24.77116,25.09131,25.35083,25.56430,25.77453,25.95981,26.14205,26.29258,26.48971,26.66893,26.88949,27.11626,27.40788,27.80479,28.24190,28.86477,30.09632,31.55035
2025-04-28,2025-04-25,rw,1,25.15000,24.84000,True,21.65760,22.31485,22.88097,23.24721,23.54456,23.78820,23.98999,24.18711,24.36120,24.53197,24.67276,24.85843,25.02663,25.23333,25.44624,25.71959,26.09244,26.50248,27.08701,28.24243,29.60696
2025-04-29,2025-04-28,rw,1,24.17000,25.15000,True,21.92802,22.59386,23.16730,23.53878,23.83881,24.08545,24.28942,24.48910,24.66524,24.83830,24.98143,25.16874,25.33904,25.54789,25.76381,26.04003,26.41776,26.83291,27.42488,28.59430,29.97590
2025-04-30,2025-04-29,rw,1,24.70000,24.17000,True,21.07370,21.71396,22.26531,22.62296,22.91030,23.14729,23.34291,23.53461,23.70403,23.87024,24.00727,24.18795,24.35162,24.55213,24.75989,25.02483,25.38807,25.78703,26.35607,27.47952,28.80732
2025-05-01,2025-04-30,rw,1,24.60000,24.70000,True,21.53595,22.19062,22.75431,23.12047,23.41309,23.65567,23.85478,24.05081,24.22391,24.39384,24.53445,24.71841,24.88569,25.09106,25.30283,25.57349,25.94448,26.35219,26.93384,28.08151,29.43847
2025-05-02,2025-05-01,rw,1,22.68000,24.60000,True,21.44889,22.10129,22.66295,23.02752,23.31871,23.56069,23.75823,23.95357,24.12585,24.29562,24.43585,24.61828,24.78488,24.98915,25.19971,25.46987,25.83915,26.24528,26.82463,27.96724,29.31874
2025-05-05,2025-05-02,rw,1,23.64000,22.68000,True,19.77496,20.37678,20.89483,21.22353,21.49721,21.72000,21.90389,22.08380,22.24284,22.39884,22.52799,22.69679,22.85040,23.03854,23.23198,23.48190,23.82216,24.19672,24.73085,25.78389,27.02995
2025-05-06,2025-05-05,rw,1,24.76000,23.64000,True,20.61212,21.23978,21.78000,22.12325,22.40754,22.63972,22.83105,23.01869,23.18435,23.34734,23.48226,23.65758,23.81769,24.01423,24.21695,24.47609,24.82933,25.22076,25.77750,26.87472,28.17355
2025-05-07,2025-05-06,rw,1,23.55000,24.76000,True,21.58880,22.24658,22.81265,23.17282,23.46956,23.71313,23.91274,24.10939,24.28278,24.45420,24.59500,24.77846,24.94682,25.15257,25.36429,25.63729,26.00445,26.41549,26.99860,28.14739,29.50780
2025-05-08,2025-05-07,rw,1,22.48000,23.55000,True,20.53391,21.15989,21.69854,22.04174,22.32301,22.55282,22.74412,22.93094,23.09607,23.25830,23.39286,23.56753,23.72704,23.92308,24.12476,24.38391,24.73247,25.12443,25.67904,26.77129,28.06526
2025-05-09,2025-05-08,rw,1,21.90000,22.48000,True,19.60107,20.19895,20.71336,21.04157,21.30913,21.52687,21.71060,21.88846,22.04652,22.20126,22.32933,22.49667,22.64895,22.83583,23.02864,23.27554,23.60763,23.98275,24.51215,25.55440,26.78961
2025-05-12,2025-05-09,rw,1,18.39000,21.90000,True,19.09547,19.67826,20.17962,20.49994,20.75970,20.97203,21.15057,21.32422,21.47746,21.62826,21.75256,21.91617,22.06454,22.24635,22.43449,22.67455,22.99746,23.36383,23.87957,24.89457,26.09794
2025-05-13,2025-05-12,rw,1,18.22000,18.39000,True,16.02498,16.51711,16.94022,17.20832,17.43124,17.60933,17.76044,17.90573,18.03498,18.16103,18.26617,18.40355,18.52803,18.68067,18.83807,19.04034,19.31135,19.61911,20.05114,20.90451,21.91471
2025-05-14,2025-05-13,rw,1,18.62000,18.22000,True,15.87726,16.36480,16.78419,17.05029,17.27041,17.44702,17.59637,17.74062,17.86839,17.99378,18.09731,18.23339,18.35661,18.50782,18.66318,18.86427,19.13262,19.43764,19.86464,20.71117,21.71173
2025-05-15,2025-05-14,rw,1,17.83000,18.62000,True,16.22625,16.72446,17.15325,17.42569,17.64987,17.83054,17.98278,18.13047,18.26081,18.38906,18.49463,18.63373,18.75983,18.91445,19.07215,19.27835,19.55244,19.86427,20.29958,21.16576,22.18798
2025-05-16,2025-05-15,rw,1,17.24000,17.83000,True,15.53822,16.01525,16.42603,16.68739,16.90132,17.07352,17.21958,17.36054,17.48586,17.60849,17.70993,17.84311,17.96376,18.11180,18.26269,18.46035,18.72268,19.02137,19.43720,20.26765,21.24621
2025-05-19,2025-05-16,rw,1,18.14000,17.24000,True,15.02445,15.48565,15.88302,16.13620,16.34234,16.50878,16.64988,16.78514,16.90706,17.02508,17.12377,17.25261,17.36920,17.51232,17.65832,17.84924,18.10294,18.39185,18.79294,19.59689,20.54278
2025-05-20,2025-05-19,rw,1,18.09000,18.14000,True,15.80920,16.29445,16.71274,16.97962,17.19561,17.37086,17.51917,17.66203,17.78981,17.91449,18.01785,18.15335,18.27615,18.42684,18.58074,18.78144,19.04882,19.35188,19.77287,20.61983,21.61480
2025-05-21,2025-05-20,rw,1,20.87000,18.09000,True,15.76603,16.24991,16.66724,16.93358,17.14834,17.32323,17.47095,17.61375,17.74090,17.86558,17.96820,18.10326,18.22564,18.37589,18.52902,18.72961,18.99611,19.29846,19.71723,20.56289,21.55483
2025-05-22,2025-05-21,rw,1,20.28000,20.87000,True,18.18937,18.74756,19.22924,19.53610,19.78378,19.98568,20.15583,20.32103,20.46741,20.61124,20.72949,20.88537,21.02672,21.20022,21.37821,21.60812,21.91791,22.26482,22.75675,23.72963,24.86683
2025-05-23,2025-05-22,rw,1,22.29000,20.28000,True,17.67562,18.21799,18.68625,18.98404,19.22464,19.42098,19.58603,19.74571,19.88857,20.02838,20.14345,20.29489,20.43214,20.60065,20.77301,20.99718,21.29728,21.63527,22.11328,23.05831,24.16340
2025-05-27,2025-05-23,rw,1,18.96000,22.29000,True,19.42800,20.02408,20.53898,20.86584,21.13020,21.34618,21.52725,21.70325,21.85994,22.01360,22.13993,22.30642,22.45747,22.64295,22.83401,23.07930,23.41252,23.78039,24.30634,25.34315,26.55780
2025-05-28,2025-05-27,rw,1,19.31000,18.96000,True,16.50881,17.02861,17.46529,17.74534,17.97292,18.15635,18.31118,18.45997,18.59398,18.72467,18.83234,18.97393,19.10230,19.25996,19.42196,19.63097,19.91388,20.22761,20.67498,21.55657,22.58979
2025-05-29,2025-05-28,rw,1,19.18000,19.31000,True,16.81399,17.34296,17.78829,18.07403,18.30483,18.49178,18.64922,18.80132,18.93736,19.07052,19.17999,19.32423,19.45510,19.61598,19.77970,19.99295,20.28053,20.60088,21.05651,21.95405,23.00638
2025-05-30,2025-05-29,rw,1,18.57000,19.18000,True,16.70122,17.22621,17.66913,17.95346,18.18174,18.36757,18.52367,18.67518,18.81001,18.94226,19.05087,19.19410,19.32403,19.48367,19.64575,19.85828,20.14305,20.46206,20.91462,21.80580,22.85107
2025-06-02,2025-05-30,rw,1,18.36000,18.57000,True,16.17047,16.67835,17.10776,17.38297,17.60362,17.78369,17.93457,18.08037,18.21158,18.33967,18.44498,18.58357,18.70931,18.86376,19.02065,19.22665,19.50150,19.81117,20.24933,21.11185,22.12391
2025-06-03,2025-06-02,rw,1,17.69000,18.36000,True,15.98802,16.48975,16.91487,17.18659,17.40468,17.58286,17.73178,17.87641,18.00576,18.13240,18.23638,18.37332,18.49759,18.65025,18.80550,19.00916,19.28006,19.58703,20.02021,20.87268,21.87332
2025-06-04,2025-06-03,rw,1,17.61000,17.69000,True,15.40497,15.88801,16.29815,16.55961,16.76961,16.94148,17.08466,17.22296,17.34850,17.47056,17.57088,17.70274,17.82246,17.96950,18.11919,18.31541,18.57628,18.87215,19.28951,20.11057,21.07472
2025-06-05,2025-06-04,rw,1,18.48000,17.61000,True,15.33570,15.81616,16.22499,16.48492,16.69383,16.86544,17.00741,17.14578,17.27017,17.39167,17.49143,17.62262,17.74175,17.88808,18.03721,18.23231,18.49207,18.78671,19.20215,20.01920,20.97902
2025-06-06,2025-06-05,rw,1,16.77000,18.48000,True,16.09375,16.59755,17.02714,17.29954,17.51864,17.69925,17.84766,17.99331,18.12351,18.25110,18.35558,18.49333,18.61843,18.77212,18.92843,19.13346,19.40543,19.71473,20.15069,21.00779,22.01506
2025-06-09,2025-06-06,rw,1,17.16000,16.77000,True,14.60493,15.06174,15.44702,15.69693,15.89729,16.06016,16.19614,16.32734,16.44632,16.56206,16.65708,16.78203,16.89552,17.03494,17.17688,17.36294,17.60961,17.89038,18.28598,19.06349,19.97758
2025-06-10,2025-06-09,rw,1,16.95000,17.16000,True,14.94496,15.41202,15.80666,16.06297,16.26712,16.43391,16.57280,16.70774,16.82891,16.94734,17.04447,17.17239,17.28860,17.43139,17.57629,17.76667,18.01893,18.30634,18.71112,19.50643,20.44180
2025-06-11,2025-06-10,rw,1,17.26000,16.95000,True,14.76246,15.22376,15.61375,15.86658,16.06811,16.23334,16.37001,16.50366,16.62309,16.74044,16.83587,16.96218,17.07692,17.21791,17.36120,17.54899,17.79796,18.08230,18.48107,19.26762,20.19009
2025-06-12,2025-06-11,rw,1,18.02000,17.26000,True,15.03284,15.50255,15.89984,16.15696,16.36204,16.53079,16.66942,16.80588,16.92724,17.04711,17.14380,17.27248,17.38941,17.53317,17.67871,17.86969,18.12299,18.41300,18.81799,19.61991,20.55777
2025-06-13,2025-06-12,rw,1,20.82000,18.02000,True,15.69518,16.18554,16.60051,16.86859,17.08257,17.25927,17.40344,17.54624,17.67267,17.79787,17.89868,18.03316,18.15532,18.30565,18.45717,18.65713,18.92049,19.22376,19.64546,20.48372,21.46133
2025-06-16,2025-06-13,rw,1,19.11000,20.82000,True,18.13442,18.70092,19.18059,19.48991,19.73698,19.94174,20.10779,20.27274,20.41871,20.56338,20.67984,20.83531,20.97647,21.15043,21.32525,21.55635,21.86237,22.21116,22.70280,23.67474,24.79416
2025-06-17,2025-06-16,rw,1,21.60000,19.11000,True,16.64543,17.16536,17.60058,17.88647,18.11566,18.30202,18.45612,18.60727,18.74165,18.87443,18.98134,19.12398,19.25358,19.41310,19.57369,19.78581,20.06654,20.38679,20.83803,21.72982,22.75600
2025-06-18,2025-06-17,rw,1,20.14000,21.60000,True,18.81479,19.40243,19.89442,20.21829,20.47617,20.68744,20.86094,21.03214,21.18367,21.33376,21.45458,21.61590,21.76236,21.94299,22.12481,22.36486,22.68217,23.04387,23.55494,24.56067,25.71910
2025-06-20,2025-06-18,rw,1,20.62000,20.14000,True,17.54351,18.09138,18.55019,18.84510,19.09163,19.28751,19.45083,19.60978,19.75172,19.89173,20.00441,20.15476,20.29134,20.45961,20.62876,20.85273,21.14879,21.48615,21.96256,22.90007,23.97884
2025-06-23,2025-06-20,rw,1,19.83000,20.62000,True,17.96209,18.52299,18.99279,19.29543,19.54679,19.74750,19.91444,20.07761,20.22255,20.36584,20.48118,20.63518,20.77502,20.94758,21.12035,21.34928,21.65260,21.99811,22.48576,23.44537,24.54845
2025-06-24,2025-06-23,rw,1,17.48000,19.83000,True,17.27438,17.81374,18.26561,18.55732,18.79805,18.99157,19.15142,19.30756,19.44762,19.58554,19.69650,19.84456,19.97903,20.14486,20.31112,20.53127,20.82281,21.15520,21.62404,22.54666,23.60613
2025-06-25,2025-06-24,rw,1,16.76000,17.48000,True,15.22763,15.69937,16.09722,16.35402,16.56984,16.73984,16.88183,17.01830,17.14274,17.26394,17.36231,17.49273,17.61133,17.75737,17.90406,18.09810,18.35495,18.64805,19.06123,19.87430,20.80703
2025-06-26,2025-06-25,rw,1,16.59000,16.76000,True,14.60079,15.05271,15.43458,15.68091,15.88745,16.05058,16.18625,16.31631,16.43645,16.55228,16.64715,16.77211,16.88579,17.02578,17.16659,17.35258,17.59845,17.87984,18.27599,19.05528,19.94846
2025-06-27,2025-06-26,rw,1,16.32000,16.59000,True,14.45307,14.90004,15.27842,15.52236,15.72642,15.88803,16.02216,16.15124,16.26985,16.38483,16.47828,16.60192,16.71439,16.85288,16.99246,17.17652,17.41949,17.69839,18.09050,18.86161,19.74461
2025-06-30,2025-06-27,rw,1,16.73000,16.32000,True,14.21822,14.65755,15.03016,15.27023,15.47059,15.62998,15.76149,15.88903,16.00518,16.11771,16.20997,16.33167,16.44225,16.57839,16.71590,16.89673,17.13554,17.41026,17.79596,18.55426,19.42178
2025-07-01,2025-06-30,rw,1,16.83000,16.73000,True,14.57580,15.02579,15.40816,15.65466,15.85938,16.02319,16.15749,16.28888,16.40740,16.52299,16.61734,16.74204,16.85550,16.99528,17.13586,17.32097,17.56557,17.84761,18.24293,19.01999,19.90817
2025-07-02,2025-07-01,rw,1,16.64000,16.83000,True,14.66330,15.11561,15.50066,15.74921,15.95429,16.11951,16.25408,16.38671,16.50560,16.62225,16.71668,16.84221,16.95613,17.09665,17.23828,17.42425,17.67010,17.95428,18.35186,19.13329,20.02563
2025-07-03,2025-07-02,rw,1,16.38000,16.64000,True,14.49814,14.94496,15.32607,15.57237,15.77424,15.93806,16.07059,16.20208,16.31927,16.43487,16.52795,16.65199,16.76460,16.90342,17.04367,17.22729,17.47053,17.75158,18.14456,18.91689,19.79804
2025-07-07,2025-07-03,rw,1,17.79000,16.38000,True,14.27198,14.71146,15.08699,15.33000,15.52782,15.68937,15.81950,15.94929,16.06429,16.17770,16.26957,16.39174,16.50255,16.63908,16.77732,16.95805,17.19748,17.47420,17.86094,18.62093,19.48720
2025-07-08,2025-07-07,rw,1,16.81000,17.79000,True,15.50093,15.97783,16.38612,16.65064,16.86453,17.04029,17.18127,17.32236,17.44717,17.57069,17.67020,17.80283,17.92327,18.07183,18.22157,18.41841,18.67900,18.97863,19.39831,20.22341,21.16305
2025-07-09,2025-07-08,rw,1,15.94000,16.81000,True,14.64741,15.09766,15.48386,15.73437,15.93521,16.10035,16.23477,16.36766,16.48600,16.60228,16.69667,16.82206,16.93582,17.07608,17.21779,17.40354,17.64956,17.93305,18.32959,19.10896,19.99570
2025-07-10,2025-07-09,rw,1,15.78000,15.94000,True,13.88970,14.31629,14.68288,14.92096,15.11060,15.26553,15.39452,15.51989,15.63275,15.74246,15.83241,15.95138,16.05921,16.19209,16.32669,16.50259,16.73567,17.00484,17.38084,18.11961,18.95937
2025-07-11,2025-07-10,rw,1,16.40000,15.78000,True,13.75064,14.17292,14.53598,14.77137,14.95898,15.11281,15.24001,15.36446,15.47585,15.58490,15.67292,15.79120,15.89749,16.02942,16.16268,16.33688,16.56761,16.83414,17.20539,17.93764,18.76762
2025-07-14,2025-07-11,rw,1,17.20000,16.40000,True,14.29128,14.73011,15.10761,15.35192,15.54678,15.70713,15.83880,15.96851,16.08391,16.19772,16.28930,16.41172,16.52270,16.65956,16.79785,16.97931,17.21848,17.49555,17.88036,18.64232,19.50351
2025-07-15,2025-07-14,rw,1,17.38000,17.20000,True,14.98880,15.44901,15.84510,16.10099,16.30523,16.47389,16.61143,16.74780,16.86854,16.98798,17.08404,17.21237,17.32885,17.47265,17.61728,17.80814,18.05832,18.34899,18.75149,19.55161,20.45333
2025-07-16,2025-07-15,rw,1,17.16000,17.38000,True,15.14606,15.61105,16.01146,16.26968,16.47592,16.64685,16.78528,16.92316,17.04516,17.16578,17.26296,17.39259,17.51038,17.65527,17.80163,17.99444,18.24722,18.54100,18.94664,19.75612,20.66579
2025-07-17,2025-07-16,rw,1,16.52000,17.16000,True,14.95473,15.41380,15.80932,16.06392,16.26743,16.43648,16.57284,16.70904,16.82949,16.94847,17.04431,17.17235,17.28860,17.43155,17.57629,17.76641,18.01617,18.30630,18.70573,19.50595,20.40264
2025-07-18,2025-07-17,rw,1,16.41000,16.52000,True,14.39735,14.83926,15.22020,15.46499,15.66076,15.82381,15.95469,16.08569,16.20169,16.31602,16.40849,16.53183,16.64370,16.78122,16.92076,17.10355,17.34407,17.62354,18.00704,18.77837,19.64019
2025-07-21,2025-07-18,rw,1,16.65000,16.41000,True,14.30186,14.74080,15.11937,15.36224,15.55652,15.71878,15.84847,15.97867,16.09389,16.20771,16.29937,16.42169,16.53278,16.66934,16.80805,16.98942,17.22842,17.50618,17.88611,18.65324,19.50792
2025-07-22,2025-07-21,rw,1,16.50000,16.65000,True,14.51141,14.95673,15.34101,15.58725,15.78408,15.94901,16.08028,16.21245,16.32939,16.44477,16.53788,16.66194,16.77473,16.91298,17.05374,17.23765,17.48023,17.76221,18.14666,18.92596,19.79171
2025-07-23,2025-07-22,rw,1,15.37000,16.50000,True,14.38105,14.82232,15.20331,15.44715,15.64192,15.80538,15.93544,16.06648,16.18242,16.29665,16.38876,16.51177,16.62350,16.76047,16.89998,17.08229,17.32259,17.60219,17.98214,18.75536,19.61190
2025-07-24,2025-07-23,rw,1,15.39000,15.37000,True,13.39651,13.80754,14.16259,14.38797,14.57053,14.72227,14.84405,14.96602,15.07397,15.18054,15.26626,15.38090,15.48495,15.61252,15.74247,15.91235,16.13611,16.39670,16.74967,17.47082,18.26738
2025-07-25,2025-07-24,rw,1,14.93000,15.39000,True,13.41430,13.82582,14.18103,14.40687,14.58953,14.74174,14.86339,14.98558,15.09372,15.20032,15.28624,15.40099,15.50459,15.63272,15.76292,15.93300,16.15699,16.41804,16.77096,17.49347,18.28975
2025-07-28,2025-07-25,rw,1,15.03000,14.93000,True,13.01369,13.41289,13.75717,13.97642,14.15349,14.30143,14.41915,14.53751,14.64240,14.74596,14.82923,14.94060,15.04067,15.16539,15.29174,15.45671,15.67396,15.92731,16.26919,16.97051,17.74172
2025-07-29,2025-07-28,rw,1,15.98000,15.03000,True,13.10120,13.50304,13.84932,14.07020,14.24833,14.39727,14.51575,14.63497,14.74058,14.84475,14.92867,15.04075,15.14108,15.26693,15.39413,15.55997,15.77884,16.03399,16.37767,17.08410,17.85918
2025-07-30,2025-07-29,rw,1,15.48000,15.98000,True,13.92965,14.35685,14.72470,14.95980,15.14896,15.30733,15.43336,15.56009,15.67243,15.78310,15.87239,15.99150,16.09871,16.23201,16.36723,16.54388,16.77667,17.04731,17.41233,18.16384,18.98655
2025-07-31,2025-07-30,rw,1,16.72000,15.48000,True,13.49415,13.90796,14.26398,14.49203,14.67500,14.82843,14.95061,15.07307,15.18185,15.28920,15.37564,15.49108,15.59448,15.72406,15.85508,16.02618,16.25159,16.51371,16.86701,17.59543,18.39106
2025-08-01,2025-07-31,rw,1,20.38000,16.72000,True,14.57546,15.02238,15.40658,15.65323,15.85097,16.01630,16.14837,16.28056,16.39811,16.51396,16.60741,16.73204,16.84449,16.98378,17.12527,17.31012,17.55405,17.83688,18.21756,19.00478,19.86273
2025-08-04,2025-08-01,rw,1,17.52000,20.38000,True,17.76648,18.31119,18.77908,19.08012,19.32130,19.52273,19.68343,19.84448,19.98784,20.12897,20.24278,20.39480,20.53248,20.70181,20.87434,21.10020,21.39711,21.74141,22.21322,23.16816,24.27896
2025-08-05,2025-08-04,rw,1,17.85000,17.52000,True,15.25771,15.73534,16.14261,16.40086,16.60883,16.78251,16.92079,17.05946,17.18264,17.30409,17.40202,17.53264,17.65073,17.79652,17.94484,18.13887,18.39429,18.69035,19.09486,19.91648,20.87142
2025-08-06,2025-08-05,rw,1,16.77000,17.85000,True,15.54550,16.03173,16.44722,16.70998,16.92171,17.09868,17.23968,17.38088,17.50644,17.63011,17.72981,17.86299,17.98360,18.13200,18.28270,18.48026,18.74068,19.04238,19.45340,20.29120,21.26415
2025-08-07,2025-08-06,rw,1,16.57000,16.77000,True,14.60530,15.06174,15.45261,15.69914,15.89771,16.06396,16.19622,16.32909,16.44700,16.56331,16.65707,16.78211,16.89542,17.03479,17.17639,17.36188,17.60671,17.89023,18.27534,19.06310,19.97721
2025-08-08,2025-08-07,rw,1,15.15000,16.57000,True,14.43150,14.88246,15.26833,15.51225,15.70816,15.87244,16.00323,16.13444,16.25100,16.36586,16.45829,16.58190,16.69337,16.83151,16.97151,17.15476,17.39657,17.67687,18.05684,18.83566,19.73745
2025-08-11,2025-08-08,rw,1,16.25000,15.15000,True,13.19511,13.60739,13.95612,14.18180,14.36182,14.51154,14.63162,14.75139,14.85817,14.96327,15.04774,15.16083,15.26230,15.38898,15.51707,15.68459,15.90558,16.16201,16.50893,17.22142,18.04462
2025-08-12,2025-08-11,rw,1,14.73000,16.25000,True,14.15354,14.59572,14.96994,15.21169,15.40465,15.56552,15.69400,15.82278,15.93709,16.04978,16.14044,16.26169,16.37126,16.50656,16.64383,16.82377,17.06092,17.33552,17.70706,18.47173,19.35331
2025-08-13,2025-08-12,rw,1,14.49000,14.73000,True,12.82997,13.23077,13.56618,13.78605,13.96346,14.10864,14.22596,14.34216,14.44622,14.54844,14.63058,14.74054,14.83943,14.96245,15.08694,15.24988,15.46499,15.71398,16.05029,16.74383,17.54169
2025-08-14,2025-08-13,rw,1,14.83000,14.49000,True,12.62126,13.01550,13.34549,13.56227,13.73605,13.87906,13.99420,14.10880,14.21092,14.31138,14.39167,14.50031,14.59716,14.71856,14.84109,15.00136,15.21295,15.45794,15.78830,16.47094,17.25455
2025-08-15,2025-08-14,rw,1,15.09000,14.83000,True,12.91775,13.32120,13.65899,13.88135,14.05841,14.20503,14.32258,14.44012,14.54450,14.64721,14.72990,14.84062,14.94042,15.06413,15.18929,15.35330,15.56977,15.82064,16.15828,16.85734,17.65807
2025-08-18,2025-08-15,rw,1,14.99000,15.09000,True,13.14456,13.55506,13.89883,14.12536,14.30494,14.45438,14.57375,14.69337,14.79963,14.90404,14.98827,15.10088,15.20290,15.32848,15.45553,15.62242,15.84259,16.09801,16.44107,17.15280,17.96627
2025-08-19,2025-08-18,rw,1,15.57000,14.99000,True,13.05780,13.46555,13.80708,14.03192,14.21019,14.35890,14.47732,14.59608,14.70170,14.80535,14.88906,15.00075,15.10186,15.22676,15.35299,15.51883,15.73746,15.99132,16.33163,17.03904,17.84584
2025-08-20,2025-08-19,rw,1,15.69000,15.57000,True,13.56339,13.98688,14.34168,14.57502,14.76008,14.91454,15.03764,15.16091,15.27070,15.37828,15.46516,15.58124,15.68654,15.81618,15.94723,16.11947,16.34623,16.61007,16.96303,17.69824,18.53492
2025-08-21,2025-08-20,rw,1,16.60000,15.69000,True,13.66828,14.09501,14.45259,14.68753,14.87389,15.02954,15.15369,15.27784,15.38855,15.49685,15.58437,15.70143,15.80758,15.93794,16.07011,16.24365,16.47206,16.73808,17.09325,17.83456,18.67634
2025-08-22,2025-08-21,rw,1,14.22000,16.60000,True,14.46140,14.91285,15.29134,15.53957,15.73660,15.90129,16.03273,16.16401,16.28138,16.39569,16.48824,16.61220,16.72459,16.86263,17.00224,17.18613,17.42806,17.70887,18.08452,18.86885,19.75802
2025-08-25,2025-08-22,rw,1,14.79000,14.22000,True,12.37558,12.77146,13.09579,13.30983,13.48020,13.62132,13.73375,13.84639,13.94672,14.04493,14.12426,14.23038,14.32662,14.44482,14.56454,14.72188,14.92920,15.16988,15.49158,16.16347,16.92395
2025-08-26,2025-08-25,rw,1,14.62000,14.79000,True,12.87198,13.28340,13.62109,13.84420,14.02060,14.16737,14.28440,14.40149,14.50598,14.60796,14.69043,14.80088,14.90106,15.02416,15.14845,15.31266,15.52749,15.77796,16.11245,16.81130,17.60098
2025-08-27,2025-08-26,rw,1,14.85000,14.62000,True,12.72435,13.13072,13.46487,13.68546,13.85949,14.00458,14.12035,14.23602,14.33952,14.44017,14.52157,14.63069,14.72968,14.85127,14.97427,15.13643,15.34887,15.59647,15.92715,16.61798,17.39734
2025-08-28,2025-08-27,rw,1,14.43000,14.85000,True,12.92486,13.33730,13.67706,13.90092,14.07758,14.22495,14.34262,14.46041,14.56539,14.66750,14.75002,14.86093,14.96157,15.08476,15.20981,15.37434,15.59019,15.84164,16.17761,16.87933,17.66968
2025-08-29,2025-08-28,rw,1,15.36000,14.43000,True,12.55963,12.96009,13.29058,13.50792,13.67946,13.82268,13.93710,14.05095,14.15303,14.25247,14.33285,14.44057,14.53831,14.65799,14.77960,14.93929,15.14915,15.39341,15.71996,16.40186,17.16861
2025-09-02,2025-08-29,rw,1,17.17000,15.36000,True,13.36943,13.79536,14.14751,14.37867,14.56113,14.71389,14.83545,14.95660,15.06547,15.17119,15.25659,15.37131,15.47542,15.60295,15.73221,15.90280,16.12606,16.38530,16.73299,17.45886,18.27371
2025-09-03,2025-09-02,rw,1,16.35000,17.17000,True,14.94525,15.42099,15.81505,16.07322,16.27703,16.44815,16.58373,16.71965,16.84093,16.95917,17.05441,17.18267,17.29908,17.44201,17.58635,17.77714,18.02683,18.31694,18.70674,19.51609,20.42549
2025-09-04,2025-09-03,rw,1,15.30000,16.35000,True,14.23186,14.68452,15.06015,15.30578,15.49972,15.66181,15.79147,15.92053,16.03633,16.14899,16.23993,16.36204,16.47288,16.60880,16.74634,16.92809,17.16583,17.44216,17.81282,18.58395,19.44852
2025-09-05,2025-09-04,rw,1,15.18000,15.30000,True,13.31823,13.74148,14.09335,14.32188,14.50418,14.65585,14.77702,14.89798,15.00604,15.11169,15.19699,15.31124,15.41495,15.54197,15.67077,15.84091,16.06336,16.32202,16.66837,17.39041,18.19814
2025-09-08,2025-09-05,rw,1,15.11000,15.18000,True,13.21411,13.63402,13.98329,14.20972,14.39045,14.54095,14.66125,14.78120,14.88863,14.99333,15.07779,15.19107,15.29393,15.41994,15.54783,15.71644,15.93723,16.19381,16.53753,17.25377,18.05403
2025-09-09,2025-09-08,rw,1,15.04000,15.11000,True,13.15351,13.57146,13.91927,14.14436,14.32413,14.47395,14.59378,14.71311,14.82026,14.92436,15.00827,15.12093,15.22329,15.34870,15.47610,15.64374,15.86359,16.11894,16.46117,17.17396,17.96939
2025-09-10,2025-09-09,rw,1,15.35000,15.04000,True,13.09291,13.50890,13.85525,14.07900,14.25781,14.40695,14.52631,14.64510,14.75175,14.85550,14.93874,15.05082,15.15267,15.27746,15.40437,15.57105,15.78995,16.04407,16.38480,17.09416,17.88478
2025-09-11,2025-09-10,rw,1,14.71000,15.35000,True,13.36312,13.78766,14.14131,14.36936,14.55172,14.70396,14.82582,14.94755,15.05581,15.16201,15.24666,15.36112,15.46515,15.59260,15.72179,15.89176,16.11526,16.37457,16.72242,17.44625,18.25201
2025-09-12,2025-09-11,rw,1,14.76000,14.71000,True,12.80629,13.21311,13.55216,13.77041,13.94504,14.09123,14.20740,14.32363,14.42807,14.52948,14.61097,14.72059,14.82024,14.94236,15.06617,15.22912,15.44321,15.69166,16.02509,16.71862,17.48967
2025-09-15,2025-09-12,rw,1,15.69000,14.76000,True,12.85015,13.25833,13.59868,13.81738,13.99284,14.13947,14.25583,14.37253,14.47712,14.57917,14.66063,14.77071,14.87052,14.99302,15.11727,15.28083,15.49560,15.74480,16.07946,16.77521,17.54778
2025-09-16,2025-09-15,rw,1,16.36000,15.69000,True,13.66016,14.09403,14.45600,14.68821,14.87494,15.03074,15.15418,15.27873,15.38930,15.49799,15.58484,15.70150,15.80764,15.93796,16.07007,16.24400,16.47252,16.73647,17.09249,17.83193,18.65200
2025-09-17,2025-09-16,rw,1,15.72000,16.36000,True,14.24385,14.69622,15.07381,15.31576,15.51058,15.67297,15.80139,15.93180,16.04648,16.15979,16.25084,16.37205,16.48285,16.61886,16.75641,16.93838,17.17577,17.45037,17.82226,18.59314,19.44699
2025-09-18,2025-09-17,rw,1,15.70000,15.72000,True,13.68698,14.12163,14.48461,14.71692,14.90423,15.06003,15.18299,15.30742,15.41872,15.52762,15.61464,15.73154,15.83793,15.96855,16.10087,16.27552,16.50370,16.76696,17.12495,17.86553,18.68479
2025-09-19,2025-09-18,rw,1,15.45000,15.70000,True,13.66992,14.10399,14.46667,14.69851,14.88570,15.04105,15.16381,15.28855,15.39911,15.50787,15.59524,15.71144,15.81766,15.94810,16.08035,16.25458,16.48255,16.74487,17.10305,17.84255,18.65959
2025-09-22,2025-09-19,rw,1,16.10000,15.45000,True,13.45259,13.87973,14.23631,14.46477,14.64870,14.80173,14.92243,15.04570,15.15393,15.26089,15.34645,15.46117,15.56569,15.69401,15.82417,15.99552,16.21998,16.47749,16.83021,17.55818,18.36106
2025-09-23,2025-09-22,rw,1,16.64000,16.10000,True,14.01892,14.46400,14.83526,15.07364,15.26502,15.42464,15.55033,15.67899,15.79151,15.90297,15.99257,16.11175,16.22072,16.35454,16.49009,16.66919,16.90226,17.16995,17.53776,18.29662,19.13206
2025-09-24,2025-09-23,rw,1,16.18000,16.64000,True,14.48948,14.94947,15.33284,15.57955,15.77705,15.94208,16.07198,16.20491,16.32135,16.43636,16.52908,16.65223,16.76495,16.90345,17.04329,17.22803,17.46905,17.74504,18.12545,18.91003,19.77224
2025-09-25,2025-09-24,rw,1,16.74000,16.18000,True,14.08930,14.53654,14.90899,15.14906,15.34093,15.50146,15.62818,15.75669,15.86996,15.98199,16.07204,16.19183,16.30138,16.43595,16.57207,16.75154,16.98602,17.25417,17.62387,18.38702,19.22418
2025-09-26,2025-09-25,rw,1,15.29000,16.74000,True,14.57731,15.04000,15.42500,15.67352,15.87193,16.03806,16.16980,16.30226,16.41926,16.53514,16.62842,16.75232,16.86577,17.00523,17.14588,17.33107,17.57379,17.85126,18.23330,19.02313,19.88801
2025-09-29,2025-09-26,rw,1,16.12000,15.29000,True,13.31498,13.73757,14.08698,14.31446,14.49700,14.64862,14.76804,14.88947,14.99700,15.10289,15.18798,15.30120,15.40476,15.53205,15.66061,15.82965,16.05155,16.30492,16.65346,17.37513,18.16394
2025-09-30,2025-09-29,rw,1,16.28000,16.12000,True,14.03813,14.48364,14.85218,15.09183,15.28398,15.44389,15.56999,15.69835,15.81113,15.92273,16.01255,16.13187,16.24113,16.37558,16.51101,16.68966,16.92326,17.18992,17.55696,18.31806,19.14848
2025-10-01,2025-09-30,rw,1,16.29000,16.28000,True,14.17783,14.62773,15.00010,15.24195,15.43572,15.59726,15.72523,15.85429,15.96825,16.08081,16.17160,16.29202,16.40239,16.53791,16.67477,16.85507,17.09112,17.36045,17.73070,18.49962,19.33706
2025-10-02,2025-10-01,rw,1,16.63000,16.29000,True,14.18690,14.63705,15.00982,15.25164,15.44523,15.60693,15.73559,15.86408,15.97839,16.09084,16.18156,16.30200,16.41243,16.54785,16.68489,16.86518,17.10150,17.37102,17.74107,18.51072,19.34745
2025-10-03,2025-10-02,rw,1,16.65000,16.63000,True,14.48337,14.94290,15.32361,15.57030,15.76763,15.93276,16.06474,16.19523,16.31223,16.42684,16.51932,16.64228,16.75504,16.89365,17.03300,17.21694,17.45831,17.73349,18.11082,18.89680,19.74975
2025-10-06,2025-10-03,rw,1,16.37000,16.65000,True,14.50117,14.96088,15.34205,15.58916,15.78663,15.95202,16.08434,16.21471,16.33196,16.44668,16.53942,16.66236,16.77515,16.91374,17.05345,17.23758,17.47929,17.75481,18.13256,18.91926,19.77325
2025-10-07,2025-10-06,rw,1,17.24000,16.37000,True,14.25768,14.70930,15.08405,15.32713,15.52118,15.68387,15.81414,15.94203,16.05742,16.16998,16.26105,16.38210,16.49301,16.62908,16.76663,16.94764,17.18532,17.45622,17.82758,18.60085,19.44048
2025-10-08,2025-10-07,rw,1,16.30000,17.24000,True,15.01581,15.49106,15.88571,16.14185,16.34610,16.51751,16.65489,16.78931,16.91097,17.02946,17.12551,17.25281,17.36960,17.51328,17.65783,17.84873,18.09894,18.38393,18.77500,19.58913,20.47340
2025-10-09,2025-10-08,rw,1,16.43000,16.30000,True,14.19745,14.64643,15.01956,15.26186,15.45471,15.61659,15.74614,15.87386,15.98870,16.10080,16.19151,16.31206,16.42250,16.55816,16.69498,16.87529,17.11199,17.38155,17.75126,18.52079,19.35685
2025-10-10,2025-10-09,rw,1,21.66000,16.43000,True,14.31106,14.76325,15.13935,15.38371,15.57800,15.74125,15.87200,16.00046,16.11633,16.22933,16.32088,16.44222,16.55353,16.69000,16.82809,17.00982,17.24835,17.52016,17.89280,18.66824,19.51099
2025-10-13,2025-10-10,rw,1,19.03000,21.66000,True,18.86705,19.46271,19.95853,20.28084,20.53684,20.75214,20.92475,21.09380,21.24675,21.39556,21.51646,21.67615,21.82457,22.00331,22.18501,22.42511,22.73947,23.09734,23.59150,24.61728,25.79054
2025-10-14,2025-10-13,rw,1,20.81000,19.03000,True,16.57661,17.09429,17.53331,17.81742,18.04306,18.23203,18.38327,18.53249,18.66663,18.79755,18.90362,19.04416,19.17358,19.33137,19.49115,19.70193,19.97826,20.29274,20.72636,21.62790,22.65726
2025-10-15,2025-10-14,rw,1,20.64000,20.81000,True,18.12760,18.69366,19.17396,19.48416,19.73079,19.93750,20.10313,20.26595,20.41284,20.55592,20.67209,20.82552,20.96865,21.14003,21.31461,21.54571,21.84766,22.19147,22.67000,23.65056,24.77464
2025-10-16,2025-10-15,rw,1,25.31000,20.64000,True,17.97998,18.54138,19.01796,19.32516,19.56965,19.77476,19.93926,20.10050,20.24634,20.38809,20.50292,20.65537,20.79627,20.96710,21.14033,21.36939,21.66899,22.01007,22.48466,23.45703,24.57037
2025-10-17,2025-10-16,rw,1,20.78000,25.31000,True,22.04871,22.73707,23.32174,23.69788,23.99752,24.24916,24.45114,24.64875,24.82758,25.00112,25.14227,25.32888,25.50363,25.71161,25.92399,26.20497,26.57279,26.99444,27.57363,28.76945,30.16716
2025-10-20,2025-10-17,rw,1,18.23000,20.78000,True,18.08425,18.66321,19.14181,19.45488,19.70226,19.90865,20.07403,20.23673,20.38354,20.52637,20.64200,20.79549,20.93788,21.10953,21.28394,21.51472,21.81658,22.16196,22.63834,23.62016,24.76737
2025-10-21,2025-10-20,rw,1,17.87000,18.23000,True,15.86546,16.37195,16.78877,17.06565,17.28299,17.46530,17.60931,17.75340,17.88190,18.00738,18.10867,18.24354,18.36755,18.51887,18.67196,18.87449,19.13919,19.44150,19.86017,20.72153,21.72766
2025-10-22,2025-10-21,rw,1,18.60000,17.87000,True,15.55255,16.04876,16.45766,16.72884,16.94218,17.12049,17.26233,17.40281,17.52860,17.65164,17.75104,17.88322,18.00434,18.15293,18.30310,18.50150,18.76107,19.05672,19.46785,20.31223,21.29819
2025-10-23,2025-10-22,rw,1,17.30000,18.60000,True,16.18830,16.70448,17.13041,17.41254,17.63478,17.81997,17.96799,18.11373,18.24478,18.37284,18.47621,18.61382,18.74083,18.89493,19.05112,19.25771,19.52728,19.83483,20.26299,21.14189,22.16783
2025-10-24,2025-10-23,rw,1,16.37000,17.30000,True,15.05724,15.53707,15.93354,16.19434,16.40035,16.57410,16.71072,16.84771,16.96943,17.08856,17.18483,17.31280,17.43007,17.57410,17.71946,17.91168,18.16230,18.44843,18.84664,19.66414,20.61808
2025-10-27,2025-10-24,rw,1,15.79000,16.37000,True,14.24817,14.70195,15.07739,15.32396,15.51856,15.68255,15.81117,15.94198,16.05669,16.16974,16.26100,16.38208,16.49305,16.62915,16.76679,16.94874,17.18583,17.45660,17.83338,18.60696,19.50935
2025-10-28,2025-10-27,rw,1,16.42000,15.79000,True,13.74370,14.18116,14.54357,14.78120,14.96877,15.12709,15.25077,15.37698,15.48745,15.59677,15.68475,15.80162,15.90865,16.03975,16.17263,16.34800,16.57681,16.83802,17.20142,17.94761,18.81778
2025-10-29,2025-10-28,rw,1,16.92000,16.42000,True,14.29242,14.74707,15.12423,15.37113,15.56604,15.73083,15.85934,15.99063,16.10556,16.21909,16.31067,16.43212,16.54344,16.68013,16.81816,17.00062,17.23809,17.50974,17.88762,18.66361,19.56822
2025-10-30,2025-10-29,rw,1,16.91000,16.92000,True,14.72802,15.19624,15.58518,15.83938,16.04008,16.21005,16.34236,16.47760,16.59634,16.71314,16.80736,16.93255,17.04811,17.18841,17.33046,17.51824,17.76288,18.04283,18.43220,19.23184,20.16371
2025-10-31,2025-10-30,rw,1,17.44000,16.91000,True,14.71969,15.18737,15.57638,15.83020,16.03064,16.20067,16.33279,16.46791,16.58688,16.70342,16.79745,16.92249,17.03714,17.17809,17.32022,17.50783,17.75226,18.03207,18.42118,19.22038,20.15142
2025-11-03,2025-10-31,rw,1,17.17000,17.44000,True,15.18143,15.66339,16.06512,16.32671,16.53355,16.70853,16.84545,16.98405,17.10687,17.22704,17.32418,17.45294,17.57250,17.71681,17.86308,18.05631,18.30863,18.59723,18.99799,19.82251,20.78264
2025-11-04,2025-11-03,rw,1,19.00000,17.17000,True,14.94678,15.42090,15.81694,16.07429,16.27805,16.44994,16.58540,16.72111,16.84214,16.96021,17.05572,17.18269,17.29955,17.44235,17.58653,17.77651,18.02516,18.30930,18.70332,19.51535,20.46051
2025-11-05,2025-11-04,rw,1,18.01000,19.00000,True,16.54025,17.06448,17.50331,17.78788,18.01351,18.20329,18.35391,18.50330,18.63738,18.76796,18.87382,19.01411,19.14486,19.30173,19.46095,19.67178,19.94663,20.26114,20.69889,21.59502,22.64080
2025-11-06,2025-11-05,rw,1,19.50000,18.01000,True,15.67881,16.17534,16.59186,16.86140,17.07339,17.25452,17.39576,17.53915,17.66604,17.78991,17.89013,18.02333,18.14636,18.29583,18.44691,18.64672,18.90718,19.20533,19.62024,20.46951,21.46069
2025-11-07,2025-11-06,rw,1,19.08000,19.50000,True,16.97639,17.51356,17.96513,18.25676,18.48595,18.68212,18.83579,18.99020,19.12772,19.26183,19.37050,19.51450,19.64918,19.80980,19.97316,20.18960,20.47196,20.79621,21.24332,22.16268,23.23575
2025-11-10,2025-11-07,rw,1,17.60000,19.08000,True,16.61117,17.13635,17.57878,17.86392,18.08831,18.27984,18.43091,18.58124,18.71554,18.84679,18.95301,19.09413,19.22496,19.38298,19.54291,19.75468,20.03089,20.34738,20.78564,21.68503,22.73487
2025-11-11,2025-11-10,rw,1,17.28000,17.60000,True,15.32306,15.80712,16.21578,16.47626,16.68463,16.86152,16.99949,17.13987,17.26351,17.38467,17.48284,17.61299,17.73279,17.87930,18.02697,18.22228,18.47701,18.76848,19.17322,20.00268,20.97098
2025-11-12,2025-11-11,rw,1,17.51000,17.28000,True,15.04485,15.51973,15.92148,16.17704,16.38131,16.55515,16.69116,16.82824,16.94987,17.06853,17.16494,17.29272,17.40991,17.55405,17.69920,17.89091,18.14094,18.42714,18.82449,19.63872,20.58931
2025-11-13,2025-11-12,rw,1,20.00000,17.51000,True,15.24549,15.72630,16.13394,16.39271,16.59939,16.77559,16.91407,17.05232,17.17559,17.29574,17.39343,17.52293,17.64257,17.78750,17.93478,18.12878,18.38227,18.67231,19.07493,19.89983,20.86297
2025-11-14,2025-11-13,rw,1,19.83000,20.00000,True,17.41391,17.96266,18.42888,18.72422,18.95995,19.16126,19.32019,19.47748,19.61817,19.75546,19.86689,20.01484,20.15301,20.31736,20.48519,20.70721,20.99688,21.33105,21.78872,22.73366,23.82934
2025-11-17,2025-11-14,rw,1,22.38000,19.83000,True,17.26633,17.80998,18.27224,18.56546,18.79933,18.99849,19.15631,19.31216,19.45166,19.58773,19.69799,19.84465,19.98066,20.14446,20.31106,20.53113,20.81827,21.14878,21.60338,22.54031,23.62635
2025-11-18,2025-11-17,rw,1,24.69000,22.38000,True,19.48716,20.10023,20.62193,20.95330,21.21740,21.44168,21.62006,21.79586,21.95329,22.10670,22.23105,22.39662,22.55147,22.73531,22.92301,23.17152,23.49617,23.87341,24.38745,25.43872,26.66404
2025-11-19,2025-11-18,rw,1,23.66000,24.69000,True,21.49912,22.17493,22.75048,23.11653,23.40808,23.65499,23.85204,24.04591,24.21952,24.38862,24.52603,24.70841,24.88001,25.08237,25.28955,25.56481,25.92210,26.33927,26.91712,28.06430,29.41569
2025-11-20,2025-11-19,rw,1,26.42000,23.66000,True,20.60277,21.24986,21.80140,22.15246,22.43220,22.66831,22.85605,23.04219,23.20874,23.37104,23.50253,23.67758,23.84154,24.03582,24.23417,24.49781,24.84058,25.24026,25.79272,26.89340,28.18803
2025-11-21,2025-11-20,rw,1,23.43000,26.42000,True,23.00672,23.72872,24.34460,24.73681,25.04969,25.31280,25.52272,25.73047,25.91642,26.09747,26.24454,26.43970,26.62362,26.84003,27.06300,27.35784,27.73880,28.18484,28.80904,30.03044,31.47565
2025-11-24,2025-11-21,rw,1,20.52000,23.43000,True,20.40353,21.04256,21.58653,21.93511,22.21222,22.44765,22.63293,22.81795,22.98298,23.14382,23.27406,23.44743,23.61005,23.80232,23.99927,24.26067,24.59944,24.99511,25.54851,26.63171,27.91298
2025-11-25,2025-11-24,rw,1,18.56000,20.52000,True,17.86987,18.42660,18.90019,19.20900,19.45276,19.65934,19.81986,19.98353,20.12818,20.26917,20.38340,20.53520,20.67722,20.84592,21.01799,21.24706,21.54410,21.89072,22.37525,23.32394,24.44574
2025-11-26,2025-11-25,rw,1,17.19000,18.56000,True,16.16342,16.66665,17.09071,17.37185,17.59447,17.78101,17.92627,18.07477,18.20541,18.33291,18.43642,18.57370,18.70150,18.85461,19.01037,19.21722,19.48619,19.79979,20.23792,21.09602,22.11036
2025-11-28,2025-11-26,rw,1,16.35000,17.19000,True,14.97071,15.43650,15.82967,16.08581,16.29544,16.46771,16.60277,16.74054,16.86117,16.97963,17.07542,17.20266,17.32015,17.46270,17.60707,17.79834,18.04774,18.33828,18.74395,19.53873,20.47792
2025-12-01,2025-11-28,rw,1,17.24000,16.35000,True,14.23952,14.68227,15.05661,15.30000,15.49927,15.66187,15.79113,15.92243,16.03674,16.14991,16.24090,16.36201,16.47293,16.60921,16.74664,16.92826,17.16575,17.44216,17.82790,18.58386,19.47689
2025-12-02,2025-12-01,rw,1,16.59000,17.24000,True,15.01503,15.48160,15.87662,16.13360,16.34302,16.51481,16.65086,16.78920,16.91004,17.02902,17.12509,17.25270,17.37098,17.51364,17.65835,17.85084,18.10048,18.39139,18.79727,19.59519,20.53552
2025-12-03,2025-12-02,rw,1,16.08000,16.59000,True,14.44929,14.89801,15.27842,15.52603,15.72690,15.89254,16.02271,16.15560,16.27212,16.38690,16.47930,16.60220,16.71517,16.85315,16.99253,17.17746,17.41796,17.69776,18.08751,18.85612,19.75976
2025-12-04,2025-12-03,rw,1,15.78000,16.08000,True,14.00547,14.44013,14.80913,15.04944,15.24349,15.40435,15.53030,15.65779,15.77184,15.88274,15.97223,16.09174,16.20088,16.33490,16.47011,16.64905,16.88243,17.15350,17.53047,18.27620,19.15085
2025-12-05,2025-12-04,rw,1,15.41000,15.78000,True,13.74453,14.17083,14.53322,14.76936,14.95915,15.11732,15.24070,15.36628,15.47762,15.58609,15.67377,15.79143,15.89859,16.02993,16.16281,16.33810,16.56739,16.83327,17.20241,17.93498,18.79211
2025-12-08,2025-12-05,rw,1,16.66000,15.41000,True,13.42261,13.83866,14.19282,14.42373,14.60845,14.76304,14.88349,15.00658,15.11467,15.22043,15.30625,15.42109,15.52578,15.65386,15.78383,15.95496,16.17885,16.43837,16.79810,17.51420,18.35008
2025-12-09,2025-12-08,rw,1,16.93000,16.66000,True,14.51178,14.96131,15.34449,15.59445,15.79348,15.96076,16.09093,16.22433,16.34075,16.45523,16.54784,16.67209,16.78523,16.92406,17.06420,17.24994,17.49153,17.77287,18.15965,18.93462,19.83704
2025-12-10,2025-12-09,rw,1,15.77000,16.93000,True,14.74735,15.20389,15.59358,15.84774,16.04947,16.21963,16.35183,16.48732,16.60561,16.72216,16.81653,16.94241,17.05774,17.19867,17.34071,17.52913,17.77493,18.06083,18.45289,19.24121,20.15699
2025-12-11,2025-12-10,rw,1,14.85000,15.77000,True,13.73726,14.16226,14.52553,14.75816,14.94962,15.10774,15.23114,15.35724,15.46778,15.57614,15.66383,15.78147,15.88855,16.02010,16.15257,16.32775,16.55696,16.82315,17.18755,17.92260,18.77444
2025-12-12,2025-12-11,rw,1,15.74000,14.85000,True,12.93618,13.33615,13.67848,13.89784,14.07721,14.22534,14.34225,14.46025,14.56540,14.66725,14.75002,14.86072,14.96160,15.08534,15.21025,15.37516,15.59098,15.84151,16.18392,16.87679,17.67781
2025-12-15,2025-12-12,rw,1,16.50000,15.74000,True,13.71184,14.13553,14.49865,14.73146,14.92101,15.07827,15.20198,15.32750,15.43834,15.54647,15.63403,15.75146,15.85835,15.98976,16.12184,16.29736,16.52569,16.79073,17.15288,17.88800,18.73585
2025-12-16,2025-12-15,rw,1,16.48000,16.50000,True,14.37429,14.81816,15.19922,15.44348,15.64152,15.80670,15.93615,16.06823,16.18381,16.29730,16.38941,16.51213,16.62536,16.76211,16.90040,17.08570,17.32355,17.60126,17.98056,18.75146,19.63900
2025-12-17,2025-12-16,rw,1,17.62000,16.48000,True,14.35724,14.80031,15.18131,15.42548,15.62262,15.78793,15.91698,16.04905,16.16423,16.27787,16.37004,16.49202,16.60434,16.74164,16.87986,17.06427,17.30247,17.57971,17.95823,18.72846,19.61369
2025-12-18,2025-12-17,rw,1,16.87000,17.62000,True,15.35080,15.82424,16.23202,16.49331,16.70338,16.88026,17.01819,17.15929,17.28259,17.40425,17.50255,17.63296,17.75434,17.90001,18.04787,18.24702,18.50050,18.79700,19.19991,20.02372,20.96885
2025-12-19,2025-12-18,rw,1,14.91000,16.87000,True,14.69777,15.15078,15.54162,15.79163,15.99245,16.16077,16.29345,16.42864,16.54674,16.66301,16.75743,16.88233,16.99773,17.13797,17.27939,17.46958,17.71256,17.99675,18.38210,19.17114,20.07477
2025-12-22,2025-12-19,rw,1,14.08000,14.91000,True,12.99049,13.38876,13.73232,13.95356,14.13420,14.28242,14.40010,14.51884,14.62425,14.72676,14.81007,14.92081,15.02211,15.14670,15.27178,15.43926,15.65426,15.90565,16.24593,16.94354,17.74107
2025-12-23,2025-12-22,rw,1,14.00000,14.08000,True,12.26766,12.64352,12.96821,13.17742,13.34698,13.48721,13.59825,13.71015,13.81015,13.90678,13.98521,14.09014,14.18583,14.30338,14.42160,14.57918,14.78276,15.02004,15.34111,16.00012,16.75219
2025-12-24,2025-12-23,rw,1,13.47000,14.00000,True,12.19828,12.57175,12.89487,13.10316,13.27124,13.41063,13.52104,13.63232,13.73169,13.82791,13.90617,14.01003,14.10520,14.22197,14.33963,14.49604,14.69870,14.93452,15.25348,15.90898,16.65573
2025-12-26,2025-12-24,rw,1,13.60000,13.47000,True,11.73679,12.09589,12.40703,12.60769,12.76893,12.90299,13.00909,13.11612,13.21184,13.30425,13.37932,13.47960,13.57115,13.68339,13.79677,13.94698,14.14219,14.36897,14.67559,15.30650,16.02396
2025-12-29,2025-12-26,rw,1,14.20000,13.60000,True,11.85037,12.21270,12.52710,12.72996,12.89226,13.02756,13.13466,13.24277,13.33935,13.43280,13.50885,13.60976,13.70221,13.81527,13.92992,14.08129,14.27861,14.50747,14.81678,15.45401,16.17737
2025-12-30,2025-12-29,rw,1,14.33000,14.20000,True,12.37351,12.75157,13.08010,13.29220,13.46114,13.60236,13.71415,13.82707,13.92786,14.02557,14.10525,14.21025,14.30677,14.42512,14.54448,14.70344,14.90848,15.14732,15.46999,16.13557,16.88978
2025-12-31,2025-12-30,rw,1,14.95000,14.33000,True,12.48711,12.86841,13.20030,13.41405,13.58443,13.72722,13.83985,13.95422,14.05540,14.15427,14.23448,14.34045,14.43887,14.55699,14.67764,14.83774,15.04483,15.28530,15.61152,16.28307,17.04310
2026-01-02,2025-12-31,rw,1,14.51000,14.95000,True,13.02772,13.42527,13.77188,13.99459,14.17222,14.32148,14.43879,14.55854,14.66354,14.76698,14.85045,14.96099,15.06454,15.18714,15.31274,15.48134,15.69561,15.94592,16.28686,16.98733,17.77912
2026-01-05,2026-01-02,rw,1,14.90000,14.51000,True,12.64462,13.03024,13.36700,13.58287,13.75516,13.90032,14.01397,14.12901,14.23193,14.33200,14.41328,14.52060,14.62062,14.74001,14.86202,15.02507,15.23352,15.47591,15.80741,16.48714,17.25453
2026-01-06,2026-01-05,rw,1,14.75000,14.90000,True,12.98483,13.38056,13.72674,13.94811,14.12493,14.27428,14.39078,14.50935,14.61449,14.71752,14.80079,14.91096,15.01433,15.13647,15.26158,15.42825,15.64282,15.89116,16.23218,16.93005,17.71694
2026-01-07,2026-01-06,rw,1,15.38000,14.75000,True,12.85444,13.24596,13.58901,13.80786,13.98278,14.13075,14.24604,14.36386,14.46739,14.56949,14.65168,14.76079,14.86284,14.98395,15.10790,15.27262,15.48520,15.73047,16.06867,16.75938,17.53723
2026-01-08,2026-01-07,rw,1,15.45000,15.38000,True,13.40383,13.81182,14.16990,14.39779,14.58005,14.73448,14.85465,14.97780,15.08564,15.19178,15.27759,15.39132,15.49819,15.62422,15.75368,15.92663,16.14649,16.40161,16.75488,17.47496,18.28488
2026-01-09,2026-01-08,rw,1,14.49000,15.45000,True,13.46519,13.87478,14.23487,14.46354,14.64645,14.80173,14.92238,15.04601,15.15462,15.26098,15.34715,15.46140,15.56837,15.69518,15.82495,15.99843,16.21987,16.47574,16.83103,17.55425,18.36669
2026-01-12,2026-01-09,rw,1,15.12000,14.49000,True,12.62884,13.01276,13.35082,13.56512,13.73620,13.88150,13.99488,14.11075,14.21252,14.31268,14.39352,14.50067,14.60047,14.71980,14.84161,15.00372,15.21193,15.45192,15.78512,16.46327,17.22414
2026-01-13,2026-01-12,rw,1,15.98000,15.12000,True,13.17827,13.57863,13.93176,14.15521,14.33348,14.48522,14.60348,14.72461,14.83077,14.93498,15.01934,15.13116,15.23602,15.36007,15.48757,15.65805,15.87321,16.12366,16.47132,17.17883,17.97163
2026-01-14,2026-01-13,rw,1,16.75000,15.98000,True,13.92819,14.35106,14.72467,14.96065,15.14881,15.30930,15.43425,15.56216,15.67465,15.78461,15.87364,15.99185,16.10316,16.23397,16.37001,16.55072,16.77651,17.04066,17.40807,18.15568,18.99237
2026-01-15,2026-01-14,rw,1,15.84000,16.75000,True,14.59970,15.04268,15.43419,15.68187,15.87880,16.04718,16.17804,16.31207,16.43005,16.54536,16.63876,16.76248,16.87942,17.01695,17.15880,17.34969,17.58477,17.86167,18.24635,19.03025,19.90600
2026-01-16,2026-01-15,rw,1,15.86000,15.84000,True,13.80689,14.22554,14.59568,14.83022,15.01592,15.17480,15.29884,15.42579,15.53716,15.64629,15.73458,15.85176,15.96218,16.09184,16.22659,16.40708,16.62931,16.89119,17.25454,17.99611,18.82309
2026-01-20,2026-01-16,rw,1,20.09000,15.86000,True,13.82468,14.24361,14.61412,14.84926,15.03493,15.19415,15.31830,15.44531,15.55700,15.66620,15.75467,15.87182,15.98205,16.11204,16.24708,16.42712,16.65019,16.91243,17.27582,18.01859,18.84542
2026-01-21,2026-01-20,rw,1,16.90000,20.09000,True,17.51230,18.04263,18.51184,18.80993,19.04495,19.24680,19.40396,19.56476,19.70632,19.84464,19.95687,20.10499,20.24510,20.40995,20.58031,20.80930,21.09157,21.42375,21.88621,22.83035,23.93480
2026-01-22,2026-01-21,rw,1,15.64000,16.90000,True,14.71664,15.17572,15.56978,15.82141,16.02065,16.18990,16.32258,16.45808,16.57707,16.69345,16.78776,16.91260,17.03025,17.16868,17.31246,17.50506,17.74237,18.02188,18.41088,19.20496,20.13393
2026-01-23,2026-01-22,rw,1,16.09000,15.64000,True,13.61977,14.04436,14.40944,14.64061,14.82576,14.98175,15.10529,15.23030,15.34066,15.44867,15.53591,15.65163,15.76018,15.88853,16.02171,16.19992,16.41945,16.67815,17.03813,17.77286,18.63248
2026-01-26,2026-01-23,rw,1,16.15000,16.09000,True,14.01200,14.44854,14.82454,15.06203,15.25245,15.41318,15.54006,15.66914,15.78238,15.89332,15.98314,16.10200,16.21411,16.34607,16.48269,16.66534,16.89176,17.15793,17.52824,18.28397,19.16823
2026-01-27,2026-01-26,rw,1,16.35000,16.15000,True,14.06461,14.50250,14.88032,15.11838,15.30944,15.47104,15.59816,15.72769,15.84146,15.95272,16.04298,16.16206,16.27429,16.40674,16.54416,16.72680,16.95464,17.22182,17.59349,18.35189,19.23935
2026-01-28,2026-01-27,rw,1,16.35000,16.35000,True,14.23915,14.68218,15.06510,15.30578,15.49915,15.66301,15.79147,15.92251,16.03775,16.15036,16.24266,16.36233,16.47623,16.60979,16.74904,16.93324,17.16449,17.43500,17.81125,18.57890,19.47725
2026-01-29,2026-01-28,rw,1,16.88000,16.35000,True,14.23952,14.68227,15.06561,15.30596,15.49927,15.66339,15.79161,15.92255,16.03786,16.15045,16.24368,16.36221,16.47601,16.60967,16.74904,16.93254,17.16437,17.43491,17.81114,18.57864,19.47689
2026-01-30,2026-01-29,rw,1,17.44000,16.88000,True,14.70149,15.15832,15.55398,15.80246,16.00175,16.17133,16.30360,16.43869,16.55795,16.67399,16.77109,16.89275,17.01043,17.14832,17.29197,17.48068,17.72074,18.00007,18.38796,19.18061,20.10671
2026-02-02,2026-01-30,rw,1,16.34000,17.44000,True,15.18961,15.66132,16.06999,16.32706,16.53268,16.70802,16.84458,16.98405,17.10748,17.22718,17.32837,17.45337,17.57513,17.71854,17.86585,18.05984,18.30861,18.59722,18.99743,19.81666,20.77216
2026-02-03,2026-02-02,rw,1,18.00000,16.34000,True,14.23192,14.67361,15.05641,15.29758,15.48955,15.65343,15.78190,15.91281,16.02815,16.14058,16.23457,16.35237,16.46636,16.59984,16.73884,16.92002,17.15380,17.42421,17.79867,18.56650,19.46050
2026-02-04,2026-02-03,rw,1,18.64000,18.00000,True,15.67817,16.16444,16.58602,16.85204,17.06329,17.24409,17.38533,17.52941,17.65669,17.78034,17.88478,18.01386,18.13962,18.28870,18.43974,18.64133,18.89668,19.19467,19.60935,20.45241,21.43587
2026-02-05,2026-02-04,rw,1,21.77000,18.64000,True,16.23604,16.73930,17.17575,17.45159,17.67011,17.85744,18.00357,18.15268,18.28471,18.41254,18.52072,18.65474,18.78506,18.94090,19.09631,19.30379,19.56843,19.87704,20.30644,21.17931,22.19633
2026-02-06,2026-02-05,rw,1,20.37000,21.77000,True,18.96287,19.55028,20.05988,20.38247,20.63733,20.85629,21.02682,21.20093,21.35526,21.50435,21.63075,21.78747,21.93999,22.12219,22.30393,22.54751,22.85495,23.21606,23.71988,24.74230,25.92152
2026-02-09,2026-02-06,rw,1,17.36000,20.37000,True,17.74386,18.29316,18.76987,19.06940,19.30966,19.51410,19.67436,19.83745,19.98161,20.12143,20.23966,20.38618,20.52870,20.69916,20.86939,21.09664,21.38504,21.72238,22.19382,23.15083,24.25268
2026-02-10,2026-02-09,rw,1,17.79000,17.36000,True,15.10676,15.58815,15.99519,16.25044,16.45584,16.62936,16.76681,16.90612,17.02868,17.14814,17.24888,17.37350,17.49495,17.64019,17.78514,17.97853,18.22492,18.51245,18.91375,19.72964,20.66736
2026-02-11,2026-02-10,rw,1,17.65000,17.79000,True,15.48134,15.97436,16.39193,16.65316,16.86357,17.04168,17.18228,17.32490,17.45069,17.57291,17.67617,17.80420,17.92876,18.07776,18.22633,18.42352,18.67622,18.97089,19.38165,20.21805,21.17766
2026-02-12,2026-02-11,rw,1,20.82000,17.65000,True,15.35990,15.84874,16.26348,16.52230,16.73099,16.90797,17.04721,17.18856,17.31358,17.43462,17.53702,17.66379,17.78735,17.93516,18.08286,18.27821,18.52912,18.82150,19.22855,20.05866,21.00939
2026-02-13,2026-02-12,rw,1,20.60000,20.82000,True,18.11906,18.69534,19.18447,19.48999,19.73608,19.94519,20.10907,20.27569,20.42336,20.56594,20.68678,20.83666,20.98257,21.15701,21.33070,21.56270,21.85761,22.20462,22.68820,23.66562,24.78085
2026-02-17,2026-02-13,rw,1,20.29000,20.60000,True,17.92806,18.49789,18.98176,19.28427,19.52769,19.73491,19.89669,20.06158,20.20775,20.34869,20.46814,20.61617,20.76049,20.93315,21.10526,21.33397,21.62650,21.96900,22.44778,23.41544,24.51711
2026-02-18,2026-02-17,rw,1,19.62000,20.29000,True,17.65872,18.21964,18.69612,18.99430,19.23397,19.43817,19.59739,19.75994,19.90381,20.04241,20.15909,20.30559,20.44773,20.61775,20.78762,21.01255,21.30091,21.63743,22.10931,23.06296,24.14631
2026-02-19,2026-02-18,rw,1,20.23000,19.62000,True,17.07604,17.61811,18.07876,18.36742,18.59898,18.79653,18.95085,19.10706,19.24632,19.38058,19.49241,19.63487,19.77219,19.93656,20.10083,20.31833,20.59738,20.92255,21.37859,22.30129,23.34718
2026-02-20,2026-02-19,rw,1,19.09000,20.23000,True,17.60740,18.16597,18.64085,18.93888,19.17738,19.38116,19.54092,19.70129,19.84490,19.98314,20.09948,20.24562,20.38743,20.55712,20.72620,20.94966,21.23763,21.57293,22.04261,22.99454,24.07122
2026-02-23,2026-02-20,rw,1,21.01000,19.09000,True,16.61562,17.14238,17.59041,17.87202,18.09615,18.28832,18.43831,18.59092,18.72632,18.85705,18.96586,19.10450,19.23824,19.39832,19.55820,19.76875,20.04081,20.35715,20.79984,21.69865,22.71301
2026-02-24,2026-02-23,rw,1,19.55000,21.01000,True,18.28722,18.86661,19.35959,19.66993,19.91634,20.12794,20.29315,20.46072,20.60995,20.75362,20.87444,21.02630,21.17369,21.35004,21.52538,21.75819,22.05693,22.40793,22.89989,23.88090,24.99549
2026-02-25,2026-02-24,rw,1,17.93000,19.55000,True,17.01686,17.55566,18.01429,18.30119,18.53177,18.72809,18.88247,19.03889,19.17746,19.31143,19.42287,19.56488,19.70197,19.86607,20.02953,20.24583,20.52403,20.84985,21.30733,22.22129,23.25675
2026-02-26,2026-02-25,rw,1,18.63000,17.93000,True,15.60717,16.10101,16.52093,16.78296,16.99559,17.17531,17.31749,17.46119,17.58802,17.71118,17.81229,17.94352,18.06908,18.21953,18.36976,18.56784,18.82319,19.12128,19.54059,20.37984,21.32795
2026-02-27,2026-02-26,rw,1,19.86000,18.63000,True,16.21690,16.72970,17.16650,17.43899,17.65928,17.84591,17.99374,18.14294,18.27490,18.40266,18.50885,18.64421,18.77498,18.93150,19.08701,19.29378,19.55793,19.86689,20.30230,21.17537,22.15891
2026-03-02,2026-02-27,rw,1,21.44000,19.86000,True,17.28803,17.83437,18.29988,18.59058,18.82534,19.02460,19.18185,19.34079,19.48165,19.61765,19.73186,19.87556,20.01508,20.18170,20.34758,20.57015,20.84977,21.17845,21.64206,22.57311,23.62009
2026-03-03,2026-03-02,rw,1,23.57000,21.44000,True,18.66389,19.25336,19.75577,20.06983,20.32318,20.53864,20.70801,20.87948,21.03176,21.17838,21.30276,21.45717,21.60793,21.78750,21.96802,22.20764,22.50929,22.86826,23.36313,24.36862,25.49728
2026-03-04,2026-03-03,rw,1,21.15000,23.57000,True,20.51861,21.16628,21.71846,22.06397,22.34240,22.57964,22.76542,22.95383,23.12138,23.28245,23.41918,23.58898,23.75505,23.95208,24.15300,24.41398,24.74620,25.14353,25.69609,26.78919,28.02820
2026-03-05,2026-03-04,rw,1,23.75000,21.15000,True,18.41238,18.99088,19.48461,19.79543,20.04778,20.25985,20.42776,20.59706,20.74718,20.89192,21.01462,21.16696,21.31578,21.49282,21.67234,21.90732,22.20534,22.56170,23.05647,24.03832,25.14854
2026-03-06,2026-03-05,rw,1,29.49000,23.75000,True,20.67637,21.32558,21.88061,22.22995,22.51250,22.75097,22.93910,23.12909,23.29789,23.46024,23.59803,23.76915,23.93661,24.13509,24.33782,24.60043,24.93552,25.33648,25.89760,26.99301,28.23792
2026-03-09,2026-03-06,rw,1,25.50000,29.49000,True,25.67418,26.47979,27.16972,27.60386,27.95363,28.25021,28.48328,28.71912,28.92878,29.13030,29.30136,29.51443,29.72239,29.96843,30.22052,30.54626,30.96529,31.45993,32.15903,33.52143,35.13895
2026-03-10,2026-03-09,rw,1,24.93000,25.50000,True,22.18510,22.89284,23.48708,23.86276,24.17061,24.42668,24.62917,24.83333,25.01445,25.18887,25.33683,25.52058,25.70056,25.91357,26.13153,26.41322,26.77498,27.20339,27.80761,28.98584,30.38409
2026-03-11,2026-03-10,rw,1,24.23000,24.93000,True,21.68924,22.38138,22.96267,23.33044,23.63056,23.88076,24.07877,24.27824,24.45494,24.62579,24.77042,24.95003,25.12572,25.33421,25.54712,25.82269,26.17580,26.59531,27.18574,28.33778,29.70437
2026-03-12,2026-03-11,rw,1,27.29000,24.23000,True,21.08028,21.75319,22.31850,22.67641,22.96727,23.21078,23.40280,23.59654,23.76786,23.93432,24.07367,24.24934,24.41993,24.62277,24.82951,25.09762,25.44015,25.84855,26.42212,27.54196,28.86978
2026-03-13,2026-03-12,rw,1,27.19000,27.29000,True,23.74255,24.50068,25.13775,25.54140,25.86805,26.14270,26.35848,26.57654,26.76984,26.95699,27.11531,27.31195,27.50442,27.73259,27.96596,28.26746,28.65599,29.11301,29.76185,31.02008,32.51513
2026-03-16,2026-03-13,rw,1,23.51000,27.19000,True,23.65560,24.41118,25.04648,25.44899,25.77346,26.04753,26.26307,26.47915,26.67201,26.85822,27.01602,27.21176,27.40330,27.63083,27.86317,28.16375,28.55023,29.00631,29.65247,30.90626,32.39539
2026-03-17,2026-03-16,rw,1,22.37000,23.51000,True,20.44857,21.10123,21.65134,21.99977,22.28436,22.52052,22.70734,22.89536,23.06174,23.22311,23.35951,23.52846,23.69414,23.89109,24.09179,24.35184,24.68548,25.08047,25.63891,26.72316,28.01035
2026-03-18,2026-03-17,rw,1,25.09000,22.37000,True,19.45751,20.07843,20.60201,20.93330,21.20399,21.42827,21.60595,21.78509,21.94307,22.09701,22.22567,22.38719,22.54487,22.73258,22.92332,23.17102,23.48787,23.86431,24.39542,25.42723,26.65164
2026-03-19,2026-03-18,rw,1,24.06000,25.09000,True,21.82393,22.52024,23.10764,23.47944,23.78245,24.03385,24.23321,24.43403,24.61146,24.78383,24.92940,25.10979,25.28667,25.49676,25.71128,25.98866,26.34616,26.76608,27.36445,28.51882,29.89170
2026-03-20,2026-03-19,rw,1,26.78000,24.06000,True,20.92853,21.59617,22.15959,22.51661,22.80635,23.04729,23.23794,23.43084,23.60066,23.76638,23.90476,24.07858,24.24829,24.45000,24.65549,24.92165,25.26431,25.66726,26.24078,27.34793,28.66405
2026-03-23,2026-03-20,rw,1,26.15000,26.78000,True,23.29511,24.03811,24.66540,25.06330,25.38482,25.65290,25.86525,26.07979,26.26907,26.45321,26.60858,26.80123,26.99008,27.21428,27.44339,27.73945,28.12170,28.56960,29.20936,30.43948,31.90395
2026-03-24,2026-03-23,rw,1,26.95000,26.15000,True,22.74767,23.47309,24.08577,24.47482,24.78783,25.05002,25.25697,25.46633,25.65067,25.83087,25.98128,26.17029,26.35481,26.57393,26.79762,27.08675,27.45983,27.89735,28.52212,29.72325,31.15284
2026-03-25,2026-03-24,rw,1,25.33000,26.95000,True,23.44417,24.19168,24.82327,25.22475,25.54636,25.81699,26.02980,26.24543,26.43566,26.62113,26.77749,26.97146,27.16158,27.38715,27.61773,27.91528,28.29959,28.75065,29.39459,30.63242,32.10529
2026-03-26,2026-03-25,rw,1,27.44000,25.33000,True,22.03547,22.73794,23.33172,23.70956,24.00994,24.26383,24.46470,24.66771,24.84625,25.02088,25.16657,25.34975,25.52855,25.74074,25.95750,26.23714,26.59817,27.02227,27.62755,28.79092,30.17484
2026-03-27,2026-03-26,rw,1,31.05000,27.44000,True,23.87163,24.63251,25.27592,25.68577,26.01023,26.28512,26.50287,26.72262,26.91614,27.10515,27.26435,27.46195,27.65560,27.88522,28.12000,28.42310,28.81508,29.27413,29.92884,31.18907,32.68782
2026-03-30,2026-03-27,rw,1,30.61000,31.05000,True,27.01223,27.87348,28.60217,29.06533,29.43236,29.74390,29.98974,30.23823,30.45760,30.67110,30.85131,31.07498,31.29469,31.55422,31.81972,32.16423,32.61213,33.12660,33.86728,35.29179,36.98538
2026-03-31,2026-03-30,rw,1,25.25000,30.61000,True,26.62951,27.47881,28.19781,28.65380,29.01551,29.32312,29.56494,29.80974,30.02637,30.23646,30.41406,30.63451,30.85075,31.10685,31.36871,31.70785,32.14848,32.65697,33.38725,34.79120,36.45848
2026-04-01,2026-03-31,rw,1,24.54000,25.25000,True,21.94592,22.65887,23.25439,23.63174,23.93388,24.18720,24.38758,24.58987,24.76810,24.94184,25.08709,25.26987,25.44824,25.65966,25.87576,26.15512,26.51783,26.93836,27.54084,28.69864,30.07207
2026-04-02,2026-04-01,rw,1,23.87000,24.54000,True,21.32937,22.02217,22.60109,22.96832,23.26111,23.50717,23.70200,23.89832,24.07133,24.24043,24.38042,24.55890,24.73236,24.93802,25.14808,25.41920,25.77097,26.18073,26.76634,27.89128,29.22424
2026-04-06,2026-04-02,rw,1,24.17000,23.87000,True,20.74755,21.42134,21.98460,22.34227,22.62625,22.86593,23.05501,23.24511,23.41389,23.57846,23.71330,23.88811,24.05681,24.25704,24.46139,24.72508,25.06618,25.46577,26.03547,27.12940,28.42417
2026-04-07,2026-04-06,rw,1,25.78000,24.17000,True,21.00884,21.69100,22.26149,22.62412,22.91079,23.15387,23.34489,23.53794,23.70832,23.87492,24.01283,24.18871,24.35961,24.56180,24.76874,25.03571,25.38093,25.78567,26.36260,27.46997,28.77919
2026-04-08,2026-04-07,rw,1,21.04000,25.78000,True,22.40883,23.13633,23.74498,24.13199,24.43711,24.69678,24.90040,25.10591,25.28774,25.46536,25.61367,25.80048,25.98276,26.19812,26.41883,26.70412,27.07572,27.50312,28.11856,29.29938,30.69387
2026-04-09,2026-04-08,rw,1,19.49000,21.04000,True,18.28510,18.87957,19.37438,19.69003,19.94332,20.15448,20.32159,20.48931,20.63803,20.78311,20.90318,21.05636,21.20518,21.38114,21.56130,21.79381,22.09644,22.44618,22.94851,23.91196,25.04846
2026-04-10,2026-04-09,rw,1,19.23000,19.49000,True,16.93806,17.48874,17.94765,18.23723,18.47321,18.66951,18.82420,18.97847,19.11718,19.25191,19.36205,19.50485,19.64277,19.80593,19.97283,20.18818,20.46765,20.79248,21.25784,22.15007,23.20138
2026-04-13,2026-04-10,rw,1,19.12000,19.23000,True,16.71212,17.25545,17.70879,17.99420,18.22713,18.42052,18.57325,18.72604,18.86255,18.99487,19.10256,19.24451,19.38050,19.54169,19.70632,19.91877,20.19366,20.51499,20.97418,21.85428,22.89012
2026-04-14,2026-04-13,rw,1,18.36000,19.12000,True,16.61653,17.15676,17.60795,17.89152,18.12305,18.31522,18.46712,18.61967,18.75478,18.88640,18.99448,19.13430,19.26930,19.42988,19.59337,19.80474,20.07793,20.39753,20.85397,21.72896,22.75744
2026-04-15,2026-04-14,rw,1,18.17000,18.36000,True,15.95605,16.47481,16.90849,17.18059,17.40284,17.58727,17.73275,17.87823,18.00898,18.13547,18.23833,18.37370,18.50304,18.65747,18.81435,19.01743,19.27964,19.58665,20.02482,20.86496,21.85117
2026-04-16,2026-04-15,rw,1,17.94000,18.17000,True,15.79093,16.30434,16.73395,17.00304,17.22291,17.40569,17.54940,17.69392,17.82286,17.94797,18.04933,18.18354,18.31125,18.46424,18.61943,18.82063,19.07991,19.38385,19.81736,20.64875,21.62339
2026-04-17,2026-04-16,rw,1,17.48000,17.94000,True,15.59106,16.09797,16.52256,16.78841,17.00507,17.18578,17.32738,17.47065,17.59738,17.72057,17.82060,17.95333,18.07916,18.23037,18.38306,18.58239,18.83818,19.13844,19.56629,20.38709,21.34804
2026-04-20,2026-04-17,rw,1,18.87000,17.48000,True,15.19130,15.68521,16.09932,16.35870,16.56920,16.74553,16.88318,17.02291,17.14599,17.26608,17.36363,17.49294,17.61529,17.76265,17.91080,18.10591,18.35495,18.64770,19.06437,19.86406,20.79905
2026-04-21,2026-04-20,rw,1,19.50000,18.87000,True,16.39931,16.93251,17.37999,17.66036,17.88691,18.07756,18.22582,18.37661,18.50956,18.63916,18.74441,18.88404,19.01653,19.17556,19.33682,19.54570,19.81540,20.13101,20.58013,21.44334,22.45126
2026-04-22,2026-04-21,rw,1,18.92000,19.50000,True,16.94683,17.49783,17.96071,18.25082,18.48423,18.68133,18.83467,18.99019,19.12765,19.26163,19.37050,19.51454,19.65192,19.81603,19.98293,20.19825,20.47674,20.80300,21.26698,22.15894,23.19905
2026-04-23,2026-04-22,rw,1,19.31000,18.92000,True,16.44278,16.97740,17.42695,17.70880,17.93459,18.12591,18.27527,18.42526,18.55854,18.68850,18.79408,18.93409,19.06708,19.22650,19.38835,19.59748,19.86747,20.18413,20.63419,21.49955,22.50730
2026-04-24,2026-04-23,rw,1,18.71000,19.31000,True,16.78173,17.32737,17.78663,18.07468,18.30441,18.49976,18.65281,18.80511,18.94122,19.07391,19.18176,19.32440,19.46061,19.62297,19.78778,20.00144,20.27677,20.60008,21.05928,21.94242,22.96948
2026-04-27,2026-04-24,rw,1,18.02000,18.71000,True,16.26029,16.78899,17.23442,17.51388,17.73580,17.92516,18.07404,18.22071,18.35248,18.48103,18.58547,18.72394,18.85560,19.01322,19.17272,19.37995,19.64652,19.95988,20.40470,21.26032,22.25407
2026-04-28,2026-04-27,rw,1,17.83000,18.02000,True,15.66065,16.17016,16.59939,16.86819,17.08186,17.26420,17.40568,17.54745,17.67511,17.79948,17.90004,18.03337,18.15993,18.31190,18.46473,18.66522,18.92148,19.22378,19.65199,20.47599,21.43172
2026-04-29,2026-04-28,rw,1,18.81000,17.83000,True,15.49553,15.99998,16.42492,16.69053,16.90188,17.08226,17.22293,17.36313,17.48912,17.61180,17.71128,17.84318,17.96815,18.11867,18.26912,18.46838,18.72149,19.02108,19.44457,20.25981,21.20412
2026-04-30,2026-04-29,rw,1,16.89000,18.81000,True,16.34723,16.87974,17.32828,17.60811,17.83100,18.02126,18.17037,18.31810,18.45064,18.57995,18.68478,18.82397,18.95622,19.11482,19.27526,19.48354,19.75196,20.06653,20.51309,21.37306,22.36786
2026-05-01,2026-04-30,rw,1,16.99000,16.89000,True,14.67862,15.15707,15.55552,15.80827,16.01044,16.18150,16.31396,16.44718,16.56691,16.68330,16.77754,16.90250,17.02101,17.16357,17.30713,17.49478,17.73561,18.01827,18.41905,19.19117,20.08316
2026-05-04,2026-05-01,rw,1,18.29000,16.99000,True,14.76554,15.24711,15.64803,15.90260,16.10536,16.27740,16.41128,16.54522,16.66535,16.78217,16.87690,17.00263,17.12150,17.26505,17.40872,17.59834,17.84042,18.12494,18.52790,19.30453,20.20051
2026-05-05,2026-05-04,rw,1,17.38000,18.29000,True,15.89534,16.41408,16.84578,17.12020,17.33780,17.52297,17.66779,17.81171,17.94064,18.06645,18.16827,18.30364,18.43203,18.58638,18.74247,18.94492,19.20634,19.51190,19.94536,20.78134,21.74450
2026-05-06,2026-05-05,rw,1,17.39000,17.38000,True,15.10449,15.59773,16.00806,16.26897,16.47530,16.65075,16.78700,16.92443,17.04772,17.16736,17.26430,17.39293,17.51467,17.66149,17.80953,18.00233,18.25055,18.54103,18.95280,19.74711,20.66104
2026-05-07,2026-05-06,rw,1,17.08000,17.39000,True,15.11319,15.60702,16.01768,16.27852,16.48490,16.66053,16.79741,16.93484,17.05777,17.17741,17.27426,17.40289,17.52448,17.67151,17.81888,18.01269,18.26085,18.55169,18.96350,19.75820,20.67134
2026-05-08,2026-05-07,rw,1,17.19000,17.08000,True,14.84379,15.32911,15.73256,15.98853,16.19116,16.36362,16.49871,16.63336,16.75381,16.87100,16.96630,17.09261,17.21186,17.35627,17.50035,17.69156,17.93513,18.22097,18.62525,19.40571,20.30129
2026-05-11,2026-05-08,rw,1,18.38000,17.19000,True,14.93939,15.42814,15.83430,16.09169,16.29556,16.46910,16.60570,16.74052,16.86182,16.97982,17.07559,17.20275,17.32249,17.46773,17.61217,17.80547,18.05044,18.33832,18.74500,19.53042,20.43047
2026-05-12,2026-05-11,rw,1,17.99000,18.38000,True,15.97360,16.49650,16.93101,17.20586,17.42371,17.60929,17.75557,17.89946,18.02933,18.15544,18.25793,18.39370,18.52202,18.67751,18.83361,19.03814,19.30085,19.60809,20.04252,20.88214,21.84312
2026-05-13,2026-05-12,rw,1,17.87000,17.99000,True,15.63467,16.14679,16.57232,16.84097,17.05406,17.23574,17.37913,17.51967,17.64649,17.77000,17.87027,18.00336,18.12877,18.28094,18.43306,18.63417,18.89110,19.19192,19.61712,20.43877,21.37800
2026-05-14,2026-05-13,rw,1,17.26000,17.87000,True,15.53039,16.03941,16.46233,16.72884,16.94037,17.12088,17.26351,17.40281,17.52895,17.65164,17.75104,17.88322,18.00752,18.15866,18.30918,18.50985,18.76489,19.06381,19.48615,20.30215,21.23377
2026-05-15,2026-05-14,rw,1,18.43000,17.26000,True,15.00026,15.49220,15.90091,16.15809,16.36217,16.53656,16.67352,16.80875,16.93037,17.04889,17.14507,17.27273,17.39244,17.53848,17.68379,17.87797,18.12414,18.41301,18.82086,19.60886,20.50737
2026-05-18,2026-05-15,rw,1,17.82000,18.43000,True,16.01709,16.54270,16.97935,17.25376,17.47137,17.65764,17.80408,17.94817,18.07815,18.20475,18.30731,18.44364,18.57204,18.72801,18.88421,19.08993,19.35357,19.66171,20.09654,20.93779,21.89582
2026-05-19,2026-05-18,rw,1,18.06000,17.82000,True,15.48696,15.99549,16.41792,16.68304,16.89314,17.07332,17.21510,17.35406,17.47961,17.60200,17.70134,17.83315,17.95694,18.10781,18.25826,18.45809,18.71279,19.01084,19.43126,20.24450,21.16949
2026-05-20,2026-05-19,rw,1,17.44000,18.06000,True,15.69555,16.21124,16.63960,16.90809,17.12070,17.30335,17.44731,17.58784,17.71515,17.83924,17.93977,18.07338,18.19931,18.35134,18.50349,18.70665,18.96461,19.26677,19.69284,20.51687,21.45295
2026-05-21,2026-05-20,rw,1,16.76000,17.44000,True,15.15673,15.65502,16.06890,16.32799,16.53299,16.70941,16.84760,16.98396,17.10681,17.22661,17.32388,17.45287,17.57422,17.72011,17.86812,18.06442,18.31335,18.60525,19.01666,19.81225,20.71488
2026-05-22,2026-05-21,rw,1,16.70000,16.76000,True,14.56577,15.04492,15.44288,15.69168,15.88840,16.05797,16.18960,16.32105,16.43940,16.55490,16.64830,16.77234,16.88860,17.02786,17.17128,17.36004,17.59911,17.87972,18.27507,19.03949,19.90566
2026-05-25,2026-05-22,rw,1,16.59000,16.70000,True,14.51363,14.99136,15.38811,15.63584,15.83156,16.00056,16.13236,16.26327,16.38089,16.49563,16.58880,16.71227,16.82776,16.96559,17.10967,17.29787,17.53591,17.81561,18.20954,18.97106,19.83288
2026-05-26,2026-05-25,rw,1,17.01000,16.59000,True,14.41839,14.89279,15.28676,15.53298,15.72773,15.89533,16.02638,16.15619,16.27311,16.38714,16.47956,16.60209,16.71605,16.85371,16.99694,17.18322,17.41995,17.69825,18.08855,18.84606,19.70199
2026-05-27,2026-05-26,rw,1,16.29000,17.01000,True,14.78379,15.26999,15.67377,15.92636,16.12636,16.29790,16.43240,16.56526,16.68520,16.80216,16.89679,17.02250,17.14032,17.28167,17.42746,17.61751,17.86049,18.14630,18.54542,19.32313,20.20052
2026-05-28,2026-05-27,rw,1,15.74000,16.29000,True,14.15838,14.62381,15.01034,15.25236,15.44421,15.60766,15.73606,15.86400,15.97878,16.09077,16.18156,16.30190,16.41420,16.54905,16.68966,16.87110,17.10404,17.37820,17.75941,18.50517,19.34523
2026-05-29,2026-05-28,rw,1,15.32000,15.74000,True,13.68069,14.13023,14.50355,14.73752,14.92320,15.08077,15.20517,15.32733,15.43891,15.54738,15.63519,15.75140,15.85917,15.99018,16.12610,16.30081,16.52612,16.79145,17.15881,17.88034,18.69183
2026-06-01,2026-05-29,rw,1,16.05000,15.32000,True,13.31598,13.75334,14.11655,14.34440,14.52541,14.67851,14.79970,14.91761,15.02647,15.13252,15.21790,15.33103,15.43519,15.56339,15.69577,15.86556,16.08472,16.34338,16.69999,17.40318,18.19284
2026-06-02,2026-06-01,rw,1,15.77000,16.05000,True,13.95084,14.40886,14.78921,15.02804,15.21758,15.37809,15.50518,15.62866,15.74281,15.85358,15.94313,16.06165,16.17194,16.30521,16.44381,16.62322,16.85109,17.12214,17.49474,18.23240,19.05948
2026-06-03,2026-06-02,rw,1,16.06000,15.77000,True,13.70781,14.15765,14.53121,14.76596,14.95213,15.10997,15.23500,15.35663,15.46850,15.57701,15.66490,15.78137,15.88899,16.02064,16.15684,16.33255,16.55704,16.82343,17.18854,17.91429,18.72674
2026-06-04,2026-06-03,rw,1,15.40000,16.06000,True,13.96024,14.41817,14.79844,15.03751,15.22712,15.38798,15.51557,15.63965,15.75317,15.86346,15.95306,16.07168,16.18244,16.31613,16.45393,16.63221,16.86143,17.13280,17.50362,18.24367,19.07087
2026-06-05,2026-06-04,rw,1,21.51000,15.40000,True,13.38687,13.82580,14.19029,14.41954,14.60138,14.75560,14.87716,14.99581,15.10541,15.21154,15.29737,15.41111,15.51660,15.64486,15.77771,15.94841,16.16843,16.42871,16.78333,17.49389,18.28691
2026-06-08,2026-06-05,rw,1,18.92000,21.51000,True,18.69862,19.31145,19.82034,20.14056,20.39457,20.60994,20.78009,20.94629,21.09898,21.24677,21.36677,21.52567,21.67456,21.85451,22.03766,22.27823,22.58371,22.94690,23.45432,24.43858,25.60408
2026-06-09,2026-06-08,rw,1,19.87000,18.92000,True,16.44755,16.98117,17.43372,17.71504,17.93873,18.12813,18.27722,18.42307,18.55789,18.68842,18.79391,18.93367,19.06375,19.22153,19.38409,19.59492,19.86434,20.18387,20.62902,21.49566,22.51939
2026-06-10,2026-06-09,rw,1,22.22000,19.87000,True,17.27384,17.83417,18.30911,18.60470,18.83950,19.03856,19.19529,19.34861,19.49011,19.62684,19.73769,19.88450,20.02224,20.18959,20.35766,20.58136,20.86349,21.19732,21.66358,22.57467,23.64830
2026-06-11,2026-06-10,rw,1,19.44000,22.22000,True,19.31729,19.94379,20.47451,20.80524,21.06767,21.29023,21.46587,21.63781,21.79549,21.94808,22.07208,22.23634,22.39100,22.57893,22.76609,23.01560,23.33272,23.70440,24.22955,25.24420,26.44313
2026-06-12,2026-06-11,rw,1,17.68000,19.44000,True,16.90088,17.44395,17.90926,18.20134,18.43119,18.62618,18.77945,18.92943,19.06813,19.20210,19.31056,19.45421,19.58916,19.75365,19.91732,20.13603,20.41328,20.73864,21.19800,22.08553,23.13299
2026-06-15,2026-06-12,rw,1,16.20000,17.68000,True,15.37115,15.86468,16.28353,16.55162,16.76059,16.93943,17.07778,17.21550,17.34125,17.46343,17.56217,17.69282,17.81526,17.96416,18.11396,18.31298,18.56496,18.86106,19.27872,20.08573,21.03703
2026-06-16,2026-06-15,rw,1,16.41000,16.20000,True,14.08478,14.53665,14.91660,15.16482,15.35740,15.52120,15.64703,15.77423,15.88956,16.00116,16.09194,16.21167,16.32308,16.45910,16.59749,16.77997,17.01044,17.28219,17.66478,18.40409,19.27453
2026-06-17,2026-06-16,rw,1,18.44000,16.41000,True,14.26772,14.72510,15.11044,15.36159,15.55652,15.72248,15.85010,15.97880,16.09557,16.20892,16.30064,16.42192,16.53573,16.67116,16.81254,16.99678,17.23049,17.50621,17.89366,18.64240,19.52289
2026-06-18,2026-06-17,rw,1,16.40000,18.44000,True,16.03311,16.54668,16.98021,17.26210,17.48098,17.66751,17.81163,17.95555,18.08688,18.21434,18.31722,18.45353,18.58191,18.73617,18.89266,19.10022,19.36343,19.67206,20.10851,20.94827,21.93629
2026-06-22,2026-06-18,rw,1,17.28000,16.40000,True,14.25974,14.71577,15.09763,15.35084,15.54690,15.71272,15.84020,15.96899,16.08574,16.19896,16.29070,16.41194,16.52584,16.66211,16.80245,16.98716,17.22108,17.49566,17.88373,18.63053,19.50800
2026-06-23,2026-06-22,rw,1,19.49000,17.28000,True,15.02528,15.50555,15.90802,16.17530,16.38119,16.55595,16.69017,16.82595,16.94892,17.06853,17.16494,17.29270,17.41318,17.55871,17.70438,17.89875,18.14594,18.43436,18.84314,19.62994,20.55320
2026-06-24,2026-06-23,rw,1,18.63000,19.49000,True,16.94734,17.48862,17.94312,18.24423,18.47628,18.67344,18.82557,18.97797,19.11698,19.25149,19.36025,19.50436,19.64060,19.80504,19.97100,20.18789,20.46823,20.79263,21.25512,22.14043,23.18004
2026-06-25,2026-06-24,rw,1,18.89000,18.63000,True,16.19995,16.71695,17.15192,17.43941,17.66106,17.84914,17.99407,18.14039,18.27303,18.40193,18.50595,18.64369,18.77371,18.93079,19.08882,19.29709,19.56470,19.87504,20.31701,21.16342,22.15551
2026-06-26,2026-06-25,rw,1,18.41000,18.89000,True,16.42645,16.95026,17.39184,17.68300,17.90758,18.09836,18.24520,18.39366,18.52826,18.65883,18.76425,18.90393,19.03608,19.19446,19.35425,19.56640,19.83737,20.15231,20.60033,21.45873,22.46299
2026-06-29,2026-06-26,rw,1,17.65000,18.41000,True,16.00945,16.51957,16.95044,17.23388,17.45259,17.63860,17.78212,17.92636,18.05723,18.18453,18.28742,18.42354,18.55213,18.70527,18.86203,19.06921,19.33293,19.64013,20.07666,20.91341,21.89052
2026-06-30,2026-06-29,rw,1,16.45000,17.65000,True,15.34894,15.83762,16.25121,16.52262,16.73215,16.91053,17.04752,17.18616,17.31174,17.43340,17.53237,17.66291,17.78603,17.93169,18.08322,18.28197,18.53448,18.82924,19.24765,20.05001,20.98523
2026-07-01,2026-06-30,rw,1,16.59000,16.45000,True,14.30575,14.76086,15.14679,15.39788,15.59440,15.76052,15.88842,16.01753,16.13473,16.24782,16.34027,16.46194,16.57641,16.71158,16.85363,17.03897,17.27416,17.54897,17.93883,18.68679,19.55697
2026-07-02,2026-07-01,rw,1,16.15000,16.59000,True,14.42786,14.88649,15.27618,15.52947,15.72716,15.89475,16.02369,16.15394,16.27205,16.38633,16.47944,16.60216,16.71797,16.85368,16.99696,17.18396,17.42098,17.69826,18.09131,18.84578,19.72190
2026-07-06,2026-07-02,rw,1,15.57000,16.15000,True,14.04556,14.49169,14.87150,15.11778,15.31008,15.47330,15.59872,15.72519,15.84048,15.95146,16.04227,16.16174,16.27429,16.40656,16.54614,16.72818,16.95875,17.22886,17.61130,18.34591,19.19737
2026-07-07,2026-07-06,rw,1,16.13000,15.57000,True,13.54148,13.97125,14.33786,14.57502,14.76028,14.91767,15.03843,15.15980,15.27129,15.37839,15.46613,15.58124,15.68947,15.81722,15.95188,16.12675,16.34953,16.61010,16.97864,17.68701,18.50650
2026-07-08,2026-07-07,rw,1,16.90000,16.13000,True,14.02887,14.47376,14.85402,15.09941,15.29120,15.45428,15.57939,15.70540,15.82086,15.93167,16.02241,16.14175,16.25431,16.38635,16.52568,16.70752,16.93738,17.20750,17.58911,18.32310,19.17065
2026-07-09,2026-07-08,rw,1,15.84000,16.90000,True,14.69894,15.16471,15.56351,15.82040,16.02162,16.19210,16.32312,16.45551,16.57610,16.69239,16.78737,16.91242,17.03058,17.16934,17.31491,17.50515,17.74545,18.02893,18.42865,19.19775,20.08426
2026-07-10,2026-07-09,rw,1,15.03000,15.84000,True,13.77734,14.21356,14.58772,14.82830,15.01616,15.17629,15.29919,15.42273,15.53626,15.64520,15.73434,15.85156,15.96218,16.09184,16.22875,16.40719,16.63199,16.89812,17.27266,17.99359,18.82309
2026-07-13,2026-07-10,rw,1,17.16000,15.03000,True,13.07315,13.48675,13.84212,14.07020,14.24833,14.39994,14.51665,14.63310,14.74137,14.84500,14.92973,15.04088,15.14567,15.26885,15.39874,15.56816,15.78108,16.03400,16.38930,17.07342,17.85918
2026-07-14,2026-07-13,rw,1,16.50000,17.16000,True,14.92621,15.39805,15.80419,16.06447,16.26759,16.44076,16.57401,16.70754,16.83079,16.94892,17.04554,17.17254,17.29248,17.43329,17.58134,17.77446,18.01913,18.30633,18.71349,19.49525,20.38856
2026-07-15,2026-07-14,rw,1,15.67000,16.50000,True,14.35249,14.80583,15.19673,15.44693,15.64196,15.80852,15.93624,16.06371,16.18298,16.29690,16.38992,16.51197,16.62717,16.76232,16.90499,17.09082,17.32590,17.60224,17.99355,18.74517,19.60288
2026-07-16,2026-07-15,rw,1,16.73000,15.67000,True,13.63086,14.06107,14.43266,14.67022,14.85555,15.01301,15.13427,15.25511,15.36870,15.47706,15.56544,15.68129,15.79041,15.91901,16.05449,16.23110,16.45392,16.71678,17.08824,17.80198,18.61537
2026-07-17,2026-07-16,rw,1,18.77000,16.73000,True,14.55329,15.01224,15.40937,15.66292,15.86091,16.02867,16.15819,16.28713,16.40848,16.52406,16.61839,16.74215,16.85905,16.99625,17.14083,17.32906,17.56799,17.84790,18.24398,19.00594,19.87308
2026-07-20,2026-07-17,rw,1,18.65000,18.77000,True,16.32828,16.84280,17.28878,17.57318,17.79545,17.98327,18.12863,18.27380,18.40955,18.53903,18.64480,18.78377,18.91516,19.07147,19.23291,19.44229,19.71135,20.02486,20.47060,21.32316,22.29463
2026-07-21,2026-07-20,rw,1,17.05000,18.65000,True,16.22430,16.73514,17.17870,17.46121,17.68219,17.86842,18.01290,18.15772,18.29221,18.42071,18.52571,18.66357,18.79398,18.94807,19.10899,19.31791,19.58496,19.89672,20.33949,21.18654,22.15040
2026-07-22,2026-07-21,rw,1,16.64000,17.05000,True,14.83277,15.29943,15.70124,15.96126,16.16336,16.33515,16.46720,16.59868,16.72241,16.84015,16.93627,17.06231,17.18141,17.32115,17.46873,17.66052,17.90441,18.18965,18.59434,19.36866,20.24854
2026-07-23,2026-07-22,rw,1,18.70000,16.64000,True,14.47612,14.93182,15.32407,15.57778,15.77513,15.94244,16.07136,16.20020,16.32004,16.43514,16.52899,16.65195,16.76787,16.90451,17.04852,17.23584,17.47367,17.75215,18.14701,18.90286,19.76137
2026-07-24,2026-07-23,rw,1,18.58000,18.70000,True,16.26827,16.78069,17.22161,17.50665,17.72857,17.91621,18.06113,18.20651,18.34062,18.46984,18.57527,18.71353,18.84425,18.99866,19.16054,19.36979,19.63821,19.95052,20.39565,21.24295,22.20751
2026-07-27,2026-07-24,rw,1,18.67000,18.58000,True,16.16391,16.67334,17.11155,17.39468,17.61531,17.80136,17.94540,18.09038,18.22320,18.35148,18.45617,18.59336,18.72299,18.87546,19.03663,19.24540,19.51182,19.82237,20.26454,21.10657,22.06472
2026-07-28,2026-07-27,rw,1,18.21000,18.67000,True,16.24224,16.75444,17.19488,17.47931,17.70115,17.88770,18.03244,18.17842,18.31182,18.44058,18.54568,18.68353,18.81326,18.96676,19.12841,19.33853,19.60597,19.91826,20.36246,21.20876,22.17132
2026-07-29,2026-07-28,rw,1,20.66000,18.21000,True,15.84208,16.34196,16.77166,17.04901,17.26552,17.44706,17.58824,17.73094,17.86013,17.98599,18.08864,18.22311,18.34931,18.49931,18.65696,18.86206,19.12254,19.42738,19.86054,20.68616,21.62477
2026-07-30,2026-07-29,rw,1,17.09000,20.66000,True,17.97354,18.54100,19.02864,19.34322,19.58849,19.79451,19.95469,20.11685,20.26345,20.40607,20.52243,20.67500,20.81876,20.98852,21.16810,21.39999,21.69696,22.04203,22.53418,23.46925,24.53389
2026-07-31,2026-07-30,rw,1,15.99000,17.09000,True,14.85520,15.33515,15.73658,15.99882,16.20221,16.37380,16.50637,16.64008,16.76156,16.87972,16.97610,17.10232,17.22094,17.36162,17.50967,17.70204,17.94744,18.23304,18.64027,19.41377,20.29423
2026-08-03,2026-07-31,rw,1,15.86000,15.99000,True,13.89939,14.34811,14.72416,14.96800,15.15840,15.31959,15.44362,15.56821,15.68246,15.79316,15.88334,16.00147,16.11191,16.24402,16.38252,16.56257,16.79193,17.05936,17.44043,18.16416,18.98775
2026-08-04,2026-08-03,rw,1,16.50000,15.86000,True,13.78673,14.23148,14.60491,14.84649,15.03520,15.19514,15.31821,15.44216,15.55512,15.66482,15.75419,15.87131,15.98008,16.11182,16.24919,16.42791,16.65509,16.92056,17.29858,18.01644,18.83314
2026-08-05,2026-08-04,rw,1,15.81000,16.50000,True,14.34343,14.80577,15.19475,15.44577,15.64196,15.80842,15.93649,16.06566,16.18298,16.29712,16.38994,16.51185,16.62623,16.76223,16.90523,17.09099,17.32685,17.60325,17.99657,18.74341,19.59286
2026-08-06,2026-08-05,rw,1,15.15000,15.81000,True,13.74396,14.18663,14.55971,14.80004,14.98827,15.14744,15.26973,15.39305,15.50600,15.61541,15.70452,15.82129,15.93012,16.06115,16.19815,16.37620,16.60209,16.86701,17.24379,17.95955,18.77329
2026-08-07,2026-08-06,rw,1,14.90000,15.15000,True,13.17054,13.59441,13.95227,14.18237,14.36299,14.51520,14.63195,14.74932,14.85848,14.96348,15.04891,15.16076,15.26431,15.39053,15.52181,15.69249,15.90885,16.16278,16.52375,17.20978,17.98935
2026-08-10,2026-08-07,rw,1,15.46000,14.90000,True,12.95354,13.37009,13.72239,13.94850,14.12638,14.27574,14.39064,14.50653,14.61343,14.71650,14.80013,14.91052,15.01201,15.13641,15.26555,15.43353,15.64616,15.89597,16.25089,16.92574,17.69227
2026-08-11,2026-08-10,rw,1,15.28000,15.46000,True,13.44072,13.87261,14.23850,14.47300,14.65773,14.81235,14.93164,15.05237,15.16281,15.26966,15.35684,15.47099,15.57705,15.70557,15.83960,16.01374,16.23402,16.49331,16.86147,17.56184,18.35698
2026-08-12,2026-08-11,rw,1,14.55000,15.28000,True,13.28457,13.71110,14.07309,14.30480,14.48748,14.63996,14.75793,14.87753,14.98642,15.09192,15.17759,15.29080,15.39489,15.52257,15.65505,15.82722,16.04483,16.30119,16.66497,17.35732,18.14302
2026-08-13,2026-08-12,rw,1,14.63000,14.55000,True,12.65022,13.05607,13.40110,13.62168,13.79538,13.94034,14.05256,14.16586,14.27023,14.37085,14.45205,14.56022,14.65937,14.78084,14.90701,15.07100,15.27789,15.52232,15.86862,16.52804,17.27602
2026-08-14,2026-08-13,rw,1,14.25000,14.63000,True,12.72009,13.12786,13.47514,13.69687,13.87126,14.01705,14.12996,14.24434,14.34884,14.44991,14.53194,14.64036,14.73993,14.86196,14.98888,15.15387,15.36149,15.60758,15.95569,16.61888,17.37079
2026-08-17,2026-08-14,rw,1,15.19000,14.25000,True,12.39001,12.78689,13.12548,13.34139,13.51099,13.65304,13.76308,13.87471,13.97593,14.07454,14.15407,14.26003,14.35701,14.47575,14.59953,14.76026,14.96210,15.20211,15.54108,16.18718,16.91938
2026-08-18,2026-08-17,rw,1,15.84000,15.19000,True,13.20765,13.63039,13.99166,14.22175,14.40227,14.55373,14.67109,14.79029,14.89800,15.00301,15.08819,15.20077,15.30416,15.43097,15.56275,15.73399,15.95050,16.20483,16.56605,17.25492,18.03524
2026-08-19,2026-08-18,rw,1,14.89000,15.84000,True,13.77317,14.21366,14.59076,14.83064,15.01860,15.17658,15.29903,15.42354,15.53566,15.64505,15.73431,15.85131,15.95910,16.09157,16.22902,16.40750,16.63286,16.89816,17.27474,17.99324,18.80675
2026-08-20,2026-08-19,rw,1,16.01000,14.89000,True,12.94746,13.36147,13.71615,13.94130,14.11774,14.26616,14.38117,14.49790,14.60369,14.70669,14.79020,14.90057,15.00192,15.12634,15.25556,15.42339,15.63490,15.88469,16.23852,16.91394,17.67859
2026-08-21,2026-08-20,rw,1,15.13000,16.01000,True,13.92169,14.36678,14.74835,14.99007,15.17969,15.33931,15.46303,15.58877,15.70232,15.81294,15.90317,16.02144,16.13080,16.26437,16.40429,16.58421,16.81193,17.07995,17.45976,18.18601,19.00811
2026-08-24,2026-08-21,rw,1,15.85000,15.13000,True,13.15681,13.57737,13.93816,14.16625,14.34444,14.49594,14.61278,14.73129,14.83900,14.94373,15.02859,15.14075,15.24374,15.37027,15.50184,15.67236,15.88767,16.14105,16.49990,17.18625,17.96308
2026-08-25,2026-08-24,rw,1,15.45000,15.85000,True,13.78326,14.22377,14.60194,14.84052,15.02749,15.18587,15.30831,15.43267,15.54531,15.65490,15.74424,15.86134,15.97001,16.10193,16.24144,16.41908,16.64355,16.90907,17.28490,18.00393,18.81766
2026-08-26,2026-08-25,rw,1,15.21000,15.45000,True,13.43576,13.86509,14.23391,14.46612,14.64867,14.80270,14.92212,15.04355,15.15277,15.25978,15.34645,15.46099,15.56617,15.69546,15.83077,16.00442,16.22334,16.48225,16.84851,17.54941,18.34254
2026-08-27,2026-08-26,rw,1,14.51000,15.21000,True,13.22738,13.64998,14.01328,14.24153,14.42115,14.57282,14.69046,14.81013,14.91754,15.02266,15.10760,15.22076,15.32433,15.45152,15.58407,15.75552,15.97091,16.22613,16.58660,17.27664,18.05737
2026-08-28,2026-08-27,rw,1,14.43000,14.51000,True,12.61894,13.02204,13.36880,13.58618,13.75748,13.90192,14.01406,14.12800,14.23079,14.33119,14.41231,14.52020,14.61903,14.74026,14.86631,15.03013,15.23549,15.47931,15.82308,16.48138,17.22611
2026-08-31,2026-08-28,rw,1,14.92000,14.43000,True,12.54968,12.95050,13.29554,13.51129,13.68166,13.82537,13.93693,14.05043,14.15247,14.25225,14.33285,14.44008,14.53836,14.65885,14.78423,14.94699,15.15109,15.39396,15.73567,16.39036,17.13092
2026-09-01,2026-08-31,rw,1,16.34000,14.92000,True,12.97616,13.39053,13.74748,13.97010,14.14628,14.29490,14.41032,14.52777,14.63319,14.73628,14.82000,14.93051,15.03213,15.15690,15.28719,15.45447,15.66517,15.91668,16.26983,16.94677,17.71241
2026-09-02,2026-09-01,rw,1,15.20000,16.34000,True,14.21152,14.66526,15.05639,15.29971,15.49267,15.65549,15.78195,15.91052,16.02606,16.13884,16.23097,16.35159,16.46286,16.59969,16.74411,16.92605,17.15789,17.43188,17.82003,18.55949,19.39792
2026-09-03,2026-09-02,rw,1,14.32000,15.20000,True,13.22035,13.64237,14.00595,14.23196,14.41166,14.56300,14.68057,14.80022,14.90773,15.01282,15.09812,15.21072,15.31425,15.44146,15.57513,15.74487,15.96041,16.21561,16.57659,17.26449,18.04435
2026-09-04,2026-09-03,rw,1,14.53000,14.32000,True,12.45528,12.85281,13.19509,13.40812,13.57610,13.71961,13.83033,13.94277,14.04445,14.14357,14.22359,14.33003,14.42760,14.54735,14.67267,14.83305,15.03599,15.27673,15.61673,16.26481,16.99946
2026-09-07,2026-09-04,rw,1,15.30000,14.53000,True,12.63825,13.04155,13.38860,13.60487,13.77559,13.92090,14.03329,14.14757,14.25054,14.35106,14.43261,14.54026,14.63923,14.76054,14.88709,15.05050,15.25609,15.50068,15.84557,16.50318,17.24853
2026-09-08,2026-09-07,rw,1,15.72000,15.30000,True,13.30833,13.73295,14.09811,14.32589,14.50603,14.65872,14.77711,14.89764,15.00589,15.11163,15.19791,15.31088,15.41584,15.54303,15.67786,15.84875,16.06601,16.32208,16.68511,17.37759,18.16237
2026-09-09,2026-09-08,rw,1,16.46000,15.72000,True,13.67401,14.11022,14.48513,14.71916,14.90466,15.06121,15.18289,15.30676,15.41797,15.52650,15.61512,15.73125,15.84026,15.96992,16.10908,16.28351,16.50686,16.77013,17.14295,17.85446,18.66070
2024-01-02,2023-12-29,ewma,1,13.20000,13.49398,True,10.89075,11.10631,11.43869,11.69765,11.88582,12.05949,12.23331,12.40571,12.60074,12.79495,13.00301,13.23171,13.47266,13.76776,14.10204,14.50776,14.93857,15.53039,16.49192,18.02450,20.03062
2024-01-03,2024-01-02,ewma,1,14.04000,13.47913,True,10.87882,11.09414,11.42615,11.68481,11.87277,12.04650,12.21990,12.39254,12.58695,12.78102,12.98965,13.21618,13.45709,13.75243,14.08560,14.49172,14.92204,15.51315,16.47228,18.00464,20.00733
2024-01-04,2024-01-03,ewma,1,14.13000,13.50663,True,10.90107,11.11683,11.44952,11.70870,11.89703,12.07136,12.24489,12.41831,12.61272,12.80725,13.01710,13.24414,13.48556,13.78156,14.11342,14.52122,14.95239,15.54466,16.50441,18.04137,20.04691
2024-01-05,2024-01-04,ewma,1,13.35000,13.53713,True,10.92575,11.14200,11.47543,11.73518,11.92393,12.09890,12.27260,12.44678,12.64138,12.83623,13.04661,13.27422,13.51684,13.81462,14.14721,14.55394,14.98607,15.57963,16.54019,18.08210,20.09094
2024-01-08,2024-01-05,ewma,1,13.08000,13.52772,True,10.91820,11.13430,11.46750,11.72706,11.91567,12.09077,12.26420,12.43817,12.63286,12.82733,13.03764,13.26521,13.50689,13.80397,14.13668,14.54374,14.97555,15.56865,16.52719,18.06950,20.07572
2024-01-09,2024-01-08,ewma,1,12.76000,13.50497,True,10.89990,11.11564,11.44827,11.70738,11.89566,12.07056,12.24375,12.41731,12.61189,12.80707,13.01686,13.24271,13.48363,13.77972,14.11199,14.51902,14.95028,15.54233,16.49792,18.03911,20.04073
2024-01-10,2024-01-09,ewma,1,12.69000,13.46671,True,10.86908,11.08420,11.41589,11.67425,11.86207,12.03649,12.20924,12.38220,12.57680,12.76948,12.97884,13.20506,13.44469,13.73989,14.07110,14.47763,14.90750,15.49816,16.44969,17.98799,19.98271
2024-01-11,2024-01-10,ewma,1,12.44000,13.42677,True,10.83690,11.05138,11.38208,11.63969,11.82700,12.00091,12.17333,12.34559,12.54014,12.73157,12.94024,13.16548,13.40408,13.69897,14.02874,14.43442,14.86287,15.45207,16.39943,17.93462,19.92221
2024-01-12,2024-01-11,ewma,1,12.70000,13.37562,True,10.79567,11.00934,11.33878,11.59545,11.78205,11.95532,12.12750,12.29867,12.49142,12.68293,12.89084,13.11437,13.35252,13.64661,13.97527,14.37918,14.80583,15.39313,16.33548,17.86629,19.84509
2024-01-16,2024-01-12,ewma,1,13.84000,13.34100,True,10.76778,10.98090,11.30948,11.56554,11.75166,11.92467,12.09665,12.26710,12.45972,12.65024,12.85654,13.07945,13.31772,13.61059,13.93906,14.34045,14.76710,15.35320,16.29173,17.82003,19.79250
2024-01-17,2024-01-16,ewma,1,14.79000,13.36552,True,10.78763,11.00113,11.33032,11.58690,11.77337,11.94687,12.11942,12.29012,12.48325,12.67351,12.88110,13.10468,13.34256,13.63645,13.96464,14.36529,14.79382,15.38133,16.32020,17.85276,19.82764
2024-01-18,2024-01-17,ewma,1,14.13000,13.43337,True,10.84245,11.05703,11.38788,11.64583,11.83318,12.00781,12.18097,12.35299,12.54703,12.73788,12.94660,13.17229,13.41140,13.70636,14.03561,14.44152,14.86870,15.45933,16.40288,17.94338,19.92706
2024-01-19,2024-01-18,ewma,1,13.30000,13.46737,True,10.86995,11.08508,11.41674,11.67541,11.86317,12.03849,12.21183,12.38449,12.57921,12.77219,12.97948,13.20580,13.44636,13.74298,14.07240,14.47781,14.90611,15.49838,16.44422,17.98878,19.97626
2024-01-22,2024-01-19,ewma,1,13.19000,13.45895,True,10.86321,11.07820,11.40964,11.66822,11.85579,12.03130,12.20422,12.37679,12.57173,12.76652,12.97251,13.19775,13.43732,13.73335,14.06269,14.46723,14.89657,15.48861,16.43377,17.97752,19.96254
2024-01-23,2024-01-22,ewma,1,12.55000,13.44537,True,10.85230,11.06708,11.39817,11.65663,11.84387,12.01951,12.19278,12.36435,12.55938,12.75471,12.96056,13.18426,13.42302,13.71846,14.04817,14.45112,14.88132,15.47270,16.41702,17.95937,19.94117
2024-01-24,2024-01-23,ewma,1,13.14000,13.39913,True,10.81503,11.02907,11.35900,11.61676,11.80317,11.97850,12.15214,12.32203,12.51567,12.70926,12.91484,13.13877,13.37611,13.67086,13.99981,14.39989,14.82990,15.41910,16.36037,17.89758,19.87134
2024-01-25,2024-01-24,ewma,1,13.45000,13.38605,True,10.80453,11.01836,11.34796,11.60565,11.79170,11.96715,12.14157,12.31028,12.50380,12.69834,12.90338,13.12611,13.36281,13.65735,13.98611,14.38432,14.81489,15.40368,16.34423,17.88010,19.85072
2024-01-26,2024-01-25,ewma,1,13.26000,13.38924,True,10.80716,11.02104,11.35070,11.60864,11.79456,11.97030,12.14553,12.31348,12.50711,12.70180,12.90727,13.12950,13.36661,13.66043,13.98937,14.38765,14.81788,15.40698,16.34795,17.88435,19.85422
2024-01-29,2024-01-26,ewma,1,13.60000,13.38275,True,10.80198,11.01575,11.34524,11.60324,11.78890,11.96479,12.14025,12.30796,12.50124,12.69599,12.90183,13.12346,13.35964,13.65258,13.98245,14.38058,14.81015,15.39913,16.33986,17.87566,19.84337
2024-01-30,2024-01-29,ewma,1,13.31000,13.39353,True,10.81073,11.02468,11.35441,11.61281,11.79845,11.97473,12.15064,12.31835,12.51135,12.70624,12.91248,13.13428,13.37126,13.66218,13.99357,14.39207,14.82154,15.41116,16.35284,17.89005,19.85812
2024-01-31,2024-01-30,ewma,1,14.35000,13.38934,True,10.80741,11.02129,11.35090,11.60941,11.79481,11.97128,12.14745,12.31497,12.50749,12.70229,12.90871,13.13040,13.36634,13.65650,13.98906,14.38747,14.81636,15.40596,16.34756,17.88444,19.85068
2024-02-01,2024-01-31,ewma,1,13.88000,13.43581,True,10.84497,11.05955,11.39032,11.64972,11.83712,12.01321,12.18988,12.35774,12.55127,12.74790,12.95413,13.17696,13.41384,13.70651,14.03794,14.43703,14.86684,15.45889,16.40399,17.94624,19.91834
2024-02-02,2024-02-01,ewma,1,13.85000,13.45767,True,10.86268,11.07757,11.40887,11.66870,11.85777,12.03316,12.20999,12.37789,12.57207,12.77019,12.97584,13.19927,13.43668,13.73038,14.06064,14.46016,14.89010,15.48352,16.43039,17.97519,19.94952
2024-02-05,2024-02-02,ewma,1,13.67000,13.47702,True,10.87835,11.09351,11.42530,11.68550,11.87620,12.05085,12.22781,12.39572,12.59137,12.78895,12.99496,13.21859,13.45682,13.75044,14.08072,14.48058,14.91056,15.50524,16.45370,18.00077,19.97697
2024-02-06,2024-02-05,ewma,1,13.06000,13.48661,True,10.88614,11.10142,11.43344,11.69383,11.88604,12.05981,12.23660,12.40460,12.60241,12.79812,13.00466,13.22849,13.46685,13.76004,14.09052,14.49051,14.92022,15.51572,16.46510,18.01330,19.98994
2024-02-07,2024-02-06,ewma,1,12.83000,13.46495,True,10.86872,11.08361,11.41510,11.67507,11.86833,12.04059,12.21696,12.38474,12.58425,12.77777,12.98514,13.20681,13.44504,13.73778,14.06763,14.46710,14.89532,15.49027,16.43836,17.98411,19.95660
2024-02-08,2024-02-07,ewma,1,12.79000,13.43247,True,10.84256,11.05689,11.38758,11.64693,11.84037,12.01168,12.18749,12.35502,12.55397,12.74725,12.95245,13.17468,13.41206,13.70411,14.03344,14.43205,14.85863,15.45236,16.39840,17.94047,19.90722
2024-02-09,2024-02-08,ewma,1,12.93000,13.39959,True,10.81607,11.02984,11.35973,11.61846,11.81205,11.98243,12.15799,12.32517,12.52331,12.71629,12.92029,13.14198,13.37869,13.66917,13.99872,14.39659,14.82151,15.41406,16.35796,17.89629,19.85727
2024-02-12,2024-02-09,ewma,1,13.93000,13.37571,True,10.79685,11.01020,11.33950,11.59783,11.79167,11.96121,12.13728,12.30359,12.50107,12.69374,12.89772,13.11775,13.35421,13.64340,13.97315,14.37079,14.79435,15.38620,16.32851,17.86414,19.82065
2024-02-13,2024-02-12,ewma,1,15.85000,13.40290,True,10.81885,11.03259,11.36257,11.62147,11.81630,11.98643,12.16291,12.32889,12.52656,12.71965,12.92529,13.14540,13.38226,13.67374,14.00092,14.39978,14.82366,15.41708,16.36139,17.90018,19.85970
2024-02-14,2024-02-13,ewma,1,14.38000,13.51575,True,10.91000,11.12550,11.45826,11.71939,11.91646,12.08827,12.26630,12.43286,12.63211,12.82695,13.03549,13.25648,13.49576,13.78973,14.12028,14.52153,14.95152,15.54961,16.49885,18.05064,20.02569
2024-02-15,2024-02-14,ewma,1,14.01000,13.55770,True,10.94392,11.16005,11.49385,11.75584,11.95353,12.12670,12.30496,12.47161,12.67202,12.86695,13.07785,13.29801,13.53793,13.83322,14.16471,14.56646,14.99716,15.59733,16.54952,18.10640,20.08660
2024-02-16,2024-02-15,ewma,1,14.24000,13.57997,True,10.96195,11.17839,11.51274,11.77522,11.97323,12.14753,12.32576,12.49229,12.69354,12.88847,13.10122,13.32064,13.56085,13.85788,14.18771,14.59024,15.02103,15.62240,16.57615,18.13587,20.11834
2024-02-20,2024-02-16,ewma,1,15.42000,13.61223,True,10.98805,11.20497,11.54012,11.80327,12.00176,12.17651,12.35564,12.52219,12.72469,12.91950,13.13273,13.35307,13.59455,13.89168,14.22198,14.62469,15.05595,15.65897,16.61499,18.17869,20.16489
2024-02-21,2024-02-20,ewma,1,15.34000,13.69737,True,11.05683,11.27506,11.61231,11.87729,12.07690,12.25279,12.43327,12.60074,12.80556,13.00045,13.21524,13.43733,13.68011,13.97901,14.31126,14.71666,15.15338,15.75646,16.71836,18.29211,20.28975
2024-02-22,2024-02-21,ewma,1,14.54000,13.77515,True,11.11968,11.33911,11.67828,11.94502,12.14556,12.32250,12.50411,12.67254,12.87958,13.07429,13.29075,13.51421,13.75785,14.05914,14.39270,14.80091,15.24329,15.84555,16.81275,18.39573,20.40371
2024-02-23,2024-02-22,ewma,1,13.75000,13.81242,True,11.14982,11.36980,11.70990,11.97760,12.17861,12.35596,12.53818,12.70707,12.91443,13.10976,13.32715,13.55113,13.79766,14.09774,14.43233,14.84057,15.28357,15.88802,16.85769,18.44523,20.45765
2024-02-26,2024-02-23,ewma,1,13.74000,13.80929,True,11.14735,11.36724,11.70727,11.97516,12.17604,12.35317,12.53551,12.70444,12.91151,13.10699,13.32474,13.54827,13.79281,14.09430,14.42842,14.83707,15.27914,15.88402,16.85332,18.44078,20.45175
2024-02-27,2024-02-26,ewma,1,13.43000,13.80582,True,11.14461,11.36440,11.70435,11.97242,12.17317,12.35008,12.53240,12.70157,12.90830,13.10397,13.32199,13.54498,13.78846,14.09038,14.42475,14.83319,15.27433,15.87962,16.84853,18.43587,20.44534
2024-02-28,2024-02-27,ewma,1,13.84000,13.78678,True,11.12930,11.34875,11.68823,11.95618,12.15657,12.33306,12.51516,12.68440,12.89057,13.08650,13.30437,13.52620,13.76941,14.07055,14.40482,14.81259,15.25231,15.85733,16.82474,18.41018,20.41588
2024-02-29,2024-02-28,ewma,1,13.40000,13.78944,True,11.13150,11.35095,11.69050,11.95876,12.15911,12.33544,12.51762,12.68719,12.89313,13.08962,13.30769,13.52893,13.77212,14.07287,14.40756,14.81530,15.25428,15.85998,16.82743,18.41345,20.41855
2024-03-01,2024-02-29,ewma,1,13.11000,13.76970,True,11.11557,11.33500,11.67380,11.94183,12.14197,12.31800,12.49975,12.66943,12.87472,13.07149,13.28904,13.50947,13.75237,14.05251,14.38679,14.79387,15.23167,15.83726,16.80274,18.38569,20.38867
2024-03-04,2024-03-01,ewma,1,13.49000,13.73594,True,11.08831,11.30751,11.64521,11.91275,12.11248,12.28801,12.46916,12.63877,12.84320,13.04005,13.25606,13.47625,13.71862,14.01784,14.35138,14.75738,15.19355,15.79841,16.76094,18.33921,20.33803
2024-03-05,2024-03-04,ewma,1,14.46000,13.72354,True,11.07830,11.29759,11.63473,11.90218,12.10181,12.27712,12.45795,12.62772,12.83229,13.02899,13.24449,13.46420,13.70572,14.00484,14.33828,14.74384,15.17906,15.78413,16.74520,18.32125,20.31901
2024-03-06,2024-03-05,ewma,1,14.50000,13.75945,True,11.10730,11.32746,11.66522,11.93352,12.13376,12.30946,12.49070,12.66091,12.86720,13.06383,13.27956,13.49957,13.74212,14.04202,14.37614,14.78220,15.21801,15.82542,16.78842,18.36780,20.37153
2024-03-07,2024-03-06,ewma,1,14.44000,13.79557,True,11.13645,11.35749,11.69587,11.96504,12.16588,12.34190,12.52366,12.69429,12.90230,13.09852,13.31466,13.53516,13.77824,14.07941,14.41403,14.82059,15.25718,15.86694,16.83188,18.41460,20.42435
2024-03-08,2024-03-07,ewma,1,14.74000,13.82709,True,11.16190,11.38375,11.72263,11.99258,12.19384,12.37023,12.55247,12.72363,12.93184,13.12858,13.34534,13.56738,13.81231,14.11232,14.44766,14.85406,15.29175,15.90318,16.86974,18.45527,20.47037
2024-03-11,2024-03-08,ewma,1,15.22000,13.87137,True,11.19764,11.42050,11.76020,12.03119,12.23304,12.40996,12.59293,12.76518,12.97329,13.17074,13.39043,13.61305,13.85851,14.15801,14.49612,14.90121,15.34041,15.95379,16.92315,18.51294,20.53525
2024-03-12,2024-03-11,ewma,1,13.84000,13.93587,True,11.24971,11.47390,11.81492,12.08740,12.29008,12.46779,12.65192,12.82534,13.03380,13.23209,13.45507,13.67739,13.92368,14.22439,14.56427,14.97173,15.41144,16.02708,17.00123,18.59761,20.63008
2024-03-13,2024-03-12,ewma,1,13.75000,13.93106,True,11.24583,11.47025,11.81087,12.08349,12.28599,12.46364,12.64798,12.82140,13.02961,13.22762,13.45075,13.67327,13.91839,14.21916,14.55903,14.96615,15.40582,16.02065,16.99475,18.58977,20.62230
2024-03-14,2024-03-13,ewma,1,14.40000,13.92195,True,11.23847,11.46305,11.80318,12.07586,12.27812,12.45565,12.64014,12.81308,13.02140,13.21904,13.44229,13.66512,13.90880,14.20961,14.54929,14.95596,15.39544,16.00928,16.98302,18.57619,20.60816
2024-03-15,2024-03-14,ewma,1,14.41000,13.94547,True,11.25746,11.48272,11.82332,12.09652,12.29914,12.47684,12.66226,12.83478,13.04376,13.24145,13.46516,13.68901,13.93303,14.23413,14.57293,14.98081,15.42137,16.03543,17.01023,18.60616,20.64231
2024-03-18,2024-03-15,ewma,1,14.33000,13.96834,True,11.27592,11.50185,11.84290,12.11662,12.31958,12.49745,12.68379,12.85599,13.06550,13.26342,13.48739,13.71226,13.95720,14.25817,14.59587,15.00497,15.44658,16.06082,17.03662,18.63524,20.67550
2024-03-19,2024-03-18,ewma,1,13.82000,13.98620,True,11.29034,11.51686,11.85824,12.13238,12.33562,12.51368,12.70078,12.87268,13.08241,13.28067,13.50517,13.73071,13.97753,14.27924,14.61359,15.02372,15.46625,16.08046,17.05692,18.65765,20.70128
2024-03-20,2024-03-19,ewma,1,13.04000,13.97784,True,11.28360,11.51029,11.85135,12.12525,12.32852,12.50645,12.69387,12.86523,13.07463,13.27362,13.49762,13.72371,13.96753,14.26867,14.60451,15.01431,15.45693,16.07007,17.04523,18.64507,20.68824
2024-03-21,2024-03-20,ewma,1,12.92000,13.92939,True,11.24448,11.47069,11.81046,12.08326,12.28606,12.46334,12.65051,12.82197,13.02925,13.22666,13.45031,13.67515,13.91745,14.21836,14.55385,14.96183,15.40326,16.01363,16.98465,18.57902,20.61587
2024-03-22,2024-03-21,ewma,1,13.06000,13.87710,True,11.20227,11.42793,11.76632,12.03795,12.24011,12.41680,12.60365,12.77560,12.97980,13.17666,13.39929,13.62298,13.86472,14.16461,14.49917,14.90523,15.34518,15.95279,16.91941,18.50785,20.53781
2024-03-25,2024-03-22,ewma,1,13.19000,13.83505,True,11.16833,11.39360,11.73086,12.00152,12.20320,12.37920,12.56592,12.73866,12.94083,13.13656,13.35854,13.58105,13.82223,14.12132,14.45517,14.86005,15.29844,15.90374,16.86667,18.45037,20.47493
2024-03-26,2024-03-25,ewma,1,13.24000,13.80206,True,11.14170,11.36674,11.70309,11.97295,12.17428,12.34970,12.53605,12.71027,12.91017,13.10535,13.32653,13.54802,13.78817,14.08739,14.42056,14.82460,15.26171,15.86510,16.82498,18.40497,20.42546
2024-03-27,2024-03-26,ewma,1,12.78000,13.77340,True,11.11856,11.34343,11.67897,11.94813,12.14917,12.32407,12.51012,12.68591,12.88339,13.07842,13.29853,13.51924,13.75782,14.05788,14.39047,14.79380,15.22976,15.83143,16.78857,18.36535,20.38239
2024-03-28,2024-03-27,ewma,1,13.01000,13.72195,True,11.07703,11.30135,11.63553,11.90353,12.10396,12.27804,12.46347,12.64054,12.83521,13.02921,13.24853,13.46808,13.70471,14.00512,14.33656,14.73851,15.17261,15.77157,16.72438,18.29534,20.30559
2024-04-01,2024-03-28,ewma,1,13.65000,13.68544,True,11.04756,11.27137,11.60464,11.87191,12.07195,12.24549,12.43037,12.60718,12.80110,12.99447,13.21095,13.43177,13.66822,13.96746,14.29816,14.69887,15.13121,15.72945,16.67873,18.24621,20.25092
2024-04-02,2024-04-01,ewma,1,14.61000,13.68367,True,11.04613,11.26999,11.60319,11.87041,12.07058,12.24400,12.42882,12.60581,12.79947,12.99285,13.21157,13.43065,13.66641,13.96526,14.29605,14.69654,15.12821,15.72724,16.67542,18.24338,20.24765
2024-04-03,2024-04-02,ewma,1,14.33000,13.72856,True,11.08237,11.30704,11.64132,11.90939,12.11038,12.28428,12.46965,12.64739,12.84179,13.03571,13.25523,13.47551,13.71130,14.01181,14.34352,14.74432,15.17680,15.77867,16.72896,18.30277,20.31342
2024-04-04,2024-04-03,ewma,1,16.35000,13.75802,True,11.10615,11.33139,11.66636,11.93499,12.13657,12.31075,12.49645,12.67458,12.86998,13.06397,13.28401,13.50522,13.74246,14.04236,14.37408,14.77554,15.20833,15.81236,16.76371,18.34159,20.35636
2024-04-05,2024-04-04,ewma,1,16.03000,13.87727,True,11.20242,11.42970,11.76754,12.03848,12.24196,12.41784,12.60481,12.78449,12.98217,13.17798,13.39930,13.62307,13.86417,14.16463,14.49909,14.90491,15.34436,15.95130,16.90784,18.50011,20.53215
2024-04-08,2024-04-05,ewma,1,15.19000,13.97769,True,11.28348,11.51249,11.85276,12.12564,12.33059,12.50809,12.69606,12.87704,13.07622,13.27452,13.49642,13.72268,13.96523,14.26783,14.60428,15.01324,15.45642,16.07098,17.02901,18.63352,20.68007
2024-04-09,2024-04-08,ewma,1,14.98000,14.03594,True,11.33051,11.56055,11.90222,12.17642,12.38201,12.56061,12.74922,12.93073,13.13082,13.33107,13.55320,13.78109,14.02475,14.33061,14.66523,15.07628,15.52058,16.13711,17.09880,18.71070,20.76558
2024-04-10,2024-04-09,ewma,1,15.80000,14.08170,True,11.36745,11.59833,11.94108,12.21679,12.42241,12.60196,12.79146,12.97292,13.17390,13.37588,13.59791,13.82687,14.07297,14.38079,14.71497,15.12500,15.57092,16.18898,17.15335,18.77123,20.83261
2024-04-11,2024-04-10,ewma,1,14.91000,14.16300,True,11.43307,11.66537,12.01008,12.28799,12.49417,12.67518,12.86599,13.04843,13.25039,13.45432,13.67788,13.90742,14.15511,14.46649,14.80142,15.21364,15.66167,16.28171,17.25119,18.87913,20.95221
2024-04-12,2024-04-11,ewma,1,17.31000,14.19944,True,11.46249,11.69548,12.04105,12.32029,12.52636,12.70827,12.89978,13.08340,13.28492,13.48896,13.71455,13.94424,14.19161,14.50500,14.84002,15.25234,15.70189,16.32286,17.29439,18.92724,21.00546
2024-04-15,2024-04-12,ewma,1,19.23000,14.34078,True,11.57658,11.81197,12.16105,12.44359,12.65143,12.83523,13.02864,13.21504,13.41718,13.62324,13.85269,14.08405,14.33372,14.65022,14.99394,15.40547,15.85851,16.48998,17.47740,19.11514,21.21385
2024-04-16,2024-04-15,ewma,1,18.40000,14.55268,True,11.74765,11.98660,12.34091,12.62816,12.83877,13.02537,13.22164,13.41103,13.61548,13.82512,14.05904,14.29268,14.54674,14.86745,15.21840,15.63439,16.09387,16.73772,17.73987,19.41481,21.52662
2024-04-17,2024-04-16,ewma,1,18.21000,14.72437,True,11.88624,12.12810,12.48667,12.77784,12.99065,13.17913,13.37811,13.56945,13.77623,13.98888,14.22532,14.46187,14.72028,15.04330,15.39853,15.81954,16.28604,16.93544,17.95829,19.64236,21.77989
2024-04-18,2024-04-17,ewma,1,18.00000,14.88163,True,12.01319,12.25772,12.62018,12.91461,13.12980,13.31996,13.52140,13.71456,13.92356,14.13910,14.37767,14.61701,14.87857,15.20440,15.56490,15.98905,16.46353,17.11875,18.15763,19.85063,22.01180
2024-04-19,2024-04-18,ewma,1,18.71000,15.02386,True,12.12801,12.37497,12.74097,13.03815,13.25571,13.44735,13.65099,13.84587,14.05683,14.27515,14.51525,14.75746,15.02143,15.35091,15.71426,16.14260,16.62508,17.28566,18.33051,20.03882,22.22146
2024-04-22,2024-04-19,ewma,1,16.94000,15.18959,True,12.26179,12.51157,12.88168,13.18208,13.40234,13.59578,13.80195,13.99886,14.21226,14.43324,14.67554,14.92107,15.18815,15.52198,15.88812,16.32193,16.81094,17.47906,18.53848,20.25833,22.46588
2024-04-23,2024-04-22,ewma,1,15.69000,15.27265,True,12.32885,12.58008,12.95229,13.25427,13.47604,13.67019,13.87769,14.07566,14.29034,14.51237,14.75585,15.00396,15.27207,15.60878,15.97662,16.41150,16.90425,17.57422,18.63925,20.36755,22.58800
2024-04-24,2024-04-23,ewma,1,15.97000,15.29325,True,12.34548,12.59714,12.96993,13.27226,13.49464,13.68869,13.89648,14.09469,14.30988,14.53215,14.77582,15.02578,15.29324,15.62987,15.99748,16.43353,16.92680,17.59749,18.66378,20.39346,22.61775
2024-04-25,2024-04-24,ewma,1,15.37000,15.32640,True,12.37224,12.62454,12.99820,13.30113,13.52430,13.71842,13.92666,14.12525,14.34106,14.56379,14.80892,15.05877,15.32660,15.66385,16.03145,16.46904,16.96323,17.63520,18.70362,20.43610,22.66604
2024-04-26,2024-04-25,ewma,1,15.03000,15.32858,True,12.37399,12.62642,13.00022,13.30312,13.52663,13.72044,13.92870,14.12727,14.34327,14.56601,14.81211,15.06108,15.32883,15.66599,16.03303,16.47127,16.96539,17.63728,18.70566,20.43744,22.66854
2024-04-29,2024-04-26,ewma,1,14.67000,15.31351,True,12.36200,12.61417,12.98747,13.29026,13.51381,13.70747,13.91510,14.11380,14.33006,14.55293,14.79766,15.04613,15.31373,15.65057,16.01724,16.45466,16.94809,17.61933,18.68660,20.41684,22.64589
2024-04-30,2024-04-29,ewma,1,15.65000,15.28067,True,12.33566,12.58729,12.95965,13.26197,13.48530,13.67861,13.88536,14.08395,14.30022,14.52296,14.76582,15.01373,15.28086,15.61699,15.98286,16.41896,16.91113,17.58094,18.64586,20.37255,22.59697
2024-05-01,2024-04-30,ewma,1,15.39000,15.29893,True,12.35057,12.60249,12.97516,13.27802,13.50189,13.69548,13.90204,14.10114,14.31827,14.54088,14.78357,15.03184,15.29916,15.63569,16.00193,16.43815,16.93071,17.60133,18.66747,20.39638,22.62361
2024-05-02,2024-05-01,ewma,1,14.68000,15.30347,True,12.35441,12.60639,12.97904,13.28217,13.50636,13.70007,13.90629,14.10535,14.32358,14.54558,14.78807,15.03653,15.30376,15.64031,16.00611,16.44261,16.93512,17.60594,18.67234,20.40192,22.62997
2024-05-03,2024-05-02,ewma,1,13.49000,15.27168,True,12.32892,12.58036,12.95210,13.25478,13.47878,13.67169,13.87754,14.07606,14.29487,14.51555,14.75724,15.00510,15.27193,15.60780,15.97202,16.40829,16.89931,17.56875,18.63287,20.35903,22.58259
2024-05-06,2024-05-03,ewma,1,13.49000,15.17725,True,12.25285,12.50273,12.87204,13.17303,13.39563,13.58603,13.79144,13.98899,14.20491,14.42552,14.66588,14.91218,15.17746,15.51096,15.87242,16.30667,16.79376,17.45951,18.51699,20.23263,22.44260
2024-05-07,2024-05-06,ewma,1,13.23000,15.08808,True,12.18103,12.42944,12.79644,13.09589,13.31713,13.50511,13.71020,13.90615,14.11998,14.34031,14.57865,14.82405,15.08826,15.41872,15.77856,16.21071,16.69404,17.35639,18.40754,20.11326,22.31039
2024-05-08,2024-05-07,ewma,1,13.00000,14.98926,True,12.10142,12.34819,12.71266,13.01045,13.22859,13.41647,13.62025,13.81454,14.02620,14.24519,14.48211,14.72569,14.98924,15.31664,15.67506,16.10438,16.58365,17.24228,18.28633,19.98103,22.16392
2024-05-09,2024-05-08,ewma,1,12.69000,14.88293,True,12.01574,12.26075,12.62250,12.91684,13.13297,13.32105,13.52318,13.71652,13.92610,14.14267,14.37932,14.62004,14.88254,15.20709,15.56371,15.98990,16.46497,17.11953,18.15595,19.83879,22.00634
2024-05-10,2024-05-09,ewma,1,12.55000,14.76478,True,11.92052,12.16357,12.52233,12.81349,13.02712,13.21424,13.41499,13.60728,13.81531,14.03011,14.26511,14.50334,14.76404,15.08574,15.44000,15.86273,16.33323,16.98320,18.01117,19.68081,21.83130
2024-05-13,2024-05-10,ewma,1,13.60000,14.64529,True,11.82421,12.06529,12.42111,12.70782,12.92007,13.10591,13.30529,13.49673,13.70298,13.91637,14.14950,14.38531,14.64390,14.96302,15.31232,15.73411,16.20022,16.84533,17.86421,19.52103,21.65427
2024-05-14,2024-05-13,ewma,1,13.42000,14.59116,True,11.78068,12.02085,12.37533,12.66155,12.87273,13.05788,13.25660,13.44707,13.65189,13.86470,14.09705,14.33159,14.58913,14.90737,15.25302,15.67574,16.13953,16.78265,17.79701,19.44841,21.57390
2024-05-15,2024-05-14,ewma,1,12.45000,14.53025,True,11.73166,11.97082,12.32379,12.60938,12.81939,13.00385,13.20174,13.39055,13.59461,13.80634,14.03778,14.27121,14.52769,14.84497,15.18665,15.60987,16.07133,16.71217,17.72153,19.36673,21.48349
2024-05-16,2024-05-15,ewma,1,12.42000,14.41843,True,11.64153,11.87885,12.22907,12.50846,12.71950,12.90249,13.09903,13.28680,13.48985,13.69902,13.92934,14.16092,14.41547,14.73057,15.06874,15.48931,15.94684,16.58340,17.58398,19.21720,21.31782
2024-05-17,2024-05-16,ewma,1,11.99000,14.31127,True,11.55517,11.79071,12.13830,12.41483,12.62482,12.80568,13.00022,13.18543,13.38954,13.59627,13.82418,14.05526,14.30792,14.62076,14.95652,15.37377,15.82752,16.46013,17.45213,19.07390,21.15905
2024-05-20,2024-05-17,ewma,1,12.15000,14.18519,True,11.45353,11.68699,12.03066,12.30521,12.51278,12.69254,12.88453,13.06824,13.27093,13.47572,13.70078,13.93082,14.18063,14.49156,14.82454,15.23791,15.68777,16.31510,17.29723,18.90539,20.97231
2024-05-21,2024-05-20,ewma,1,11.86000,14.07577,True,11.36534,11.59699,11.93789,12.20937,12.41553,12.59459,12.78505,12.96738,13.16808,13.37148,13.59364,13.82250,14.07002,14.37938,14.70973,15.11994,15.56646,16.18924,17.16266,18.75909,20.81021
2024-05-22,2024-05-21,ewma,1,12.29000,13.95574,True,11.26858,11.49824,11.83561,12.10409,12.30875,12.48667,12.67590,12.85672,13.05563,13.25743,13.47628,13.70383,13.94915,14.25631,14.58334,14.99057,15.43341,16.05116,17.01517,18.59866,20.63242
2024-05-23,2024-05-22,ewma,1,12.77000,13.86733,True,11.19735,11.42555,11.76078,12.02750,12.22979,12.40693,12.59543,12.77496,12.97223,13.17211,13.39038,13.61644,13.86023,14.16554,14.49001,14.89517,15.33534,15.94946,16.90625,18.48037,20.50138
2024-05-24,2024-05-23,ewma,1,11.93000,13.81029,True,11.15144,11.37870,11.71255,11.97813,12.17964,12.35604,12.54371,12.72192,12.91793,13.11630,13.33478,13.55985,13.80267,14.10682,14.42947,14.83347,15.27196,15.88384,16.83559,18.40389,20.41673
2024-05-28,2024-05-24,ewma,1,12.92000,13.70959,True,11.07029,11.29580,11.62718,11.89025,12.09022,12.26550,12.45204,12.62629,12.82369,13.01926,13.23740,13.46002,13.70198,14.00257,14.32422,14.72530,15.16053,15.76714,16.71249,18.26914,20.26754
2024-05-29,2024-05-28,ewma,1,14.28000,13.66899,True,11.03766,11.26242,11.59277,11.85514,12.05456,12.22933,12.41525,12.59044,12.78575,12.97950,13.19804,13.41918,13.66135,13.95971,14.28176,14.68167,15.11555,15.71957,16.66264,18.21448,20.20720
2024-05-30,2024-05-29,ewma,1,14.47000,13.69891,True,11.06197,11.28714,11.61817,11.88118,12.08110,12.25625,12.44252,12.61936,12.81406,13.00886,13.22709,13.44974,13.69133,13.99285,14.31299,14.71379,15.14856,15.75309,16.69876,18.25379,20.25111
2024-05-31,2024-05-30,ewma,1,12.92000,13.73647,True,11.09245,11.31816,11.65005,11.91385,12.11438,12.29000,12.47670,12.65422,12.84982,13.04569,13.26351,13.48763,13.72944,14.03219,14.35232,14.75411,15.19001,15.79540,16.74420,18.30328,20.30631
2024-06-03,2024-05-31,ewma,1,13.11000,13.69445,True,11.05867,11.28360,11.61443,11.87750,12.07748,12.25265,12.43859,12.61578,12.81114,13.00437,13.22278,13.44558,13.68690,13.98881,14.30837,14.70855,15.14346,15.74620,16.69262,18.24672,20.24387
2024-06-04,2024-06-03,ewma,1,13.16000,13.66462,True,11.03474,11.25909,11.58916,11.85172,12.05144,12.22620,12.41155,12.58850,12.78334,12.97719,13.19382,13.41532,13.65703,13.95762,14.27717,14.67608,15.11023,15.71102,16.65591,18.20641,20.19945
2024-06-05,2024-06-04,ewma,1,12.63000,13.63893,True,11.01415,11.23800,11.56740,11.82959,12.02906,12.20346,12.38827,12.56488,12.75941,12.95400,13.16870,13.38925,13.63131,13.93000,14.25026,14.64807,15.08157,15.68067,16.62425,18.17164,20.16116
2024-06-06,2024-06-05,ewma,1,12.58000,13.58662,True,10.97206,11.19497,11.52306,11.78448,11.98319,12.15689,12.34080,12.51673,12.71032,12.90287,13.11787,13.33725,13.57820,13.87520,14.19546,14.59146,15.02348,15.61982,16.56014,18.10139,20.08352
2024-06-07,2024-06-06,ewma,1,12.22000,13.53443,True,10.93006,11.15203,11.47882,11.73947,11.93743,12.11021,12.29343,12.46869,12.66082,12.85191,13.06517,13.28538,13.52444,13.82027,14.14079,14.53460,14.96552,15.55911,16.49618,18.03130,20.00605
2024-06-10,2024-06-07,ewma,1,12.74000,13.46547,True,10.87452,11.09528,11.42036,11.67991,11.87687,12.04852,12.23070,12.40508,12.59539,12.78599,12.99631,13.21706,13.45393,13.74788,14.06860,14.45975,14.88902,15.47913,16.41179,17.93888,19.90380
2024-06-11,2024-06-10,ewma,1,12.85000,13.42823,True,10.84460,11.06467,11.38889,11.64786,11.84420,12.01522,12.19692,12.37082,12.56118,12.75032,12.96013,13.17988,13.41626,13.70791,14.02944,14.41896,14.84683,15.43562,16.36527,17.88872,19.84844
2024-06-12,2024-06-11,ewma,1,12.04000,13.39871,True,10.82091,11.04041,11.36397,11.62251,11.81833,11.98883,12.17015,12.34366,12.53417,12.72255,12.93140,13.15041,13.38630,13.67673,13.99835,14.38646,14.81318,15.40099,16.32816,17.84885,19.80449
2024-06-13,2024-06-12,ewma,1,11.94000,13.32727,True,10.76336,10.98161,11.30349,11.56079,11.75549,11.92500,12.10516,12.27777,12.46643,12.65444,12.86206,13.07983,13.31386,13.60345,13.92346,14.30970,14.73318,15.31818,16.23998,17.75313,19.69858
2024-06-14,2024-06-13,ewma,1,12.66000,13.25423,True,10.70452,10.92149,11.24165,11.49754,11.69122,11.85975,12.03869,12.21034,12.39777,12.58500,12.79117,13.00682,13.23923,13.52853,13.84699,14.23122,14.65143,15.23388,16.14985,17.65529,19.59031
2024-06-17,2024-06-14,ewma,1,12.75000,13.22387,True,10.68014,10.89654,11.21601,11.47125,11.66461,11.83268,12.01116,12.18247,12.36940,12.55624,12.76115,12.97528,13.20726,13.49727,13.81516,14.19857,14.61686,15.19882,16.11174,17.61430,19.54512
2024-06-18,2024-06-17,ewma,1,12.30000,13.19976,True,10.66082,10.87674,11.19568,11.45038,11.64353,11.81121,11.98932,12.16031,12.34745,12.53351,12.73717,12.95061,13.18315,13.47243,13.78987,14.17263,14.58997,15.17096,16.08126,17.58165,19.50918
2024-06-20,2024-06-18,ewma,1,13.28000,13.15325,True,10.62340,10.83849,11.15634,11.41007,11.60269,11.76996,11.94712,12.11750,12.30333,12.48917,12.69171,12.90485,13.13666,13.42471,13.74103,14.12112,14.53832,15.11734,16.02348,17.51916,19.44012
2024-06-21,2024-06-20,ewma,1,13.20000,13.15956,True,10.62864,10.84375,11.16180,11.41559,11.60845,11.77597,11.95289,12.12334,12.30955,12.49528,12.69837,12.91119,13.14301,13.43079,13.74712,14.12632,14.54505,15.12443,16.03006,17.52703,19.44914
2024-06-24,2024-06-21,ewma,1,13.33000,13.16157,True,10.63042,10.84548,11.16363,11.41738,11.61042,11.77815,11.95476,12.12523,12.31204,12.49746,12.70104,12.91493,13.14668,13.43248,13.74872,14.12692,14.54704,15.12659,16.03141,17.52918,19.45181
2024-06-25,2024-06-24,ewma,1,12.84000,13.16995,True,10.63733,10.85245,11.17084,11.42468,11.61799,11.78601,11.96240,12.13297,12.32047,12.50568,12.70983,12.92527,13.15751,13.44064,13.75696,14.13433,14.55605,15.13605,16.04050,17.53979,19.46387
2024-06-26,2024-06-25,ewma,1,12.55000,13.15325,True,10.62396,10.83882,11.15673,11.41024,11.60329,11.77150,11.94787,12.11888,12.30495,12.49093,12.69411,12.90715,13.13919,13.42339,13.73932,14.11630,14.53693,15.11661,16.01980,17.51738,19.43499
2024-06-27,2024-06-26,ewma,1,12.24000,13.12241,True,10.59917,10.81354,11.13063,11.38352,11.57612,11.74434,11.92048,12.09176,12.27620,12.46275,12.66396,12.87516,13.10674,13.39171,13.70691,14.08310,14.50219,15.08091,15.98187,17.47614,19.38522
2024-06-28,2024-06-27,ewma,1,12.44000,13.07681,True,10.56247,10.77610,11.09201,11.34401,11.53593,11.70397,11.87969,12.05087,12.23339,12.41810,12.61925,12.82995,13.06037,13.34486,13.65909,14.03406,14.45114,15.02826,15.92598,17.41525,19.31368
2024-07-01,2024-06-28,ewma,1,12.22000,13.04421,True,10.53625,10.74937,11.06442,11.31577,11.50721,11.67522,11.85057,12.02100,12.20299,12.38824,12.58707,12.79784,13.02778,13.31059,13.62427,13.99896,14.41445,14.99055,15.88591,17.37166,19.26135
2024-07-02,2024-07-01,ewma,1,12.03000,13.00171,True,10.50204,10.71447,11.02842,11.27894,11.46975,11.63725,11.81239,11.98200,12.16333,12.34654,12.54549,12.75603,12.98530,13.26622,13.57882,13.95329,14.36683,14.94146,15.83379,17.31490,19.19443
2024-07-03,2024-07-02,ewma,1,12.09000,12.95131,True,10.46145,10.67307,10.98573,11.23526,11.42565,11.59222,11.76703,11.93574,12.11604,12.29790,12.49630,12.70649,12.93402,13.21404,13.52513,13.89914,14.31092,14.88329,15.77205,17.24761,19.11589
2024-07-05,2024-07-03,ewma,1,12.48000,12.90682,True,10.42563,10.63654,10.94805,11.19689,11.38676,11.55247,11.72699,11.89495,12.07402,12.25533,12.45295,12.66269,12.88865,13.16848,13.47743,13.85134,14.26155,14.83197,15.71752,17.18820,19.04609
2024-07-08,2024-07-05,ewma,1,12.37000,12.88514,True,10.40824,10.61880,10.92971,11.17869,11.36798,11.53313,11.70761,11.87518,12.05408,12.23501,12.43245,12.64115,12.86644,13.14619,13.45316,13.82800,14.23737,14.80695,15.69076,17.15915,19.00998
2024-07-09,2024-07-08,ewma,1,12.51000,12.85888,True,10.38714,10.59729,10.90750,11.15652,11.34517,11.50968,11.68406,11.85110,12.02962,12.21043,12.40669,12.61508,12.84004,13.11873,13.42412,13.79962,14.20814,14.77667,15.65842,17.12402,18.96712
2024-07-10,2024-07-09,ewma,1,12.85000,12.84121,True,10.37298,10.58286,10.89256,11.14180,11.32993,11.49392,11.66831,11.83482,12.01318,12.19473,12.39006,12.59717,12.82222,13.09936,13.40405,13.78045,14.18839,14.75627,15.63655,17.10032,18.93695
2024-07-11,2024-07-10,ewma,1,12.92000,12.84165,True,10.37345,10.58335,10.89311,11.14279,11.33067,11.49436,11.66876,11.83524,12.01398,12.19622,12.39105,12.59827,12.82292,13.09846,13.40443,13.78072,14.18834,14.75667,15.63658,17.10074,18.93350
2024-07-12,2024-07-11,ewma,1,12.46000,12.84555,True,10.37673,10.58670,10.89659,11.14679,11.33446,11.49791,11.67237,11.83904,12.01803,12.20115,12.39538,12.60243,12.82747,13.10176,13.40842,13.78471,14.19211,14.76106,15.64084,17.10577,18.93515
2024-07-15,2024-07-12,ewma,1,13.12000,12.82600,True,10.36105,10.57071,10.88017,11.13043,11.31755,11.48085,11.65465,11.82137,11.99995,12.18380,12.37720,12.58297,12.80738,13.08163,13.38793,13.76136,14.16996,14.73849,15.61653,17.07956,18.90223
2024-07-16,2024-07-15,ewma,1,13.19000,12.84054,True,10.37291,10.58282,10.89268,11.14331,11.33073,11.49430,11.66793,11.83512,12.01358,12.19804,12.39194,12.59757,12.82293,13.09713,13.40299,13.77459,14.18549,14.75473,15.63374,17.09876,18.91956
2024-07-17,2024-07-16,ewma,1,14.48000,12.85779,True,10.38696,10.59717,10.90749,11.15837,11.34630,11.51019,11.68369,11.85113,12.02976,12.21445,12.40896,12.61473,12.84156,13.11723,13.42087,13.79073,14.20401,14.77390,15.65424,17.12157,18.94087
2024-07-18,2024-07-17,ewma,1,15.93000,12.93440,True,10.44897,10.66045,10.97265,11.22495,11.41431,11.57922,11.75339,11.92177,12.10161,12.28750,12.48329,12.69001,12.91813,13.19655,13.50111,13.88006,14.29082,14.86128,15.74702,17.22342,19.04960
2024-07-19,2024-07-18,ewma,1,16.52000,13.06983,True,10.55849,10.77219,11.08771,11.34257,11.53422,11.70052,11.87654,12.04660,12.22849,12.41673,12.61422,12.82301,13.05423,13.33515,13.64266,14.02600,14.44166,15.01895,15.91602,17.40358,19.24488
2024-07-22,2024-07-19,ewma,1,14.91000,13.22382,True,10.68302,10.89925,11.21853,11.47630,11.67052,11.83846,12.01659,12.18868,12.37281,12.56366,12.76308,12.97424,13.21051,13.49415,13.80677,14.19159,14.61359,15.19678,16.10834,17.60846,19.46741
2024-07-23,2024-07-22,ewma,1,14.72000,13.30341,True,10.74744,10.96498,11.28623,11.54546,11.74117,11.90978,12.08903,12.26220,12.44760,12.64008,12.84216,13.05411,13.29131,13.57646,13.89318,14.27724,14.70380,15.28799,16.20417,17.71427,19.58033
2024-07-24,2024-07-23,ewma,1,18.04000,13.37089,True,10.80207,11.02073,11.34365,11.60411,11.80114,11.97026,12.15046,12.32455,12.51105,12.70501,12.90958,13.12247,13.35943,13.64571,13.96619,14.34998,14.77937,15.36528,16.28524,17.80395,19.67538
2024-07-25,2024-07-24,ewma,1,18.46000,13.57263,True,10.96518,11.18714,11.51486,11.77939,11.97938,12.15141,12.33386,12.51129,12.69997,12.89689,13.10468,13.32105,13.56341,13.85233,14.17739,14.57136,15.00648,15.59859,16.54125,18.07591,19.96792
2024-07-26,2024-07-25,ewma,1,16.39000,13.78296,True,11.13522,11.36062,11.69336,11.96211,12.16519,12.34026,12.52505,12.70597,12.89692,13.09694,13.30808,13.52811,13.77526,14.06760,14.39800,14.79892,15.24083,15.84136,16.80157,18.36634,20.27296
2024-07-29,2024-07-26,ewma,1,16.60000,13.90286,True,11.23222,11.45958,11.79514,12.06637,12.27121,12.44817,12.63408,12.81722,13.00960,13.21103,13.42401,13.64660,13.89517,14.19045,14.52436,14.92860,15.37409,15.98217,16.94738,18.52555,20.44490
2024-07-30,2024-07-29,ewma,1,17.69000,14.02666,True,11.33237,11.56176,11.90023,12.17401,12.38066,12.55957,12.74674,12.93155,13.12626,13.32881,13.54371,13.76893,14.01949,14.31749,14.65397,15.06405,15.51154,16.12909,17.09793,18.68995,20.62248
2024-07-31,2024-07-30,ewma,1,16.36000,14.19035,True,11.46475,11.69681,12.03916,12.31626,12.52532,12.70649,12.89570,13.08266,13.28026,13.48505,13.70229,13.93042,14.18394,14.48648,14.82550,15.24117,15.69379,16.32100,17.30467,18.90747,20.85862
2024-08-01,2024-07-31,ewma,1,18.59000,14.29166,True,11.54672,11.78044,12.12517,12.40439,12.61485,12.79757,12.98797,13.17647,13.37606,13.58247,13.80065,14.03092,14.28707,14.59378,14.93189,15.35047,15.80904,16.43789,17.42705,19.04187,21.00298
2024-08-02,2024-08-01,ewma,1,23.39000,14.48080,True,11.69967,11.93648,12.28569,12.56879,12.78191,12.96730,13.16006,13.35178,13.55408,13.76312,13.98479,14.21786,14.47762,14.78983,15.12986,15.55411,16.02129,16.65781,17.66665,19.29328,21.27633
2024-08-05,2024-08-02,ewma,1,38.57000,14.83216,True,11.98368,12.22624,12.58385,12.87409,13.09216,13.28232,13.47956,13.67669,13.88355,14.09744,14.32565,14.56375,14.82955,15.15091,15.49710,15.93289,16.41210,17.06530,18.10106,19.77161,21.92464
2024-08-06,2024-08-05,ewma,1,27.71000,15.55810,True,12.57035,12.82478,13.19982,13.50454,13.73306,13.93249,14.13950,14.34680,14.56324,14.78778,15.02858,15.27735,15.55628,15.89341,16.25670,16.71409,17.21690,17.90326,18.99232,20.76091,23.01608
2024-08-07,2024-08-06,ewma,1,27.85000,16.01366,True,12.93857,13.20045,13.58639,13.90032,14.13530,14.34054,14.55373,14.76723,14.98985,15.22081,15.47046,15.72585,16.01285,16.35964,16.73526,17.20448,17.72362,18.42887,19.55169,21.38666,23.72673
2024-08-08,2024-08-07,ewma,1,23.79000,16.46294,True,13.30173,13.57095,13.96767,14.29067,14.53216,14.74298,14.96214,15.18190,15.41041,15.64787,15.90497,16.16822,16.46272,16.81936,17.20537,17.68786,18.22197,18.94665,20.10214,21.99007,24.45505
2024-08-09,2024-08-08,ewma,1,20.37000,16.76879,True,13.54900,13.82323,14.22727,14.55654,14.80242,15.01697,15.24020,15.46455,15.69672,15.93900,16.20093,16.46920,16.76899,17.13218,17.52943,18.01700,18.56234,19.30276,20.49060,22.42791,24.90743
2024-08-12,2024-08-09,ewma,1,20.71000,16.93270,True,13.68159,13.95850,14.36644,14.69920,14.94739,15.16427,15.38926,15.61649,15.85030,16.09527,16.35947,16.63083,16.93296,17.30068,17.70712,18.19451,18.74507,19.50542,20.68902,22.64346,25.14891
2024-08-13,2024-08-12,ewma,1,18.12000,17.10405,True,13.82020,14.09991,14.51193,14.84821,15.09894,15.31825,15.54502,15.77532,16.01099,16.25871,16.52521,16.79991,17.10437,17.47726,17.88673,18.37934,18.93644,19.71028,20.90674,22.86888,25.40141
2024-08-14,2024-08-13,ewma,1,16.19000,17.15346,True,13.86029,14.14080,14.55397,14.89130,15.14285,15.36303,15.58994,15.82251,16.05754,16.30630,16.57302,16.84930,17.15385,17.53009,17.94010,18.43232,18.98982,19.76590,20.96669,22.93124,25.47280
2024-08-15,2024-08-14,ewma,1,15.23000,17.10396,True,13.82044,14.10014,14.51207,14.84852,15.09919,15.31922,15.54496,15.77878,16.01143,16.25849,16.52512,16.79997,17.10430,17.47824,17.88738,18.37900,18.93490,19.70754,20.90573,22.86134,25.39729
2024-08-16,2024-08-15,ewma,1,14.80000,17.00500,True,13.74064,14.01872,14.42822,14.76281,15.01188,15.22903,15.45501,15.68408,15.91842,16.16379,16.42933,16.70213,17.00530,17.37588,17.78321,18.27220,18.82523,19.59221,20.78433,22.72539,25.24837
2024-08-19,2024-08-16,ewma,1,14.65000,16.88733,True,13.64571,13.92187,14.32848,14.66085,14.90734,15.12293,15.34787,15.57409,15.80783,16.05136,16.31546,16.58595,16.88759,17.25484,17.65997,18.14530,18.69485,19.45533,20.64006,22.56447,25.07169
2024-08-20,2024-08-19,ewma,1,15.88000,16.76775,True,13.54924,13.82344,14.22713,14.55576,14.80081,15.01523,15.23886,15.46279,15.69574,15.93757,16.19945,16.46802,16.76797,17.13195,17.53474,18.01635,18.56236,19.31627,20.49347,22.40106,24.89220
2024-08-21,2024-08-20,ewma,1,16.27000,16.72221,True,13.51259,13.78605,14.18859,14.51660,14.76074,14.97487,15.19768,15.42115,15.65312,15.89424,16.15498,16.42280,16.72240,17.08470,17.48694,17.96695,18.51182,19.26252,20.43736,22.33658,24.82264
2024-08-22,2024-08-21,ewma,1,17.55000,16.69930,True,13.49420,13.76732,14.16940,14.49691,14.74080,14.95445,15.17695,15.40080,15.63197,15.87250,16.13332,16.39928,16.69908,17.06111,17.45989,17.94217,18.48595,19.23362,20.40753,22.30597,24.78710
2024-08-23,2024-08-22,ewma,1,15.86000,16.74084,True,13.52790,13.80173,14.20488,14.53316,14.77775,14.99175,15.21479,15.43988,15.67114,15.91201,16.17393,16.44120,16.74105,17.10435,17.50666,17.98662,18.53141,19.27895,20.45645,22.36144,24.84722
2024-08-26,2024-08-23,ewma,1,16.15000,16.69566,True,13.49151,13.76464,14.16679,14.49413,14.73814,14.95138,15.17382,15.39915,15.62910,15.86903,16.12980,16.39593,16.69564,17.05755,17.45924,17.93790,18.48087,19.22442,20.39940,22.30107,24.77862
2024-08-27,2024-08-26,ewma,1,15.43000,16.66794,True,13.46924,13.74195,14.14351,14.47026,14.71396,14.92666,15.14867,15.37547,15.60338,15.84272,16.10350,16.36769,16.66751,17.02904,17.42813,17.90794,18.44967,19.19000,20.36370,22.26403,24.73596
2024-08-28,2024-08-27,ewma,1,17.11000,16.60375,True,13.41750,13.68918,14.08928,14.41472,14.65757,14.86968,15.09034,15.31814,15.54295,15.78167,16.04101,16.30382,16.60291,16.96328,17.35793,17.83871,18.37810,19.11361,20.28344,22.17827,24.63917
2024-08-29,2024-08-28,ewma,1,15.65000,16.62870,True,13.43779,13.70991,14.11070,14.43658,14.67964,14.89254,15.11302,15.34256,15.56654,15.80541,16.06559,16.32938,16.62848,16.98911,17.38093,17.86526,18.40544,19.13984,20.31209,22.21158,24.67467
2024-08-30,2024-08-29,ewma,1,15.00000,16.57834,True,13.39722,13.66855,14.06821,14.39299,14.63523,14.84795,15.06730,15.29627,15.51962,15.75751,16.01646,16.27902,16.57771,16.93748,17.32616,17.81089,18.34943,19.08016,20.24875,22.14430,24.59842
2024-09-03,2024-08-30,ewma,1,20.72000,16.49562,True,13.33049,13.60051,13.99825,14.32119,14.56225,14.77436,14.99206,15.21865,15.44184,15.67851,15.93608,16.19711,16.49442,16.85278,17.23945,17.72175,18.25760,18.98478,20.14590,22.03378,24.47416
2024-09-04,2024-09-03,ewma,1,21.32000,16.68475,True,13.48346,13.75660,14.15899,14.48541,14.72925,14.94406,15.16396,15.39430,15.61912,15.85864,16.11926,16.38366,16.68432,17.04635,17.44054,17.92574,18.46828,19.21353,20.39203,22.28639,24.75323
2024-09-05,2024-09-04,ewma,1,19.90000,16.89052,True,13.64988,13.92642,14.33386,14.66407,14.91095,15.12867,15.35099,15.58434,15.81197,16.05426,16.31854,16.58695,16.89071,17.25769,17.66295,18.14744,18.69815,19.46075,20.64752,22.56123,25.05696
2024-09-06,2024-09-05,ewma,1,22.38000,17.02957,True,13.76238,14.04123,14.45187,14.78481,15.03397,15.25351,15.47747,15.71281,15.94298,16.18645,16.45306,16.72471,17.02981,17.40133,17.80878,18.29766,18.85254,19.62604,20.81705,22.74694,25.26167
2024-09-09,2024-09-06,ewma,1,19.45000,17.26380,True,13.95180,14.23453,14.65066,14.98818,15.24102,15.46363,15.69048,15.92911,16.16312,16.40952,16.67955,16.95537,17.26411,17.64303,18.05518,18.55076,19.11598,19.89766,21.10452,23.05979,25.60754
2024-09-10,2024-09-09,ewma,1,19.08000,17.36703,True,14.03536,14.31981,14.73829,15.07782,15.33242,15.55616,15.78442,16.02455,16.26114,16.50812,16.77936,17.05742,17.36740,17.74928,18.16506,18.66206,19.23313,20.01638,21.23063,23.19766,25.75907
2024-09-11,2024-09-10,ewma,1,17.69000,17.44891,True,14.10166,14.38749,14.80778,15.14903,15.40497,15.62956,15.85896,16.10028,16.33970,16.58653,16.85854,17.13864,17.44988,17.83302,18.25078,18.75412,19.32373,20.11045,21.33063,23.30701,25.87891
2024-09-12,2024-09-11,ewma,1,17.07000,17.46088,True,14.11147,14.39753,14.81796,15.15962,15.41582,15.64036,15.86997,16.11142,16.35281,16.59854,16.87134,17.15127,17.46273,17.84522,18.26327,18.76501,19.33692,20.12394,21.34519,23.32298,25.89506
2024-09-13,2024-09-12,ewma,1,16.56000,17.44113,True,14.09564,14.38141,14.80122,15.14265,15.39852,15.62273,15.85214,16.09324,16.33450,16.58025,16.85348,17.13115,17.44239,17.82500,18.24258,18.74180,19.31369,20.10086,21.32095,23.29658,25.86416
2024-09-16,2024-09-13,ewma,1,17.14000,17.39598,True,14.05928,14.34434,14.76292,15.10363,15.35880,15.58261,15.81120,16.05163,16.29241,16.53670,16.80863,17.08615,17.39666,17.77884,18.19501,18.69316,19.26234,20.04852,21.26567,23.23625,25.79561
2024-09-17,2024-09-16,ewma,1,17.61000,17.38309,True,14.04900,14.33388,14.75199,15.09263,15.34756,15.57138,15.79952,16.03991,16.28044,16.52500,16.79740,17.07429,17.38346,17.76457,18.18057,18.67919,19.24672,20.03336,21.24983,23.21902,25.77490
2024-09-18,2024-09-17,ewma,1,18.23000,17.39436,True,14.05824,14.34335,14.76158,15.10260,15.35766,15.58180,15.80981,16.05051,16.29102,16.53604,16.80842,17.08627,17.39534,17.77482,18.19141,18.69118,19.25786,20.04604,21.26352,23.23406,25.79002
2024-09-19,2024-09-18,ewma,1,16.33000,17.43522,True,14.09140,14.37720,14.79627,15.13826,15.39388,15.61872,15.84698,16.08840,16.32930,16.57520,16.84803,17.12734,17.43706,17.81894,18.23638,18.73496,19.30174,20.09282,21.31338,23.28861,25.84900
2024-09-20,2024-09-19,ewma,1,16.15000,17.37822,True,14.04546,14.33040,14.74804,15.08898,15.34366,15.56807,15.79519,16.03608,16.27613,16.52063,16.79282,17.07059,17.37948,17.75942,18.17580,18.67324,19.23852,20.02579,21.24325,23.21214,25.76290
2024-09-23,2024-09-20,ewma,1,15.89000,17.31465,True,13.99421,14.27818,14.69423,15.03399,15.28764,15.51152,15.73743,15.97769,16.21637,16.45974,16.73127,17.00738,17.31533,17.69319,18.10836,18.60445,19.16803,19.95120,21.16508,23.12689,25.66707
2024-09-24,2024-09-23,ewma,1,15.39000,17.24048,True,13.93439,14.21721,14.63143,14.96979,15.22225,15.44547,15.67003,15.90874,16.14688,16.38847,16.65837,16.93385,17.24085,17.61620,18.02984,18.52428,19.08579,19.86440,21.07396,23.02747,25.55553
2024-09-25,2024-09-24,ewma,1,15.41000,17.14288,True,13.85564,14.13693,14.54874,14.88525,15.13619,15.35684,15.58128,15.81832,16.05527,16.29500,16.56286,16.83734,17.14320,17.51574,17.92733,18.41894,18.97763,19.75062,20.95421,22.89678,25.40928
2024-09-26,2024-09-25,ewma,1,15.37000,17.05178,True,13.78214,14.06200,14.47156,14.80636,15.05586,15.27562,15.49840,15.73400,15.96967,16.20783,16.47478,16.74730,17.05206,17.42193,17.83189,18.32088,18.87667,19.64435,20.84240,22.77477,25.27269
2024-09-27,2024-09-26,ewma,1,16.96000,16.96348,True,13.71090,13.98938,14.39676,14.72989,14.97807,15.19692,15.41801,15.65243,15.88420,16.12361,16.38940,16.66008,16.96372,17.33115,17.73936,18.22582,18.77839,19.54131,20.73403,22.65650,25.14026
2024-09-30,2024-09-27,ewma,1,16.73000,16.96330,True,13.71089,13.98943,14.39676,14.72989,14.97810,15.19715,15.41794,15.65232,15.88588,16.12363,16.38930,16.66051,16.96351,17.33078,17.73801,18.22546,18.77766,19.53939,20.73337,22.65593,25.13844
2024-10-01,2024-09-30,ewma,1,19.26000,16.95156,True,13.70153,13.97994,14.38693,14.71975,14.96791,15.18703,15.40731,15.64154,15.87590,16.11294,16.37802,16.64972,16.95154,17.31859,17.72259,18.21266,18.76414,19.52332,20.71857,22.63992,25.11949
2024-10-02,2024-10-01,ewma,1,18.90000,17.06012,True,13.78940,14.06967,14.47920,14.81407,15.06395,15.28434,15.50601,15.74182,15.97776,16.21661,16.48411,16.75713,17.06035,17.42985,17.84049,18.32984,18.88602,19.64579,20.85080,22.78457,25.27878
2024-10-03,2024-10-02,ewma,1,20.49000,17.14771,True,13.86032,14.14210,14.55368,14.89018,15.14147,15.36287,15.58565,15.82283,16.05999,16.30049,16.56995,16.84406,17.14799,17.52047,17.93251,18.42507,18.98345,19.74408,20.95740,22.90121,25.40699
2024-10-04,2024-10-03,ewma,1,19.21000,17.30106,True,13.98441,14.26878,14.68389,15.02341,15.27694,15.50033,15.72506,15.96453,16.20363,16.44689,16.71826,16.99571,17.30141,17.67876,18.09510,18.59093,19.15859,19.93242,21.14292,23.10568,25.63263
2024-10-07,2024-10-04,ewma,1,22.64000,17.39184,True,14.05792,14.34384,14.76098,15.10229,15.35715,15.58172,15.80759,16.04853,16.28866,16.53354,16.80611,17.08668,17.39252,17.77388,18.19105,18.68884,19.26068,20.03567,21.25194,23.22658,25.76552
2024-10-08,2024-10-07,ewma,1,21.42000,17.62269,True,14.24465,14.53444,14.95695,15.30281,15.56104,15.78887,16.01743,16.26182,16.50498,16.75331,17.03063,17.31485,17.62425,18.01056,18.43284,18.94290,19.51665,20.30896,21.54115,23.53452,26.10590
2024-10-09,2024-10-08,ewma,1,20.86000,17.79547,True,14.38445,14.67715,15.10365,15.45299,15.71367,15.94402,16.17451,16.42154,16.66702,16.91801,17.19907,17.48482,17.79782,18.18721,18.61546,19.13134,19.70955,20.50987,21.75189,23.76492,26.36022
2024-10-10,2024-10-09,ewma,1,20.93000,17.93741,True,14.49931,14.79442,15.22416,15.57645,15.83905,16.07153,16.30357,16.55290,16.80018,17.05346,17.33630,17.62456,17.94050,18.33245,18.76488,19.28473,19.87190,20.67505,21.92491,23.95412,26.56883
2024-10-11,2024-10-10,ewma,1,20.46000,18.07633,True,14.61174,14.90921,15.34211,15.69728,15.96204,16.19635,16.42988,16.68153,16.93036,17.18633,17.47062,17.76142,18.08086,18.47460,18.91127,19.43438,20.03766,20.83833,22.09423,24.13928,26.77294
2024-10-14,2024-10-11,ewma,1,19.70000,18.18863,True,14.70266,15.00204,15.43748,15.79500,16.06153,16.29718,16.53231,16.78559,17.03561,17.29427,17.58156,17.87266,18.19446,18.58970,19.03112,19.55564,20.16688,20.96712,22.23102,24.28889,26.93760
2024-10-15,2024-10-14,ewma,1,20.64000,18.26137,True,14.76159,15.06225,15.49926,15.85837,16.12608,16.36256,16.59942,16.85283,17.10413,17.36438,17.65428,17.94532,18.26817,18.66619,19.10793,19.63504,20.24694,21.05028,22.31944,24.38567,27.04365
2024-10-16,2024-10-15,ewma,1,19.58000,18.37351,True,14.85238,15.15496,15.59449,15.95596,16.22543,16.46326,16.70235,16.95638,17.20987,17.47124,17.76308,18.05592,18.38211,18.78453,19.22567,19.75795,20.37356,21.17887,22.45602,24.53506,27.20804
2024-10-17,2024-10-16,ewma,1,19.11000,18.43203,True,14.89983,15.20344,15.64421,16.00698,16.27743,16.51591,16.75654,17.01045,17.26539,17.52711,17.82003,18.11366,18.44282,18.84941,19.28726,19.81955,20.43795,21.24564,22.52705,24.61284,27.29300
2024-10-18,2024-10-17,ewma,1,18.03000,18.46535,True,14.92711,15.23152,15.67267,16.03597,16.30770,16.54591,16.78702,17.04127,17.29671,17.55982,17.85286,18.14689,18.47721,18.88425,19.32197,19.85487,20.47430,21.28376,22.56574,24.65545,27.34147
2024-10-21,2024-10-18,ewma,1,18.37000,18.44333,True,14.90966,15.21395,15.65417,16.01690,16.28910,16.52633,16.76718,17.02103,17.27619,17.53990,17.83220,18.12485,18.45448,18.86133,19.29879,19.83069,20.44929,21.25810,22.53681,24.62417,27.30799
2024-10-22,2024-10-21,ewma,1,18.20000,18.43966,True,14.90703,15.21151,15.65124,16.01376,16.28670,16.52319,16.76402,17.01776,17.27314,17.53664,17.82901,18.12174,18.44974,18.85683,19.29479,19.82623,20.44462,21.25358,22.53029,24.61739,27.30168
2024-10-23,2024-10-22,ewma,1,19.24000,18.42760,True,14.89763,15.20216,15.64119,16.00334,16.27689,16.51253,16.75347,17.00699,17.26254,17.52518,17.81772,18.11073,18.43623,18.84178,19.28200,19.81276,20.43066,21.23940,22.51352,24.59941,27.28295
2024-10-24,2024-10-23,ewma,1,19.08000,18.46740,True,14.93015,15.23558,15.67515,16.03795,16.31289,16.54827,16.79018,17.04408,17.30051,17.56326,17.85644,18.15131,18.47821,18.88587,19.32345,19.85536,20.47418,21.28498,22.56010,24.65064,27.34099
2024-10-25,2024-10-24,ewma,1,20.33000,18.49755,True,14.95487,15.26106,15.70093,16.06419,16.33973,16.57537,16.81813,17.07241,17.32949,17.59236,17.88584,18.18188,18.50944,18.91748,19.35482,19.88761,20.50459,21.31945,22.59491,24.68901,27.38476
2024-10-28,2024-10-25,ewma,1,19.80000,18.58512,True,15.02602,15.33391,15.77545,16.14037,16.41728,16.65391,16.89818,17.15410,17.41226,17.67600,17.97142,18.26843,18.59779,19.00775,19.44689,19.98263,20.59861,21.42008,22.69983,24.80400,27.51352
2024-10-29,2024-10-28,ewma,1,19.34000,18.64406,True,15.07401,15.38313,15.82566,16.19185,16.46954,16.70680,16.95199,17.20936,17.46798,17.73229,18.02931,18.32846,18.65681,19.06860,19.50892,20.04548,20.66087,21.48768,22.76976,24.88075,27.59989
2024-10-30,2024-10-29,ewma,1,20.35000,18.67825,True,15.10201,15.41195,15.85487,16.22185,16.49995,16.73794,16.98330,17.24156,17.50031,17.76509,18.06323,18.36478,18.69108,19.10389,19.54455,20.08207,20.69570,21.52675,22.80946,24.92448,27.64962
2024-10-31,2024-10-30,ewma,1,23.16000,18.75848,True,15.16723,15.47875,15.92316,16.29183,16.57102,16.81033,17.05648,17.31595,17.57577,17.84194,18.14168,18.44401,18.77141,19.18725,19.62885,20.16954,20.78152,21.61888,22.90537,25.02962,27.76749
2024-11-01,2024-10-31,ewma,1,21.88000,18.95722,True,15.32828,15.64335,16.09189,16.46474,16.74663,16.98894,17.23804,17.49975,17.76215,18.03152,18.33577,18.63960,18.97051,19.39244,19.83802,20.38565,21.01413,21.84973,23.16684,25.29287,28.06079
2024-11-04,2024-11-01,ewma,1,21.98000,19.09362,True,15.43892,15.75652,16.20770,16.58352,16.86717,17.11169,17.36293,17.62618,17.89012,18.16136,18.46959,18.77454,19.10722,19.53492,19.98241,20.53646,21.17031,22.00917,23.33142,25.47291,28.26178
2024-11-05,2024-11-04,ewma,1,20.49000,19.22849,True,15.54834,15.86844,16.32221,16.70097,16.98637,17.23298,17.48644,17.75135,18.01717,18.28969,18.60050,18.90925,19.24240,19.67410,20.12541,20.68215,21.32214,22.16392,23.49411,25.65088,28.46050
2024-11-06,2024-11-05,ewma,1,16.27000,19.28968,True,15.59818,15.91956,16.37418,16.75422,17.04047,17.28825,17.54258,17.80849,18.07569,18.34804,18.66014,18.97487,19.30405,19.73753,20.19047,20.74775,21.38946,22.23401,23.56675,25.73055,28.55016
2024-11-07,2024-11-06,ewma,1,15.20000,19.12618,True,15.46632,15.78524,16.23433,16.61067,16.89584,17.14036,17.39225,17.65633,17.92071,18.19237,18.50153,18.80962,19.14007,19.56960,20.01890,20.57168,21.20764,22.04526,23.36489,25.51050,28.30725
2024-11-08,2024-11-07,ewma,1,14.94000,18.90771,True,15.28091,15.59493,16.04775,16.42022,16.70204,16.94306,17.19202,17.45381,17.71576,17.98451,18.28976,18.59204,18.92132,19.34586,19.78981,20.33650,20.96479,21.79316,23.09592,25.21718,27.98302
2024-11-11,2024-11-08,ewma,1,14.97000,18.68635,True,15.09582,15.40836,15.85911,16.22723,16.50374,16.74447,16.99022,17.24877,17.50805,17.77352,18.07378,18.37371,18.69967,19.11916,19.55756,20.09707,20.71874,21.53773,22.82347,24.92005,27.65453
2024-11-12,2024-11-11,ewma,1,14.71000,18.48032,True,14.92196,15.23512,15.68315,16.04744,16.31943,16.55947,16.80175,17.05700,17.31457,17.57689,17.87267,18.17059,18.49335,18.90701,19.34110,19.87414,20.48970,21.29997,22.56979,24.64340,27.34873
2024-11-13,2024-11-12,ewma,1,14.02000,18.27068,True,14.74898,15.05912,15.50483,15.86489,16.13328,16.37112,16.61028,16.86242,17.11730,17.37714,17.66908,17.96437,18.28341,18.69100,19.12088,19.64737,20.25668,21.05806,22.31174,24.36198,27.03762
2024-11-14,2024-11-13,ewma,1,14.31000,18.03035,True,14.55348,14.85758,15.29854,15.65499,15.92085,16.15516,16.39138,16.63997,16.89109,17.14829,17.43584,17.72799,18.04279,18.44366,18.86858,19.38764,19.98965,20.78080,22.01628,24.03970,26.68113
2024-11-15,2024-11-14,ewma,1,16.14000,17.82321,True,14.38319,14.68516,15.12177,15.47407,15.73718,15.96854,16.20082,16.44866,16.69603,16.95080,17.23467,17.52222,17.83547,18.23095,18.65132,19.16442,19.75708,20.54174,21.76312,23.76292,26.37376
2024-11-18,2024-11-15,ewma,1,15.58000,17.73503,True,14.31211,14.61259,15.04707,15.39769,15.65951,15.88987,16.11964,16.36716,16.61271,16.86652,17.14854,17.43342,17.74719,18.13994,18.55856,19.06911,19.65642,20.43979,21.65521,23.64476,26.24243
2024-11-19,2024-11-18,ewma,1,16.35000,17.62052,True,14.21979,14.51833,14.95002,15.29846,15.55781,15.78653,16.01546,16.26137,16.50530,16.75761,17.03758,17.32010,17.63257,18.02210,18.43825,18.94549,19.52661,20.30751,21.51516,23.49150,26.07215
2024-11-20,2024-11-19,ewma,1,17.16000,17.55471,True,14.16676,14.46419,14.89430,15.24151,15.49981,15.72763,15.95568,16.20070,16.44293,16.69459,16.97372,17.25504,17.56669,17.95463,18.36914,18.87425,19.45081,20.23135,21.43458,23.40318,25.97394
2024-11-21,2024-11-20,ewma,1,16.87000,17.53476,True,14.15075,14.44785,14.87748,15.22437,15.48230,15.71010,15.93759,16.18234,16.42492,16.67605,16.95466,17.23463,17.54669,17.93407,18.34812,18.85263,19.42583,20.20805,21.40999,23.37599,25.94360
2024-11-22,2024-11-21,ewma,1,15.24000,17.50091,True,14.12351,14.42004,14.84887,15.19517,15.45260,15.68010,15.90687,16.15116,16.39330,16.64387,16.92170,17.20022,17.51215,17.89923,18.31255,18.81607,19.38707,20.16872,21.36844,23.33028,25.89268
2024-11-25,2024-11-22,ewma,1,14.60000,17.38028,True,14.02625,14.32074,14.74663,15.09063,15.34559,15.57130,15.79712,16.03973,16.27988,16.52914,16.80472,17.08079,17.39079,17.77551,18.18618,18.68621,19.25220,20.02906,21.22093,23.16889,25.71339
2024-11-26,2024-11-25,ewma,1,14.10000,17.22946,True,13.90461,14.19656,14.61776,14.95863,15.21192,15.43600,15.65999,15.90024,16.13761,16.38485,16.65855,16.93219,17.23887,17.62090,18.02819,18.52388,19.08389,19.85392,21.03655,22.96726,25.48944
2024-11-27,2024-11-26,ewma,1,14.10000,17.05764,True,13.76603,14.05231,14.47121,14.80914,15.05954,15.28088,15.50376,15.74093,15.97629,16.22031,16.49185,16.76299,17.06563,17.44482,17.84823,18.33907,18.89236,19.65461,20.82655,22.73766,25.23444
2024-11-29,2024-11-27,ewma,1,13.51000,16.89600,True,13.63566,13.91933,14.33204,14.66812,14.91579,15.13506,15.35676,15.59122,15.82480,16.06627,16.33501,16.60398,16.90259,17.27914,17.67893,18.16519,18.71212,19.46706,20.62898,22.52163,24.99452
2024-12-02,2024-11-29,ewma,1,13.34000,16.70812,True,13.48150,13.76187,14.17201,14.50350,14.74975,14.96608,15.18571,15.41739,15.64852,15.88726,16.15302,16.41917,16.71405,17.08663,17.48141,17.96310,18.50396,19.24930,20.39921,22.27063,24.71579
2024-12-03,2024-12-02,ewma,1,13.30000,16.52110,True,13.32861,13.60385,14.01218,14.33927,14.58378,14.79837,15.01546,15.24448,15.47315,15.70815,15.97187,16.23459,16.52640,16.89382,17.28482,17.76195,18.29676,19.03256,20.17050,22.02080,24.43835
2024-12-04,2024-12-03,ewma,1,13.45000,16.34292,True,13.17905,13.45274,13.86057,14.18340,14.42569,14.63789,14.85329,15.07990,15.30625,15.53765,15.79745,16.05862,16.34744,16.70920,17.09749,17.57006,18.09935,18.82603,19.95259,21.78275,24.17401
2024-12-05,2024-12-04,ewma,1,13.54000,16.18450,True,13.05130,13.32169,13.72507,14.04528,14.28528,14.49471,14.70929,14.93359,15.15770,15.38648,15.64218,15.90249,16.18813,16.54484,16.93132,17.39943,17.92382,18.64192,19.75882,21.57106,23.93891
2024-12-06,2024-12-05,ewma,1,12.77000,16.04077,True,12.93540,13.20346,13.60213,13.91682,14.15758,14.36491,14.57851,14.80066,15.02282,15.24937,15.50322,15.76100,16.04353,16.39651,16.78075,17.24460,17.76457,18.47458,19.58298,21.37896,23.72556
2024-12-09,2024-12-06,ewma,1,14.19000,15.85892,True,12.78851,13.05256,13.44669,13.75771,13.99512,14.20179,14.41296,14.63255,14.84992,15.07613,15.32742,15.58210,15.86122,16.20962,16.59029,17.04879,17.56310,18.26337,19.36061,21.13606,23.45583
2024-12-10,2024-12-09,ewma,1,14.18000,15.77099,True,12.71764,12.98025,13.37236,13.68147,13.91801,14.12185,14.33258,14.55088,14.76548,14.99198,15.24114,15.49557,15.77286,16.11875,16.49793,16.95248,17.46566,18.16036,19.25292,21.01835,23.32504
2024-12-11,2024-12-10,ewma,1,13.58000,15.68736,True,12.65024,12.91148,13.30167,13.60895,13.84469,14.04736,14.25605,14.47042,14.68602,14.91179,15.15903,15.41299,15.68875,16.03307,16.40973,16.86080,17.37298,18.06231,19.15047,20.90637,23.20060
2024-12-12,2024-12-11,ewma,1,13.92000,15.57461,True,12.55935,12.81874,13.20629,13.51095,13.74333,13.94500,14.15322,14.36418,14.57988,14.80406,15.04997,15.30090,15.57548,15.91776,16.29108,16.73786,17.24805,17.93076,19.01248,20.75559,23.03312
2024-12-13,2024-12-12,ewma,1,13.81000,15.48740,True,12.48905,12.74701,13.13255,13.43534,13.66678,13.86506,14.07379,14.28241,14.49792,14.72063,14.96558,15.21391,15.48775,15.82854,16.19915,16.64237,17.15140,17.82862,18.90566,20.63884,22.90340
2024-12-16,2024-12-13,ewma,1,14.69000,15.39888,True,12.41768,12.67422,13.05756,13.35858,13.58915,13.78557,13.99304,14.20016,14.41466,14.63646,14.87896,15.12628,15.39919,15.73800,16.10653,16.54715,17.05218,17.72613,18.79699,20.52026,22.77214
2024-12-17,2024-12-16,ewma,1,15.87000,15.36264,True,12.38845,12.64445,13.02689,13.32717,13.55764,13.75321,13.96024,14.16707,14.38100,14.60204,14.84285,15.09001,15.36291,15.70087,16.06860,16.50809,17.01085,17.68382,18.75214,20.47133,22.71818
2024-12-18,2024-12-17,ewma,1,27.62000,15.38762,True,12.40860,12.66507,13.04814,13.34887,13.58016,13.77565,13.98307,14.19050,14.40462,14.62612,14.86807,15.11537,15.38795,15.72655,16.09469,16.53482,17.03732,17.71198,18.78201,20.50399,22.75476
2024-12-19,2024-12-18,ewma,1,24.09000,15.84433,True,12.77690,13.04105,13.43549,13.74510,13.98371,14.18461,14.39820,14.61242,14.83237,15.06068,15.31049,15.56514,15.84522,16.19348,16.57247,17.02593,17.54675,18.24422,19.34353,21.12298,23.45830
2024-12-20,2024-12-19,ewma,1,18.36000,16.17976,True,13.04739,13.31720,13.71999,14.03612,14.28025,14.48554,14.70309,14.92251,15.14660,15.38004,15.63473,15.89632,16.18147,16.53712,16.92456,17.39188,17.91849,18.63975,19.75554,21.59707,24.00999
2024-12-23,2024-12-20,ewma,1,16.78000,16.28235,True,13.13012,13.40170,13.80706,14.12515,14.37101,14.57804,14.79639,15.01820,15.24344,15.47815,15.73398,15.99798,16.28472,16.64389,17.03326,17.50463,18.03243,18.75668,19.88059,21.73234,24.16073
2024-12-24,2024-12-23,ewma,1,14.27000,16.30688,True,13.14991,13.42196,13.82793,14.14670,14.39287,14.60064,14.81881,15.04267,15.26721,15.50195,15.75903,16.02226,16.31011,16.67305,17.05852,17.53068,18.05951,18.78349,19.91033,21.76342,24.19563
2024-12-26,2024-12-24,ewma,1,14.73000,16.19845,True,13.06247,13.33278,13.73606,14.05337,14.29575,14.50164,14.72005,14.93986,15.16449,15.39826,15.65291,15.91558,16.20102,16.55979,16.94436,17.41380,17.93935,18.65679,19.77773,21.61706,24.03326
2024-12-27,2024-12-26,ewma,1,15.95000,16.12167,True,13.00056,13.26965,13.67102,13.98749,14.22848,14.43354,14.65035,14.86765,15.09200,15.32456,15.57860,15.83985,16.12380,16.47950,16.86330,17.32943,17.85424,18.56656,19.68377,21.51294,23.91785
2024-12-30,2024-12-27,ewma,1,17.40000,16.11304,True,12.99360,13.26261,13.66377,13.98074,14.22136,14.42645,14.64258,14.86045,15.08414,15.31694,15.57037,15.83169,16.11474,16.46966,16.85355,17.31833,17.84460,18.55483,19.67303,21.49979,23.90357
2024-12-31,2024-12-30,ewma,1,17.35000,16.17507,True,13.04362,13.31373,13.71654,14.03530,14.27632,14.48262,14.69918,14.91840,15.14300,15.37648,15.63164,15.89283,16.17742,16.53554,16.92014,17.38898,17.91323,18.62445,19.74840,21.58090,23.99410
2025-01-02,2024-12-31,ewma,1,17.93000,16.23188,True,13.08944,13.36056,13.76490,14.08533,14.32667,14.53413,14.75105,14.97217,15.19699,15.43082,15.68788,15.94898,16.23510,16.59807,16.98060,17.44974,17.97607,18.68806,19.81739,21.65504,24.07688
2025-01-03,2025-01-02,ewma,1,16.13000,16.31283,True,13.15472,13.42726,13.83372,14.15632,14.39834,14.60703,14.82485,15.04869,15.27407,15.50807,15.76617,16.02906,16.31735,16.68269,17.06602,17.53772,18.06566,18.77944,19.91586,21.76138,24.19546
2025-01-06,2025-01-03,ewma,1,16.04000,16.30364,True,13.14732,13.41976,13.82611,14.14867,14.39044,14.59922,14.81672,15.04206,15.26723,15.49974,15.75733,16.02109,16.30730,16.67293,17.05596,17.52752,18.05541,18.76784,19.90427,21.74746,24.18033
2025-01-07,2025-01-06,ewma,1,17.82000,16.29036,True,13.13661,13.40889,13.81502,14.13726,14.37893,14.58773,14.80485,15.03046,15.25656,15.48758,15.74665,16.00871,16.29316,16.65753,17.04185,17.51292,18.04063,18.75192,19.88768,21.72808,24.15913
2025-01-08,2025-01-07,ewma,1,17.70000,16.36362,True,13.19569,13.46927,13.87733,14.20095,14.44372,14.65376,14.87165,15.09823,15.32536,15.55795,15.81963,16.08090,16.36773,16.73458,17.11946,17.59264,18.12050,18.83562,19.97676,21.82413,24.26629
2025-01-10,2025-01-08,ewma,1,19.54000,16.42798,True,13.24759,13.52231,13.93209,14.25692,14.50065,14.71148,14.93030,15.15779,15.38582,15.62019,15.88218,16.14450,16.43324,16.80107,17.18892,17.66210,18.19049,18.90907,20.05496,21.90829,24.36022
2025-01-13,2025-01-10,ewma,1,19.19000,16.57109,True,13.36300,13.64018,14.05364,14.38123,14.62710,14.83974,15.06046,15.29001,15.51996,15.75713,16.02088,16.28559,16.57726,16.94806,17.33930,17.81638,18.35167,19.07983,20.22929,22.09746,24.57091
2025-01-14,2025-01-13,ewma,1,18.71000,16.69311,True,13.46140,13.74069,14.15731,14.48724,14.73493,14.94910,15.17145,15.40277,15.63425,15.87337,16.13941,16.40667,16.70093,17.07330,17.46734,17.94835,18.48710,19.23029,20.37787,22.25847,24.75030
2025-01-15,2025-01-14,ewma,1,16.12000,16.78859,True,13.53840,13.81934,14.23846,14.57022,14.81933,15.03470,15.25831,15.49104,15.72368,15.96436,16.23229,16.50184,16.79842,17.17124,17.56756,18.05240,18.59316,19.33898,20.49404,22.38406,24.89032
2025-01-16,2025-01-15,ewma,1,16.60000,16.75451,True,13.51092,13.79131,14.20959,14.54087,14.78953,15.00470,15.22735,15.45965,15.69197,15.93288,16.19877,16.46725,16.76301,17.13623,17.53177,18.01529,18.55534,19.29786,20.45177,22.33806,24.83826
2025-01-17,2025-01-16,ewma,1,15.97000,16.74675,True,13.50467,13.78494,14.20304,14.53436,14.78296,14.99826,15.22031,15.45254,15.68491,15.92642,16.19183,16.46079,16.75393,17.12814,17.52351,18.00649,18.54666,19.28706,20.44163,22.32716,24.82521
2025-01-21,2025-01-17,ewma,1,15.06000,16.70703,True,13.47264,13.75227,14.16938,14.50012,14.74818,14.96320,15.18421,15.41596,15.64784,15.88886,16.15287,16.42083,16.71325,17.08733,17.48181,17.96332,18.50259,19.23945,20.39248,22.27365,24.76480
2025-01-22,2025-01-21,ewma,1,15.10000,16.62056,True,13.40291,13.68111,14.09607,14.42529,14.67213,14.88626,15.10560,15.33606,15.56661,15.80621,16.06870,16.33476,16.62617,16.99855,17.39117,17.86988,18.40674,19.13802,20.28627,22.15780,24.63509
2025-01-23,2025-01-22,ewma,1,15.02000,16.54101,True,13.33877,13.61565,14.02864,14.35648,14.60219,14.81532,15.03315,15.26248,15.49181,15.72944,15.99146,16.25590,16.54603,16.91687,17.30777,17.78420,18.31857,19.04458,20.18852,22.05121,24.51568
2025-01-24,2025-01-23,ewma,1,14.85000,16.46143,True,13.27459,13.55016,13.96117,14.28763,14.53197,14.74433,14.96053,15.18872,15.41725,15.65312,15.91418,16.17733,16.46556,16.83513,17.22433,17.69847,18.23036,18.95112,20.09073,21.94456,24.39621
2025-01-27,2025-01-24,ewma,1,17.90000,16.37685,True,13.20639,13.48056,13.88947,14.21450,14.45736,14.66887,14.88318,15.11036,15.33794,15.57246,15.83025,16.09393,16.38010,16.74827,17.13542,17.60738,18.13663,18.85233,19.98685,21.83127,24.26936
2025-01-28,2025-01-27,ewma,1,16.41000,16.44984,True,13.26525,13.54066,13.95140,14.27821,14.52183,14.73454,14.94972,15.17788,15.40639,15.64206,15.90298,16.16602,16.45439,16.82357,17.21242,17.68633,18.21738,18.93571,20.07526,21.92801,24.37601
2025-01-29,2025-01-28,ewma,1,16.56000,16.44784,True,13.26365,13.53903,13.94974,14.27684,14.52011,14.73282,14.94812,15.17621,15.40454,15.64044,15.90139,16.16450,16.45154,16.82118,17.21017,17.68402,18.21510,18.93278,20.07217,21.92480,24.37155
2025-01-30,2025-01-29,ewma,1,15.84000,16.45343,True,13.26816,13.54366,13.95451,14.28206,14.52509,14.73788,14.95341,15.18154,15.40979,15.64667,15.90713,16.17122,16.45842,16.82653,17.21585,17.68987,18.22123,18.93858,20.07834,21.93170,24.37832
2025-01-31,2025-01-30,ewma,1,16.43000,16.42220,True,13.24298,13.51797,13.92816,14.25531,14.49778,14.70997,14.92512,15.15290,15.38074,15.61787,15.87660,16.13946,16.42632,16.79423,17.18227,17.65614,18.18537,18.90200,20.03951,21.88953,24.33054
2025-02-03,2025-01-31,ewma,1,18.62000,16.42259,True,13.24330,13.51831,13.92864,14.25602,14.49837,14.71039,14.92556,15.15336,15.38130,15.61835,15.87732,16.14115,16.42786,16.79309,17.18176,17.65640,18.18453,18.90181,20.03926,21.88950,24.32961
2025-02-04,2025-02-03,ewma,1,17.21000,16.52603,True,13.32671,13.60348,14.01651,14.34618,14.58995,14.80335,15.01966,15.24886,15.47832,15.71673,15.97788,16.24389,16.53219,16.90073,17.29188,17.76809,18.30177,19.02023,20.16476,22.02682,24.48134
2025-02-05,2025-02-04,ewma,1,15.77000,16.55958,True,13.35377,13.63111,14.04510,14.37555,14.61982,14.83370,15.05018,15.27986,15.50980,15.74889,16.01086,16.27729,16.56659,16.93571,17.32630,17.80400,18.33885,19.05851,20.20496,22.07098,24.52951
2025-02-06,2025-02-05,ewma,1,15.50000,16.51918,True,13.32119,13.59787,14.01097,14.34066,14.58440,14.79781,15.01347,15.24273,15.47202,15.71084,15.97125,16.23722,16.52561,16.89403,17.28311,17.76040,18.29403,19.01183,20.15494,22.01658,24.46815
2025-02-07,2025-02-06,ewma,1,16.54000,16.46666,True,13.27884,13.55466,13.96657,14.29526,14.53818,14.75107,14.96575,15.19445,15.42347,15.66044,15.91992,16.18493,16.47251,16.83996,17.22726,17.70378,18.23460,18.95122,20.09014,21.94603,24.38885
2025-02-10,2025-02-07,ewma,1,15.81000,16.47032,True,13.28180,13.55769,13.96982,14.29863,14.54154,14.75473,14.96912,15.19801,15.42753,15.66429,15.92401,16.18928,16.47702,16.84334,17.23040,17.70762,18.23737,18.95526,20.09388,21.95036,24.39276
2025-02-11,2025-02-10,ewma,1,16.02000,16.43666,True,13.25466,13.53000,13.94141,14.26960,14.51196,14.72496,14.93864,15.16720,15.39636,15.63261,15.89091,16.15568,16.44278,16.80678,17.19497,17.67134,18.19883,18.91635,20.05209,21.90495,24.34140
2025-02-12,2025-02-11,ewma,1,15.89000,16.41557,True,13.23765,13.51266,13.92366,14.25148,14.49347,14.70645,14.91959,15.14799,15.37670,15.61276,15.87108,16.13389,16.42112,16.78279,17.17269,17.64858,18.17421,18.89191,20.02565,21.87630,24.30866
2025-02-13,2025-02-12,ewma,1,15.10000,16.38888,True,13.21614,13.49071,13.90116,14.22850,14.47005,14.68292,14.89545,15.12362,15.35179,15.58759,15.84583,16.10659,16.39385,16.75309,17.14456,17.61980,18.14339,18.86103,19.99237,21.84019,24.26764
2025-02-14,2025-02-13,ewma,1,14.77000,16.32190,True,13.16230,13.43593,13.84442,14.17036,14.41101,14.62297,14.83469,15.06134,15.28891,15.52363,15.78051,16.04041,16.32599,16.68358,17.07374,17.54747,18.06912,18.78384,19.90934,21.75026,24.16768
2025-02-18,2025-02-14,ewma,1,15.35000,16.24057,True,13.09689,13.36933,13.77550,14.09977,14.33930,14.55016,14.76050,14.98588,15.21233,15.44599,15.70133,15.96013,16.24379,16.59942,16.98792,17.45971,17.97897,18.69014,19.80881,21.64121,24.04649
2025-02-19,2025-02-18,ewma,1,15.27000,16.19484,True,13.06019,13.33204,13.73678,14.06008,14.29902,14.50924,14.71905,14.94387,15.16985,15.40204,15.65679,15.91498,16.19741,16.55179,16.93935,17.41023,17.92824,18.63741,19.75171,21.57961,23.97801
2025-02-20,2025-02-19,ewma,1,15.66000,16.14729,True,13.02203,13.29325,13.69653,14.01882,14.25714,14.46670,14.67595,14.90025,15.12540,15.35654,15.61049,15.86810,16.14943,16.50311,16.88935,17.35881,17.87549,18.58259,19.69241,21.51560,23.90684
2025-02-21,2025-02-20,ewma,1,18.21000,16.12257,True,13.00227,13.27325,13.67563,13.99738,14.23541,14.44486,14.65360,14.87769,15.10233,15.33324,15.58692,15.84326,16.12427,16.47777,16.86346,17.33040,17.84801,18.55404,19.66096,21.48200,23.86948
2025-02-24,2025-02-21,ewma,1,18.98000,16.22102,True,13.08185,13.35465,13.75920,14.08286,14.32251,14.53337,14.74319,14.96883,15.19516,15.42723,15.68243,15.94058,16.22338,16.57853,16.96698,17.43869,17.95744,18.66724,19.77969,21.61250,24.01446
2025-02-25,2025-02-24,ewma,1,19.43000,16.34892,True,13.18517,13.46030,13.86776,14.19397,14.43561,14.64828,14.85953,15.08724,15.31559,15.54918,15.80663,16.06647,16.35216,16.71090,17.10250,17.57692,18.10295,18.81500,19.93432,21.78225,24.20303
2025-02-26,2025-02-25,ewma,1,19.10000,16.49067,True,13.29967,13.57736,13.98807,14.31721,14.56095,14.77560,14.98840,15.21844,15.44901,15.68421,15.94423,16.20615,16.49523,16.85852,17.25147,17.72959,18.26260,18.97908,20.10582,21.97043,24.41210
2025-02-27,2025-02-26,ewma,1,21.13000,16.61223,True,13.39790,13.67781,14.09126,14.42293,14.66847,14.88471,15.09892,15.33087,15.56355,15.80007,16.06210,16.32605,16.61784,16.98736,17.37986,17.86077,18.39752,19.12200,20.25268,22.13171,24.59127
2025-02-28,2025-02-27,ewma,1,19.63000,16.81324,True,13.56021,13.84368,14.26184,14.59763,14.84614,15.06502,15.28166,15.51644,15.75253,15.99175,16.25679,16.52486,16.81980,17.19451,17.59234,18.07798,18.62047,19.36114,20.51004,22.39882,24.88803
2025-03-03,2025-02-28,ewma,1,22.78000,16.94396,True,13.66582,13.95168,14.37295,14.71130,14.96161,15.18234,15.40049,15.63713,15.87526,16.11657,16.38341,16.65460,16.95143,17.32887,17.72951,18.22069,18.77010,19.52101,20.66812,22.57227,25.08073
2025-03-04,2025-03-03,ewma,1,23.51000,17.19657,True,13.86975,14.16005,14.58746,14.93081,15.18472,15.40889,15.63011,15.87032,16.11221,16.35694,16.62789,16.90334,17.20512,17.58787,17.99420,18.49606,19.05963,19.81820,20.98369,22.92113,25.45383
2025-03-05,2025-03-04,ewma,1,21.93000,17.46757,True,14.08851,14.38358,14.81757,15.16628,15.42407,15.65185,15.87644,16.12049,16.36633,16.61474,16.89077,17.17074,17.47741,17.86544,18.27820,18.78810,19.36684,20.13225,21.32079,23.30180,25.85412
2025-03-06,2025-03-05,ewma,1,24.87000,17.66740,True,14.24988,14.54852,14.98733,15.33999,15.60058,15.83105,16.05811,16.30498,16.55372,16.80495,17.08486,17.36973,17.67842,18.07031,18.48843,19.00384,19.59059,20.36411,21.56922,23.56658,26.14906
2025-03-07,2025-03-06,ewma,1,23.37000,17.97206,True,14.49581,14.79978,15.24601,15.60473,15.86965,16.10419,16.33506,16.58642,16.83933,17.09491,17.38030,17.67073,17.98429,18.38344,18.80891,19.33323,19.93037,20.71881,21.94394,24.00040,26.59913
2025-03-10,2025-03-07,ewma,1,27.86000,18.20962,True,14.68762,14.99580,15.44778,15.81122,16.07974,16.31721,16.55103,16.80602,17.06304,17.32135,17.61087,17.90442,18.22206,18.62876,19.05915,19.59204,20.19430,20.99579,22.24320,24.31728,26.94986
2025-03-11,2025-03-10,ewma,1,26.92000,18.60094,True,15.00346,15.31847,15.78000,16.15123,16.42562,16.66793,16.90708,17.16754,17.43087,17.69444,17.99117,18.28973,18.61370,19.03177,19.46971,20.01621,20.63233,21.44944,22.73497,24.84575,27.58239
2025-03-12,2025-03-11,ewma,1,24.23000,18.94794,True,15.28356,15.60464,16.07463,16.45275,16.73237,16.97895,17.22350,17.48860,17.75669,18.02551,18.32867,18.63174,18.96099,19.38720,19.83792,20.39073,21.02190,21.85644,23.16276,25.31781,28.09519
2025-03-13,2025-03-12,ewma,1,24.66000,19.18234,True,15.47284,15.79810,16.27374,16.65651,16.93970,17.18907,17.43761,17.70584,17.97650,18.24985,18.55585,18.86677,19.19571,19.62887,20.08821,20.64404,21.28504,22.13986,23.45062,25.62685,28.44099
2025-03-14,2025-03-13,ewma,1,21.77000,19.42478,True,15.66861,15.99819,16.47968,16.86727,17.15414,17.40640,17.65905,17.93052,18.20385,18.48187,18.79083,19.11067,19.43855,19.88006,20.34589,20.90797,21.55415,22.41988,23.75206,25.94653,28.79867
2025-03-17,2025-03-14,ewma,1,20.51000,19.53580,True,15.75838,16.08974,16.57395,16.96373,17.25307,17.50641,17.76017,18.03335,18.30790,18.58783,18.89875,19.21995,19.54986,19.99428,20.46544,21.02890,21.68205,22.54798,23.88725,26.09480,28.96147
2025-03-18,2025-03-17,ewma,1,21.70000,19.58339,True,15.79699,16.12906,16.61441,17.00512,17.29600,17.54958,17.80363,18.07763,18.35251,18.63343,18.94532,19.26703,19.59780,20.04343,20.51843,21.07965,21.73369,22.60288,23.94488,26.15835,29.03023
2025-03-19,2025-03-18,ewma,1,19.90000,19.68414,True,15.87847,16.21216,16.69996,17.09267,17.38588,17.64039,17.89542,18.17104,18.44719,18.72972,19.04294,19.36735,19.69915,20.14683,20.62693,21.19107,21.84432,22.71913,24.06750,26.29291,29.17777
2025-03-20,2025-03-19,ewma,1,19.80000,19.69488,True,15.88735,16.22112,16.70915,17.10206,17.39627,17.65054,17.90562,18.18162,18.45776,18.74040,19.05348,19.37936,19.71022,20.15767,20.63699,21.20062,21.85505,22.73148,24.08005,26.30723,29.19188
2025-03-21,2025-03-20,ewma,1,19.28000,19.70012,True,15.89180,16.22556,16.71368,17.10668,17.40180,17.65567,17.91095,18.18713,18.46318,18.74584,19.06065,19.38639,19.71569,20.16288,20.64117,21.20578,21.85968,22.73750,24.08590,26.31421,29.19784
2025-03-24,2025-03-21,ewma,1,17.48000,19.67890,True,15.87490,16.20820,16.69575,17.08832,17.38327,17.63708,17.89222,18.16815,18.44455,18.72607,19.04221,19.36398,19.69431,20.14097,20.61763,21.18246,21.83610,22.71297,24.05938,26.28584,29.16458
2025-03-25,2025-03-24,ewma,1,17.15000,19.56266,True,15.78134,16.11257,16.59721,16.98749,17.28079,17.53152,17.78523,18.05965,18.33409,18.61494,18.92765,19.24825,19.57783,20.02167,20.49451,21.05685,21.70709,22.57783,23.91670,26.13055,28.99051
2025-03-26,2025-03-25,ewma,1,18.33000,19.43434,True,15.67804,16.00700,16.48842,16.87627,17.16524,17.41496,17.66800,17.94014,18.21308,18.49228,18.80142,19.12102,19.44916,19.89002,20.35868,20.91825,21.56468,22.42691,23.75925,25.95913,28.79856
2025-03-27,2025-03-26,ewma,1,18.69000,19.37757,True,15.63246,15.96036,16.44034,16.82719,17.11599,17.36461,17.61658,17.88822,18.16038,18.43771,18.74635,19.06431,19.39200,19.83103,20.29783,20.85615,21.50167,22.35859,23.68930,25.88328,28.71266
2025-03-28,2025-03-27,ewma,1,21.65000,19.34260,True,15.60446,15.93168,16.41075,16.79704,17.08599,17.33379,17.58498,17.85659,18.12810,18.40489,18.71237,19.02986,19.35665,19.79357,20.25981,20.81751,21.46284,22.31543,23.64598,25.83655,28.65907
2025-03-31,2025-03-28,ewma,1,22.28000,19.45190,True,15.69285,16.02182,16.50360,16.89217,17.18274,17.43226,17.68490,17.95816,18.23179,18.50935,18.81826,19.13755,19.46656,19.90795,20.37754,20.93763,21.58422,22.43870,23.77950,25.98252,28.81923
2025-04-01,2025-03-31,ewma,1,21.77000,19.58437,True,15.79994,16.13105,16.61612,17.00742,17.29997,17.55150,17.80590,18.08101,18.35722,18.63583,18.94657,19.26908,19.59956,20.04412,20.51946,21.08166,21.73478,22.58867,23.94135,26.15945,29.01370
2025-04-02,2025-04-01,ewma,1,21.51000,19.68825,True,15.88396,16.21673,16.70437,17.09785,17.39194,17.64503,17.90091,18.17739,18.45535,18.73510,19.04916,19.37266,19.70373,20.15081,20.63123,21.19950,21.85281,22.70562,24.06824,26.29818,29.16578
2025-04-03,2025-04-02,ewma,1,30.02000,19.77556,True,15.95462,16.28876,16.77858,17.17378,17.46928,17.72371,17.98064,18.25848,18.53745,18.81847,19.13574,19.46045,19.79222,20.24079,20.72494,21.30029,21.94953,22.80510,24.17488,26.41478,29.29331
2025-04-04,2025-04-03,ewma,1,45.31000,20.19263,True,16.29133,16.63242,17.13257,17.53603,17.83793,18.09795,18.36010,18.64411,18.92868,19.21557,19.53944,19.87225,20.21122,20.67017,21.16269,21.75460,22.41321,23.30099,24.68804,26.99408,29.98594
2025-04-07,2025-04-04,ewma,1,46.98000,21.02533,True,16.96339,17.31844,17.83921,18.25925,18.57358,18.84474,19.11749,19.41356,19.70990,20.00836,20.34533,20.69250,21.04519,21.52453,22.03541,22.65238,23.33773,24.26712,25.70927,28.17688,31.30890
2025-04-08,2025-04-07,ewma,1,52.33000,21.88777,True,17.65945,18.02895,18.57109,19.00828,19.33550,19.61794,19.90201,20.21051,20.51904,20.82966,21.18069,21.54212,21.90880,22.40909,22.93932,23.58189,24.29530,25.27054,26.76514,29.33734,32.60185
2025-04-09,2025-04-08,ewma,1,33.62000,22.86277,True,18.44635,18.83220,19.39850,19.85508,20.19687,20.49206,20.78910,21.11205,21.43367,21.75801,22.12505,22.50266,22.88477,23.40939,23.96249,24.63353,25.37935,26.40725,27.96070,30.64617,34.11930
2025-04-10,2025-04-09,ewma,1,40.72000,23.30786,True,18.80572,19.19896,19.77628,20.24167,20.59011,20.89122,21.19436,21.52442,21.85142,22.18159,22.55735,22.94172,23.33053,23.86613,24.43131,25.11457,25.87666,26.92357,28.50694,31.25532,34.78001
2025-04-11,2025-04-10,ewma,1,37.56000,23.96722,True,19.33798,19.74223,20.33589,20.81436,21.17265,21.48246,21.79449,22.13474,22.47008,22.80910,23.19709,23.59175,23.99090,24.54136,25.12589,25.82627,26.61167,27.68548,29.31376,32.16052,35.90509
2025-04-14,2025-04-11,ewma,1,30.89000,24.51168,True,19.77730,20.19097,20.79821,21.28759,21.65429,21.97060,22.29012,22.63811,22.98057,23.32981,23.72547,24.12919,24.53913,25.10228,25.69689,26.41427,27.22695,28.32586,29.99391,32.90457,36.73408
2025-04-15,2025-04-14,ewma,1,30.12000,24.79678,True,20.00737,20.42608,21.04048,21.53559,21.90683,22.22628,22.54992,22.90196,23.24791,23.60376,24.00287,24.41129,24.82673,25.39726,25.99831,26.72251,27.54769,28.67618,30.35195,33.28657,37.16100
2025-04-16,2025-04-15,ewma,1,32.64000,25.03907,True,20.20289,20.62593,21.24644,21.74642,22.12157,22.44359,22.77080,23.12643,23.47647,23.83602,24.23916,24.65090,25.06933,25.64793,26.25625,26.98457,27.82172,28.96465,30.64757,33.61110,37.52376
2025-04-17,2025-04-16,ewma,1,29.65000,25.37318,True,20.47249,20.90141,21.53030,22.03700,22.41743,22.74320,23.07508,23.43653,23.79250,24.15544,24.56436,24.98084,25.40496,25.99148,26.60792,27.34577,28.19918,29.35155,31.06564,34.05885,38.02409
2025-04-21,2025-04-17,ewma,1,33.82000,25.57157,True,20.63258,21.06511,21.69902,22.20971,22.59341,22.92108,23.25591,23.62132,23.98133,24.34499,24.75737,25.17703,25.60529,26.19600,26.81828,27.56251,28.42047,29.58401,31.30749,34.32441,38.32104
2025-04-22,2025-04-21,ewma,1,30.57000,25.93153,True,20.92305,21.36191,22.00485,22.52277,22.91179,23.24378,23.58368,23.95549,24.31895,24.68783,25.10683,25.53293,25.96728,26.56621,27.19797,27.95278,28.82451,30.00822,31.75681,34.80684,38.86011
2025-04-23,2025-04-22,ewma,1,28.45000,26.14577,True,21.09594,21.53868,22.18703,22.70914,23.10143,23.43587,23.77944,24.15531,24.51991,24.89208,25.31524,25.74590,26.18300,26.78762,27.42344,28.18675,29.06699,30.25768,32.01835,35.09365,39.18081
2025-04-24,2025-04-23,ewma,1,26.47000,26.25642,True,21.18525,21.63010,22.28130,22.80526,23.19954,23.53511,23.88197,24.25945,24.62380,24.99799,25.42335,25.85648,26.29423,26.90377,27.53977,28.31121,29.18888,30.38546,32.15301,35.24141,39.34625
2025-04-25,2025-04-24,ewma,1,24.84000,26.26706,True,21.19386,21.63914,22.29071,22.81452,23.20929,23.54548,23.89354,24.27104,24.63399,25.00866,25.43456,25.86843,26.30594,26.91281,27.55084,28.32095,29.19959,30.39750,32.16520,35.25493,39.36183
2025-04-28,2025-04-25,ewma,1,25.15000,26.19380,True,21.13477,21.57907,22.22892,22.75090,23.14490,23.48065,23.82880,24.20489,24.56549,24.93824,25.36272,25.79508,26.23166,26.83666,27.47392,28.24024,29.11704,30.31244,32.07465,35.15584,39.25168
2025-04-29,2025-04-28,ewma,1,24.17000,26.14059,True,21.09187,21.53551,22.18380,22.70471,23.09808,23.43379,23.78127,24.15726,24.51655,24.88815,25.31022,25.74148,26.17809,26.78107,27.41779,28.18116,29.05690,30.25060,32.00843,35.08368,39.17158
2025-04-30,2025-04-29,ewma,1,24.70000,26.03835,True,21.00940,21.45156,22.09705,22.61593,23.00793,23.34297,23.68913,24.06364,24.41960,24.79012,25.21026,25.63921,26.07542,26.67542,27.31023,28.06923,28.94225,30.13202,31.88218,34.94570,39.01801
2025-05-01,2025-04-30,ewma,1,24.60000,25.96974,True,20.95407,21.39531,22.03886,22.55636,22.94750,23.28177,23.62759,24.00058,24.35584,24.72426,25.14287,25.57002,26.00606,26.60435,27.23794,27.99462,28.86500,30.05236,31.79711,34.85287,38.91484
2025-05-02,2025-05-01,ewma,1,22.68000,25.89948,True,20.89740,21.33769,21.97925,22.49542,22.88560,23.21908,23.56467,23.93598,24.29088,24.65719,25.07389,25.49981,25.93467,26.53159,27.16336,27.91823,28.78591,29.96995,31.71002,34.75783,38.80919
2025-05-05,2025-05-02,ewma,1,23.64000,25.72816,True,20.75919,21.19682,21.83388,22.34674,22.73346,23.06406,23.40664,23.77701,24.12879,24.49322,24.90623,25.33041,25.76209,26.35539,26.98251,27.73291,28.59451,29.77019,31.49921,34.52716,38.55211
2025-05-06,2025-05-05,ewma,1,24.76000,25.61950,True,20.67155,21.10757,21.74170,22.25249,22.63764,22.96748,23.30864,23.67462,24.02658,24.38810,24.79925,25.22263,25.65216,26.24342,26.86739,27.61515,28.47354,29.64296,31.36513,34.38060,38.38893
2025-05-07,2025-05-06,ewma,1,23.55000,25.57582,True,20.63633,21.07185,21.70466,22.21468,22.59923,22.92862,23.26983,23.63577,23.98583,24.34790,24.75549,25.17873,25.60730,26.19802,26.82062,27.56709,28.42480,29.59093,31.31061,34.32125,38.32313
2025-05-08,2025-05-07,ewma,1,22.48000,25.47051,True,20.55139,20.98536,21.61531,22.12333,22.50637,22.83451,23.17507,23.53566,23.88676,24.24597,24.65208,25.07406,25.50129,26.08888,26.70961,27.45262,28.30756,29.46759,31.18065,34.17919,38.16498
2025-05-09,2025-05-08,ewma,1,21.90000,25.31195,True,20.42348,20.85498,21.48077,21.98573,22.36536,22.69095,23.02855,23.38602,23.73792,24.09209,24.49691,24.91670,25.34253,25.92510,26.54277,27.28075,28.13114,29.28267,30.98551,33.96568,37.92704
2025-05-12,2025-05-09,ewma,1,18.39000,25.12936,True,20.27618,20.70481,21.32585,21.82644,22.20271,22.52486,22.86047,23.21392,23.56663,23.91509,24.31851,24.73570,25.15971,25.73673,26.35074,27.08301,27.92802,29.06997,30.76097,33.71995,37.65311
2025-05-13,2025-05-12,ewma,1,18.22000,24.74010,True,19.95638,20.37913,20.99529,21.48824,21.85609,22.17580,22.50218,22.85157,23.19751,23.54463,23.94089,24.35166,24.76781,25.33621,25.94073,26.66311,27.49345,28.61955,30.28353,33.19648,37.06950
2025-05-14,2025-05-13,ewma,1,18.62000,24.36458,True,19.64772,20.06688,20.67375,21.16023,21.52350,21.83888,22.15835,22.50279,22.84271,23.18710,23.57658,23.98118,24.38972,24.94981,25.54517,26.25803,27.07420,28.18503,29.82293,32.69147,36.50649
2025-05-15,2025-05-14,ewma,1,17.83000,24.03919,True,19.38438,19.78973,20.39591,20.87663,21.23542,21.54673,21.86150,22.20129,22.53758,22.87665,23.26158,23.66011,24.06283,24.61506,25.20224,25.90700,26.71072,27.80851,29.42373,32.25377,36.01862
2025-05-16,2025-05-15,ewma,1,17.24000,23.68271,True,19.09148,19.49428,20.09243,20.56615,20.91868,21.22652,21.53612,21.86960,22.20285,22.53681,22.91649,23.30847,23.70575,24.25000,24.82787,25.52247,26.31275,27.39603,28.98650,31.77439,35.48416
2025-05-19,2025-05-16,ewma,1,18.14000,23.30970,True,18.78168,19.18569,19.77403,20.24107,20.58494,20.89065,21.19568,21.52310,21.85242,22.18154,22.55307,22.94063,23.33214,23.86801,24.43674,25.12022,25.89647,26.96443,28.52906,31.27285,34.92495
2025-05-20,2025-05-19,ewma,1,18.09000,23.01928,True,18.54261,18.94504,19.52572,19.98832,20.32685,20.62863,20.93051,21.25371,21.57910,21.90471,22.26962,22.65413,23.04142,23.57028,24.13219,24.80698,25.57341,26.62836,28.17273,30.88215,34.48949
2025-05-21,2025-05-20,ewma,1,20.87000,22.74360,True,18.31856,18.71424,19.29069,19.74738,20.08279,20.38027,20.67919,20.99812,21.31982,21.64177,22.00273,22.38179,22.76545,23.28689,23.84265,24.50962,25.26673,26.30937,27.83446,30.51125,34.07612
2025-05-22,2025-05-21,ewma,1,20.28000,22.64604,True,18.24006,18.63423,19.20814,19.66295,19.99672,20.29295,20.59077,20.90691,21.22792,21.54830,21.90817,22.28402,22.66761,23.18590,23.73899,24.40423,25.15795,26.19649,27.71420,30.37933,33.92964
2025-05-23,2025-05-22,ewma,1,22.29000,22.52144,True,18.13977,18.53196,19.10265,19.55503,19.88676,20.18101,20.47646,20.79045,21.10952,21.42909,21.78702,22.15973,22.54253,23.05731,23.60698,24.26955,25.01912,26.05232,27.56085,30.21114,33.74263
2025-05-27,2025-05-23,ewma,1,18.96000,22.50981,True,18.13047,18.52265,19.09297,19.54521,19.87657,20.17068,20.46653,20.78048,21.10007,21.41856,21.77638,22.15035,22.53053,23.04450,23.59340,24.25662,25.00580,26.03884,27.54576,30.19450,33.72490
2025-05-28,2025-05-27,ewma,1,19.31000,22.31748,True,17.97564,18.36465,18.92812,19.37676,19.70646,19.99798,20.29017,20.60167,20.91763,21.23493,21.58972,21.95936,22.33686,22.84671,23.39118,24.04897,24.78969,25.81633,27.30896,29.93548,33.43643
2025-05-29,2025-05-28,ewma,1,19.18000,22.15654,True,17.84608,18.23247,18.79182,19.23599,19.56357,19.85324,20.14293,20.45237,20.76508,21.08135,21.43343,21.79983,22.17463,22.68074,23.22186,23.87515,24.60850,25.63013,27.11060,29.71859,33.19500
2025-05-30,2025-05-29,ewma,1,18.57000,21.99730,True,17.71789,18.10169,18.65694,19.09753,19.42222,19.70978,19.99733,20.30383,20.61499,20.92900,21.27888,21.64206,22.01460,22.51626,23.05433,23.70317,24.42922,25.44589,26.91433,29.50397,32.95611
2025-06-02,2025-05-30,ewma,1,18.36000,21.81180,True,17.56855,17.94929,18.49882,18.93505,19.25786,19.54248,19.82594,20.13090,20.44085,20.75063,21.09893,21.45916,21.82879,22.32493,22.85969,23.50291,24.22082,25.22894,26.68596,29.25417,32.67789
2025-06-03,2025-06-02,ewma,1,17.69000,21.62472,True,17.41794,17.79560,18.33882,18.77009,19.09197,19.37397,19.65502,19.95746,20.26551,20.57108,20.91582,21.27506,21.64140,22.13292,22.66361,23.30096,24.01071,25.00903,26.45568,29.00226,32.39732
2025-06-04,2025-06-03,ewma,1,17.61000,21.40865,True,17.24397,17.61310,18.15405,18.58058,18.89989,19.18017,19.45852,19.75765,20.06278,20.36433,20.70472,21.06028,21.42479,21.91162,22.43715,23.06778,23.77014,24.75567,26.18996,28.71149,32.07332
2025-06-05,2025-06-04,ewma,1,18.48000,21.20059,True,17.07645,17.43874,17.97617,18.39879,18.71571,18.99228,19.26935,19.56547,19.86698,20.16582,20.50252,20.85074,21.21618,21.69850,22.21907,22.84310,23.53846,24.51163,25.93406,28.43147,31.76131
2025-06-06,2025-06-05,ewma,1,16.77000,21.05550,True,16.95966,17.31944,17.85344,18.27303,18.58681,18.86104,19.13738,19.43145,19.72908,20.02756,20.36124,20.70413,21.07072,21.54969,22.06701,22.68629,23.37672,24.34046,25.75522,28.23593,31.54366
2025-06-09,2025-06-06,ewma,1,17.16000,20.81728,True,16.76516,17.12218,17.64907,18.06466,18.37531,18.64680,18.92065,19.21105,19.50504,19.80088,20.12987,20.46915,20.83218,21.30554,21.81734,22.42913,23.11159,24.06169,25.46248,27.91551,31.18648
2025-06-10,2025-06-09,ewma,1,16.95000,20.61715,True,16.60401,16.95824,17.47894,17.88567,18.19804,18.46731,18.73842,19.02546,19.31725,19.61046,19.93535,20.27164,20.63176,21.10038,21.60759,22.21303,22.88876,23.82702,25.21637,27.64619,30.88638
2025-06-11,2025-06-10,ewma,1,17.26000,20.41624,True,16.44227,16.78523,17.30832,17.71115,18.01963,18.28624,18.55548,18.83946,19.12853,19.41863,19.74081,20.07399,20.43055,20.89300,21.39605,21.99646,22.66498,23.59314,24.97060,27.37622,30.58230
2025-06-12,2025-06-11,ewma,1,18.02000,20.24552,True,16.30485,16.64528,17.16333,17.56273,17.86856,18.13173,18.40017,18.68142,18.96787,19.25561,19.57547,19.90603,20.25956,20.71655,21.21616,21.81243,22.47474,23.39419,24.76176,27.14675,30.32352
2025-06-13,2025-06-12,ewma,1,20.82000,20.12798,True,16.21026,16.54905,17.06372,17.46083,17.76486,18.02518,18.29328,18.57255,18.85657,19.14350,19.46142,19.78859,20.14184,20.59476,21.09202,21.68569,22.34353,23.25671,24.61797,26.98860,30.14442
2025-06-16,2025-06-13,ewma,1,19.11000,20.16203,True,16.23774,16.57744,17.09261,17.49043,17.79496,18.05572,18.32427,18.60419,18.88926,19.17615,19.49474,19.82396,20.17609,20.63261,21.12648,21.72227,22.38061,23.29439,24.65958,27.03370,30.19236
2025-06-17,2025-06-16,ewma,1,21.60000,20.10808,True,16.19436,16.53349,17.04690,17.44369,17.74738,18.00802,18.27525,18.55463,18.83950,19.12452,19.44218,19.76955,20.12194,20.57566,21.06861,21.66393,22.32000,23.23040,24.59356,26.96081,30.10853
2025-06-18,2025-06-17,ewma,1,20.14000,20.18017,True,16.25248,16.59316,17.10804,17.50628,17.81127,18.07320,18.34078,18.62140,18.90735,19.19334,19.51228,19.84182,20.19431,20.65266,21.14703,21.74138,22.39995,23.31202,24.68169,27.05691,30.21342
2025-06-20,2025-06-18,ewma,1,20.62000,20.17816,True,16.25093,16.59191,17.10637,17.50459,17.80976,18.07202,18.33900,18.61986,18.90578,19.19179,19.51060,19.83997,20.19215,20.64886,21.14383,21.73900,22.39765,23.30857,24.67919,27.05367,30.20736
2025-06-23,2025-06-20,ewma,1,19.83000,20.20002,True,16.26861,16.61030,17.12493,17.52360,17.82932,18.09222,18.35902,18.64035,18.92651,19.21318,19.53201,19.86213,20.21426,20.66950,21.16540,21.76235,22.42185,23.33379,24.70590,27.08243,30.23704
2025-06-24,2025-06-23,ewma,1,17.48000,20.18136,True,16.25364,16.59535,17.10914,17.50745,17.81311,18.07587,18.34219,18.62351,18.90920,19.19595,19.51494,19.84314,20.19543,20.64931,21.14450,21.73981,22.40106,23.31219,24.68304,27.05686,30.20605
2025-06-25,2025-06-24,ewma,1,16.76000,20.03687,True,16.13734,16.47694,16.98668,17.38181,17.68453,17.94487,18.21055,18.48953,18.77356,19.05787,19.37426,19.70097,20.05069,20.50125,20.99179,21.58175,22.24061,23.14525,24.50629,26.86260,29.98676
2025-06-26,2025-06-25,ewma,1,16.59000,19.85876,True,15.99396,16.33087,16.83543,17.22696,17.52717,17.78408,18.04865,18.32464,18.60622,18.88779,19.20177,19.52575,19.87241,20.31879,20.80376,21.38751,22.04285,22.93947,24.28825,26.62327,29.71720
2025-06-27,2025-06-26,ewma,1,16.32000,19.68099,True,15.85084,16.18507,16.68423,17.07197,17.36853,17.62473,17.88693,18.16019,18.43896,18.71840,19.02962,19.34887,19.69448,20.13586,20.61612,21.19368,21.84547,22.73408,24.07062,26.38440,29.44820
2025-06-30,2025-06-27,ewma,1,16.73000,19.49757,True,15.70319,16.03463,16.52809,16.91086,17.20449,17.46029,17.71993,17.99075,18.26598,18.54359,18.85189,19.16624,19.51090,19.94659,20.42260,20.99418,21.64183,22.52217,23.84610,26.13798,29.17081
2025-07-01,2025-06-30,ewma,1,16.83000,19.34890,True,15.58351,15.91275,16.40214,16.78115,17.07120,17.32612,17.58424,17.85342,18.12559,18.40166,18.70776,19.01906,19.36210,19.79288,20.26534,20.83213,21.47675,22.35017,23.66408,25.93815,28.94546
2025-07-02,2025-07-01,ewma,1,16.64000,19.21444,True,15.47528,15.80255,16.28823,16.66466,16.95044,17.20398,17.46141,17.72897,17.99855,18.27348,18.57711,18.88648,19.22752,19.65425,20.12290,20.68540,21.32745,22.19446,23.49944,25.75737,28.74140
2025-07-03,2025-07-02,ewma,1,16.38000,19.07673,True,15.36444,15.68967,16.17157,16.54447,16.82876,17.07841,17.33575,17.60154,17.86940,18.14251,18.44333,18.75035,19.08899,19.51252,19.97708,20.53521,21.17442,22.03501,23.33083,25.57225,28.53254
2025-07-07,2025-07-03,ewma,1,17.79000,18.93191,True,15.24786,15.57095,16.04888,16.41740,16.70015,16.94845,17.20394,17.46726,17.73327,18.00396,18.30293,18.60678,18.94336,19.36353,19.82356,20.37886,21.01349,21.86735,23.15353,25.37760,28.31307
2025-07-08,2025-07-07,ewma,1,16.81000,18.87311,True,15.20056,15.52296,15.99911,16.36678,16.64855,16.89591,17.15060,17.41349,17.67861,17.94677,18.24569,18.54794,18.88375,19.30312,19.75958,20.31510,20.94805,21.79906,23.08143,25.29827,28.22229
2025-07-09,2025-07-08,ewma,1,15.94000,18.76419,True,15.11290,15.43375,15.90684,16.27269,16.55273,16.79755,17.05133,17.31069,17.57580,17.84273,18.13791,18.44048,18.77393,19.19154,19.64313,20.19739,20.82697,21.67287,22.94803,25.15175,28.05657
2025-07-10,2025-07-09,ewma,1,15.78000,18.61177,True,14.99020,15.30876,15.77771,16.13844,16.41721,16.65919,16.91244,17.16616,17.43197,17.69752,17.98812,18.29029,18.62060,19.03548,19.48118,20.03288,20.65762,21.49645,22.76144,24.94694,27.82586
2025-07-11,2025-07-10,ewma,1,16.40000,18.45881,True,14.86706,15.18297,15.64809,16.00525,16.28135,16.52204,16.77318,17.02349,17.28859,17.55064,17.84023,18.13979,18.46694,18.87866,19.32066,19.86728,20.48674,21.31756,22.57405,24.74188,27.59438
2025-07-14,2025-07-11,ewma,1,17.20000,18.34998,True,14.77947,15.09349,15.55589,15.91098,16.18560,16.42435,16.67408,16.92193,17.18648,17.44588,17.73500,18.03266,18.35744,18.76699,19.20633,19.74920,20.36485,21.18967,22.44064,24.59597,27.42893
2025-07-15,2025-07-14,ewma,1,17.38000,18.29070,True,14.73178,15.04476,15.50569,15.85968,16.13354,16.37139,16.62028,16.86772,17.13110,17.38888,17.67739,17.97360,18.29751,18.70598,19.14387,19.68445,20.29795,21.11901,22.36781,24.51648,27.33755
2025-07-16,2025-07-15,ewma,1,17.16000,18.24405,True,14.69427,15.00642,15.46620,15.81933,16.09262,16.32974,16.57799,16.82555,17.08749,17.34398,17.63199,17.92679,18.25021,18.65787,19.09437,19.63331,20.24509,21.06295,22.31044,24.45392,27.26508
2025-07-17,2025-07-16,ewma,1,16.52000,18.18826,True,14.64939,14.96056,15.41895,15.77104,16.04363,16.27988,16.52741,16.77494,17.03530,17.29054,17.57688,17.87137,18.19377,18.60041,19.03517,19.57323,20.18208,20.99634,22.24189,24.37910,27.17895
2025-07-18,2025-07-17,ewma,1,16.41000,18.10098,True,14.57915,14.88880,15.34501,15.69546,15.96691,16.20183,16.44786,16.69288,16.95345,17.20695,17.49136,17.78530,18.10551,18.51010,18.94302,19.47928,20.08521,20.89341,22.13484,24.26208,27.04579
2025-07-21,2025-07-18,ewma,1,16.65000,18.01243,True,14.50790,14.81599,15.27000,15.61886,15.88906,16.12265,16.36723,16.61037,16.87033,17.12198,17.40567,17.69805,18.01600,18.41689,18.84966,19.38396,19.98693,20.78975,22.02624,24.14336,26.91077
2025-07-22,2025-07-21,ewma,1,16.50000,17.94173,True,14.45101,14.75787,15.21012,15.55792,15.82695,16.05945,16.30306,16.54557,16.80379,17.05412,17.33722,17.62842,17.94458,18.34196,18.77519,19.30785,19.90846,20.70812,21.93947,24.04857,26.80245
2025-07-23,2025-07-22,ewma,1,15.37000,17.86674,True,14.39067,14.69622,15.14660,15.49324,15.76106,15.99293,16.23500,16.47570,16.73344,16.98223,17.26350,17.55442,17.86910,18.26330,18.69623,19.22615,19.82523,20.62153,21.84746,23.94802,26.68772
2025-07-24,2025-07-23,ewma,1,15.39000,17.73278,True,14.28283,14.58606,15.03308,15.37594,15.64187,15.87227,16.11309,16.35038,16.60795,16.85481,17.13280,17.42130,17.73465,18.12524,18.55556,19.08099,19.67656,20.46688,21.68333,23.76842,26.48494
2025-07-25,2025-07-24,ewma,1,14.93000,17.60759,True,14.18205,14.48311,14.92698,15.26749,15.53055,15.75997,15.99834,16.23323,16.49040,16.73574,17.01178,17.29683,17.60887,17.99617,18.42442,18.94529,19.53671,20.32236,21.53023,23.60059,26.29531
2025-07-28,2025-07-25,ewma,1,15.03000,17.46296,True,14.06562,14.36418,14.80439,15.14164,15.40172,15.63022,15.86604,16.09942,16.35381,16.59774,16.87198,17.15391,17.46365,17.84783,18.27294,18.78869,19.37531,20.15540,21.35336,23.40670,26.07669
2025-07-29,2025-07-28,ewma,1,15.98000,17.33245,True,13.96055,14.25686,14.69378,15.02824,15.28553,15.51168,15.74669,15.97768,16.22876,16.47284,16.74569,17.02495,17.33282,17.71435,18.13624,18.64724,19.22959,20.00474,21.19376,23.23174,25.87919
2025-07-30,2025-07-29,ewma,1,15.48000,17.26219,True,13.90402,14.19909,14.63423,14.96743,15.22376,15.44937,15.68316,15.91390,16.16118,16.40436,16.67762,16.95524,17.26251,17.64245,18.06255,18.57062,19.15072,19.92196,21.10782,23.13753,25.77167
2025-07-31,2025-07-30,ewma,1,16.72000,17.16839,True,13.82852,14.12197,14.55474,14.88613,15.14123,15.36599,15.59734,15.82559,16.07210,16.31421,16.58651,16.86247,17.16867,17.54650,17.96423,18.46869,19.04575,19.81121,20.99311,23.01177,25.62905
2025-08-01,2025-07-31,ewma,1,20.38000,17.14569,True,13.81029,14.10332,14.53552,14.86647,15.12155,15.34624,15.57694,15.80565,16.05169,16.29334,16.56506,16.83959,17.14593,17.52320,17.94030,18.44325,19.01936,19.78252,20.96533,22.98131,25.59257
2025-08-04,2025-08-01,ewma,1,17.52000,17.29447,True,13.93019,14.22573,14.66168,14.99551,15.25312,15.47951,15.71238,15.94381,16.19183,16.43613,16.70900,16.98645,17.29478,17.67544,18.09639,18.60638,19.18837,19.96099,21.14724,23.18071,25.81205
2025-08-05,2025-08-04,ewma,1,17.85000,17.30568,True,13.93928,14.23498,14.67120,15.00525,15.26335,15.48964,15.72291,15.95450,16.20369,16.44796,16.72002,16.99825,17.30605,17.68680,18.10795,18.61741,19.19989,19.97389,21.16093,23.19569,25.82617
2025-08-06,2025-08-05,ewma,1,16.77000,17.33250,True,13.96093,14.25707,14.69396,15.02853,15.28734,15.51374,15.74762,15.97947,16.23069,16.47388,16.74600,17.02550,17.33347,17.71437,18.13583,18.64523,19.22872,20.00481,21.19370,23.23161,25.86358
2025-08-07,2025-08-06,ewma,1,16.57000,17.30393,True,13.93798,14.23360,14.66977,15.00379,15.26249,15.48827,15.72201,15.95338,16.20582,16.44716,16.71847,16.99668,17.30432,17.68509,18.10576,18.61347,19.19611,19.97181,21.15875,23.19328,25.81834
2025-08-08,2025-08-07,ewma,1,15.15000,17.26647,True,13.90784,14.20295,14.63804,14.97140,15.22967,15.45481,15.68840,15.91896,16.17093,16.41159,16.68221,16.95924,17.26682,17.64672,18.06561,18.57288,19.15334,19.92607,21.11245,23.14285,25.76126
2025-08-11,2025-08-08,ewma,1,16.25000,17.15395,True,13.81723,14.11056,14.54267,14.87392,15.12918,15.35383,15.58528,15.81489,16.06442,16.30451,16.57342,16.84807,17.15425,17.53162,17.94692,18.45154,19.02731,19.79372,20.97436,22.99181,25.59219
2025-08-12,2025-08-11,ewma,1,14.73000,17.10758,True,13.77991,14.07258,14.50339,14.83381,15.08862,15.31242,15.54350,15.77237,16.02202,16.25991,16.52843,16.80199,17.10784,17.48415,17.89746,18.40137,18.97467,19.73773,20.91717,22.92944,25.52183
2025-08-13,2025-08-12,ewma,1,14.49000,16.98006,True,13.67723,13.96784,14.39531,14.72290,14.97495,15.19800,15.42684,15.65437,15.90065,16.13778,16.40505,16.67626,16.98029,17.35380,17.76359,18.26392,18.83204,19.58814,20.76077,22.75830,25.33043
2025-08-14,2025-08-13,ewma,1,14.83000,16.84596,True,13.56924,13.85769,14.28164,14.60604,14.85592,15.07630,15.30442,15.52977,15.77233,16.00866,16.27501,16.54376,16.84615,17.21673,17.62308,18.11949,18.68212,19.43099,20.59632,22.57834,25.12921
2025-08-15,2025-08-14,ewma,1,15.09000,16.73894,True,13.48306,13.76981,14.19094,14.51354,14.76022,14.97903,15.20630,15.42932,15.67090,15.90611,16.17114,16.43764,16.73872,17.10715,17.51090,18.00421,18.56333,19.30512,20.46499,22.43469,24.96842
2025-08-18,2025-08-15,ewma,1,14.99000,16.65237,True,13.41336,13.69876,14.11758,14.43867,14.68421,14.90203,15.12580,15.34893,15.58892,15.82364,16.08561,16.35171,16.65173,17.01803,17.41994,17.91091,18.46721,19.20356,20.35867,22.31845,24.83814
2025-08-19,2025-08-18,ewma,1,15.57000,16.56503,True,13.34304,13.62707,14.04356,14.36297,14.60753,14.82433,15.04611,15.26816,15.50682,15.74046,15.99935,16.26526,16.56383,16.92813,17.32782,17.81679,18.37024,19.10252,20.25142,22.20118,24.70673
2025-08-20,2025-08-19,ewma,1,15.69000,16.51381,True,13.30180,13.58508,14.00016,14.31858,14.56268,14.77904,14.99962,15.22104,15.45909,15.69160,15.94817,16.21422,16.51187,16.87517,17.27348,17.76050,18.31332,19.04311,20.18831,22.13230,24.62919
2025-08-21,2025-08-20,ewma,1,16.60000,16.47161,True,13.26784,13.55052,13.96441,14.28201,14.52579,14.74182,14.96134,15.18235,15.41981,15.65140,15.90571,16.17162,16.46894,16.83148,17.22859,17.71393,18.26642,18.99413,20.13625,22.07553,24.56511
2025-08-22,2025-08-21,ewma,1,14.22000,16.47800,True,13.27302,13.55594,13.96987,14.28759,14.53162,14.74809,14.96794,15.18844,15.42661,15.65755,15.91359,16.17927,16.47644,16.83745,17.23525,17.71962,18.27306,19.00118,20.14398,22.08389,24.57352
2025-08-25,2025-08-22,ewma,1,14.79000,16.35702,True,13.17560,13.45657,13.86735,14.18221,14.42377,14.63818,14.85720,15.07656,15.31243,15.54250,15.79506,16.05938,16.35474,16.71320,17.10868,17.58835,18.13846,18.86136,19.99601,21.92154,24.39198
2025-08-26,2025-08-25,ewma,1,14.62000,16.27487,True,13.10945,13.38914,13.79773,14.11125,14.35165,14.56520,14.78246,15.00070,15.23519,15.46416,15.71512,15.97757,16.27210,16.62856,17.02271,17.49956,18.04691,18.76630,19.89550,21.81123,24.26834
2025-08-27,2025-08-26,ewma,1,14.85000,16.18784,True,13.03938,13.31769,13.72399,14.03591,14.27523,14.48785,14.70326,14.92033,15.15334,15.38071,15.63048,15.89162,16.18480,16.53895,16.93109,17.40554,17.94997,18.66556,19.78903,21.69439,24.13746
2025-08-28,2025-08-27,ewma,1,14.43000,16.11817,True,12.98329,13.26053,13.66497,13.97552,14.21412,14.42603,14.64005,14.85530,15.08770,15.31391,15.56303,15.82303,16.11487,16.46744,16.85733,17.33018,17.87228,18.58478,19.70378,21.60081,24.03247
2025-08-29,2025-08-28,ewma,1,15.36000,16.02926,True,12.91170,13.18753,13.58962,13.89845,14.13588,14.34698,14.55914,14.77302,15.00446,15.22899,15.47699,15.73539,16.02579,16.37642,16.76346,17.23413,17.77317,18.48182,19.59500,21.48144,23.89878
2025-09-02,2025-08-29,ewma,1,17.17000,15.99511,True,12.88422,13.15959,13.56072,13.86887,14.10595,14.31651,14.52818,14.74156,14.97250,15.19690,15.44364,15.70131,15.99146,16.34136,16.72710,17.19727,17.73479,18.44201,19.55318,21.43547,23.84677
2025-09-03,2025-09-02,ewma,1,16.35000,16.05190,True,12.92999,13.20646,13.60890,13.91813,14.15621,14.36743,14.57983,14.79428,15.02580,15.25127,15.49885,15.75774,16.04852,16.39971,16.78831,17.25817,17.79724,18.50705,19.62252,21.51136,23.93033
2025-09-04,2025-09-03,ewma,1,15.30000,16.06667,True,12.94192,13.21877,13.62147,13.93097,14.16942,14.38075,14.59332,14.80834,15.03991,15.26593,15.51330,15.77256,16.06366,16.41462,16.80288,17.27390,17.81310,18.52365,19.64051,21.53095,23.95125
2025-09-05,2025-09-04,ewma,1,15.18000,16.02744,True,12.91035,13.18665,13.58825,13.89698,14.13501,14.34572,14.55775,14.77262,15.00347,15.22927,15.47524,15.73386,16.02416,16.37436,16.76097,17.23156,17.76909,18.47798,19.59247,21.47817,23.89166
2025-09-08,2025-09-05,ewma,1,15.11000,15.98397,True,12.87535,13.15106,13.55145,13.85937,14.09698,14.30687,14.51831,14.73257,14.96298,15.18721,15.43289,15.69062,15.98051,16.32950,16.71534,17.18474,17.71902,18.42726,19.53890,21.41644,23.82575
2025-09-09,2025-09-08,ewma,1,15.04000,15.93909,True,12.83923,13.11433,13.51347,13.82054,14.05772,14.26677,14.47759,14.69122,14.92119,15.14388,15.38918,15.64601,15.93546,16.28321,16.66824,17.13640,17.66741,18.37493,19.48363,21.35284,23.75777
2025-09-10,2025-09-09,ewma,1,15.35000,15.89289,True,12.80204,13.07649,13.47436,13.78056,14.01729,14.22548,14.43567,14.64868,14.87843,15.09954,15.34186,15.59994,15.88848,16.23556,16.61975,17.08664,17.61434,18.32107,19.42673,21.28749,23.68780
2025-09-11,2025-09-10,ewma,1,14.71000,15.86529,True,12.77984,13.05397,13.45102,13.75672,13.99326,14.20085,14.41113,14.62344,14.85338,15.07368,15.31793,15.57211,15.85951,16.20684,16.58888,17.05689,17.58190,18.28867,19.39258,21.24708,23.64558
2025-09-12,2025-09-11,ewma,1,14.76000,15.80543,True,12.73165,13.00490,13.40033,13.70490,13.94078,14.14781,14.35751,14.56845,14.79617,15.01637,15.25744,15.51271,15.79829,16.14517,16.52335,16.99222,17.51371,18.21908,19.31899,21.16347,23.55527
2025-09-15,2025-09-12,ewma,1,15.69000,15.75144,True,12.68819,12.96066,13.35462,13.65817,13.89336,14.10002,14.30922,14.51908,14.74531,14.96442,15.20264,15.45917,15.74370,16.08920,16.46398,16.93387,17.45315,18.15626,19.25259,21.08776,23.47373
2025-09-16,2025-09-15,ewma,1,16.36000,15.74837,True,12.68573,12.95831,13.35207,13.65566,13.89084,14.09781,14.30699,14.51715,14.74264,14.96208,15.20235,15.45683,15.73999,16.08445,16.45874,16.93025,17.44900,18.15224,19.24841,21.08022,23.46805
2025-09-17,2025-09-16,ewma,1,15.72000,15.77840,True,12.70995,12.98321,13.37760,13.68201,13.91753,14.12523,14.33448,14.54574,14.77125,14.99096,15.23403,15.48715,15.77095,16.11748,16.48988,16.96223,17.48153,18.18661,19.28470,21.11699,23.51172
2025-09-18,2025-09-17,ewma,1,15.70000,15.77547,True,12.70762,12.98098,13.37518,13.67978,13.91515,14.12270,14.33203,14.54366,14.76929,14.98857,15.23158,15.48519,15.76740,16.11351,16.48658,16.95730,17.47755,18.18300,19.28071,21.10965,23.50627
2025-09-19,2025-09-18,ewma,1,15.45000,15.77169,True,12.70460,12.97805,13.37204,13.67681,13.91201,14.11940,14.32879,14.54040,14.76653,14.98558,15.22830,15.48217,15.76299,16.10805,16.48239,16.95144,17.47262,18.17839,19.27567,21.10116,23.49955
2025-09-22,2025-09-19,ewma,1,16.10000,15.75545,True,12.69155,12.96487,13.35839,13.66304,13.89791,14.10495,14.31435,14.52565,14.75303,14.97075,15.21279,15.46568,15.74670,16.08986,16.46434,16.93220,17.45349,18.15943,19.25408,21.07601,23.47427
2025-09-23,2025-09-22,ewma,1,16.64000,15.77250,True,12.70531,12.97909,13.37297,13.67813,13.91318,14.12030,14.33016,14.54153,14.77071,14.98708,15.22943,15.48309,15.76411,16.11025,16.48109,16.94874,17.47125,18.17884,19.27318,21.09539,23.49859
2025-09-24,2025-09-23,ewma,1,16.18000,15.81478,True,12.73939,13.01406,13.40895,13.71511,13.95070,14.15821,14.36889,14.58062,14.81126,15.02733,15.27085,15.52515,15.80732,16.15502,16.52750,16.99406,17.51695,18.22733,19.32311,21.14851,23.56049
2025-09-25,2025-09-24,ewma,1,16.74000,15.83284,True,12.75397,13.02911,13.42439,13.73095,13.96686,14.17444,14.38567,14.59738,14.82835,15.04462,15.28889,15.54311,15.82707,16.17442,16.54558,17.01336,17.53582,18.24788,19.34343,21.16923,23.58631
2025-09-26,2025-09-25,ewma,1,15.29000,15.87701,True,12.78958,13.06564,13.46196,13.76937,14.00605,14.21404,14.42618,14.63878,14.86989,15.08674,15.33310,15.58723,15.87330,16.22036,16.59286,17.06070,17.58360,18.29850,19.39564,21.22484,23.65101
2025-09-29,2025-09-26,ewma,1,16.12000,15.84713,True,12.76554,13.04124,13.43675,13.74357,13.97973,14.18735,14.39942,14.61214,14.84192,15.05850,15.30269,15.55718,15.84204,16.18939,16.56139,17.02848,17.55043,18.26378,19.35740,21.18146,23.60541
2025-09-30,2025-09-29,ewma,1,16.28000,15.86066,True,12.77647,13.05256,13.44835,13.75542,13.99171,14.20003,14.41200,14.62553,14.85461,15.07151,15.31732,15.57143,15.85705,16.20278,16.57501,17.04259,17.56534,18.27910,19.37218,21.19610,23.62448
2025-10-01,2025-09-30,ewma,1,16.29000,15.88137,True,12.79318,13.06979,13.46604,13.77349,14.01002,14.21914,14.43088,14.64505,14.87411,15.09159,15.33888,15.59313,15.87802,16.22475,16.59557,17.06440,17.58820,18.30268,19.39573,21.22033,23.65423
2025-10-02,2025-10-01,ewma,1,16.63000,15.90156,True,12.80946,13.08658,13.48328,13.79111,14.02787,14.23779,14.44929,14.66401,14.89321,15.11206,15.35845,15.61387,15.89857,16.24593,16.61558,17.08566,17.61047,18.32567,19.41863,21.24386,23.68320
2025-10-03,2025-10-02,ewma,1,16.65000,15.93721,True,12.83821,13.11611,13.51364,13.82214,14.05937,14.27029,14.48175,14.69723,14.92679,15.14723,15.39297,15.64969,15.93463,16.28269,16.65537,17.12353,17.64988,18.36647,19.46041,21.28803,23.73520
2025-10-06,2025-10-03,ewma,1,16.37000,15.97211,True,12.86645,13.14489,13.54327,13.85253,14.09060,14.30194,14.51357,14.73016,14.95955,15.18080,15.42850,15.68516,15.97060,16.31961,16.69076,17.16086,17.68847,18.40546,19.50282,21.33464,23.78710
2025-10-07,2025-10-06,ewma,1,17.24000,15.99178,True,12.88242,13.16113,13.55997,13.86969,14.10839,14.31996,14.53153,14.74903,14.97802,15.19989,15.44932,15.70555,15.99117,16.34072,16.71022,17.18181,17.71017,18.42688,19.52663,21.36088,23.81630
2025-10-08,2025-10-07,ewma,1,16.30000,16.05199,True,12.93104,13.21074,13.61106,13.92202,14.16195,14.37428,14.58634,14.80546,15.03476,15.25723,15.50794,15.76525,16.05197,16.40297,16.77539,17.24728,17.77678,18.49502,19.59994,21.44129,23.90588
2025-10-09,2025-10-08,ewma,1,16.43000,16.06430,True,12.94109,13.22092,13.62153,13.93281,14.17325,14.38571,14.59766,14.81863,15.04691,15.26896,15.52029,15.77798,16.06451,16.41516,16.78745,17.26007,17.79035,18.50797,19.61476,21.45771,23.92413
2025-10-10,2025-10-09,ewma,1,21.66000,16.08239,True,12.95579,13.23587,13.63690,13.94861,14.18966,14.40196,14.61424,14.83715,15.06447,15.28641,15.53795,15.79649,16.08265,16.43420,16.80526,17.27934,17.81031,18.52757,19.63664,21.48186,23.95099
2025-10-13,2025-10-10,ewma,1,19.03000,16.32360,True,13.15023,13.43444,13.84147,14.15793,14.40292,14.61802,14.83357,15.06105,15.29050,15.51614,15.77117,16.03423,16.32393,16.68099,17.05933,17.53957,18.07772,18.81195,19.93941,21.85375,24.31013
2025-10-14,2025-10-13,ewma,1,20.81000,16.44929,True,13.25161,13.53794,13.94808,14.26712,14.51426,14.73062,14.94791,15.17719,15.40833,15.63611,15.89267,16.15857,16.44993,16.81048,17.19128,17.67564,18.21723,18.95845,20.09112,22.01844,24.49722
2025-10-15,2025-10-14,ewma,1,20.64000,16.64383,True,13.40847,13.69811,14.11308,14.43618,14.68637,14.90490,15.12478,15.35687,15.59092,15.82164,16.08070,16.35117,16.64531,17.01015,17.40086,17.88505,18.43523,19.18413,20.34245,22.27524,24.78686
2025-10-16,2025-10-15,ewma,1,25.31000,16.82388,True,13.55365,13.84636,14.26578,14.59266,14.84570,15.06618,15.28847,15.52318,15.76021,15.99336,16.25584,16.52979,16.82610,17.19420,17.59344,18.08425,18.63907,19.39472,20.56614,22.51255,25.05491
2025-10-17,2025-10-16,ewma,1,20.78000,17.17095,True,13.83340,14.13207,14.56012,14.89403,15.15243,15.37703,15.60395,15.84360,16.08599,16.32362,16.59241,16.87113,17.17391,17.54905,17.95682,18.45994,19.02682,19.79789,20.99118,23.01281,25.60809
2025-10-20,2025-10-17,ewma,1,18.23000,17.33552,True,13.96611,14.26757,14.69975,15.03711,15.29815,15.52445,15.75375,15.99563,16.24084,16.48038,16.75156,17.03304,17.33987,17.71742,18.12943,18.63763,19.21729,19.99001,21.19228,23.23314,25.85233
2025-10-21,2025-10-20,ewma,1,17.87000,17.37919,True,14.00143,14.30357,14.73685,15.07531,15.33718,15.56360,15.79369,16.03603,16.28243,16.52237,16.79388,17.07630,17.38476,17.76220,18.17630,18.68448,19.26366,20.04002,21.24557,23.29144,25.91625
2025-10-22,2025-10-21,ewma,1,18.60000,17.40340,True,14.02107,14.32356,14.75746,15.09665,15.35906,15.58582,15.81595,16.05843,16.30559,16.54588,16.81841,17.10066,17.40989,17.78842,18.20089,18.71018,19.28847,20.06760,21.27509,23.32366,25.95116
2025-10-23,2025-10-22,ewma,1,17.30000,17.46136,True,14.06790,14.37132,14.80668,15.14707,15.41071,15.63826,15.86885,16.11196,16.36016,16.60189,16.87556,17.15875,17.46876,17.85014,18.26323,18.77215,19.35066,20.13400,21.34586,23.40111,26.03638
2025-10-24,2025-10-23,ewma,1,16.37000,17.45326,True,14.06151,14.36472,14.79989,15.14010,15.40406,15.63154,15.86171,16.10463,16.35284,16.59530,16.86803,17.15150,17.46006,17.84033,18.25401,18.76310,19.33964,20.12418,21.33587,23.39002,26.02310
2025-10-27,2025-10-24,ewma,1,15.79000,17.39743,True,14.01667,14.31883,14.75262,15.09173,15.35482,15.58207,15.81120,16.05331,16.30069,16.54086,16.81377,17.09613,17.40361,17.78216,18.19489,18.70274,19.27696,20.05933,21.26753,23.31498,25.93866
2025-10-28,2025-10-27,ewma,1,16.42000,17.31331,True,13.94903,14.24965,14.68136,15.01881,15.28061,15.50704,15.73422,15.97535,16.22158,16.46001,16.73134,17.01254,17.31885,17.69508,18.10634,18.61034,19.18293,19.96186,21.16461,23.20201,25.81204
2025-10-29,2025-10-28,ewma,1,16.92000,17.26751,True,13.91226,14.21202,14.64260,14.97913,15.24022,15.46633,15.69282,15.93326,16.17888,16.41587,16.68596,16.96676,17.27229,17.64804,18.05823,18.55915,19.13138,19.90859,21.10853,23.14041,25.74257
2025-10-30,2025-10-29,ewma,1,16.91000,17.24996,True,13.89826,14.19764,14.62780,14.96397,15.22478,15.45092,15.67710,15.91727,16.16259,16.39968,16.67013,16.94923,17.25384,17.63002,18.03966,18.53834,19.11113,19.88789,21.08700,23.11668,25.71523
2025-10-31,2025-10-30,ewma,1,17.44000,17.23280,True,13.88457,14.18358,14.61332,14.94914,15.20967,15.43587,15.66173,15.90162,16.14667,16.38385,16.65467,16.93208,17.23577,17.61240,18.02150,18.51795,19.09131,19.86764,21.06594,23.09346,25.68846
2025-11-03,2025-10-31,ewma,1,17.17000,17.24311,True,13.89301,14.19213,14.62225,14.95813,15.21898,15.44516,15.67118,15.91140,16.15738,16.39475,16.66492,16.94256,17.24743,17.62283,18.03209,18.52889,19.10148,19.87887,21.07808,23.10351,25.70263
2025-11-04,2025-11-03,ewma,1,19.00000,17.23944,True,13.89019,14.18918,14.61933,14.95500,15.21598,15.44194,15.66795,15.90829,16.15501,16.39236,16.66168,16.93945,17.24286,17.61900,18.02807,18.52483,19.09619,19.87400,21.07315,23.09486,25.69598
2025-11-05,2025-11-04,ewma,1,18.01000,17.32346,True,13.95803,14.25841,14.69077,15.02794,15.29036,15.51727,15.74440,15.98611,16.23435,16.47267,16.74293,17.02314,17.32826,17.70504,18.11638,18.61733,19.18802,19.97022,21.17540,23.20365,25.82002
2025-11-06,2025-11-05,ewma,1,19.50000,17.35716,True,13.98531,14.28621,14.71953,15.05722,15.32033,15.54752,15.77507,16.01762,16.26606,16.50492,16.77555,17.05705,17.36302,17.73964,18.15142,18.65158,19.22409,20.00842,21.21613,23.24501,25.86905
2025-11-07,2025-11-06,ewma,1,19.08000,17.45848,True,14.06709,14.36968,14.80565,15.14517,15.40999,15.63860,15.86716,16.11153,16.36114,16.60190,16.87578,17.15683,17.46529,17.84409,18.25787,18.76639,19.34133,20.12457,21.33952,23.37691,26.01886
2025-11-10,2025-11-07,ewma,1,17.60000,17.53618,True,14.12983,14.43371,14.87173,15.21263,15.47871,15.70852,15.93779,16.18355,16.43397,16.67676,16.95321,17.23354,17.54391,17.92557,18.34000,18.85259,19.42615,20.21348,21.43403,23.47714,26.13345
2025-11-11,2025-11-10,ewma,1,17.28000,17.53937,True,14.13254,14.43640,14.87463,15.21544,15.48165,15.71170,15.94073,16.18655,16.43696,16.68043,16.95665,17.23714,17.54808,17.92771,18.34276,18.85567,19.42842,20.21662,21.43746,23.47759,26.13699
2025-11-12,2025-11-11,ewma,1,17.51000,17.52631,True,14.12215,14.42572,14.86374,15.20414,15.47026,15.70032,15.92898,16.17455,16.42495,16.66802,16.94438,17.22544,17.53433,17.91325,18.32888,18.84129,19.41269,20.20130,21.42104,23.45630,26.11632
2025-11-13,2025-11-12,ewma,1,20.00000,17.52549,True,14.12163,14.42513,14.86324,15.20347,15.46967,15.70000,15.92836,16.17386,16.42464,16.66730,16.94418,17.22603,17.53292,17.91175,18.32780,18.83842,19.41053,20.20009,21.41958,23.45140,26.11390
2025-11-14,2025-11-13,ewma,1,19.83000,17.64161,True,14.21533,14.52077,14.96191,15.30424,15.57230,15.80443,16.03402,16.28110,16.53392,16.77813,17.05704,17.34071,17.64999,18.03206,18.44976,18.96593,19.54420,20.33366,21.56103,23.60295,26.28570
2025-11-17,2025-11-14,ewma,1,22.38000,17.74506,True,14.29883,14.60599,15.04968,15.39401,15.66391,15.89751,16.12817,16.37664,16.63172,16.87691,17.15741,17.44304,17.75466,18.14052,18.55970,19.07793,19.66214,20.45262,21.68551,23.73750,26.43862
2025-11-18,2025-11-17,ewma,1,24.69000,17.95215,True,14.46585,14.77653,15.22535,15.57370,15.84702,16.08346,16.31652,16.56800,16.82668,17.07412,17.35801,17.64921,17.96301,18.35716,18.77711,19.30087,19.89875,20.69340,21.94435,24.01064,26.74594
2025-11-19,2025-11-18,ewma,1,23.66000,18.24050,True,14.69834,15.01395,15.46993,15.82389,16.10186,16.34186,16.57873,16.83447,17.09753,17.34860,17.63705,17.93465,18.25257,18.65407,19.07905,19.61142,20.22381,21.02957,22.29842,24.44553,27.17428
2025-11-20,2025-11-19,ewma,1,26.42000,18.47931,True,14.89092,15.21059,15.67250,16.03163,16.31298,16.55587,16.79585,17.05523,17.32168,17.57617,17.86820,18.16956,18.49192,18.89904,19.33081,19.86937,20.49087,21.30775,22.59383,24.76533,27.52877
2025-11-21,2025-11-20,ewma,1,23.43000,18.81257,True,15.15961,15.48497,15.95517,16.32160,16.60748,16.85451,17.09879,17.36353,17.63438,17.89369,18.19135,18.49767,18.82545,19.24057,19.68041,20.23010,20.86246,21.69421,23.00357,25.21556,28.02393
2025-11-24,2025-11-21,ewma,1,20.52000,19.02016,True,15.32704,15.65593,16.13127,16.50258,16.79080,17.04057,17.28752,17.55602,17.82923,18.09147,18.39302,18.70261,19.03324,19.45317,19.89871,20.45745,21.09318,21.94528,23.25887,25.49378,28.33187
2025-11-25,2025-11-24,ewma,1,18.56000,19.09248,True,15.38547,15.71553,16.19264,16.56619,16.85469,17.10572,17.35328,17.62366,17.89727,18.16030,18.46383,18.77743,19.10572,19.52717,19.97684,20.53585,21.17325,22.02595,23.34697,25.59067,28.43828
2025-11-26,2025-11-25,ewma,1,17.19000,19.06550,True,15.36388,15.69340,16.16979,16.54365,16.83092,17.08191,17.32878,17.59917,17.87239,18.13471,18.43861,18.74734,19.07863,19.49954,19.94755,20.50662,21.14320,21.99205,23.31363,25.55447,28.39677
2025-11-28,2025-11-26,ewma,1,16.35000,18.96704,True,15.28468,15.61244,16.08632,16.45908,16.74405,16.99406,17.23922,17.50711,17.77956,18.04098,18.34251,18.64985,18.98006,19.39883,19.84348,20.40052,21.03389,21.87572,23.19290,25.42246,28.24882
2025-12-01,2025-11-28,ewma,1,17.24000,18.82676,True,15.17178,15.49704,15.96738,16.33248,16.62001,16.86729,17.11162,17.37600,17.64768,17.90749,18.20598,18.51125,18.83965,19.25535,19.69567,20.24943,20.87819,21.71119,23.02103,25.23440,28.03859
2025-12-02,2025-12-01,ewma,1,16.59000,18.74406,True,15.10535,15.42899,15.89740,16.26159,16.54705,16.79355,17.03649,17.29900,17.56969,17.82816,18.12510,18.42984,18.75686,19.17039,19.60890,20.15913,20.78597,21.61545,22.91988,25.12331,27.91532
2025-12-03,2025-12-02,ewma,1,16.08000,18.62999,True,15.01364,15.33512,15.80082,16.16348,16.44641,16.69088,16.93261,17.19330,17.46202,17.71908,18.01391,18.31760,18.64269,19.05336,19.48933,20.03511,20.65898,21.48355,22.78039,24.97018,27.74535
2025-12-04,2025-12-03,ewma,1,15.78000,18.49338,True,14.90376,15.22269,15.68511,16.04314,16.32509,16.56793,16.80814,17.06708,17.33265,17.58886,17.88157,18.18155,18.50562,18.91327,19.34617,19.88686,20.50699,21.32565,22.61332,24.78684,27.54180
2025-12-05,2025-12-04,ewma,1,15.41000,18.34725,True,14.78620,15.10242,15.56132,15.91612,16.19503,16.43573,16.67502,16.93210,17.19478,17.44950,17.74002,18.03571,18.35869,18.76341,19.19266,19.72839,20.34444,21.15677,22.43461,24.59073,27.32407
2025-12-08,2025-12-05,ewma,1,16.66000,18.18790,True,14.65798,14.97128,15.42538,15.77757,16.05382,16.29198,16.53009,16.78467,17.04474,17.29745,17.58559,17.87789,18.19855,18.60004,19.02514,19.55654,20.16725,20.97266,22.23974,24.37692,27.08666
2025-12-09,2025-12-08,ewma,1,16.93000,18.10828,True,14.59402,14.90576,15.35789,15.70856,15.98368,16.22099,16.45774,16.71040,16.97010,17.22149,17.50825,17.79924,18.11808,18.51757,18.94103,19.47043,20.07838,20.88050,22.14236,24.26997,26.96798
2025-12-10,2025-12-09,ewma,1,15.77000,18.04746,True,14.54521,14.85572,15.30634,15.65586,15.93013,16.16684,16.40251,16.65470,16.91303,17.16364,17.44884,17.73882,18.05643,18.45271,18.87685,19.40454,20.01036,20.80997,22.06798,24.18823,26.87732
2025-12-11,2025-12-10,ewma,1,14.85000,17.92614,True,14.44764,14.75588,15.20348,15.55067,15.82231,16.05718,16.29219,16.54205,16.79914,17.04739,17.33094,17.61841,17.93435,18.32602,18.74993,19.27361,19.87527,20.66959,21.91961,24.02540,26.69655
2025-12-12,2025-12-11,ewma,1,15.74000,17.75820,True,14.31248,14.61765,15.06060,15.40466,15.67334,15.90654,16.13945,16.38655,16.64059,16.88647,17.16821,17.45228,17.76572,18.15235,18.57423,19.09286,19.68849,20.47546,21.71423,23.80008,26.44634
2025-12-15,2025-12-12,ewma,1,16.50000,17.65140,True,14.22661,14.52976,14.97021,15.31207,15.57912,15.81018,16.04216,16.28760,16.53888,16.78457,17.06459,17.34694,17.65828,18.04206,18.46249,18.97787,19.56952,20.35184,21.58362,23.65671,26.28720
2025-12-16,2025-12-15,ewma,1,16.48000,17.59197,True,14.17891,14.48086,14.91984,15.26057,15.52689,15.75726,15.98824,16.23296,16.48296,16.72769,17.00481,17.28815,17.59821,17.98020,18.39958,18.91380,19.50157,20.28283,21.51044,23.57683,26.19860
2025-12-17,2025-12-16,ewma,1,17.62000,17.53463,True,14.13289,14.43368,14.87124,15.21089,15.47651,15.70622,15.93622,16.18029,16.42894,16.67180,16.94707,17.23160,17.54025,17.92107,18.33887,18.85198,19.43595,20.21625,21.43982,23.49976,26.11311
2025-12-18,2025-12-17,ewma,1,16.87000,17.53889,True,14.13652,14.43721,14.87489,15.21464,15.48050,15.71010,15.94019,16.18449,16.43315,16.67697,16.95350,17.23607,17.54542,17.92534,18.34258,18.85646,19.43862,20.22068,21.44452,23.50524,26.11936
2025-12-19,2025-12-18,ewma,1,14.91000,17.50482,True,14.10927,14.40919,14.84603,15.18514,15.45066,15.67965,15.90927,16.15333,16.40139,16.64509,16.91826,17.20235,17.51073,17.89043,18.30656,18.81974,19.39882,20.18081,21.40237,23.45935,26.06854
2025-12-22,2025-12-19,ewma,1,14.08000,17.36496,True,13.99673,14.29408,14.72744,15.06350,15.32630,15.55392,15.78199,16.02376,16.27011,16.51134,16.78303,17.06473,17.37022,17.74739,18.16007,18.66928,19.24179,20.01891,21.23086,23.27168,25.86015
2025-12-23,2025-12-22,ewma,1,14.00000,17.18384,True,13.85094,14.14440,14.57292,14.90499,15.16630,15.39076,15.61708,15.85622,16.10001,16.33778,16.60794,16.88624,17.18814,17.56219,17.97043,18.47446,19.04029,19.80947,21.00892,23.02873,25.59034
2025-12-24,2025-12-23,ewma,1,13.47000,17.00868,True,13.70994,13.99893,14.42304,14.75185,15.01021,15.23232,15.45738,15.69426,15.93530,16.17039,16.43835,16.71320,17.01205,17.38309,17.78705,18.28581,18.84541,19.60691,20.79428,22.79377,25.32940
2025-12-26,2025-12-24,ewma,1,13.60000,16.81146,True,13.54483,13.83521,14.25522,14.58013,14.83429,15.05510,15.27759,15.51219,15.74954,15.98231,16.24746,16.51865,16.81413,17.18149,17.58063,18.07346,18.62610,19.37894,20.55268,22.52926,25.03561
2025-12-29,2025-12-26,ewma,1,14.20000,16.63420,True,13.40215,13.68570,14.10451,14.42553,14.67607,14.89622,15.11611,15.34842,15.58300,15.81339,16.07507,16.34421,16.63640,17.00032,17.39509,17.88257,18.42893,19.17400,20.33550,22.29150,24.77155
2025-12-30,2025-12-29,ewma,1,14.33000,16.50313,True,13.29667,13.57802,13.99350,14.31002,14.55861,14.77869,14.99682,15.22715,15.45999,15.68842,15.94733,16.21514,16.50487,16.86634,17.25785,17.74134,18.28294,19.02230,20.17478,22.11563,24.57627
2025-12-31,2025-12-30,ewma,1,14.95000,16.38703,True,13.20326,13.48269,13.89509,14.20967,14.45602,14.67348,14.89098,15.11971,15.35053,15.57733,15.83502,16.10092,16.38822,16.74705,17.13340,17.61468,18.15315,18.88823,20.03278,21.95649,24.40329
2026-01-02,2025-12-31,ewma,1,14.51000,16.31201,True,13.14294,13.42115,13.83150,14.14493,14.38987,14.60671,14.82294,15.04872,15.27974,15.50532,15.76240,16.02705,16.31265,16.66974,17.05192,17.53218,18.06886,18.80150,19.94098,21.85242,24.29148
2026-01-05,2026-01-02,ewma,1,14.90000,16.21681,True,13.06636,13.34301,13.75082,14.06270,14.30593,14.52006,14.73612,14.95748,15.19043,15.41428,15.66927,15.93242,16.21716,16.57189,16.94940,17.42802,17.96225,18.69152,19.82452,21.72136,24.14963
2026-01-06,2026-01-05,ewma,1,14.75000,16.14829,True,13.01128,13.28682,13.69275,14.00360,14.24553,14.45928,14.67398,14.89274,15.12558,15.34879,15.60192,15.86373,16.14859,16.50171,16.87662,17.35255,17.88519,18.61229,19.74067,21.62606,24.04750
2026-01-07,2026-01-06,ewma,1,15.38000,16.07532,True,12.95261,13.22697,13.63091,13.94064,14.18121,14.39436,14.60782,14.82435,15.05631,15.27940,15.53136,15.79106,16.07559,16.42699,16.80011,17.27403,17.80323,18.52795,19.65140,21.52486,23.93876
2026-01-08,2026-01-07,ewma,1,15.45000,16.03982,True,12.92413,13.19795,13.60084,13.91017,14.15033,14.36298,14.57570,14.79207,15.02367,15.24569,15.49700,15.75549,16.04005,16.39048,16.76277,17.23577,17.76383,18.48678,19.60792,21.47384,23.88581
2026-01-09,2026-01-08,ewma,1,14.49000,16.00980,True,12.90007,13.17343,13.57542,13.88438,14.12429,14.33650,14.54854,14.76513,14.99617,15.21732,15.46782,15.72533,16.01000,16.35942,16.73087,17.20340,17.73051,18.45193,19.57114,21.43017,23.84102
2026-01-12,2026-01-09,ewma,1,15.12000,15.93016,True,12.83602,13.10808,13.50792,13.81543,14.05446,14.26559,14.47586,14.69053,14.92065,15.14145,15.39070,15.64650,15.93014,16.27765,16.64655,17.11770,17.64223,18.35985,19.47370,21.32010,23.72233
2026-01-13,2026-01-12,ewma,1,15.98000,15.88864,True,12.80269,13.07410,13.47275,13.77953,14.01827,14.22846,14.43827,14.65275,14.88237,15.10195,15.35013,15.60514,15.88823,16.23471,16.60208,17.07265,17.59617,18.31172,19.42287,21.26108,23.66042
2026-01-14,2026-01-13,ewma,1,16.75000,15.89319,True,12.80649,13.07804,13.47665,13.78359,14.02273,14.23259,14.44255,14.65769,14.88725,15.10631,15.35499,15.61033,15.89337,16.23869,16.60576,17.07711,17.60113,18.31668,19.42836,21.26372,23.66712
2026-01-15,2026-01-14,ewma,1,15.84000,15.93497,True,12.84028,13.11260,13.51214,13.81994,14.06002,14.27005,14.48059,14.69696,14.92648,15.14605,15.39553,15.65211,15.93520,16.28251,16.65195,17.12156,17.64733,18.36455,19.47901,21.31616,23.72925
2026-01-16,2026-01-15,ewma,1,15.86000,15.93021,True,12.83656,13.10887,13.50818,13.81592,14.05625,14.26584,14.47634,14.69392,14.92210,15.14192,15.39110,15.64828,15.93041,16.27709,16.64589,17.11601,17.64199,18.35878,19.47277,21.30633,23.72207
2026-01-20,2026-01-16,ewma,1,20.09000,15.92669,True,12.83385,13.10616,13.50526,13.81299,14.05358,14.26273,14.47322,14.69248,14.91908,15.13902,15.38776,15.64590,15.92668,16.27282,16.64113,17.11206,17.63803,18.35445,19.46805,21.29817,23.71675
2026-01-21,2026-01-20,ewma,1,16.90000,16.11270,True,12.98387,13.25941,13.66306,13.97442,14.21815,14.42934,14.64243,14.86590,15.09378,15.31636,15.56754,15.83029,16.11292,16.46406,16.83803,17.31297,17.84431,18.57042,19.69717,21.54341,23.99365
2026-01-22,2026-01-21,ewma,1,15.64000,16.15118,True,13.01500,13.29126,13.69576,14.00790,14.25254,14.46384,14.67763,14.90204,15.13028,15.35352,15.60586,15.86908,16.15145,16.50411,16.87939,17.35387,17.88684,18.61449,19.74413,21.59136,24.05086
2026-01-23,2026-01-22,ewma,1,16.09000,16.12523,True,12.99421,13.27010,13.67382,13.98551,14.23010,14.44064,14.65428,14.87827,15.10612,15.32930,15.58192,15.84290,16.12546,16.47720,16.85202,17.32554,17.85803,18.58429,19.71233,21.55317,24.01213
2026-01-26,2026-01-23,ewma,1,16.15000,16.12347,True,12.99292,13.26883,13.67240,13.98409,14.22901,14.43956,14.65291,14.87682,15.10461,15.32792,15.58033,15.84189,16.12366,16.47500,16.84965,17.32347,17.85601,18.58197,19.71009,21.54731,24.00942
2026-01-27,2026-01-26,ewma,1,16.35000,16.12479,True,12.99411,13.27011,13.67359,13.98535,14.23064,14.44124,14.65432,14.87821,15.10625,15.32951,15.58173,15.84337,16.12504,16.47571,16.84994,17.32473,17.85741,18.58322,19.71163,21.54558,24.01131
2026-01-28,2026-01-27,ewma,1,16.35000,16.13598,True,13.00326,13.27950,13.68315,13.99517,14.24098,14.45175,14.66469,14.88870,15.11736,15.34060,15.59359,15.85467,16.13628,16.48645,16.86053,17.33657,17.86973,18.59582,19.72522,21.55703,24.02788
2026-01-29,2026-01-28,ewma,1,16.88000,16.14661,True,13.01195,13.28844,13.69224,14.00450,14.25083,14.46177,14.67456,14.89869,15.12795,15.35117,15.60492,15.86545,16.14698,16.49663,16.87054,17.34783,17.88144,18.60779,19.73814,21.56774,24.04363
2026-01-30,2026-01-29,ewma,1,17.44000,16.18251,True,13.04107,13.31805,13.72286,14.03595,14.28255,14.49422,14.70728,14.93186,15.16184,15.38634,15.63989,15.90178,16.18369,16.53459,16.91062,17.38614,17.91994,18.64791,19.78160,21.61567,24.09520
2026-02-02,2026-01-30,ewma,1,16.34000,16.24318,True,13.09014,13.36803,13.77448,14.08887,14.33612,14.54885,14.76250,14.98789,15.21893,15.44505,15.69880,15.96229,16.24511,16.59761,16.97545,17.45192,17.98586,18.71657,19.85533,21.69669,24.18363
2026-02-03,2026-02-02,ewma,1,18.00000,16.24801,True,13.09421,13.37206,13.77875,14.09337,14.34042,14.55346,14.76697,14.99241,15.22365,15.45003,15.70351,15.96723,16.25059,16.60210,16.98025,17.45694,17.98995,18.72088,19.86081,21.70312,24.18891
2026-02-04,2026-02-03,ewma,1,18.64000,16.33141,True,13.16162,13.44076,13.84966,14.16602,14.41406,14.62846,14.84281,15.06955,15.30194,15.52953,15.78417,16.04948,16.33508,16.68810,17.06800,17.54707,18.08616,18.81571,19.96233,21.81451,24.31117
2026-02-05,2026-02-04,ewma,1,21.77000,16.43973,True,13.24910,13.52997,13.94170,14.26029,14.50970,14.72555,14.94127,15.16968,15.40358,15.63313,15.89104,16.15637,16.44472,16.79937,17.18391,17.66481,18.20640,18.93925,20.09430,21.95918,24.47050
2026-02-06,2026-02-05,ewma,1,20.37000,16.67220,True,13.43664,13.72135,14.13903,14.46226,14.71510,14.93384,15.15256,15.38440,15.62243,15.85512,16.11795,16.38576,16.67812,17.03723,17.43050,17.91530,18.46418,19.21369,20.38097,22.26968,24.81458
2026-02-09,2026-02-06,ewma,1,17.36000,16.84003,True,13.57209,13.85953,14.28154,14.60807,14.86344,15.08424,15.30513,15.53953,15.78072,16.01534,16.28055,16.55204,16.84688,17.20981,17.60963,18.09779,18.65357,19.40879,20.58605,22.49384,25.06241
2026-02-10,2026-02-09,ewma,1,17.79000,16.86566,True,13.59293,13.88068,14.30345,14.63035,14.88628,15.10725,15.32854,15.56344,15.80532,16.03972,16.30567,16.57791,16.87338,17.23685,17.63485,18.12342,18.68081,19.43803,20.61729,22.52805,25.09857
2026-02-11,2026-02-10,ewma,1,17.65000,16.91071,True,13.62944,13.91782,14.34185,14.66949,14.92627,15.14792,15.36961,15.60534,15.84767,16.08262,16.34979,16.62263,16.91949,17.28294,17.68424,18.17171,18.72956,19.48966,20.67229,22.58821,25.16364
2026-02-12,2026-02-11,ewma,1,20.82000,16.94693,True,13.65882,13.94769,14.37275,14.70097,14.95846,15.18068,15.40264,15.63916,15.88174,16.11745,16.38538,16.66051,16.95685,17.32009,17.72194,18.21051,18.76852,19.53110,20.71648,22.63657,25.21556
2026-02-13,2026-02-12,ewma,1,20.60000,17.12224,True,13.80031,14.09203,14.52146,14.85309,15.11333,15.33803,15.56210,15.80134,16.04604,16.28456,16.55522,16.83511,17.13324,17.49943,17.90569,18.40107,18.96733,19.73476,20.93154,22.87072,25.47440
2026-02-17,2026-02-13,ewma,1,20.29000,17.28128,True,13.92869,14.22299,14.65637,14.99111,15.25384,15.48082,15.70677,15.94832,16.19509,16.43606,16.70933,16.99159,17.29305,17.66214,18.07248,18.57787,19.14488,19.92008,21.12588,23.08313,25.70900
2026-02-18,2026-02-17,ewma,1,19.62000,17.42052,True,14.04112,14.33765,14.77450,15.11196,15.37688,15.60596,15.83345,16.07688,16.32581,16.56872,16.84420,17.12878,17.43243,17.80592,18.21879,18.72858,19.30091,20.08421,21.29602,23.26911,25.91411
2026-02-19,2026-02-18,ewma,1,20.23000,17.52439,True,14.12504,14.42320,14.86263,15.20212,15.46870,15.69942,15.92793,16.17280,16.42361,16.66793,16.94487,17.23168,17.53643,17.91457,18.32915,18.84079,19.42051,20.20337,21.42291,23.40784,26.06659
2026-02-20,2026-02-19,ewma,1,19.09000,17.65065,True,14.22701,14.52718,14.96974,15.31170,15.58028,15.81293,16.04272,16.28939,16.54239,16.78852,17.06780,17.35849,17.66282,18.04848,18.46176,18.97689,19.56868,20.35178,21.57717,23.57646,26.25232
2026-02-23,2026-02-20,ewma,1,21.01000,17.71997,True,14.28308,14.58429,15.02856,15.37188,15.64176,15.87545,16.10576,16.35343,16.60820,16.85476,17.13569,17.43162,17.73239,18.12168,18.53486,19.05193,19.64346,20.43122,21.66182,23.66903,26.35335
2026-02-24,2026-02-23,ewma,1,19.55000,17.87150,True,14.40543,14.70907,15.15711,15.50339,15.77583,16.01127,16.24353,16.49336,16.75108,16.99894,17.28305,17.58254,17.88423,18.27738,18.69527,19.21634,19.81527,20.60829,21.84697,23.87142,26.57663
2026-02-25,2026-02-24,ewma,1,17.93000,17.95190,True,14.47044,14.77530,15.22533,15.57319,15.84709,16.08336,16.31662,16.56786,16.82701,17.07548,17.36162,17.66168,17.96488,18.36027,18.78011,19.30587,19.90383,20.70065,21.94516,23.97879,26.69409
2026-02-26,2026-02-25,ewma,1,18.63000,17.95080,True,14.46976,14.77447,15.22443,15.57229,15.84643,16.08244,16.31564,16.56720,16.82629,17.07461,17.36234,17.66151,17.96365,18.35879,18.77873,19.30340,19.90203,20.69903,21.94373,23.97731,26.69036
2026-02-27,2026-02-26,ewma,1,19.86000,17.98417,True,14.49686,14.80199,15.25276,15.60129,15.87618,16.11239,16.34599,16.59834,16.85786,17.10652,17.39640,17.69543,17.99723,18.39358,18.81340,19.33798,19.93844,20.73715,21.98443,24.02185,26.73787
2026-03-02,2026-02-27,ewma,1,21.44000,18.07360,True,14.56916,14.87568,15.32877,15.67891,15.95518,16.19287,16.42732,16.68173,16.94193,17.19243,17.48333,17.78515,18.08722,18.48506,18.90752,19.43806,20.03549,20.83979,22.09329,24.14096,26.86873
2026-03-03,2026-03-02,ewma,1,23.57000,18.22862,True,14.69432,15.00334,15.46040,15.81342,16.09208,16.33210,16.56827,16.82565,17.08748,17.34073,17.63370,17.93922,18.24275,18.64375,19.07127,19.60649,20.21122,21.02069,22.28230,24.34766,27.09705
2026-03-04,2026-03-03,ewma,1,21.15000,18.46435,True,14.88456,15.19744,15.66049,16.01796,16.30023,16.54366,16.78258,17.04402,17.30886,17.56619,17.86224,18.17187,18.47887,18.88517,19.32002,19.86075,20.47479,21.30309,22.57207,24.66216,27.44532
2026-03-05,2026-03-04,ewma,1,23.75000,18.59015,True,14.98618,15.30105,15.76734,16.12712,16.41133,16.65673,16.89760,17.16047,17.42736,17.68717,17.98443,18.29638,18.60581,19.01531,19.45208,19.99702,20.61593,21.44553,22.72576,24.82982,27.63013
2026-03-06,2026-03-05,ewma,1,29.49000,18.81923,True,15.17106,15.48968,15.96180,16.32589,16.61362,16.86221,17.10685,17.37228,17.64269,17.90589,18.20620,18.52260,18.83656,19.25142,19.69217,20.24681,20.87047,21.72079,23.00889,25.13542,27.96842
2026-03-09,2026-03-06,ewma,1,25.50000,19.24667,True,15.51586,15.84158,16.32450,16.69673,16.99126,17.24542,17.49644,17.76728,18.04380,18.31290,18.61987,18.94410,19.26485,19.69081,20.14004,20.70998,21.34993,22.21469,23.53436,25.70849,28.66130
2026-03-10,2026-03-09,ewma,1,24.93000,19.51932,True,15.73588,16.06607,16.55593,16.93359,17.23226,17.48995,17.74507,18.01965,18.29982,18.57269,18.88475,19.21331,19.53808,19.97081,20.42659,21.00560,21.65687,22.53273,23.86892,26.07267,29.06723
2026-03-11,2026-03-10,ewma,1,24.23000,19.75958,True,15.92979,16.26391,16.75987,17.14292,17.44467,17.70545,17.96368,18.24211,18.52529,18.80176,19.11831,19.45092,19.77859,20.21734,20.67995,21.26424,21.92557,22.81978,24.16556,26.39356,29.42489
2026-03-12,2026-03-11,ewma,1,27.29000,19.96211,True,16.09330,16.43069,16.93183,17.31954,17.62379,17.88709,18.14800,18.42969,18.71521,18.99494,19.31526,19.65151,19.98153,20.42498,20.89355,21.48529,22.15159,23.05782,24.41488,26.66407,29.72639
2026-03-13,2026-03-12,ewma,1,27.19000,20.27665,True,16.34711,16.68967,17.19880,17.59337,17.90180,18.16910,18.43416,18.72058,19.01015,19.29468,19.62063,19.96208,20.29669,20.74941,21.22384,21.82588,22.50552,23.42223,24.79992,27.12841,30.19468
2026-03-16,2026-03-13,ewma,1,23.51000,20.57628,True,16.58891,16.93638,17.45304,17.85428,18.16650,18.43775,18.70715,18.99771,19.29331,19.58025,19.91068,20.25793,20.59933,21.05870,21.54362,22.15151,22.83886,23.77244,25.17833,27.57643,30.64076
2026-03-17,2026-03-16,ewma,1,22.37000,20.71387,True,16.70007,17.04971,17.56983,17.97461,18.28815,18.56120,18.83283,19.12529,19.42459,19.71142,20.04394,20.39409,20.73889,21.20014,21.69265,22.30595,22.99195,23.92969,25.34535,27.76055,30.84553
2026-03-18,2026-03-17,ewma,1,25.09000,20.79369,True,16.76465,17.11550,17.63762,18.04482,18.35879,18.63281,18.90599,19.19958,19.50059,19.78759,20.12195,20.47363,20.81882,21.28222,21.78021,22.39942,23.08049,24.02018,25.44168,27.86725,30.96428
2026-03-19,2026-03-18,ewma,1,24.06000,20.98988,True,16.92307,17.27707,17.80413,18.21549,18.53218,18.80870,19.08474,19.38134,19.68462,19.97474,20.31259,20.66842,21.01617,21.48367,21.98921,22.61374,23.29851,24.25663,25.68037,28.12991,31.25632
2026-03-20,2026-03-19,ewma,1,26.78000,21.13364,True,17.03922,17.39549,17.92616,18.34040,18.65928,18.93760,19.21571,19.51514,19.81946,20.11211,20.45314,20.81140,21.16151,21.63343,22.14316,22.76917,23.45837,24.42101,25.85489,28.32229,31.47028
2026-03-23,2026-03-20,ewma,1,26.15000,21.38533,True,17.24239,17.60275,18.13975,18.55898,18.88164,19.16324,19.44482,19.74882,20.05568,20.35197,20.69817,21.06046,21.41481,21.89308,22.40994,23.04068,23.74082,24.72871,26.17298,28.65932,31.84497
2026-03-24,2026-03-23,ewma,1,26.95000,21.60150,True,17.41692,17.78077,18.32320,18.74672,19.07262,19.35751,19.64171,19.94971,20.25858,20.55769,20.90864,21.27444,21.63225,22.11600,22.63888,23.27507,23.98358,24.98812,26.43671,28.94873,32.16674
2026-03-25,2026-03-24,ewma,1,25.33000,21.84176,True,17.61089,17.97862,18.52709,18.95538,19.28489,19.57340,19.86069,20.17220,20.48439,20.78685,21.14246,21.51210,21.87321,22.36396,22.89104,23.53520,24.25648,25.26635,26.73838,29.27043,32.52440
2026-03-26,2026-03-25,ewma,1,27.44000,22.00417,True,17.74209,18.11240,18.66495,19.09648,19.42843,19.71953,20.00889,20.32268,20.63751,20.94372,21.30121,21.67228,22.03674,22.53122,23.06128,23.71135,24.44448,25.45599,26.93630,29.48779,32.76613
2026-03-27,2026-03-26,ewma,1,31.05000,22.24841,True,17.93928,18.31353,18.87222,19.30860,19.64421,19.93900,20.23150,20.54874,20.86739,21.17851,21.53920,21.91286,22.28250,22.78138,23.31729,23.97573,24.71740,25.74592,27.24347,29.81480,33.12970
2026-03-30,2026-03-27,ewma,1,30.61000,22.62231,True,18.24081,18.62134,19.18969,19.63317,19.97460,20.27460,20.57200,20.89544,21.21814,21.53565,21.90202,22.28137,22.65852,23.16739,23.71068,24.37943,25.13997,26.17993,27.70782,30.32147,33.68384
2026-03-31,2026-03-30,ewma,1,25.25000,22.96695,True,18.51875,18.90505,19.48234,19.93233,20.27914,20.58398,20.88589,21.21515,21.54145,21.86497,22.23654,22.62164,23.00615,23.52312,24.07444,24.75137,25.52532,26.57976,28.13557,30.78447,34.19431
2026-04-01,2026-03-31,ewma,1,24.54000,23.07604,True,18.60675,18.99487,19.57519,20.02708,20.37571,20.68225,20.98559,21.31735,21.64432,21.96919,22.34302,22.73258,23.11965,23.63716,24.19166,24.86941,25.64638,26.70585,28.26859,30.93065,34.35402
2026-04-02,2026-04-01,ewma,1,23.87000,23.14712,True,18.66412,19.05341,19.63579,20.08883,20.43872,20.74647,21.05064,21.38470,21.71205,22.03699,22.41270,22.80516,23.19280,23.71117,24.26638,24.94580,25.72519,26.78794,28.35505,31.02588,34.45713
2026-04-06,2026-04-02,ewma,1,24.17000,23.18274,True,18.69288,19.08275,19.66632,20.11982,20.47042,20.77862,21.08340,21.41930,21.74652,22.07123,22.44799,22.84118,23.22927,23.74884,24.30363,24.98405,25.76460,26.82900,28.39806,31.07358,34.50745
2026-04-07,2026-04-06,ewma,1,25.78000,23.23113,True,18.73195,19.12261,19.70768,20.16188,20.51322,20.82222,21.12778,21.46561,21.79301,22.11780,22.49566,22.88957,23.27914,23.79971,24.35428,25.03607,25.81654,26.88484,28.45672,31.13840,34.57676
2026-04-08,2026-04-07,ewma,1,21.04000,23.35237,True,18.82976,19.22244,19.81085,20.26723,20.62034,20.93112,21.23885,21.57901,21.90786,22.23368,22.61317,23.00954,23.40184,23.92564,24.48158,25.16722,25.94942,27.02496,28.60461,31.30086,34.75448
2026-04-09,2026-04-08,ewma,1,19.49000,23.23093,True,18.73189,19.12251,19.70814,20.16209,20.51319,20.82251,21.12711,21.46407,21.79228,22.11751,22.49547,22.88947,23.27940,23.80026,24.35419,25.03613,25.81264,26.88419,28.45524,31.13805,34.57104
2026-04-10,2026-04-09,ewma,1,19.23000,23.02788,True,18.56821,18.95539,19.53331,19.98523,20.33343,20.63982,20.94147,21.27334,21.60020,21.92358,22.29804,22.68894,23.07501,23.59139,24.14123,24.81716,25.58520,26.64896,28.20591,30.86584,34.26617
2026-04-13,2026-04-10,ewma,1,19.12000,22.82129,True,18.40168,18.78536,19.35718,19.80526,20.15004,20.45343,20.75245,21.07982,21.40486,21.72671,22.09721,22.48465,22.86710,23.37906,23.92457,24.59439,25.35386,26.40965,27.95226,30.58889,33.95610
2026-04-14,2026-04-13,ewma,1,18.36000,22.62026,True,18.23963,18.61991,19.18492,19.62787,19.97198,20.27165,20.56840,20.89197,21.21622,21.53504,21.90171,22.28584,22.66516,23.17244,23.71242,24.37761,25.13011,26.17678,27.70531,30.31939,33.65434
2026-04-15,2026-04-14,ewma,1,18.17000,22.38548,True,18.05036,18.42562,18.98528,19.41966,19.76400,20.05946,20.35403,20.67422,20.99554,21.31006,21.67355,22.05198,22.42940,22.93130,23.46493,24.12445,24.86888,25.90485,27.41703,30.00466,33.30241
2026-04-16,2026-04-15,ewma,1,17.94000,22.15316,True,17.86308,18.23277,18.78648,19.21788,19.55784,19.85101,20.14205,20.45771,20.77644,21.08708,21.44781,21.82039,22.19503,22.69275,23.22005,23.87384,24.61040,25.63579,27.13179,29.69323,32.95422
2026-04-17,2026-04-16,ewma,1,17.48000,21.92073,True,17.67571,18.03894,18.58809,19.01587,19.35157,19.64229,19.92926,20.24086,20.55788,20.86303,21.22197,21.59043,21.95949,22.45410,22.97555,23.62311,24.35180,25.36588,26.84643,29.38165,32.60590
2026-04-20,2026-04-17,ewma,1,18.87000,21.67402,True,17.46998,17.83136,18.37827,18.80146,19.13353,19.42062,19.70419,20.01190,20.32624,20.62671,20.98160,21.34724,21.70969,22.20038,22.71634,23.35699,24.07733,25.07912,26.54358,29.05092,32.23639
2026-04-21,2026-04-20,ewma,1,19.50000,21.52440,True,17.34962,17.70847,18.25145,18.67174,19.00001,19.28581,19.56704,19.87272,20.18588,20.48431,20.83526,21.19976,21.55885,22.04597,22.55891,23.19551,23.90876,24.90474,26.35966,28.85034,32.01135
2026-04-22,2026-04-21,ewma,1,18.92000,21.41836,True,17.26439,17.62144,18.16158,18.57982,18.90676,19.19105,19.46793,19.77382,20.08523,20.38295,20.73138,21.09530,21.45167,21.93620,22.44736,23.08086,23.78863,24.78079,26.22912,28.70817,31.85114
2026-04-23,2026-04-22,ewma,1,19.31000,21.28595,True,17.15790,17.51270,18.04935,18.46503,18.79024,19.07134,19.34708,19.65023,19.95756,20.25623,20.60198,20.96468,21.31819,21.79905,22.30857,22.93779,23.63923,24.62635,26.06628,28.53065,31.65175
2026-04-24,2026-04-23,ewma,1,18.71000,21.18251,True,17.07477,17.42780,17.96168,18.37537,18.69928,18.97907,19.25297,19.55374,19.85938,20.15745,20.50044,20.86198,21.21386,21.69154,22.20015,22.82594,23.52203,24.50544,25.93894,28.39197,31.49547
2026-04-27,2026-04-24,ewma,1,18.02000,21.05146,True,16.96937,17.32018,17.85060,18.26175,18.58395,18.86045,19.13380,19.43207,19.73646,20.03247,20.37219,20.73210,21.08189,21.55576,22.06279,22.68435,23.37420,24.35260,25.77779,28.21628,31.29816
2026-04-28,2026-04-27,ewma,1,17.83000,20.88843,True,16.83819,17.18629,17.71245,18.11995,18.43863,18.71417,18.98552,19.27978,19.58296,19.87678,20.21364,20.57058,20.91840,21.38879,21.89192,22.50832,23.19254,24.16391,25.57731,27.99749,31.05334
2026-04-29,2026-04-28,ewma,1,18.81000,20.72374,True,16.70567,17.05102,17.57289,17.97518,18.29243,18.56559,18.83559,19.12646,19.42781,19.71951,20.05349,20.40744,20.75324,21.22011,21.71931,22.33050,23.00903,23.97330,25.37480,27.77648,30.80608
2026-04-30,2026-04-29,ewma,1,16.89000,20.62359,True,16.62517,16.96886,17.48806,17.88870,18.20418,18.47634,18.74422,19.03328,19.33298,19.62362,19.95646,20.30759,20.65243,21.11739,21.61434,22.22222,22.89719,23.85734,25.25133,27.64197,30.65479
2026-05-01,2026-04-30,ewma,1,16.99000,20.41867,True,16.46021,16.79645,17.31377,17.70942,18.02258,18.29134,18.55764,18.84397,19.14030,19.42811,19.75805,20.10453,20.44641,20.90657,21.39892,22.00107,22.66905,23.62020,24.99959,27.36705,30.34782
2026-05-04,2026-05-01,ewma,1,18.29000,20.23186,True,16.30985,16.64297,17.15439,17.54660,17.85663,18.12287,18.38775,18.67142,18.96478,19.24996,19.57627,19.91971,20.25854,20.71431,21.20217,21.79932,22.46102,23.40400,24.77004,27.11640,30.06780
2026-05-05,2026-05-04,ewma,1,17.38000,20.13004,True,16.22800,16.55940,17.06822,17.45844,17.76703,18.03204,18.29512,18.57733,18.86884,19.15195,19.47675,19.81890,20.15570,20.60913,21.09450,21.68915,22.34726,23.28613,24.64456,26.97968,29.91414
2026-05-06,2026-05-05,ewma,1,17.39000,19.98273,True,16.10947,16.43842,16.94348,17.32988,17.63663,17.89927,18.16099,18.44063,18.72995,19.01008,19.33309,19.67327,20.00733,20.45752,20.93905,21.52997,22.18302,23.11566,24.46340,26.78199,29.69290
2026-05-07,2026-05-06,ewma,1,17.08000,19.84436,True,15.99815,16.32477,16.82631,17.21002,17.51328,17.77510,18.03469,18.31215,18.59883,18.87716,19.19810,19.53633,19.86834,20.31506,20.79274,21.38043,22.02870,22.95557,24.29320,26.59628,29.48497
2026-05-08,2026-05-07,ewma,1,17.19000,19.69607,True,15.87882,16.20297,16.70073,17.07955,17.38018,17.64121,17.89930,18.17475,18.45888,18.73499,19.05448,19.38962,19.71987,20.16224,20.63606,21.22056,21.86338,22.78400,24.11086,26.39728,29.26235
2026-05-11,2026-05-08,ewma,1,18.38000,19.56251,True,15.77136,16.09328,16.58763,16.96411,17.26020,17.52003,17.77725,18.05105,18.33295,18.60762,18.92511,19.25714,19.58613,20.02421,20.49481,21.07655,21.71441,22.62947,23.94655,26.21801,29.06162
2026-05-12,2026-05-11,ewma,1,17.99000,19.50161,True,15.72249,16.04337,16.53604,16.91169,17.20700,17.46609,17.72220,17.99508,18.27638,18.54949,18.86568,19.19622,19.52345,19.96058,20.42962,21.01085,21.64676,22.55900,23.87127,26.13615,28.96889
2026-05-13,2026-05-12,ewma,1,17.87000,19.42310,True,15.65942,15.97896,16.46951,16.84399,17.13825,17.39637,17.65113,17.92223,18.20230,18.47475,18.78920,19.11822,19.44315,19.87958,20.34599,20.92616,21.55954,22.46816,23.77442,26.03067,28.85000
2026-05-14,2026-05-13,ewma,1,17.26000,19.34233,True,15.59452,15.91270,16.40106,16.77432,17.06751,17.32438,17.57802,17.84751,18.12659,18.39770,18.71062,19.03804,19.36135,19.79677,20.26000,20.83894,21.46982,22.37470,23.67482,25.92218,28.72777
2026-05-15,2026-05-14,ewma,1,18.43000,19.23249,True,15.50618,15.82252,16.30796,16.67928,16.97110,17.22447,17.47754,17.74600,18.02350,18.29254,18.60392,18.92927,19.25120,19.68420,20.14341,20.72039,21.34783,22.24554,23.53964,25.77471,28.56238
2026-05-18,2026-05-15,ewma,1,17.82000,19.19155,True,15.47338,15.78901,16.27328,16.64391,16.93549,17.18839,17.44061,17.70833,17.98527,18.25416,18.56241,18.88834,19.21002,19.64203,20.09892,20.67608,21.30231,22.19506,23.48879,25.71959,28.49934
2026-05-19,2026-05-18,ewma,1,18.06000,19.12053,True,15.41634,15.73077,16.21310,16.58245,16.87337,17.12537,17.37635,17.64285,17.91850,18.18593,18.49182,18.81784,19.13891,19.56903,20.02295,20.59936,21.22343,22.10982,23.40114,25.62417,28.39165
2026-05-20,2026-05-19,ewma,1,17.44000,19.06605,True,15.37264,15.68613,16.16695,16.53534,16.82585,17.07692,17.32711,17.59264,17.86759,18.13368,18.43826,18.76367,19.08437,19.51297,19.96402,20.53837,21.16291,22.04373,23.33374,25.55091,28.30853
2026-05-21,2026-05-20,ewma,1,16.76000,18.98126,True,15.30449,15.61655,16.09509,16.46194,16.75156,17.00132,17.25029,17.51430,17.78792,18.05273,18.35539,18.67947,18.99934,19.42474,19.87280,20.44475,21.06874,21.94261,23.22924,25.43704,28.18043
2026-05-22,2026-05-21,ewma,1,16.70000,18.86351,True,15.20976,15.51985,15.99529,16.35995,16.64819,16.89459,17.14268,17.40540,17.67634,17.94026,18.24061,18.56212,18.88117,19.30262,19.74710,20.31564,20.93798,21.80342,23.08442,25.27899,28.00341
2026-05-25,2026-05-22,ewma,1,16.59000,18.74896,True,15.11761,15.42578,15.89819,16.26074,16.54763,16.79027,17.03795,17.29934,17.56727,17.83080,18.12894,18.44794,18.76622,19.18379,19.62478,20.19002,20.81078,21.66797,22.94352,25.12524,27.83117
2026-05-26,2026-05-25,ewma,1,17.01000,18.63462,True,15.02546,15.33193,15.80133,16.16171,16.44676,16.68774,16.93384,17.19347,17.45989,17.72206,18.01814,18.33451,18.65081,19.06659,19.50468,20.06500,20.68370,21.53430,22.80241,24.96797,27.65974
2026-05-27,2026-05-26,ewma,1,16.29000,18.54983,True,14.95712,15.26238,15.72950,16.08829,16.37195,16.61185,16.85687,17.11412,17.38013,17.64118,17.93590,18.25016,18.56497,18.97962,19.41550,19.97180,20.58940,21.43478,22.69744,24.85031,27.53216
2026-05-28,2026-05-27,ewma,1,15.74000,18.42973,True,14.86032,15.16378,15.62774,15.98426,16.26482,16.50414,16.74751,17.00135,17.26717,17.52572,17.81941,18.13176,18.44422,18.85650,19.28938,19.84062,20.45592,21.29448,22.54930,24.68542,27.35222
2026-05-29,2026-05-28,ewma,1,15.32000,18.28492,True,14.74360,15.04485,15.50504,15.85794,16.13496,16.37430,16.61555,16.86587,17.13065,17.38713,17.67904,17.98926,18.29917,18.70792,19.13715,19.68287,20.29503,21.12566,22.37095,24.48749,27.13563
2026-06-01,2026-05-29,ewma,1,16.05000,18.12389,True,14.61380,14.91256,15.36798,15.71718,15.99090,16.22871,16.46892,16.71558,16.97871,17.23373,17.52273,17.82851,18.13788,18.54274,18.96780,19.50908,20.11612,20.93811,22.17277,24.26789,26.89498
2026-06-02,2026-06-01,ewma,1,15.77000,18.01410,True,14.52531,14.82243,15.27492,15.62232,15.89452,16.12865,16.36892,16.61277,16.87562,17.12845,17.41598,17.71638,18.02768,18.42981,18.85210,19.39046,19.99352,20.80979,22.03729,24.11697,26.73041
2026-06-03,2026-06-02,ewma,1,16.06000,17.89467,True,14.42904,14.72436,15.17368,15.51902,15.78717,16.02036,16.26022,16.50178,16.76331,17.01349,17.30014,17.59598,17.90783,18.30654,18.72642,19.26146,19.86023,20.67082,21.89002,23.95318,26.55153
2026-06-04,2026-06-03,ewma,1,15.40000,17.79814,True,14.35125,14.64515,15.09187,15.43543,15.70250,15.93401,16.17162,16.41169,16.67213,16.92089,17.20646,17.50043,17.81101,18.20673,18.62493,19.15713,19.75238,20.55929,21.77080,23.82011,26.40668
2026-06-05,2026-06-04,ewma,1,21.51000,17.66981,True,14.24781,14.53976,14.98310,15.32247,15.58777,15.81893,16.05409,16.29147,16.55157,16.79828,17.08006,17.37368,17.68246,18.07450,18.49016,19.01809,19.60923,20.41102,21.61269,23.64452,26.21466
2026-06-08,2026-06-05,ewma,1,18.92000,17.84442,True,14.38864,14.68364,15.13119,15.47423,15.74185,15.97531,16.21309,16.45348,16.71522,16.96477,17.25120,17.54608,17.85738,18.25498,18.67400,19.20781,19.80592,20.61770,21.82510,23.87429,26.47206
2026-06-09,2026-06-08,ewma,1,19.87000,17.89672,True,14.43084,14.72688,15.17561,15.51993,15.78848,16.02220,16.26104,16.50273,16.76472,17.01500,17.30212,17.59866,17.91020,18.31019,18.73058,19.26366,19.86324,20.67665,21.88904,23.94038,26.54800
2026-06-10,2026-06-09,ewma,1,22.22000,17.99056,True,14.50655,14.80431,15.25526,15.60166,15.87176,16.10627,16.34674,16.58992,16.85314,17.10529,17.39322,17.69597,18.00450,18.40698,18.83013,19.36599,19.96864,20.78358,22.00378,24.06200,26.68554
2026-06-11,2026-06-10,ewma,1,19.44000,18.18149,True,14.66055,14.96164,15.41725,15.76760,16.04072,16.27787,16.52068,16.76639,17.03235,17.28800,17.57842,17.88750,18.19579,18.60284,19.03158,19.57708,20.18102,21.01314,22.24558,24.31343,26.96709
2026-06-12,2026-06-11,ewma,1,17.68000,18.24244,True,14.70973,15.01201,15.46901,15.82066,16.09499,16.33309,16.57625,16.82299,17.08960,17.34648,17.63796,17.94751,18.25781,18.66597,19.10084,19.64085,20.24861,21.08159,22.31897,24.39097,27.05581
2026-06-15,2026-06-12,ewma,1,16.20000,18.21390,True,14.68675,14.98873,15.44488,15.79604,16.07031,16.30819,16.55039,16.79738,17.06303,17.31957,17.61072,17.91939,18.22829,18.63617,19.06862,19.60826,20.21688,21.04710,22.28288,24.34885,27.01181
2026-06-16,2026-06-15,ewma,1,16.41000,18.10750,True,14.60100,14.90138,15.35474,15.70389,15.97692,16.21097,16.45329,16.69821,16.96311,17.21812,17.50749,17.81284,18.12167,18.52710,18.95490,19.49188,20.09861,20.92266,22.15154,24.20269,26.85235
2026-06-17,2026-06-16,ewma,1,18.44000,18.01860,True,14.52935,14.82843,15.27943,15.62692,15.89897,16.13203,16.37149,16.61541,16.87941,17.13259,17.42093,17.72126,18.03257,18.43594,18.86016,19.39574,19.99976,20.81845,22.04162,24.07995,26.71886
2026-06-18,2026-06-17,ewma,1,16.40000,18.03944,True,14.54619,14.84579,15.29718,15.64512,15.91784,16.15133,16.39086,16.63511,16.89927,17.15335,17.44169,17.74681,18.05363,18.45764,18.88157,19.41773,20.02272,20.84104,22.06595,24.10389,26.74811
2026-06-22,2026-06-18,ewma,1,17.28000,17.95370,True,14.47709,14.77544,15.22456,15.57090,15.84268,16.07522,16.31340,16.55469,16.81836,17.07064,17.35819,17.65835,17.96769,18.36971,18.79143,19.32500,19.92739,20.74051,21.95992,23.98544,26.61933
2026-06-23,2026-06-22,ewma,1,19.49000,17.91940,True,14.44947,14.74742,15.19555,15.54127,15.81290,16.04515,16.28267,16.52409,16.78674,17.03916,17.32442,17.62051,17.93323,18.33442,18.75512,19.28764,19.88915,20.69941,21.91681,23.93573,26.56683
2026-06-24,2026-06-23,ewma,1,18.63000,17.99484,True,14.51034,14.80957,15.25972,15.60682,15.87998,16.11315,16.35129,16.59404,16.85757,17.11112,17.39796,17.69973,18.00892,18.41197,18.83502,19.37016,19.97214,20.78651,22.00905,24.03647,26.67702
2026-06-25,2026-06-24,ewma,1,18.89000,18.02607,True,14.53557,14.83534,15.28640,15.63404,15.90806,16.14158,16.37975,16.62323,16.88700,17.14104,17.42877,17.73459,18.04079,18.44519,18.86731,19.40335,20.00607,20.82256,22.04722,24.07818,26.72167
2026-06-26,2026-06-25,ewma,1,18.41000,18.06832,True,14.56967,14.87017,15.32242,15.67080,15.94586,16.17987,16.41821,16.66264,16.92700,17.18203,17.46997,17.77620,18.08448,18.49071,18.91312,19.44837,20.05222,20.87132,22.09885,24.13458,26.78263
2026-06-29,2026-06-26,ewma,1,17.65000,18.08525,True,14.58336,14.88417,15.33698,15.68561,15.96133,16.19549,16.43370,16.67910,16.94358,17.19913,17.48670,17.79329,18.10219,18.50680,18.92979,19.46615,20.07027,20.89084,22.11953,24.15718,26.80607
2026-06-30,2026-06-29,ewma,1,16.45000,18.06323,True,14.56564,14.86611,15.31851,15.66664,15.94242,16.17583,16.41380,16.65963,16.92366,17.17865,17.46565,17.77120,18.07986,18.48304,18.90634,19.44152,20.04510,20.86538,22.09257,24.12776,26.77178
2026-07-01,2026-06-30,ewma,1,16.59000,17.97894,True,14.49771,14.79680,15.24722,15.59366,15.86806,16.10040,16.33731,16.58034,16.84362,17.09781,17.38390,17.68823,17.99455,18.39585,18.81770,19.34987,19.95120,20.76797,21.98944,24.01514,26.64519
2026-07-02,2026-07-01,ewma,1,16.15000,17.90681,True,14.43958,14.73750,15.18624,15.53129,15.80443,16.03586,16.27190,16.51465,16.77526,17.02801,17.31381,17.61587,17.92143,18.32185,18.74167,19.27131,19.87081,20.68451,21.90119,23.91877,26.53665
2026-07-06,2026-07-02,ewma,1,15.57000,17.81459,True,14.36526,14.66167,15.10823,15.45165,15.72308,15.95334,16.18783,16.42832,16.68863,16.93980,17.22429,17.52108,17.82860,18.22729,18.64437,19.17115,19.76814,20.57763,21.78837,23.79558,26.39836
2026-07-07,2026-07-06,ewma,1,16.13000,17.69504,True,14.26889,14.56334,15.00703,15.34829,15.61694,15.84611,16.07897,16.31736,16.57605,16.82585,17.10811,17.39982,17.70882,18.10468,18.51846,19.04246,19.63513,20.43918,21.64212,23.63587,26.21957
2026-07-08,2026-07-07,ewma,1,16.90000,17.61330,True,14.20301,14.49612,14.93790,15.27772,15.54531,15.77296,16.00477,16.24037,16.49873,16.74685,17.02848,17.31882,17.62689,18.02064,18.43213,18.95446,19.54409,20.34440,21.54211,23.52666,26.09684
2026-07-09,2026-07-08,ewma,1,15.84000,17.57693,True,14.17372,14.46625,14.90708,15.24651,15.51324,15.74045,15.97183,16.20785,16.46516,16.71339,16.99296,17.28243,17.59017,17.98302,18.39359,18.91530,19.50371,20.30204,21.49745,23.47806,26.04134
2026-07-10,2026-07-09,ewma,1,15.03000,17.48572,True,14.10021,14.39125,14.82976,15.16772,15.43278,15.65883,15.88875,16.12188,16.37918,16.62530,16.90442,17.19261,17.49858,17.88893,18.29768,18.81712,19.40249,20.19634,21.38573,23.35622,25.90461
2026-07-13,2026-07-10,ewma,1,17.16000,17.35391,True,13.99396,14.28283,14.71800,15.05159,15.31538,15.54062,15.76869,15.99964,16.25556,16.49883,16.77470,17.06292,17.36646,17.75304,18.15927,18.67429,19.25620,20.04375,21.22434,23.18013,25.70774
2026-07-14,2026-07-13,ewma,1,16.50000,17.34416,True,13.98613,14.27486,14.70977,15.04340,15.30727,15.53195,15.76002,15.99077,16.24653,16.49046,16.76757,17.05344,17.35658,17.74203,18.14882,18.66283,19.24537,20.03133,21.21225,23.16710,25.69171
2026-07-15,2026-07-14,ewma,1,15.67000,17.30095,True,13.95132,14.23936,14.67315,15.00624,15.26963,15.49330,15.72082,15.95166,16.20614,16.45048,16.72351,17.01086,17.31321,17.69696,18.10346,18.61535,19.19739,19.97986,21.15922,23.10935,25.62610
2026-07-16,2026-07-15,ewma,1,16.73000,17.21551,True,13.88246,14.16910,14.60072,14.93246,15.19426,15.41684,15.64279,15.87205,16.12597,16.36790,16.63864,16.92590,17.22758,17.60878,18.01392,18.52245,19.10167,19.87964,21.05456,22.99521,25.49797
2026-07-17,2026-07-16,ewma,1,18.77000,17.19090,True,13.86265,14.14891,14.57988,14.91144,15.17258,15.39485,15.62073,15.84948,16.10301,16.34560,16.61713,16.89967,17.20282,17.58283,17.98802,18.49495,19.07346,19.84967,21.02429,22.96232,25.45995
2026-07-20,2026-07-17,ewma,1,18.65000,17.26660,True,13.92373,14.21127,14.64412,14.97743,15.23943,15.46269,15.68959,15.92014,16.17422,16.41848,16.69259,16.97659,17.27878,17.66172,18.06757,18.57937,19.15654,19.93552,21.11670,23.06342,25.57048
2026-07-21,2026-07-20,ewma,1,17.05000,17.33327,True,13.97753,14.26620,14.70069,15.03559,15.29830,15.52244,15.75024,15.98260,16.23716,16.48209,16.75740,17.04268,17.34568,17.73163,18.13799,18.65309,19.22958,20.01093,21.19806,23.15245,25.66762
2026-07-22,2026-07-21,ewma,1,16.64000,17.31900,True,13.96605,14.25452,14.68861,15.02354,15.28574,15.50970,15.73735,15.97043,16.22428,16.46872,16.74395,17.02875,17.33127,17.71599,18.12258,18.63770,19.21283,19.99289,21.18043,23.13337,25.64489
2026-07-23,2026-07-22,ewma,1,18.70000,17.28440,True,13.93816,14.22611,14.65942,14.99358,15.25543,15.47924,15.70601,15.93890,16.19203,16.43678,16.71015,16.99465,17.29652,17.67981,18.08623,18.59949,19.17322,19.95243,21.13784,23.08681,25.59284
2026-07-24,2026-07-23,ewma,1,18.58000,17.35256,True,13.99313,14.28229,14.71738,15.05277,15.31582,15.54082,15.76806,16.00214,16.25604,16.50256,16.77641,17.06189,17.36492,17.75122,18.15833,18.67388,19.24761,20.03059,21.22093,23.17752,25.69295
2026-07-27,2026-07-24,ewma,1,18.67000,17.41196,True,14.04103,14.33125,14.76791,15.10435,15.36847,15.59455,15.82214,16.05735,16.31211,16.55927,16.83442,17.12105,17.42455,17.81392,18.22169,18.73777,19.31227,20.09863,21.29330,23.25652,25.78007
2026-07-28,2026-07-27,ewma,1,18.21000,17.47280,True,14.09010,14.38139,14.81966,15.15718,15.42240,15.64958,15.87757,16.11427,16.36979,16.61714,16.89383,17.18254,17.48581,17.87701,18.28717,18.80321,19.37852,20.16833,21.36742,23.33744,25.86932
2026-07-29,2026-07-28,ewma,1,20.66000,17.50894,True,14.11924,14.41121,14.85046,15.18859,15.45453,15.68226,15.91056,16.14841,16.40434,16.65173,16.92912,17.22132,17.52245,17.91459,18.32422,18.84112,19.41737,20.20952,21.41134,23.38537,25.92200
2026-07-30,2026-07-29,ewma,1,17.09000,17.65442,True,14.23656,14.53103,14.97400,15.31484,15.58307,15.81288,16.04292,16.28345,16.54091,16.79048,17.07013,17.36681,17.66824,18.06381,18.47804,18.99872,19.58368,20.38116,21.58896,23.57932,26.13654
2026-07-31,2026-07-30,ewma,1,15.99000,17.62576,True,14.21345,14.50751,14.94984,15.29004,15.55791,15.78753,16.01700,16.25800,16.51433,16.76357,17.04265,17.33682,17.63943,18.03428,18.44752,18.96785,19.55065,20.34684,21.55363,23.54070,26.09328
2026-08-03,2026-07-31,ewma,1,15.86000,17.54013,True,14.14441,14.43710,14.87736,15.21581,15.48246,15.71115,15.93886,16.17729,16.43370,16.68170,16.95962,17.24993,17.55351,17.94648,18.35712,18.87567,19.45443,20.24746,21.44864,23.42599,25.96568
2026-08-04,2026-08-03,ewma,1,16.50000,17.45205,True,14.07338,14.36467,14.80280,15.13945,15.40484,15.63231,15.85850,16.09455,16.35035,16.59745,16.87411,17.16088,17.46504,17.85606,18.26416,18.77990,19.35550,20.14525,21.34065,23.30801,25.83446
2026-08-05,2026-08-04,ewma,1,15.81000,17.40317,True,14.03396,14.32451,14.76149,15.09710,15.36182,15.58859,15.81419,16.05028,16.30523,16.55091,16.82650,17.11220,17.41581,17.80565,18.21223,18.72632,19.30006,20.08830,21.28060,23.24238,25.76127
2026-08-06,2026-08-05,ewma,1,15.15000,17.31982,True,13.96676,14.25598,14.69087,15.02485,15.28855,15.51401,15.73820,15.97211,16.22613,16.47153,16.74534,17.02964,17.33228,17.71997,18.12454,18.63566,19.20752,19.99158,21.17866,23.13074,25.63708
2026-08-07,2026-08-06,ewma,1,14.90000,17.20430,True,13.87360,14.16096,14.59295,14.92468,15.18589,15.41033,15.63303,15.86488,16.11715,16.36050,16.63306,16.91590,17.21655,17.60102,18.00318,18.51039,19.07929,19.85771,21.03736,22.97611,25.46526
2026-08-10,2026-08-07,ewma,1,15.46000,17.08104,True,13.77421,14.05958,14.48848,14.81747,15.07639,15.29900,15.52075,15.74975,16.00145,16.24238,16.51355,16.79463,17.09308,17.47390,17.87374,18.37676,18.94249,19.71493,20.88662,22.81117,25.28202
2026-08-11,2026-08-10,ewma,1,15.28000,16.99609,True,13.70571,13.98973,14.41650,14.74383,15.00164,15.22323,15.44260,15.66986,15.92131,16.16135,16.43107,16.70973,17.00795,17.38598,17.78460,18.28436,18.84817,19.61669,20.78271,22.69740,25.15548
2026-08-12,2026-08-11,ewma,1,14.55000,16.90588,True,13.63297,13.91555,14.34005,14.66562,14.92223,15.14273,15.35979,15.58648,15.83608,16.07483,16.34163,16.61904,16.91754,17.29286,17.69007,18.18630,18.74801,19.51254,20.67237,22.57659,25.02115
2026-08-13,2026-08-12,ewma,1,14.63000,16.77950,True,13.53106,13.81159,14.23293,14.55569,14.80980,15.02862,15.24426,15.46961,15.71756,15.95336,16.21725,16.49354,16.79104,17.16282,17.55769,18.04935,18.60741,19.36665,20.51780,22.40749,24.83331
2026-08-14,2026-08-13,ewma,1,14.25000,16.66489,True,13.43863,13.71731,14.13578,14.45632,14.70832,14.92443,15.13963,15.36339,15.60978,15.84355,16.10643,16.38053,16.67631,17.04482,17.43761,17.92577,18.47985,19.23433,20.37762,22.25410,24.66289
2026-08-17,2026-08-14,ewma,1,15.19000,16.53495,True,13.33386,13.61043,14.02564,14.34279,14.59262,14.80748,15.02137,15.24184,15.48712,15.71944,15.98080,16.25230,16.54626,16.91169,17.30149,17.78573,18.33532,19.08433,20.21871,22.08027,24.46982
2026-08-18,2026-08-17,ewma,1,15.84000,16.46496,True,13.27742,13.55289,13.96634,14.28239,14.53133,14.74484,14.95786,15.17631,15.42118,15.65250,15.91287,16.18243,16.47619,16.83995,17.22808,17.71016,18.25726,19.00352,20.13310,21.98648,24.36546
2026-08-19,2026-08-18,ewma,1,14.89000,16.43314,True,13.25176,13.52676,13.93941,14.25509,14.50371,14.71638,14.92902,15.14717,15.39144,15.62254,15.88183,16.15008,16.44432,16.80725,17.19462,17.67564,18.22152,18.96676,20.09415,21.94366,24.31758
2026-08-20,2026-08-19,ewma,1,16.01000,16.35231,True,13.18659,13.46025,13.87107,14.18503,14.43241,14.64450,14.85542,15.07230,15.31564,15.54534,15.80265,16.07030,16.36282,16.72458,17.10914,17.58853,18.13137,18.87110,19.99530,21.83406,24.19720
2026-08-21,2026-08-20,ewma,1,15.13000,16.33502,True,13.17265,13.44604,13.85663,14.17009,14.41718,14.62952,14.83979,15.05657,15.29951,15.52920,15.78701,16.05295,16.34490,16.70690,17.09014,17.56976,18.11168,18.84877,19.97414,21.80931,24.17085
2026-08-24,2026-08-21,ewma,1,15.85000,16.27255,True,13.12228,13.39463,13.80386,14.11595,14.36208,14.57407,14.78311,14.99929,15.24091,15.46945,15.72557,15.99136,16.28172,16.64295,17.02388,17.50239,18.04189,18.77432,19.89774,21.72425,24.07764
2026-08-25,2026-08-24,ewma,1,15.45000,16.25116,True,13.10503,13.37704,13.78593,14.09744,14.34323,14.55541,14.76384,14.98051,15.22093,15.44941,15.70596,15.97017,16.25960,16.62075,17.00106,17.47920,18.01764,18.74728,19.87156,21.69403,24.04522
2026-08-26,2026-08-25,ewma,1,15.21000,16.21013,True,13.07195,13.34329,13.75134,14.06190,14.30706,14.51896,14.72678,14.94362,15.18257,15.41065,15.66525,15.92930,16.21783,16.57846,16.95792,17.43391,17.97163,18.69760,19.82138,21.63761,23.98374
2026-08-27,2026-08-26,ewma,1,14.51000,16.15860,True,13.03039,13.30089,13.70784,14.01725,14.26179,14.47309,14.68017,14.89684,15.13493,15.36135,15.61440,15.87780,16.16572,16.52543,16.90380,17.37732,17.91261,18.63581,19.75834,21.56717,23.90673
2026-08-28,2026-08-27,ewma,1,14.43000,16.07189,True,12.96047,13.22953,13.63449,13.94208,14.18546,14.39571,14.60091,14.81538,15.05306,15.27856,15.53049,15.79193,16.07843,16.43639,16.81270,17.28291,17.81461,18.53414,19.65230,21.44980,23.77768
2026-08-31,2026-08-28,ewma,1,14.92000,15.98552,True,12.89083,13.15846,13.56144,13.86721,14.10944,14.31864,14.52223,14.73448,14.97207,15.19585,15.44692,15.70680,15.99148,16.34771,16.72163,17.18888,17.71701,18.43424,19.54667,21.33290,23.64915
2026-09-01,2026-08-31,ewma,1,16.34000,15.93048,True,12.84645,13.11317,13.51496,13.81951,14.06107,14.26940,14.47230,14.68425,14.92030,15.14283,15.39261,15.65247,15.93587,16.29022,16.66333,17.12926,17.65414,18.37045,19.47935,21.25783,23.56697
2026-09-02,2026-09-01,ewma,1,15.20000,15.95071,True,12.86276,13.12984,13.53234,13.83711,14.07914,14.28758,14.49075,14.70381,14.93944,15.16263,15.41329,15.67266,15.95693,16.31242,16.68376,17.15057,17.67470,18.39347,19.50407,21.28319,23.59614
2026-09-03,2026-09-02,ewma,1,14.32000,15.91231,True,12.83180,13.09825,13.49982,13.80384,14.04536,14.25325,14.45607,14.66933,14.90354,15.12670,15.37505,15.63466,15.91796,16.27279,16.64356,17.10884,17.63140,18.34887,19.45666,21.23033,23.53858
2026-09-04,2026-09-03,ewma,1,14.53000,15.82865,True,12.76433,13.02940,13.42891,13.73131,13.97163,14.17836,14.37976,14.59051,14.82502,15.04647,15.29310,15.55230,15.83372,16.18574,16.55602,17.01845,17.53795,18.25208,19.35390,21.11709,23.41406
2026-09-07,2026-09-04,ewma,1,15.30000,15.76104,True,12.70982,12.97377,13.37161,13.67271,13.91208,14.11810,14.31842,14.52742,14.76141,14.98156,15.22771,15.48573,15.76541,16.11428,16.48528,16.94560,17.46230,18.17382,19.27078,21.02529,23.31331
2026-09-08,2026-09-07,ewma,1,15.72000,15.73766,True,12.69097,12.95454,13.35184,13.65246,13.89156,14.09744,14.29734,14.50607,14.73970,14.95986,15.20519,15.46182,15.74120,16.08806,16.46037,16.92032,17.43566,18.14647,19.24174,20.99250,23.27798
2026-09-09,2026-09-08,ewma,1,16.46000,15.73678,True,12.69026,12.95383,13.35116,13.65173,13.89090,14.09694,14.29674,14.50595,14.73907,14.95958,15.20545,15.46192,15.73949,16.08578,16.45878,16.91921,17.43394,18.14502,19.24020,20.98971,23.27593
2024-01-02,2023-12-29,har,1,13.20000,12.55126,True,11.09013,11.34627,11.60332,11.77018,11.90281,12.00403,12.10764,12.19458,12.28195,12.36328,12.44634,12.52528,12.61132,12.71800,12.83207,12.98377,13.15972,13.37267,13.67725,14.28892,14.91527
2024-01-03,2024-01-02,har,1,14.04000,13.23571,True,11.69491,11.96471,12.23615,12.41176,12.55166,12.65860,12.76774,12.85940,12.95165,13.03729,13.12515,13.20844,13.29927,13.41205,13.53231,13.69280,13.87740,14.10168,14.42276,15.06722,15.72836
2024-01-04,2024-01-03,har,1,14.13000,14.00735,True,12.37665,12.66196,12.94946,13.13527,13.28326,13.39674,13.51205,13.60855,13.70669,13.79743,13.89046,13.97822,14.07444,14.19383,14.32095,14.49085,14.68812,14.92332,15.26339,15.94530,16.64478
2024-01-05,2024-01-04,har,1,13.35000,14.10675,True,12.46447,12.75181,13.04138,13.22862,13.37772,13.49183,13.60816,13.70503,13.80425,13.89540,13.98928,14.07748,14.17452,14.29446,14.42249,14.59361,14.79183,15.02904,15.37137,16.05835,16.76273
2024-01-08,2024-01-05,har,1,13.08000,13.40816,True,11.84740,12.12069,12.39558,12.57372,12.71492,12.82352,12.93392,13.02685,13.12043,13.20726,13.29630,13.38047,13.47272,13.58666,13.70844,13.87112,14.05898,14.28504,14.60979,15.26331,15.93315
2024-01-09,2024-01-08,har,1,12.76000,13.16840,True,11.63558,11.90418,12.17403,12.34904,12.48778,12.59429,12.70284,12.79410,12.88559,12.97100,13.05836,13.14131,13.23184,13.34342,13.46330,13.62314,13.80729,14.02957,14.34827,14.99051,15.64833
2024-01-10,2024-01-09,har,1,12.69000,12.87212,True,11.37385,11.63665,11.90030,12.07131,12.20705,12.31122,12.41723,12.50621,12.59533,12.67910,12.76438,12.84562,12.93413,13.04293,13.16016,13.31638,13.49648,13.71400,14.02526,14.65345,15.29634
2024-01-11,2024-01-10,har,1,12.44000,12.79622,True,11.30682,11.56817,11.83020,12.00024,12.13544,12.23889,12.34413,12.43263,12.52149,12.60457,12.68887,12.76969,12.85759,12.96579,13.08223,13.23757,13.41684,13.63322,13.94238,14.56710,15.20612
2024-01-12,2024-01-11,har,1,12.70000,12.55378,True,11.09267,11.34923,11.60620,11.77323,11.90599,12.00735,12.11051,12.19734,12.28418,12.36548,12.44841,12.52762,12.61383,12.72018,12.83421,12.98657,13.16261,13.37507,13.67816,14.29127,14.91806
2024-01-16,2024-01-12,har,1,13.84000,12.78561,True,11.29752,11.55877,11.82049,11.99068,12.12610,12.22927,12.33469,12.42265,12.51112,12.59412,12.67839,12.75924,12.84721,12.95489,13.07114,13.22599,13.40545,13.62205,13.93052,14.55503,15.19347
2024-01-17,2024-01-16,har,1,14.79000,13.83005,True,12.22034,12.50254,12.78610,12.96997,13.11640,13.22820,13.34261,13.43698,13.53291,13.62261,13.71400,13.80149,13.89658,14.01292,14.13922,14.30712,14.50098,14.73451,15.06772,15.74336,16.43413
2024-01-18,2024-01-17,har,1,14.13000,14.71023,True,12.99799,13.29792,13.59998,13.79541,13.95086,14.07040,14.19178,14.29194,14.39409,14.48954,14.58712,14.67961,14.78104,14.90518,15.03938,15.21778,15.42556,15.67287,16.02597,16.74476,17.47906
2024-01-19,2024-01-18,har,1,13.30000,14.13006,True,12.48553,12.77367,13.06362,13.25146,13.40109,13.51608,13.63130,13.72800,13.82624,13.91797,14.01134,14.10076,14.19794,14.31705,14.44613,14.61777,14.81673,15.05481,15.39321,16.08449,16.79034
2024-01-22,2024-01-19,har,1,13.19000,13.38573,True,11.82795,12.10118,12.37568,12.55373,12.69459,12.80296,12.91265,13.00521,13.09787,13.18493,13.27325,13.35800,13.45014,13.56283,13.68493,13.84789,14.03594,14.26186,14.58191,15.23756,15.90649
2024-01-23,2024-01-22,har,1,12.55000,13.29071,True,11.74397,12.01540,12.28797,12.46485,12.60489,12.71265,12.82108,12.91309,13.00507,13.09155,13.17884,13.26302,13.35442,13.46656,13.58745,13.74931,13.93602,14.16041,14.47771,15.12941,15.79358
2024-01-24,2024-01-23,har,1,13.14000,12.69439,True,11.21727,11.47671,11.73710,11.90628,12.03866,12.14168,12.24587,12.33365,12.42175,12.50398,12.58775,12.66791,12.75524,12.86260,12.97784,13.13238,13.31076,13.52522,13.82781,14.45094,15.08502
2024-01-25,2024-01-24,har,1,13.45000,13.21926,True,11.68093,11.95101,12.22225,12.39848,12.53626,12.64376,12.75212,12.84368,12.93505,13.02122,13.10809,13.19186,13.28293,13.39436,13.51489,13.67584,13.86061,14.08421,14.39848,15.04808,15.70877
2024-01-26,2024-01-25,har,1,13.26000,13.49519,True,11.92474,12.20038,12.47736,12.65743,12.79816,12.90774,13.01830,13.11182,13.20531,13.29310,13.38181,13.46740,13.56039,13.67433,13.79658,13.96117,14.14958,14.37807,14.69808,15.36195,16.03654
2024-01-29,2024-01-26,har,1,13.60000,13.32242,True,11.77209,12.04431,12.31779,12.49574,12.63475,12.74313,12.85188,12.94427,13.03663,13.12278,13.21041,13.29484,13.38666,13.49898,13.61973,13.78219,13.96829,14.19405,14.50928,15.16533,15.83135
2024-01-30,2024-01-29,har,1,13.31000,13.63584,True,12.04905,12.32756,12.60753,12.78986,12.93220,13.04331,13.15479,13.24885,13.34351,13.43160,13.52127,13.60779,13.70182,13.81719,13.94009,14.10601,14.29656,14.52779,14.84964,15.52184,16.20361
2024-01-31,2024-01-30,har,1,14.35000,13.38047,True,11.82340,12.09684,12.37166,12.55071,12.69045,12.79968,12.90909,13.00112,13.09330,13.17991,13.26800,13.35281,13.44506,13.55811,13.67896,13.84164,14.02868,14.25578,14.57096,15.23125,15.90034
2024-02-01,2024-01-31,har,1,13.88000,14.33746,True,12.66919,12.96164,13.25591,13.44825,13.59800,13.71522,13.83275,13.93085,14.02960,14.12234,14.21682,14.30780,14.40670,14.52830,14.65742,14.83230,15.03260,15.27562,15.61162,16.31992,17.03711
2024-02-02,2024-02-01,har,1,13.85000,13.91765,True,12.29855,12.58237,12.86840,13.05467,13.20000,13.31397,13.42788,13.52268,13.61874,13.70886,13.80048,13.88873,13.98479,14.10259,14.22809,14.39776,14.59239,14.82846,15.15477,15.84233,16.53866
2024-02-05,2024-02-02,har,1,13.67000,13.89664,True,12.28027,12.56350,12.84941,13.03499,13.18017,13.29410,13.40765,13.50252,13.59836,13.68835,13.77999,13.86757,13.96347,14.08092,14.20659,14.37573,14.57017,14.80595,15.13190,15.81844,16.51369
2024-02-06,2024-02-05,har,1,13.06000,13.73312,True,12.13604,12.41584,12.69872,12.88166,13.02525,13.13795,13.24996,13.34396,13.43867,13.52711,13.61763,13.70425,13.79893,13.91498,14.03940,14.20634,14.39856,14.63167,14.95393,15.63240,16.31944
2024-02-07,2024-02-06,har,1,12.83000,13.17343,True,11.64174,11.91021,12.18193,12.35686,12.49470,12.60229,12.71006,12.80005,12.89085,12.97573,13.06268,13.14559,13.23644,13.34820,13.46701,13.62737,13.81165,14.03552,14.34481,14.99563,15.65457
2024-02-08,2024-02-07,har,1,12.79000,12.94971,True,11.44442,11.70813,11.97555,12.14716,12.28252,12.38860,12.49430,12.58290,12.67171,12.75531,12.84096,12.92211,13.01144,13.12164,13.23820,13.39599,13.57683,13.79729,14.10130,14.74107,15.38868
2024-02-09,2024-02-08,har,1,12.93000,12.90345,True,11.40386,11.66643,11.93316,12.10388,12.23875,12.34456,12.44972,12.53820,12.62683,12.70980,12.79519,12.87586,12.96492,13.07473,13.19089,13.34815,13.52828,13.74807,14.05094,14.68846,15.33368
2024-02-12,2024-02-09,har,1,13.93000,13.02366,True,11.51035,11.77517,12.04461,12.21673,12.35276,12.45967,12.56569,12.65541,12.74471,12.82834,12.91438,12.99593,13.08555,13.19620,13.31366,13.47240,13.65422,13.87612,14.18175,14.82525,15.47648
2024-02-13,2024-02-12,har,1,15.85000,13.93645,True,12.31716,12.60028,12.88866,13.07278,13.21832,13.33261,13.44634,13.54262,13.63777,13.72752,13.81903,13.90705,14.00239,14.12107,14.24682,14.41652,14.61171,14.84849,15.17510,15.86375,16.56089
2024-02-14,2024-02-13,har,1,14.38000,15.69740,True,13.87348,14.19179,14.51647,14.72459,14.88780,15.01704,15.14487,15.25341,15.36058,15.46144,15.56436,15.66456,15.77177,15.90431,16.04764,16.23851,16.45873,16.72497,17.09274,17.86691,18.65185
2024-02-15,2024-02-14,har,1,14.01000,14.38945,True,12.71863,13.00986,13.30430,13.49700,13.64745,13.76545,13.88317,13.98201,14.08056,14.17361,14.26786,14.35907,14.45712,14.57991,14.70997,14.88539,15.08724,15.33204,15.66864,16.37906,17.09957
2024-02-16,2024-02-15,har,1,14.24000,14.06541,True,12.43255,12.71714,13.00528,13.19316,13.34029,13.45577,13.57071,13.66762,13.76352,13.85456,13.94653,14.03560,14.13156,14.25164,14.37847,14.55007,14.74732,14.98679,15.31597,16.01036,16.71468
2024-02-20,2024-02-16,har,1,15.42000,14.28551,True,12.62737,12.91616,13.20906,13.39961,13.54912,13.66645,13.78308,13.88175,13.97890,14.07134,14.16489,14.25540,14.35298,14.47451,14.60326,14.77745,14.97772,15.22122,15.55547,16.26081,16.97609
2024-02-21,2024-02-20,har,1,15.34000,15.36839,True,13.58479,13.89472,14.21028,14.41504,14.57590,14.70275,14.82780,14.93395,15.03858,15.13787,15.23869,15.33591,15.44135,15.57174,15.71057,15.89806,16.11410,16.37580,16.73391,17.49305,18.26227
2024-02-22,2024-02-21,har,1,14.54000,15.29495,True,13.52018,13.82843,14.14282,14.34629,14.50626,14.63316,14.75710,14.86274,14.96677,15.06565,15.16642,15.26276,15.36710,15.49722,15.63526,15.82177,16.03663,16.29723,16.65392,17.40946,18.17494
2024-02-23,2024-02-22,har,1,13.75000,14.57476,True,12.88412,13.17778,13.47758,13.67125,13.82364,13.94291,14.06215,14.16263,14.26220,14.35643,14.45193,14.54409,14.64310,14.76772,14.89887,15.07675,15.28136,15.52988,15.87013,16.58996,17.31945
2024-02-26,2024-02-23,har,1,13.74000,13.85575,True,12.24887,12.52822,12.81341,12.99739,13.14146,13.25476,13.36838,13.46354,13.55848,13.64822,13.73895,13.82667,13.92099,14.03917,14.16393,14.33310,14.52756,14.76372,15.08753,15.77171,16.46536
2024-02-27,2024-02-26,har,1,13.43000,13.84310,True,12.23793,12.51687,12.80212,12.98583,13.12961,13.24291,13.35631,13.45161,13.54620,13.63586,13.72668,13.81393,13.90832,14.02624,14.15095,14.32002,14.51400,14.75019,15.07372,15.75729,16.45032
2024-02-28,2024-02-27,har,1,13.84000,13.54358,True,11.97335,12.24608,12.52562,12.70533,12.84565,12.95672,13.06741,13.16015,13.25310,13.34083,13.42962,13.51483,13.60746,13.72260,13.84485,14.01032,14.19973,14.43094,14.74764,15.41640,16.09456
2024-02-29,2024-02-28,har,1,13.40000,13.90552,True,12.29364,12.57345,12.86060,13.04499,13.18909,13.30300,13.41658,13.51204,13.60725,13.69733,13.78861,13.87626,13.97114,14.08954,14.21470,14.38457,14.57877,14.81661,15.14156,15.82828,16.52445
2024-03-01,2024-02-29,har,1,13.11000,13.49487,True,11.93092,12.20229,12.48135,12.66024,12.79975,12.91051,13.02046,13.11271,13.20550,13.29299,13.38143,13.46634,13.55877,13.67334,13.79508,13.95991,14.14801,14.37912,14.69459,15.36101,16.03657
2024-03-04,2024-03-01,har,1,13.49000,13.22443,True,11.69210,11.95781,12.23158,12.40672,12.54336,12.65241,12.75968,12.84996,12.94070,13.02652,13.11332,13.19633,13.28676,13.39932,13.51831,13.68024,13.86453,14.09081,14.39979,15.05302,15.71526
2024-03-05,2024-03-04,har,1,14.46000,13.56742,True,11.99562,12.26794,12.54893,12.72844,12.86876,12.98093,13.09054,13.18320,13.27643,13.36446,13.45343,13.53879,13.63174,13.74705,13.86838,14.03490,14.22393,14.45603,14.77262,15.44300,16.12269
2024-03-06,2024-03-05,har,1,14.50000,14.45750,True,12.78273,13.07260,13.37205,13.56327,13.71284,13.83273,13.94906,14.04770,14.14724,14.24091,14.33582,14.42713,14.52560,14.64891,14.77880,14.95551,15.15771,15.40478,15.74077,16.45531,17.18010
2024-03-07,2024-03-06,har,1,14.44000,14.50057,True,12.82105,13.11153,13.41210,13.60373,13.75369,13.87448,13.99084,14.08988,14.18946,14.28336,14.37878,14.47032,14.56884,14.69241,14.82246,15.00001,15.20246,15.45061,15.78710,16.50395,17.23120
2024-03-08,2024-03-07,har,1,14.74000,14.45684,True,12.78270,13.07204,13.37192,13.56282,13.71228,13.83272,13.94905,14.04777,14.14678,14.24041,14.33557,14.42652,14.52493,14.64803,14.77732,14.95474,15.15625,15.40402,15.73902,16.45386,17.17919
2024-03-11,2024-03-08,har,1,15.22000,14.74606,True,13.03859,13.33349,13.63958,13.83415,13.98679,14.10946,14.22844,14.32910,14.42990,14.52529,14.62235,14.71529,14.81538,14.94115,15.07237,15.25375,15.45928,15.71204,16.05321,16.78252,17.52272
2024-03-12,2024-03-11,har,1,13.84000,15.19973,True,13.43984,13.74360,14.05932,14.25971,14.41733,14.54355,14.66629,14.77008,14.87387,14.97222,15.07231,15.16809,15.27131,15.40096,15.53707,15.72277,15.93472,16.19511,16.54635,17.29822,18.06159
2024-03-13,2024-03-12,har,1,13.75000,13.94330,True,12.32969,12.60788,12.89531,13.08104,13.22534,13.34134,13.45358,13.54883,13.64453,13.73482,13.82627,13.91438,14.00933,14.12829,14.25267,14.42365,14.61765,14.85669,15.17867,15.86863,16.56901
2024-03-14,2024-03-13,har,1,14.40000,13.85594,True,12.25269,12.52895,12.81491,12.99923,13.14264,13.25784,13.36951,13.46420,13.55926,13.64887,13.73960,13.82714,13.92155,14.03963,14.16297,14.33253,14.52610,14.76340,15.08309,15.76896,16.46524
2024-03-15,2024-03-14,har,1,14.41000,14.44764,True,12.77622,13.06391,13.36235,13.55422,13.70376,13.82389,13.94085,14.03924,14.13821,14.23187,14.32653,14.41758,14.51589,14.63944,14.76869,14.94531,15.14602,15.39340,15.72661,16.44176,17.16803
2024-03-18,2024-03-15,har,1,14.33000,14.45184,True,12.78022,13.06774,13.36648,13.55826,13.70808,13.82795,13.94498,14.04360,14.14262,14.23626,14.33081,14.42165,14.52003,14.64343,14.77254,14.94959,15.15042,15.39759,15.73102,16.44621,17.17298
2024-03-19,2024-03-18,har,1,13.82000,14.37154,True,12.70952,12.99519,13.29248,13.48304,13.63228,13.75117,13.86757,13.96570,14.06435,14.15725,14.25100,14.34138,14.43930,14.56192,14.69004,14.86650,15.06626,15.31178,15.64349,16.35456,17.07754
2024-03-20,2024-03-19,har,1,13.04000,13.90750,True,12.29961,12.57578,12.86370,13.04790,13.19254,13.30744,13.41974,13.51453,13.61004,13.70016,13.79068,13.87822,13.97301,14.09175,14.21545,14.38586,14.57989,14.81733,15.13844,15.82650,16.52622
2024-03-21,2024-03-20,har,1,12.92000,13.18743,True,11.66318,11.92493,12.19813,12.37237,12.50894,12.61845,12.72432,12.81465,12.90543,12.99072,13.07696,13.15957,13.24928,13.36194,13.47944,13.64060,13.82517,14.05052,14.35480,15.00728,15.67083
2024-03-22,2024-03-21,har,1,13.06000,13.06169,True,11.55221,11.81135,12.08207,12.25452,12.38996,12.49829,12.60304,12.69273,12.78267,12.86685,12.95234,13.03407,13.12242,13.23443,13.35092,13.50981,13.69334,13.91667,14.21792,14.86406,15.52149
2024-03-25,2024-03-22,har,1,13.19000,13.17524,True,11.65291,11.91408,12.18730,12.36106,12.49783,12.60700,12.71267,12.80323,12.89385,12.97875,13.06500,13.14744,13.23639,13.34947,13.46689,13.62639,13.81220,14.03754,14.34144,14.99300,15.65636
2024-03-26,2024-03-25,har,1,13.24000,13.28232,True,11.74788,12.01094,12.28654,12.46152,12.59954,12.70961,12.81617,12.90744,12.99869,13.08431,13.17117,13.25457,13.34385,13.45794,13.57623,13.73697,13.92426,14.15150,14.45789,15.11455,15.78354
2024-03-27,2024-03-26,har,1,12.78000,13.32211,True,11.78336,12.04699,12.32355,12.49886,12.63745,12.74785,12.85498,12.94622,13.03777,13.12362,13.21065,13.29401,13.38375,13.49824,13.61685,13.77798,13.96579,14.19381,14.50114,15.15958,15.83077
2024-03-28,2024-03-27,har,1,13.01000,12.89885,True,11.40956,11.66442,11.93242,12.10191,12.23612,12.34322,12.44606,12.53485,12.62354,12.70671,12.79116,12.87178,12.95875,13.06952,13.18445,13.34036,13.52213,13.74297,14.04066,14.67809,15.32778
2024-04-01,2024-03-28,har,1,13.65000,13.10889,True,11.59559,11.85438,12.12687,12.29895,12.43546,12.54437,12.64877,12.73909,12.82922,12.91360,12.99946,13.08137,13.16981,13.28233,13.39900,13.55736,13.74215,13.96659,14.26915,14.91674,15.57730
2024-04-02,2024-04-01,har,1,14.61000,13.69612,True,12.11483,12.38532,12.66995,12.84983,12.99266,13.10610,13.21579,13.30968,13.40382,13.49218,13.58178,13.66766,13.75968,13.87721,13.99909,14.16493,14.35715,14.59196,14.90654,15.58439,16.27489
2024-04-03,2024-04-02,har,1,14.33000,14.57994,True,12.89601,13.18434,13.48723,13.67892,13.83108,13.95150,14.06866,14.16831,14.26858,14.36281,14.45798,14.54988,14.64807,14.77253,14.90222,15.08063,15.28446,15.53388,15.86645,16.58918,17.32492
2024-04-04,2024-04-03,har,1,16.35000,14.33852,True,12.68279,12.96614,13.26407,13.45254,13.60214,13.72065,13.83612,13.93389,14.03251,14.12487,14.21853,14.30868,14.40508,14.52798,14.65543,14.83007,15.03107,15.27656,15.60235,16.31458,17.03787
2024-04-05,2024-04-04,har,1,16.03000,16.19577,True,14.32417,14.64500,14.98136,15.19461,15.36325,15.49737,15.62790,15.73831,15.84981,15.95416,16.06045,16.16213,16.27166,16.40939,16.55324,16.75356,16.97856,17.25552,17.62803,18.43273,19.24436
2024-04-08,2024-04-05,har,1,15.19000,15.93973,True,14.09800,14.41360,14.74468,14.95454,15.12047,15.25278,15.38122,15.48981,15.59941,15.70200,15.80609,15.90638,16.01422,16.14998,16.29144,16.48757,16.71014,16.98264,17.34930,18.14104,18.93997
2024-04-09,2024-04-08,har,1,14.98000,15.19688,True,13.44153,13.74222,14.05797,14.25794,14.41607,14.54145,14.66385,14.76761,14.87227,14.97025,15.06916,15.16478,15.26703,15.39732,15.53220,15.71837,15.93118,16.19125,16.54098,17.29557,18.05739
2024-04-10,2024-04-09,har,1,15.80000,15.01063,True,13.27691,13.57394,13.88581,14.08348,14.23950,14.36347,14.48451,14.58701,14.69009,14.78685,14.88437,14.97857,15.07933,15.20844,15.34184,15.52465,15.73554,15.99278,16.33822,17.08333,17.83605
2024-04-11,2024-04-10,har,1,14.91000,15.76746,True,13.94642,14.25800,14.58592,14.79379,14.95745,15.08740,15.21490,15.32257,15.43094,15.53231,15.63506,15.73419,15.84061,15.97569,16.11563,16.31061,16.52961,16.79840,17.16143,17.94404,18.73461
2024-04-12,2024-04-11,har,1,17.31000,14.94893,True,13.22264,13.51823,13.82912,14.02656,14.18090,14.30412,14.42458,14.52673,14.62965,14.72600,14.82311,14.91710,15.01762,15.14611,15.27891,15.46318,15.67160,15.92666,16.27078,17.01247,17.76241
2024-04-15,2024-04-12,har,1,19.23000,17.12757,True,15.14988,15.48763,15.84450,16.07093,16.24738,16.38814,16.52801,16.64386,16.76182,16.87151,16.98353,17.09124,17.20702,17.35378,17.50593,17.71651,17.95489,18.24834,18.64341,19.49536,20.34927
2024-04-16,2024-04-15,har,1,18.40000,18.88755,True,16.70510,17.07893,17.47095,17.72176,17.91602,18.07193,18.22523,18.35371,18.48442,18.60484,18.72845,18.84721,18.97549,19.13619,19.30557,19.53630,19.80094,20.12381,20.56356,21.49771,22.43944
2024-04-17,2024-04-16,har,1,18.21000,18.18693,True,16.08603,16.44552,16.82310,17.06546,17.25182,17.40152,17.54966,17.67315,17.79849,17.91459,18.03358,18.14810,18.27109,18.42661,18.58901,18.81185,19.06612,19.37764,19.80044,20.70047,21.60706
2024-04-18,2024-04-17,har,1,18.00000,18.04547,True,15.96100,16.31767,16.69234,16.93337,17.11764,17.26668,17.41322,17.53595,17.66021,17.77535,17.89339,18.00696,18.12874,18.28310,18.44393,18.66531,18.91759,19.22672,19.64581,20.53944,21.43882
2024-04-19,2024-04-18,har,1,18.71000,17.89242,True,15.82574,16.17935,16.55088,16.79043,16.97249,17.12075,17.26579,17.38750,17.51046,17.62483,17.74171,17.85422,17.97465,18.12789,18.28729,18.50685,18.75694,19.06336,19.47859,20.36523,21.25688
2024-04-22,2024-04-19,har,1,16.94000,18.55121,True,16.40872,16.77526,17.16015,17.40924,17.59756,17.75137,17.90217,18.02761,18.15507,18.27414,18.39556,18.51147,18.63726,18.79530,18.96158,19.18819,19.44669,19.76481,20.19514,21.11504,22.03863
2024-04-23,2024-04-22,har,1,15.69000,16.94225,True,14.98556,15.32020,15.67194,15.89621,16.07114,16.21059,16.34866,16.46407,16.58066,16.68894,16.79982,16.90619,17.02031,17.16556,17.31642,17.52497,17.76089,18.05057,18.44321,19.28369,20.12842
2024-04-24,2024-04-23,har,1,15.97000,15.78834,True,13.96451,14.27705,14.60459,14.81244,14.97625,15.10714,15.23421,15.34255,15.45121,15.55268,15.65594,15.75475,15.86116,15.99627,16.13654,16.33205,16.55098,16.82132,17.18644,17.97009,18.75848
2024-04-25,2024-04-24,har,1,15.37000,16.02976,True,14.17825,14.49536,14.82806,15.03897,15.20529,15.33806,15.46741,15.57732,15.68784,15.79053,15.89583,15.99600,16.10428,16.24072,16.38330,16.58167,16.80401,17.07827,17.44876,18.24486,19.04499
2024-04-26,2024-04-25,har,1,15.03000,15.46576,True,13.67933,13.98553,14.30636,14.51014,14.67037,14.79880,14.92274,15.02905,15.13530,15.23502,15.33604,15.43299,15.53743,15.66914,15.80679,15.99848,16.21285,16.47763,16.83430,17.60288,18.37517
2024-04-29,2024-04-26,har,1,14.67000,15.12992,True,13.38228,13.68198,13.99566,14.19527,14.35185,14.47774,14.59931,14.70300,14.80585,14.90414,15.00265,15.09747,15.19973,15.32896,15.46352,15.65119,15.86075,16.12007,16.46822,17.22061,17.97622
2024-04-30,2024-04-29,har,1,15.65000,14.78612,True,13.07830,13.37151,13.67773,13.87310,14.02583,14.14917,14.26780,14.36878,14.46949,14.56540,14.66191,14.75450,14.85404,14.98042,15.11212,15.29437,15.50010,15.75369,16.09394,16.82908,17.56774
2024-05-01,2024-04-30,har,1,15.39000,15.68149,True,13.87025,14.18120,14.50629,14.71338,14.87494,15.00585,15.13147,15.23874,15.34533,15.44733,15.54938,15.64785,15.75390,15.88764,16.02716,16.22175,16.43903,16.70717,17.06822,17.84746,18.63116
2024-05-02,2024-05-01,har,1,14.68000,15.44323,True,13.65975,13.96613,14.28612,14.49023,14.64907,14.77819,14.90178,15.00749,15.11266,15.21248,15.31317,15.41002,15.51410,15.64628,15.78373,15.97531,16.18928,16.45321,16.80887,17.57608,18.34793
2024-05-03,2024-05-02,har,1,13.49000,14.79106,True,13.08333,13.37689,13.68310,13.87882,14.03079,14.15358,14.27255,14.37354,14.47443,14.57012,14.66662,14.75924,14.85868,14.98556,15.11736,15.30084,15.50588,15.75843,16.09920,16.83388,17.57298
2024-05-06,2024-05-03,har,1,13.49000,13.68719,True,12.10734,12.37931,12.66122,12.84178,12.98404,13.09754,13.20694,13.30109,13.39467,13.48285,13.57233,13.65790,13.74985,13.86734,13.98938,14.15812,14.34928,14.58279,14.89802,15.57782,16.26150
2024-05-07,2024-05-06,har,1,13.23000,13.67336,True,12.09519,12.36715,12.64842,12.82890,12.97101,13.08449,13.19426,13.28790,13.38140,13.46964,13.55844,13.64396,13.73591,13.85307,13.97528,14.14275,14.33457,14.56804,14.88294,15.56185,16.24497
2024-05-08,2024-05-07,har,1,13.00000,13.41121,True,11.86342,12.13049,12.40598,12.58312,12.72247,12.83374,12.94195,13.03313,13.12500,13.21113,13.29860,13.38245,13.47260,13.58711,13.70752,13.87072,14.05972,14.28892,14.59770,15.26337,15.93342
2024-05-09,2024-05-08,har,1,12.69000,13.17761,True,11.65696,11.91964,12.19006,12.36424,12.50102,12.61040,12.71682,12.80608,12.89659,12.98102,13.06711,13.14953,13.23800,13.35008,13.46878,13.62838,13.81483,14.04004,14.34357,14.99742,15.65577
2024-05-10,2024-05-09,har,1,12.55000,12.87321,True,11.38794,11.64478,11.90877,12.07892,12.21250,12.31935,12.42275,12.51025,12.59865,12.68134,12.76544,12.84588,12.93235,13.04160,13.15767,13.31382,13.49583,13.71565,14.01246,14.65098,15.29395
2024-05-13,2024-05-10,har,1,13.60000,12.73214,True,11.26337,11.51758,11.77859,11.94686,12.07885,12.18451,12.28726,12.37343,12.46032,12.54216,12.62564,12.70491,12.79066,12.89878,13.01337,13.16805,13.34797,13.56533,13.85906,14.49033,15.12617
2024-05-14,2024-05-13,har,1,13.42000,13.69274,True,12.11282,12.38631,12.66686,12.84845,12.98982,13.10352,13.21387,13.30665,13.40021,13.48829,13.57784,13.66344,13.75535,13.87182,13.99533,14.16207,14.35540,14.58909,14.90279,15.58265,16.26739
2024-05-15,2024-05-14,har,1,12.45000,13.52499,True,11.96475,12.23496,12.51195,12.69147,12.83097,12.94307,13.05224,13.14391,13.23647,13.32281,13.41165,13.49569,13.58692,13.70191,13.82377,13.98778,14.17947,14.41049,14.71897,15.39164,16.06789
2024-05-16,2024-05-15,har,1,12.42000,12.62358,True,11.16816,11.42027,11.67742,11.84400,11.97625,12.08044,12.18234,12.26823,12.35431,12.43498,12.51757,12.59647,12.68196,12.78923,12.90259,13.05622,13.23467,13.45049,13.73704,14.36626,14.99663
2024-05-17,2024-05-16,har,1,11.99000,12.58645,True,11.13546,11.38700,11.64321,11.80944,11.94110,12.04505,12.14692,12.23224,12.31829,12.39845,12.48019,12.55940,12.64459,12.75146,12.86457,13.01791,13.19576,13.41088,13.69538,14.32383,14.95237
2024-05-20,2024-05-17,har,1,12.15000,12.17882,True,10.77512,11.01867,11.26633,11.42736,11.55468,11.65506,11.75315,11.83623,11.91935,11.99705,12.07571,12.15271,12.23523,12.33863,12.44821,12.59662,12.76870,12.97651,13.25075,13.86004,14.46795
2024-05-21,2024-05-20,har,1,11.86000,12.30683,True,10.88844,11.13471,11.38495,11.54784,11.67618,11.77757,11.87703,11.96067,12.04473,12.12318,12.20299,12.28016,12.36381,12.46830,12.57904,12.72896,12.90234,13.11285,13.38868,14.00542,14.61988
2024-05-22,2024-05-21,har,1,12.29000,12.01954,True,10.63452,10.87515,11.11928,11.27869,11.40391,11.50294,11.59930,11.68148,11.76343,11.84033,11.91794,11.99356,12.07545,12.17739,12.28551,12.43174,12.60058,12.80682,13.07491,13.67852,14.27842
2024-05-23,2024-05-22,har,1,12.77000,12.40647,True,10.97682,11.22537,11.47763,11.64214,11.77092,11.87316,11.97286,12.05754,12.14227,12.22144,12.30182,12.37973,12.46404,12.56936,12.68105,12.83140,13.00567,13.21900,13.49440,14.11834,14.73800
2024-05-24,2024-05-23,har,1,11.93000,12.84388,True,11.36368,11.62126,11.88237,12.05289,12.18570,12.29171,12.39514,12.48254,12.57032,12.65221,12.73615,12.81647,12.90348,13.01254,13.12828,13.28316,13.46360,13.68486,13.96872,14.61548,15.25758
2024-05-28,2024-05-24,har,1,12.92000,12.07058,True,10.68019,10.92202,11.16733,11.32521,11.45240,11.55193,11.64852,11.73128,11.81356,11.89071,11.96897,12.04484,12.12693,12.22923,12.33831,12.48371,12.65249,12.86135,13.12637,13.73600,14.33855
2024-05-29,2024-05-28,har,1,14.28000,12.97792,True,11.48277,11.74295,12.00672,12.17693,12.31295,12.41986,12.52396,12.61292,12.70145,12.78432,12.86918,12.95012,13.03823,13.14882,13.26569,13.42277,13.60571,13.82824,14.11289,14.76769,15.41624
2024-05-30,2024-05-29,har,1,14.47000,14.23132,True,12.59099,12.87693,13.16582,13.35315,13.50155,13.61901,13.73330,13.83057,13.92806,14.01884,14.11215,14.20050,14.29709,14.41831,14.54654,14.71876,14.92040,15.16336,15.48771,16.19264,16.90519
2024-05-31,2024-05-30,har,1,12.92000,14.42294,True,12.76043,13.05038,13.34306,13.53325,13.68344,13.80243,13.91851,14.01677,14.11573,14.20772,14.30221,14.39213,14.48974,14.61259,14.74223,14.91666,15.12104,15.36739,15.69466,16.41038,17.13258
2024-06-03,2024-05-31,har,1,13.11000,13.01420,True,11.51510,11.77164,12.03941,12.21053,12.34712,12.45451,12.55856,12.64808,12.73698,12.82009,12.90578,12.98639,13.07469,13.18626,13.30275,13.46052,13.64421,13.86686,14.16094,14.80867,15.45844
2024-06-04,2024-06-03,har,1,13.16000,13.19516,True,11.67526,11.93555,12.20693,12.38036,12.51883,12.62768,12.73351,12.82396,12.91433,12.99855,13.08523,13.16694,13.25664,13.36946,13.48739,13.64728,13.83385,14.05957,14.35637,15.01441,15.67307
2024-06-05,2024-06-04,har,1,12.63000,13.24072,True,11.71565,11.97702,12.24920,12.42318,12.56216,12.67135,12.77785,12.86827,12.95897,13.04379,13.13048,13.21239,13.30232,13.41542,13.53368,13.69405,13.88112,14.10809,14.40454,15.06619,15.72686
2024-06-06,2024-06-05,har,1,12.58000,12.74199,True,11.27448,11.52619,11.78798,11.95560,12.08921,12.19414,12.29587,12.38356,12.47068,12.55219,12.63624,12.71496,12.80110,12.90964,13.02372,13.17818,13.35799,13.57695,13.86093,14.49900,15.13418
2024-06-07,2024-06-06,har,1,12.22000,12.67949,True,11.21924,11.46989,11.73029,11.89738,12.03006,12.13432,12.23606,12.32290,12.40965,12.49107,12.57418,12.65243,12.73820,12.84598,12.95984,13.11332,13.29207,13.51034,13.79164,14.42787,15.05963
2024-06-10,2024-06-07,har,1,12.74000,12.34300,True,10.92166,11.16578,11.41920,11.58210,11.71114,11.81249,11.91069,11.99580,12.08024,12.15934,12.23977,12.31655,12.40007,12.50516,12.61606,12.76510,12.93906,13.15186,13.42446,14.04517,14.65963
2024-06-11,2024-06-10,har,1,12.85000,12.81405,True,11.33848,11.59206,11.85505,12.02447,12.15802,12.26329,12.36529,12.45361,12.54121,12.62358,12.70763,12.78678,12.87336,12.98264,13.09750,13.25160,13.43223,13.65353,13.93523,14.58080,15.21881
2024-06-12,2024-06-11,har,1,12.04000,12.91170,True,11.42494,11.68062,11.94544,12.11650,12.25066,12.35679,12.45999,12.54857,12.63704,12.72015,12.80449,12.88449,12.97141,13.08120,13.19721,13.35209,13.53423,13.75746,14.04134,14.69178,15.33448
2024-06-13,2024-06-12,har,1,11.94000,12.16668,True,10.76607,11.00694,11.25646,11.41586,11.54377,11.64396,11.74062,11.82454,11.90783,11.98607,12.06500,12.14106,12.22297,12.32673,12.43610,12.58149,12.75326,12.96382,13.23126,13.84448,14.44915
2024-06-14,2024-06-13,har,1,12.66000,12.06729,True,10.67823,10.91724,11.16460,11.32269,11.44963,11.54893,11.64494,11.72802,11.81087,11.88807,11.96623,12.04179,12.12317,12.22604,12.33456,12.47871,12.64890,12.85788,13.12319,13.73138,14.33080
2024-06-17,2024-06-14,har,1,12.75000,12.72713,True,11.26204,11.51435,11.77499,11.94197,12.07550,12.18039,12.28183,12.36918,12.45667,12.53805,12.62103,12.70023,12.78589,12.89446,13.00888,13.16198,13.34172,13.56057,13.84051,14.48175,15.11417
2024-06-18,2024-06-17,har,1,12.30000,12.80951,True,11.33499,11.58909,11.85125,12.01968,12.15373,12.25923,12.36181,12.44934,12.53759,12.61949,12.70306,12.78262,12.86848,12.97774,13.09290,13.24665,13.42760,13.64806,13.93001,14.57534,15.21168
2024-06-20,2024-06-18,har,1,13.28000,12.39454,True,10.96802,11.21389,11.46749,11.63082,11.76018,11.86231,11.96062,12.04599,12.13119,12.21055,12.29083,12.36846,12.45180,12.55745,12.66891,12.81720,12.99247,13.20589,13.47881,14.10333,14.71844
2024-06-21,2024-06-20,har,1,13.20000,13.29861,True,11.76783,12.03203,12.30382,12.47949,12.61778,12.72767,12.83298,12.92453,13.01594,13.10115,13.18813,13.27048,13.35986,13.47312,13.59279,13.75331,13.94157,14.16978,14.46163,15.13144,15.79189
2024-06-24,2024-06-21,har,1,13.33000,13.23922,True,11.71538,11.97853,12.24896,12.42425,12.56155,12.67107,12.77618,12.86695,12.95807,13.04295,13.12940,13.21117,13.30006,13.41291,13.53207,13.69147,13.87889,14.10647,14.39700,15.06380,15.72101
2024-06-25,2024-06-24,har,1,12.84000,13.36545,True,11.82712,12.09298,12.36579,12.54314,12.68135,12.79210,12.89845,12.98974,13.08181,13.16731,13.25463,13.33718,13.42704,13.54072,13.66100,13.82147,14.01072,14.24086,14.53416,15.20726,15.87059
2024-06-26,2024-06-25,har,1,12.55000,12.92149,True,11.43446,11.69148,11.95521,12.12708,12.26053,12.36716,12.46902,12.55811,12.64718,12.72999,12.81450,12.89422,12.98111,13.09094,13.20713,13.36204,13.54506,13.76790,14.05148,14.70222,15.34296
2024-06-27,2024-06-26,har,1,12.24000,12.65887,True,11.20219,11.45390,11.71239,11.88115,12.01153,12.11595,12.21610,12.30278,12.38984,12.47107,12.55357,12.63213,12.71730,12.82494,12.93884,13.09043,13.26961,13.48790,13.76586,14.40335,15.03077
2024-06-28,2024-06-27,har,1,12.44000,12.36699,True,10.94401,11.18984,11.44251,11.60769,11.73453,11.83689,11.93484,12.01909,12.10407,12.18358,12.26355,12.34094,12.42403,12.52920,12.64074,12.78866,12.96351,13.17678,13.44841,14.07120,14.68390
2024-07-01,2024-06-28,har,1,12.22000,12.54255,True,11.09942,11.34878,11.60505,11.77300,11.90118,12.00527,12.10466,12.18978,12.27601,12.35655,12.43833,12.51628,12.60060,12.70695,12.82007,12.97012,13.14721,13.36359,13.63912,14.27075,14.89204
2024-07-02,2024-07-01,har,1,12.03000,12.32936,True,10.91088,11.15596,11.40797,11.57343,11.69905,11.80171,11.89914,11.98267,12.06732,12.14654,12.22629,12.30361,12.38638,12.49102,12.60229,12.74977,12.92357,13.13637,13.40716,14.02813,14.63858
2024-07-03,2024-07-02,har,1,12.09000,12.14545,True,10.74825,10.98963,11.23797,11.40133,11.52481,11.62588,11.72198,11.80399,11.88736,11.96540,12.04377,12.12018,12.20168,12.30474,12.41437,12.55924,12.73067,12.94038,13.20700,13.81883,14.41988
2024-07-05,2024-07-03,har,1,12.48000,12.19507,True,10.79223,11.03461,11.28401,11.44842,11.57207,11.67347,11.77026,11.85229,11.93603,12.01441,12.09318,12.16954,12.25130,12.35483,12.46500,12.61006,12.78270,12.99309,13.26075,13.87514,14.47849
2024-07-08,2024-07-05,har,1,12.37000,12.55190,True,11.10799,11.35758,11.61424,11.78376,11.91066,12.01503,12.11476,12.19923,12.28523,12.36583,12.44773,12.52565,12.60993,12.71651,12.82984,12.97847,13.15658,13.37296,13.64854,14.28082,14.90188
2024-07-09,2024-07-08,har,1,12.51000,12.44992,True,11.01785,11.26538,11.52003,11.68816,11.81413,11.91752,12.01645,12.10037,12.18556,12.26552,12.34589,12.42384,12.50740,12.61317,12.72559,12.87254,13.04977,13.26440,13.53745,14.16470,14.78044
2024-07-10,2024-07-09,har,1,12.85000,12.57978,True,11.13281,11.38298,11.64029,11.81018,11.93748,12.04187,12.14181,12.22676,12.31266,12.39347,12.47542,12.55360,12.63802,12.74453,12.85818,13.00649,13.18586,13.40272,13.67844,14.31224,14.93432
2024-07-11,2024-07-10,har,1,12.92000,12.89673,True,11.41328,11.66986,11.93361,12.10777,12.23829,12.34528,12.44768,12.53488,12.62295,12.70574,12.79039,12.86983,12.95652,13.06580,13.18195,13.33379,13.51788,13.74023,14.02283,14.67250,15.31035
2024-07-12,2024-07-11,har,1,12.46000,12.96884,True,11.47715,11.73521,12.00043,12.17557,12.30720,12.41436,12.51772,12.60511,12.69375,12.77694,12.86198,12.94197,13.02885,13.13884,13.25558,13.40797,13.59330,13.81704,14.10105,14.75434,15.39565
2024-07-15,2024-07-12,har,1,13.12000,12.54945,True,11.10616,11.35579,11.61259,11.78211,11.90984,12.01300,12.11257,12.19735,12.28301,12.36380,12.44619,12.52351,12.60757,12.71373,12.82698,12.97430,13.15393,13.37048,13.64500,14.27731,14.89732
2024-07-16,2024-07-15,har,1,13.19000,13.15692,True,11.64371,11.90557,12.17465,12.35246,12.48665,12.59492,12.69883,12.78777,12.87771,12.96219,13.04847,13.12958,13.21782,13.32932,13.44787,13.60319,13.79011,14.01736,14.30526,14.96795,15.61818
2024-07-17,2024-07-16,har,1,14.48000,13.22828,True,11.70692,11.97024,12.24078,12.41953,12.55487,12.66369,12.76802,12.85729,12.94775,13.03266,13.11931,13.20104,13.28939,13.40156,13.52074,13.67662,13.86475,14.09281,14.38264,15.04893,15.70258
2024-07-18,2024-07-17,har,1,15.93000,14.41341,True,12.75562,13.04277,13.33681,13.53181,13.67998,13.79839,13.91207,14.00874,14.10782,14.19989,14.29426,14.38343,14.47985,14.60215,14.73193,14.90304,15.10681,15.35535,15.67277,16.39622,17.10940
2024-07-19,2024-07-18,har,1,16.52000,15.74904,True,13.93752,14.25152,14.57165,14.78484,14.94772,15.07724,15.20088,15.30688,15.41457,15.51576,15.61838,15.71637,15.82197,15.95524,16.09684,16.28504,16.50690,16.77902,17.12611,17.91415,18.69545
2024-07-22,2024-07-19,har,1,14.91000,16.32302,True,14.44555,14.77103,15.10139,15.32327,15.49221,15.62690,15.75468,15.86496,15.97660,16.08136,16.18806,16.28934,16.39871,16.53668,16.68358,16.87850,17.10936,17.38976,17.74994,18.56605,19.37710
2024-07-23,2024-07-22,har,1,14.72000,14.89522,True,13.18202,13.47908,13.78188,13.98331,14.13574,14.25906,14.37651,14.47675,14.57919,14.67448,14.77186,14.86454,14.96427,15.09039,15.22425,15.40242,15.61265,15.86885,16.19775,16.94287,17.68090
2024-07-24,2024-07-23,har,1,18.04000,14.73936,True,13.04416,13.33816,13.63790,13.83713,13.98843,14.11037,14.22646,14.32563,14.42666,14.52116,14.61713,14.70890,14.80735,14.93246,15.06490,15.24132,15.44906,15.70254,16.02826,16.76541,17.49555
2024-07-25,2024-07-24,har,1,18.46000,17.76254,True,15.71989,16.07344,16.43314,16.67511,16.85782,17.00361,17.14399,17.26294,17.38622,17.49855,17.61432,17.72444,17.84531,17.99505,18.15477,18.36739,18.61888,18.92406,19.31447,20.20912,21.10005
2024-07-26,2024-07-25,har,1,16.39000,18.16933,True,16.08008,16.44198,16.80883,17.05640,17.24382,17.39317,17.53650,17.65853,17.78418,17.89938,18.01804,18.13068,18.25391,18.40756,18.57121,18.78831,19.04512,19.35688,19.75636,20.67133,21.58285
2024-07-29,2024-07-26,har,1,16.60000,16.31862,True,14.44192,14.76618,15.09773,15.31910,15.48709,15.62097,15.75032,15.85977,15.97238,16.07620,16.18279,16.28368,16.39438,16.53209,16.67936,16.87520,17.10463,17.38526,17.74478,18.56614,19.38406
2024-07-30,2024-07-29,har,1,17.69000,16.53020,True,14.62926,14.95777,15.29339,15.51775,15.68821,15.82355,15.95459,16.06549,16.17970,16.28479,16.39288,16.49533,16.60706,16.74737,16.89546,17.09367,17.32621,17.61013,17.97458,18.80654,19.63491
2024-07-31,2024-07-30,har,1,16.36000,17.54788,True,15.53009,15.87902,16.23448,16.47282,16.65419,16.79833,16.93675,17.05405,17.17616,17.28712,17.40271,17.51115,17.62959,17.77874,17.93596,18.14640,18.39432,18.69491,19.08025,19.96387,20.84293
2024-08-01,2024-07-31,har,1,18.59000,16.34127,True,14.46214,14.78686,15.11879,15.33934,15.50851,15.64251,15.77200,15.88172,15.99460,16.09868,16.20543,16.30687,16.41721,16.55625,16.70242,16.89886,17.12874,17.40994,17.76898,18.59107,19.40966
2024-08-02,2024-08-01,har,1,23.39000,18.35634,True,16.24570,16.61050,16.98218,17.23019,17.42134,17.57130,17.71641,17.83873,17.96722,18.08382,18.20428,18.31772,18.44162,18.59794,18.76229,18.98316,19.24190,19.55647,19.96677,20.88316,21.80172
2024-08-05,2024-08-02,har,1,38.57000,22.69402,True,20.08495,20.53551,20.99141,21.29754,21.53519,21.72364,21.90177,22.05623,22.21144,22.35721,22.50418,22.64666,22.79905,22.99287,23.19560,23.46716,23.78988,24.17923,24.69916,25.81766,26.95697
2024-08-06,2024-08-05,har,1,27.71000,36.14278,True,31.96853,32.69562,33.42231,33.90886,34.29510,34.59801,34.88268,35.12457,35.37213,35.60550,35.83257,36.06859,36.31311,36.61860,36.94551,37.36648,37.89007,38.51037,39.33253,41.11963,42.92915
2024-08-07,2024-08-06,har,1,27.85000,26.84007,True,23.75012,24.28104,24.82485,25.18767,25.46531,25.68763,25.90143,26.07956,26.26883,26.43937,26.61154,26.78033,26.96179,27.19103,27.43198,27.75475,28.13629,28.59670,29.21684,30.53764,31.88679
2024-08-08,2024-08-07,har,1,23.79000,27.13077,True,24.00720,24.54234,25.09324,25.45991,25.74232,25.96821,26.18209,26.36284,26.55308,26.72594,26.89979,27.07110,27.25471,27.48563,27.72989,28.05684,28.44015,28.90575,29.53243,30.86737,32.22964
2024-08-09,2024-08-08,har,1,20.37000,23.59267,True,20.87094,21.33709,21.82340,22.13872,22.38420,22.58025,22.76646,22.92530,23.09065,23.23988,23.39432,23.54025,23.69900,23.90267,24.11420,24.39926,24.73162,25.13708,25.68066,26.84415,28.03166
2024-08-12,2024-08-09,har,1,20.71000,20.47180,True,18.09737,18.51027,18.93506,19.20619,19.42244,19.59467,19.75477,19.89362,20.03410,20.16575,20.29876,20.42660,20.56579,20.73952,20.92351,21.16917,21.45885,21.80954,22.28122,23.29248,24.32583
2024-08-13,2024-08-12,har,1,18.12000,20.68407,True,18.28531,18.70248,19.13162,19.40521,19.62406,19.79777,19.96050,20.10010,20.24212,20.37495,20.50965,20.63880,20.77923,20.95479,21.14051,21.38864,21.68106,22.03544,22.51189,23.53336,24.57804
2024-08-14,2024-08-13,har,1,16.19000,18.26475,True,16.14228,16.51364,16.89374,17.13614,17.32948,17.48146,17.62325,17.74875,17.87405,17.99160,18.11121,18.22651,18.34843,18.50353,18.66608,18.88567,19.14552,19.45902,19.87786,20.78372,21.70524
2024-08-15,2024-08-14,har,1,15.23000,16.41948,True,14.51258,14.84433,15.18534,15.40438,15.57655,15.71482,15.84206,15.95642,16.06821,16.17419,16.28188,16.38594,16.49579,16.63462,16.77990,16.97846,17.21156,17.49324,17.86911,18.68600,19.51315
2024-08-16,2024-08-15,har,1,14.80000,15.47983,True,13.68201,13.99504,14.31643,14.52326,14.68534,14.81523,14.93523,15.04291,15.14855,15.24913,15.35062,15.44833,15.55256,15.68247,15.82033,16.00680,16.22801,16.49255,16.84641,17.61686,18.39715
2024-08-19,2024-08-16,har,1,14.65000,15.04441,True,13.29707,13.60157,13.91351,14.11491,14.27235,14.39836,14.51503,14.61914,14.72258,14.82001,14.91860,15.01395,15.11518,15.24180,15.37568,15.55676,15.77193,16.02871,16.37243,17.12166,17.87997
2024-08-20,2024-08-19,har,1,15.88000,14.86342,True,13.13704,13.43808,13.74604,13.94508,14.10071,14.22538,14.34064,14.44380,14.54519,14.64149,14.73822,14.83341,14.93334,15.05860,15.19082,15.36966,15.58218,15.83564,16.17536,16.91576,17.66497
2024-08-21,2024-08-20,har,1,16.27000,15.97573,True,14.12025,14.44368,14.77524,14.98874,15.15557,15.28950,15.41340,15.52503,15.63340,15.73715,15.84166,15.94311,16.05084,16.18497,16.32738,16.52017,16.74866,17.02259,17.38556,18.18146,18.98649
2024-08-22,2024-08-21,har,1,17.55000,16.33464,True,14.43742,14.76827,15.10731,15.32547,15.49581,15.63300,15.75970,15.87396,15.98465,16.09093,16.19877,16.30129,16.41169,16.54852,16.69411,16.89028,17.12488,17.40491,17.77587,18.58976,19.41290
2024-08-23,2024-08-22,har,1,15.86000,17.52291,True,15.48790,15.84269,16.20596,16.44030,16.62292,16.77039,16.90562,17.02827,17.14651,17.26094,17.37631,17.48686,17.60520,17.75259,17.90866,18.12203,18.37153,18.67071,19.06727,19.94134,20.82485
2024-08-26,2024-08-23,har,1,16.15000,15.98742,True,14.13091,14.45469,14.78581,14.99951,15.16693,15.30067,15.42473,15.53625,15.64498,15.74898,15.85405,15.95495,16.06294,16.19685,16.33916,16.53288,16.76066,17.03521,17.39674,18.19474,19.00008
2024-08-27,2024-08-26,har,1,15.43000,16.26181,True,14.37343,14.70292,15.03965,15.25695,15.42727,15.56331,15.68960,15.80313,15.91360,16.01938,16.12637,16.22878,16.33857,16.47481,16.61954,16.81583,17.04830,17.32740,17.69432,18.50688,19.32605
2024-08-28,2024-08-27,har,1,17.11000,15.59703,True,13.78601,14.10210,14.42489,14.63346,14.79720,14.92693,15.04809,15.15670,15.26303,15.36449,15.46713,15.56552,15.67080,15.80150,15.94025,16.12818,16.35128,16.61932,16.97025,17.75032,18.53615
2024-08-29,2024-08-28,har,1,15.65000,17.13914,True,15.14899,15.49632,15.85125,16.07984,16.25978,16.40247,16.53561,16.65518,16.77172,16.88338,16.99581,17.10413,17.21979,17.36355,17.51591,17.72435,17.96787,18.26267,18.65203,19.50496,20.36825
2024-08-30,2024-08-29,har,1,15.00000,15.78866,True,13.95595,14.27560,14.60112,14.81267,14.97837,15.10889,15.23280,15.34271,15.45057,15.55273,15.65629,15.75682,15.86306,15.99588,16.13582,16.32723,16.55178,16.82428,17.18286,17.96813,18.76354
2024-09-03,2024-08-30,har,1,20.72000,15.18336,True,13.42112,13.72843,14.04166,14.24503,14.40430,14.52858,14.64916,14.75438,14.85800,14.95659,15.05626,15.15305,15.25516,15.38299,15.51748,15.70120,15.91714,16.17953,16.52429,17.27950,18.04432
2024-09-04,2024-09-03,har,1,21.32000,20.39874,True,18.03068,18.44293,18.86352,19.13654,19.34996,19.51917,19.67842,19.82192,19.95947,20.09118,20.22562,20.35499,20.49268,20.66421,20.84561,21.09473,21.38459,21.73578,22.20016,23.21495,24.24502
2024-09-05,2024-09-04,har,1,19.90000,20.98634,True,18.54978,18.97418,19.40759,19.68773,19.90751,20.08133,20.24499,20.39258,20.53423,20.67066,20.80821,20.94103,21.08315,21.26076,21.44650,21.70390,22.00124,22.36108,22.83810,23.88383,24.94341
2024-09-06,2024-09-05,har,1,22.38000,19.71670,True,17.42793,17.82649,18.23309,18.49707,18.70296,18.86642,19.02028,19.15858,19.29205,19.41939,19.54939,19.67441,19.80755,19.97369,20.14870,20.39050,20.66951,21.00842,21.45718,22.43870,23.43418
2024-09-09,2024-09-06,har,1,19.45000,21.98890,True,19.43542,19.88049,20.33458,20.62832,20.85768,21.03959,21.21188,21.36637,21.51470,21.65778,21.80186,21.94122,22.09018,22.27639,22.47081,22.74136,23.05172,23.43039,23.93228,25.02389,26.13402
2024-09-10,2024-09-09,har,1,19.08000,19.38920,True,17.13894,17.52797,17.92959,18.18875,18.39211,18.55291,18.70325,18.83937,18.97144,19.09684,19.22413,19.34739,19.47818,19.64235,19.81390,20.05213,20.32682,20.66037,21.10347,22.06590,23.04462
2024-09-11,2024-09-10,har,1,17.69000,19.03545,True,16.82644,17.20840,17.60272,17.85751,18.05679,18.21459,18.36216,18.49622,18.62565,18.74836,18.87343,18.99443,19.12286,19.28381,19.45246,19.68596,19.95607,20.28346,20.71809,21.66333,22.62417
2024-09-12,2024-09-11,har,1,17.07000,17.74269,True,15.68463,16.04012,16.40807,16.64373,16.83036,16.97737,17.11461,17.23918,17.36053,17.47558,17.59184,17.70436,17.82431,17.97361,18.13167,18.34920,18.60192,18.90593,19.31061,20.19249,21.08821
2024-09-13,2024-09-12,har,1,16.56000,17.15158,True,15.16260,15.50618,15.86166,16.08980,16.26968,16.41210,16.54445,16.66395,16.78218,16.89318,17.00585,17.11453,17.23059,17.37474,17.52763,17.73793,17.98281,18.27584,18.66687,19.51979,20.38582
2024-09-16,2024-09-13,har,1,17.14000,16.64470,True,14.71494,15.04835,15.39321,15.61462,15.78907,15.92758,16.05556,16.17117,16.28614,16.39326,16.50350,16.60886,16.72136,16.86134,17.00956,17.21350,17.45193,17.73547,18.11485,18.94288,19.78348
2024-09-17,2024-09-16,har,1,17.61000,17.15778,True,15.16837,15.51233,15.86760,16.09595,16.27579,16.41839,16.55046,16.66968,16.78814,16.89915,17.01209,17.12070,17.23688,17.38116,17.53430,17.74326,17.98942,18.28173,18.67299,19.52641,20.39289
2024-09-18,2024-09-17,har,1,18.23000,17.57723,True,15.53909,15.89168,16.25544,16.48947,16.67374,16.81974,16.95516,17.07754,17.19852,17.31269,17.42784,17.53918,17.65830,17.80704,17.96320,18.17610,18.42896,18.72818,19.12912,20.00337,20.89105
2024-09-19,2024-09-18,har,1,16.33000,18.14787,True,16.04349,16.40770,16.78312,17.02471,17.21496,17.36573,17.50570,17.63238,17.75674,17.87465,17.99352,18.10909,18.23156,18.38583,18.54664,18.76798,19.02716,19.33561,19.74961,20.65230,21.56888
2024-09-20,2024-09-19,har,1,16.15000,16.42051,True,14.51679,14.84210,15.18553,15.40375,15.57644,15.71274,15.83938,15.95341,16.06691,16.17370,16.28126,16.38529,16.49651,16.63616,16.78137,16.98180,17.21573,17.49554,17.87043,18.68696,19.51616
2024-09-23,2024-09-20,har,1,15.89000,16.25347,True,14.36925,14.69137,15.03115,15.24737,15.41825,15.55318,15.67847,15.79172,15.90362,16.00851,16.11567,16.21864,16.32870,16.46638,16.61063,16.80840,17.04037,17.31742,17.68859,18.49678,19.31767
2024-09-24,2024-09-23,har,1,15.39000,16.00590,True,14.15054,14.46786,14.80234,15.01544,15.18366,15.31657,15.43994,15.55184,15.66141,15.76414,15.87029,15.97172,16.08003,16.21504,16.35764,16.55177,16.78063,17.05355,17.41914,18.21499,19.02350
2024-09-25,2024-09-24,har,1,15.41000,15.52888,True,13.72898,14.03697,14.36140,14.56825,14.73143,14.86043,14.97985,15.08757,15.19471,15.29432,15.39744,15.49585,15.60093,15.73157,15.87025,16.05796,16.28043,16.54535,16.90005,17.67218,18.45673
2024-09-26,2024-09-25,har,1,15.37000,15.52632,True,13.72681,14.03488,14.35911,14.56602,14.72915,14.85816,14.97753,15.08567,15.19240,15.29199,15.39500,15.49330,15.59831,15.72894,15.86753,16.05461,16.27738,16.54250,16.89724,17.66916,18.45368
2024-09-27,2024-09-26,har,1,16.96000,15.48128,True,13.68707,13.99441,14.31754,14.52394,14.68659,14.81505,14.93424,15.04252,15.14853,15.24802,15.35030,15.44834,15.55305,15.68325,15.82140,16.00749,16.22978,16.49442,16.84823,17.61783,18.40014
2024-09-30,2024-09-27,har,1,16.73000,16.93665,True,14.97392,15.31003,15.66319,15.88907,16.06675,16.20762,16.33788,16.45639,16.57187,16.68166,16.79289,16.90008,17.01456,17.15722,17.30862,17.51393,17.75719,18.04550,18.43283,19.27320,20.12936
2024-10-01,2024-09-30,har,1,19.26000,16.73410,True,14.79492,15.12722,15.47598,15.69939,15.87482,16.01411,16.14266,16.25982,16.37381,16.48268,16.59207,16.69795,16.81097,16.95209,17.10152,17.30387,17.54421,17.82952,18.21228,19.04267,19.88863
2024-10-02,2024-10-01,har,1,18.90000,19.05477,True,16.84662,17.22470,17.62212,17.87595,18.07518,18.23380,18.38088,18.51352,18.64410,18.76778,18.89223,19.01265,19.14172,19.30241,19.47301,19.70453,19.97899,20.30316,20.73990,21.68795,22.64607
2024-10-03,2024-10-02,har,1,20.49000,18.76693,True,16.59222,16.96483,17.35612,17.60640,17.80218,17.95888,18.10348,18.23398,18.36301,18.48435,18.60698,18.72535,18.85243,19.01062,19.17869,19.40630,19.67704,19.99611,20.42594,21.35999,22.30395
2024-10-04,2024-10-03,har,1,19.21000,20.23871,True,17.89305,18.29508,18.71754,18.98794,19.19815,19.36732,19.52337,19.66356,19.80248,19.93344,20.06536,20.19355,20.33078,20.50169,20.68269,20.93026,21.22093,21.56678,22.03469,23.03445,24.05268
2024-10-07,2024-10-04,har,1,22.64000,19.10222,True,16.88870,17.26827,17.66653,17.92220,18.12061,18.27915,18.42638,18.55944,18.69059,18.81433,18.93908,19.05959,19.18911,19.35025,19.52132,19.75413,20.02913,20.35526,20.79694,21.74081,22.70218
2024-10-08,2024-10-07,har,1,21.42000,22.22974,True,19.65242,20.09487,20.55790,20.85617,21.08687,21.27076,21.44279,21.59780,21.74999,21.89392,22.03930,22.17984,22.33049,22.51854,22.71723,22.99019,23.30737,23.69101,24.21034,25.30665,26.41775
2024-10-09,2024-10-08,har,1,20.86000,21.15496,True,18.70275,19.12392,19.56405,19.84825,20.06789,20.24296,20.40558,20.55331,20.69820,20.83549,20.97377,21.10733,21.25068,21.42944,21.61885,21.87787,22.18033,22.54430,23.03881,24.08309,25.14061
2024-10-10,2024-10-09,har,1,20.93000,20.67012,True,18.27432,18.68597,19.11579,19.39373,19.60848,19.77955,19.93817,20.08230,20.22439,20.35804,20.49312,20.62341,20.76346,20.93786,21.12318,21.37575,21.67211,22.02697,22.50986,23.53090,24.56445
2024-10-11,2024-10-10,har,1,20.46000,20.73957,True,18.33565,18.74901,19.17992,19.45890,19.67464,19.84612,20.00530,20.14989,20.29280,20.42643,20.56197,20.69292,20.83349,21.00794,21.19392,21.44680,21.74471,22.10041,22.58449,23.60942,24.64682
2024-10-14,2024-10-11,har,1,19.70000,20.33074,True,17.97439,18.37975,18.80199,19.07561,19.28699,19.45534,19.61121,19.75274,19.89289,20.02385,20.15665,20.28484,20.42264,20.59383,20.77592,21.02326,21.31617,21.66440,22.13840,23.14381,24.16102
2024-10-15,2024-10-14,har,1,20.64000,19.62758,True,17.35302,17.74438,18.15209,18.41637,18.62039,18.78297,18.93341,19.06942,19.20470,19.33137,19.45935,19.58305,19.71620,19.88162,20.05732,20.29540,20.57932,20.91490,21.37196,22.34353,23.32565
2024-10-16,2024-10-15,har,1,19.58000,20.47736,True,18.10404,18.51281,18.93741,19.21332,19.42595,19.59571,19.75271,19.89509,20.03630,20.16816,20.30197,20.43115,20.56994,20.74234,20.92598,21.17628,21.46966,21.81959,22.29610,23.30971,24.33495
2024-10-17,2024-10-16,har,1,19.11000,19.51527,True,17.25383,17.64335,18.04798,18.31116,18.51372,18.67507,18.82464,18.96011,19.09457,19.22069,19.34804,19.47106,19.60338,19.76788,19.94268,20.18071,20.46146,20.79418,21.24789,22.21476,23.19194
2024-10-18,2024-10-17,har,1,18.03000,19.07891,True,16.86818,17.24916,17.64465,17.90203,18.09998,18.25789,18.40414,18.53633,18.66832,18.79099,18.91536,19.03552,19.16494,19.32586,19.49669,19.72871,20.00428,20.32887,20.77202,21.71801,22.67352
2024-10-21,2024-10-18,har,1,18.37000,18.07999,True,15.98525,16.34622,16.72159,16.96505,17.15242,17.30155,17.44001,17.56594,17.69026,17.80733,17.92463,18.03894,18.16136,18.31409,18.47605,18.69533,18.95739,19.26428,19.68388,20.58123,21.48683
2024-10-22,2024-10-21,har,1,18.20000,18.38292,True,16.25307,16.62005,17.00189,17.24928,17.43982,17.59173,17.73248,17.86024,17.98721,18.10565,18.22544,18.34121,18.46603,18.62114,18.78546,19.00801,19.27470,19.58658,20.01285,20.92548,21.84665
2024-10-23,2024-10-22,har,1,19.24000,18.21459,True,16.10430,16.46792,16.84655,17.09139,17.28022,17.43096,17.57047,17.69676,17.82283,17.93992,18.05809,18.17323,18.29672,18.45058,18.61339,18.83351,19.09814,19.40685,19.82884,20.73357,21.64664
2024-10-24,2024-10-23,har,1,19.08000,19.15993,True,16.93995,17.32238,17.72095,17.97824,18.17687,18.33554,18.48223,18.61500,18.74762,18.87076,18.99554,19.11630,19.24641,19.40810,19.57942,19.81225,20.08946,20.41335,20.85695,21.80892,22.76962
2024-10-25,2024-10-24,har,1,20.33000,19.02149,True,16.81760,17.19725,17.59323,17.84839,18.04560,18.20311,18.34878,18.48052,18.61219,18.73454,18.85835,18.97807,19.10717,19.26771,19.43788,19.66859,19.94429,20.26543,20.70544,21.65095,22.60507
2024-10-28,2024-10-25,har,1,19.80000,20.17624,True,17.83818,18.24098,18.66145,18.93162,19.14091,19.30797,19.46250,19.60237,19.74248,19.87181,20.00280,20.13001,20.26713,20.43739,20.61788,20.86484,21.15494,21.49808,21.96117,22.96473,23.97685
2024-10-29,2024-10-28,har,1,19.34000,19.71723,True,17.43254,17.82609,18.23729,18.50106,18.70555,18.86881,19.01996,19.15701,19.29417,19.41959,19.54783,19.67197,19.80592,19.97234,20.14879,20.38921,20.67362,21.00857,21.46082,22.44189,23.43144
2024-10-30,2024-10-29,har,1,20.35000,19.31390,True,17.07608,17.46155,17.86461,18.12275,18.32300,18.48294,18.63133,18.76581,18.90003,19.02224,19.14801,19.26958,19.40055,19.56368,19.73659,19.97127,20.25078,20.57844,21.02108,21.98248,22.95223
2024-10-31,2024-10-30,har,1,23.16000,20.24188,True,17.89636,18.30033,18.72326,18.99338,19.20321,19.37100,19.52667,19.66765,19.80786,19.93618,20.06781,20.19531,20.33286,20.50388,20.68488,20.93356,21.22349,21.56642,22.03002,23.03802,24.05452
2024-11-01,2024-10-31,har,1,21.88000,22.80352,True,20.16023,20.61574,21.09260,21.39662,21.63311,21.82201,21.99779,22.15569,22.31362,22.45883,22.60642,22.75070,22.90555,23.09825,23.30189,23.58362,23.90924,24.29862,24.82637,25.96008,27.09721
2024-11-04,2024-11-01,har,1,21.98000,21.67334,True,19.16161,19.59412,20.04773,20.33638,20.56111,20.74069,20.90626,21.05745,21.20776,21.34568,21.48594,21.62307,21.77030,21.95379,22.14722,22.41462,22.72398,23.09370,23.59521,24.67360,25.75510
2024-11-05,2024-11-04,har,1,20.49000,21.78288,True,19.25838,19.69315,20.14902,20.43921,20.66512,20.84560,21.01250,21.16419,21.31498,21.45371,21.59469,21.73259,21.88045,22.06489,22.25906,22.52781,22.83874,23.20983,23.71345,24.79790,25.88500
2024-11-06,2024-11-05,har,1,16.27000,20.44951,True,18.07992,18.48794,18.91614,19.18844,19.40012,19.56935,19.72550,19.86826,20.01052,20.14030,20.27300,20.40218,20.54126,20.71454,20.89665,21.14797,21.44091,21.78875,22.26120,23.28014,24.30129
2024-11-07,2024-11-06,har,1,15.20000,16.54925,True,14.63099,14.96076,15.30711,15.52943,15.70038,15.83781,15.96409,16.07966,16.19426,16.29983,16.40707,16.51146,16.62400,16.76409,16.91175,17.11397,17.35299,17.63323,18.01477,18.84129,19.66833
2024-11-08,2024-11-07,har,1,14.94000,15.49828,True,13.70096,14.01134,14.33501,14.54323,14.70350,14.83221,14.94991,15.05833,15.16553,15.26492,15.36389,15.46315,15.56855,15.69988,15.83737,16.02696,16.25151,16.51372,16.86968,17.64463,18.42048
2024-11-11,2024-11-08,har,1,14.97000,15.20653,True,13.44311,13.74801,14.06472,14.26964,14.42780,14.55348,14.66827,14.77447,14.87962,14.97722,15.07470,15.17199,15.27561,15.40443,15.53950,15.72557,15.94571,16.20311,16.55135,17.31209,18.07412
2024-11-12,2024-11-11,har,1,14.71000,15.18453,True,13.42368,13.72841,14.04423,14.24914,14.40719,14.53254,14.64721,14.75319,14.85807,14.95481,15.05275,15.15009,15.25329,15.38224,15.51710,15.70265,15.92263,16.17976,16.52671,17.28687,18.04808
2024-11-13,2024-11-12,har,1,14.02000,14.90137,True,13.17333,13.47280,13.78219,13.98353,14.13859,14.26170,14.37440,14.47821,14.58082,14.67533,14.77193,14.86763,14.96874,15.09532,15.22784,15.40956,15.62580,15.87818,16.21792,16.96453,17.71170
2024-11-14,2024-11-13,har,1,14.31000,14.24084,True,12.58930,12.87610,13.17113,13.36391,13.51148,13.62985,13.73756,13.83686,13.93444,14.02513,14.11693,14.20893,14.30550,14.42640,14.55302,14.72608,14.93316,15.17462,15.49860,16.21313,16.92681
2024-11-15,2024-11-14,har,1,16.14000,14.49388,True,12.81298,13.10517,13.40525,13.60153,13.75173,13.87211,13.98165,14.08272,14.18236,14.27432,14.36801,14.46143,14.55979,14.68241,14.81141,14.98755,15.19838,15.44423,15.77328,16.50111,17.22757
2024-11-18,2024-11-15,har,1,15.58000,16.17545,True,14.29999,14.62485,14.96086,15.17951,15.34776,15.48063,15.60277,15.71563,15.82747,15.93028,16.03488,16.13865,16.24896,16.38545,16.52951,16.72830,16.96190,17.23586,17.60986,18.41346,19.22562
2024-11-19,2024-11-18,har,1,16.35000,15.66297,True,13.84690,14.16177,14.48703,14.69887,14.86112,14.99050,15.10868,15.21796,15.32608,15.42510,15.52701,15.62753,15.73397,15.86636,16.00582,16.19714,16.42441,16.68968,17.05132,17.83053,18.61642
2024-11-20,2024-11-19,har,1,17.16000,16.37546,True,14.47698,14.80571,15.14610,15.36740,15.53749,15.67229,15.79547,15.90989,16.02316,16.12708,16.23315,16.33824,16.44995,16.58836,16.73398,16.93596,17.17130,17.44874,17.82597,18.64040,19.46288
2024-11-21,2024-11-20,har,1,16.87000,17.13451,True,15.14823,15.49176,15.84824,16.07966,16.25790,16.39858,16.52741,16.64733,16.76560,16.87523,16.98562,17.09686,17.21262,17.35710,17.50948,17.72150,17.96676,18.25731,18.65120,19.50311,20.36464
2024-11-22,2024-11-21,har,1,15.24000,16.88816,True,14.93053,15.26915,15.62055,15.84864,16.02415,16.16296,16.29009,16.40810,16.52476,16.63160,16.74115,16.85046,16.96489,17.10751,17.25768,17.46671,17.70834,17.99472,18.38228,19.22255,20.07170
2024-11-25,2024-11-22,har,1,14.60000,15.38546,True,13.60222,13.90827,14.23029,14.43838,14.59826,14.72497,14.84086,14.94839,15.05484,15.15172,15.25204,15.35069,15.45562,15.58581,15.72259,15.91232,16.13277,16.39392,16.74629,17.51276,18.28600
2024-11-26,2024-11-25,har,1,14.10000,14.78344,True,13.07014,13.36411,13.67340,13.87349,14.02728,14.14877,14.26047,14.36355,14.46556,14.55901,14.65494,14.75028,14.85089,14.97586,15.10773,15.28960,15.50117,15.75264,16.09056,16.82729,17.57049
2024-11-27,2024-11-26,har,1,14.10000,14.29869,True,12.64172,12.92602,13.22495,13.41851,13.56760,13.68472,13.79292,13.89266,13.99081,14.08190,14.17426,14.26682,14.36390,14.48470,14.61251,14.78813,14.99240,15.23631,15.56251,16.27521,16.99428
2024-11-29,2024-11-27,har,1,13.51000,14.27119,True,12.61751,12.90138,13.19957,13.39279,13.54164,13.65859,13.76661,13.86607,13.96425,14.05501,14.14693,14.23937,14.33600,14.45669,14.58429,14.75927,14.96307,15.20707,15.53200,16.24359,16.96142
2024-12-02,2024-11-29,har,1,13.34000,13.69746,True,12.11033,12.38287,12.66900,12.85448,12.99688,13.10861,13.21318,13.30860,13.40173,13.49019,13.57838,13.66696,13.75963,13.87561,13.99801,14.16553,14.36129,14.59604,14.90728,15.59047,16.27958
2024-12-03,2024-12-02,har,1,13.30000,13.51868,True,11.95232,12.22157,12.50381,12.68685,12.82734,12.93836,13.04100,13.13516,13.22696,13.31421,13.40131,13.48870,13.58016,13.69450,13.81532,13.98055,14.17383,14.40572,14.71283,15.38681,16.06697
2024-12-04,2024-12-03,har,1,13.45000,13.46103,True,11.90140,12.16976,12.45066,12.63290,12.77273,12.88392,12.98561,13.07921,13.17078,13.25736,13.34423,13.43123,13.52235,13.63603,13.75642,13.92091,14.11325,14.34439,14.65014,15.32097,15.99827
2024-12-05,2024-12-04,har,1,13.54000,13.58409,True,12.01028,12.28130,12.56466,12.74854,12.88961,13.00175,13.10447,13.19880,13.29160,13.37868,13.46627,13.55407,13.64592,13.76057,13.88211,14.04792,14.24206,14.47552,14.78402,15.46072,16.14432
2024-12-06,2024-12-05,har,1,12.77000,13.65238,True,12.07072,12.34332,12.62800,12.81280,12.95451,13.06718,13.17042,13.26519,13.35916,13.44602,13.53401,13.62219,13.71442,13.82963,13.95177,14.11826,14.31345,14.54805,14.85831,15.53813,16.22527
2024-12-09,2024-12-06,har,1,14.19000,12.92906,True,11.43124,11.68983,11.95936,12.13336,12.26776,12.37455,12.47276,12.56280,12.65093,12.73376,12.81717,12.90060,12.98819,13.09716,13.21287,13.36968,13.55523,13.77719,14.07155,14.71511,15.36536
2024-12-10,2024-12-09,har,1,14.18000,14.23411,True,12.58516,12.86974,13.16625,13.35809,13.50608,13.62379,13.73140,13.83039,13.92779,14.01869,14.11049,14.20251,14.29867,14.41898,14.54619,14.72033,14.92382,15.16798,15.49397,16.19944,16.91608
2024-12-11,2024-12-10,har,1,13.58000,14.22980,True,12.58143,12.86615,13.16243,13.35416,13.50209,13.61969,13.72735,13.82633,13.92432,14.01461,14.10636,14.19817,14.29429,14.41450,14.54167,14.71558,14.91921,15.16338,15.48866,16.19420,16.91073
2024-12-12,2024-12-11,har,1,13.92000,13.67975,True,12.09520,12.36926,12.65398,12.83823,12.98022,13.09212,13.19656,13.29200,13.38535,13.47284,13.56123,13.64945,13.74207,13.85730,13.97967,14.14620,14.34273,14.57741,14.88963,15.56825,16.25679
2024-12-13,2024-12-12,har,1,13.81000,13.99208,True,12.37140,12.65187,12.94291,13.13136,13.27662,13.39158,13.49794,13.59548,13.69151,13.78054,13.87084,13.96108,14.05582,14.17382,14.29851,14.46919,14.67002,14.91011,15.22880,15.92320,16.62773
2024-12-16,2024-12-13,har,1,14.69000,13.89772,True,12.28806,12.56688,12.85582,13.04293,13.18714,13.30194,13.40711,13.50392,13.59992,13.68789,13.77729,13.86695,13.96110,14.07817,14.20195,14.37158,14.57110,14.80959,15.12557,15.81556,16.51542
2024-12-17,2024-12-16,har,1,15.87000,14.70571,True,13.00243,13.29725,13.60308,13.80117,13.95369,14.07508,14.18644,14.28902,14.39046,14.48344,14.57802,14.67307,14.77246,14.89680,15.02780,15.20750,15.41818,15.66994,16.00446,16.73446,17.47530
2024-12-18,2024-12-17,har,1,27.62000,15.79184,True,13.96268,14.27901,14.60760,14.82036,14.98424,15.11440,15.23380,15.34401,15.45313,15.55296,15.65455,15.75652,15.86322,15.99734,16.13766,16.33134,16.55856,16.82737,17.18588,17.96956,18.76573
2024-12-19,2024-12-18,har,1,24.09000,26.32853,True,23.27555,23.80225,24.35040,24.70366,24.97850,25.19475,25.39664,25.58139,25.76098,25.92893,26.09419,26.26754,26.44587,26.66947,26.90291,27.22354,27.60620,28.05239,28.65337,29.95976,31.29451
2024-12-20,2024-12-19,har,1,18.36000,23.32802,True,20.62488,21.08998,21.57250,21.88837,22.13201,22.32357,22.49982,22.66450,22.82338,22.97268,23.12112,23.27245,23.43087,23.63017,23.83565,24.12306,24.45983,24.85589,25.38821,26.55037,27.72714
2024-12-23,2024-12-20,har,1,16.78000,18.25748,True,16.14101,16.50545,16.88684,17.13315,17.32212,17.47046,17.61016,17.73942,17.86454,17.97904,18.09652,18.21381,18.33862,18.49355,18.65494,18.88009,19.14429,19.45244,19.87219,20.78337,21.70090
2024-12-24,2024-12-23,har,1,14.27000,16.83820,True,14.88678,15.22265,15.57441,15.80192,15.97583,16.11192,16.24104,16.35984,16.47561,16.58091,16.68962,16.79811,16.91270,17.05620,17.20429,17.41243,17.65600,17.94038,18.32670,19.16614,20.01456
2024-12-26,2024-12-24,har,1,14.73000,14.50876,True,12.82076,13.11599,13.41801,13.61599,13.76521,13.88092,13.99422,14.09550,14.19628,14.28752,14.38014,14.47469,14.57350,14.69639,14.82311,15.00365,15.21309,15.46197,15.79151,16.51129,17.24676
2024-12-27,2024-12-26,har,1,15.95000,14.87160,True,13.14201,13.44392,13.75416,13.95657,14.10945,14.22810,14.34420,14.44864,14.55159,14.64507,14.74035,14.83662,14.93795,15.06395,15.19393,15.37870,15.59359,15.84752,16.18539,16.92432,17.67782
2024-12-30,2024-12-27,har,1,17.40000,15.94622,True,14.09271,14.41497,14.74856,14.96490,15.12884,15.25681,15.38056,15.49250,15.60323,15.70302,15.80531,15.90938,16.01701,16.15315,16.29248,16.49020,16.72139,16.99283,17.35320,18.14766,18.95453
2024-12-31,2024-12-30,har,1,17.35000,17.25801,True,15.25200,15.60032,15.96214,16.19575,16.37350,16.51242,16.64562,16.76743,16.88685,16.99475,17.10578,17.21795,17.33492,17.48177,17.63254,17.84716,18.09666,18.39325,18.78913,19.63980,20.51325
2025-01-02,2024-12-31,har,1,17.93000,17.22288,True,15.22114,15.56857,15.92978,16.16301,16.34026,16.47936,16.61192,16.73386,16.85249,16.96020,17.07143,17.18295,17.29995,17.44609,17.59651,17.81041,18.05974,18.35521,18.74985,19.59933,20.47138
2025-01-03,2025-01-02,har,1,16.13000,17.78157,True,15.71470,16.07343,16.44640,16.68730,16.87029,17.01428,17.15080,17.27668,17.39906,17.51052,17.62533,17.74031,17.86119,18.01190,18.16778,18.38934,18.64514,18.95002,19.35671,20.23424,21.13520
2025-01-06,2025-01-03,har,1,16.04000,16.16674,True,14.28859,14.61419,14.94831,15.17114,15.33752,15.46774,15.59307,15.70740,15.81891,15.92009,16.02475,16.12949,16.23932,16.37657,16.51778,16.71908,16.95253,17.22864,17.59862,18.39696,19.21628
2025-01-07,2025-01-06,har,1,17.82000,16.09037,True,14.22130,14.54519,14.87837,15.09971,15.26545,15.39525,15.51957,15.63370,15.74433,15.84514,15.94952,16.05325,16.16244,16.29921,16.43956,16.63980,16.87243,17.14687,17.51460,18.30964,19.12542
2025-01-08,2025-01-07,har,1,17.70000,17.71588,True,15.65843,16.01414,16.38191,16.62485,16.80798,16.95094,17.08727,17.21329,17.33452,17.44524,17.56065,17.67453,17.79483,17.94540,18.10092,18.32150,18.57679,18.88137,19.29010,20.15868,21.05739
2025-01-10,2025-01-08,har,1,19.54000,17.61778,True,15.57197,15.92549,16.29191,16.53307,16.71491,16.85762,16.99278,17.11804,17.23861,17.34886,17.46397,17.57686,17.69629,17.84596,18.00040,18.21963,18.47383,18.77625,19.18277,20.04656,20.94072
2025-01-13,2025-01-10,har,1,19.19000,19.29907,True,17.05766,17.44492,17.84700,18.11048,18.30971,18.46609,18.61429,18.75133,18.88356,19.00461,19.13056,19.25382,19.38475,19.54851,19.71856,19.95946,20.23660,20.57069,21.01853,21.95838,22.93754
2025-01-14,2025-01-13,har,1,18.71000,19.01712,True,16.80879,17.19013,17.58704,17.84624,18.04225,18.19643,18.34249,18.47754,18.60779,18.72730,18.85152,18.97244,19.10141,19.26293,19.43019,19.66744,19.94088,20.26969,20.71077,21.63708,22.60248
2025-01-15,2025-01-14,har,1,16.12000,18.61288,True,16.45187,16.82481,17.21399,17.46729,17.65876,17.80979,17.95279,18.08495,18.21242,18.32885,18.45045,18.56918,18.69536,18.85352,19.01692,19.24895,19.51706,19.83839,20.26987,21.17671,22.12224
2025-01-16,2025-01-15,har,1,16.60000,16.25000,True,14.35476,14.68921,15.02313,15.24939,15.41707,15.54889,15.67368,15.78893,15.90043,16.00244,16.10790,16.21211,16.32281,16.46050,16.60244,16.80518,17.03959,17.32040,17.69643,18.48844,19.31519
2025-01-17,2025-01-16,har,1,15.97000,16.68660,True,14.74089,15.08379,15.42742,15.65920,15.83135,15.96663,16.09497,16.21345,16.32760,16.43233,16.54112,16.64789,16.76130,16.90276,17.04824,17.25627,17.49728,17.78492,18.17128,18.98506,19.83435
2025-01-21,2025-01-17,har,1,15.06000,16.09168,True,14.21534,14.54620,14.87813,15.10130,15.26706,15.39757,15.52102,15.63511,15.74561,15.84665,15.95097,16.05432,16.16388,16.30030,16.44036,16.64096,16.87368,17.15081,17.52322,18.30828,19.12696
2025-01-22,2025-01-21,har,1,15.10000,15.23150,True,13.45548,13.76887,14.08365,14.29348,14.45039,14.57416,14.69144,14.79932,14.90424,14.99978,15.09853,15.19649,15.29980,15.42923,15.56189,15.75142,15.97205,16.23410,16.58645,17.32980,18.10412
2025-01-23,2025-01-22,har,1,15.02000,15.24461,True,13.46726,13.78074,14.09644,14.30590,14.46318,14.58728,14.70422,14.81221,14.91720,15.01297,15.11189,15.20960,15.31253,15.44240,15.57525,15.76469,15.98577,16.24765,16.60033,17.34470,18.11971
2025-01-24,2025-01-23,har,1,14.85000,15.14843,True,13.38256,13.69380,14.00820,14.21575,14.37232,14.49537,14.61165,14.71896,14.82325,14.91843,15.01635,15.11336,15.21554,15.34488,15.47695,15.66528,15.88488,16.14471,16.49522,17.23526,18.00545
2025-01-27,2025-01-24,har,1,17.90000,14.96903,True,13.22436,13.53167,13.84303,14.04753,14.20237,14.32386,14.43884,14.54490,14.64785,14.74162,14.83832,14.93380,15.03541,15.16310,15.29366,15.47984,15.69661,15.95309,16.29951,17.03115,17.79228
2025-01-28,2025-01-27,har,1,16.41000,17.75132,True,15.68160,16.04618,16.41550,16.65858,16.84091,16.98489,17.12207,17.24745,17.36930,17.48120,17.59536,17.70932,17.82933,17.98069,18.13510,18.35658,18.61352,18.92067,19.33274,20.20204,21.10272
2025-01-29,2025-01-28,har,1,16.56000,16.41212,True,14.50031,14.83596,15.17342,15.40177,15.57014,15.70381,15.83018,15.94644,16.05888,16.16216,16.26754,16.37306,16.48399,16.62429,16.76697,16.97185,17.20937,17.49228,17.87392,18.67871,19.51090
2025-01-30,2025-01-29,har,1,15.84000,16.56297,True,14.63373,14.97233,15.31286,15.54335,15.71357,15.84823,15.97590,16.09315,16.20652,16.31076,16.41772,16.52402,16.63617,16.77697,16.92102,17.12769,17.36745,17.65257,18.03755,18.84983,19.69016
2025-01-31,2025-01-30,har,1,16.43000,15.91550,True,14.06223,14.38725,14.71462,14.93588,15.09988,15.22780,15.35101,15.46408,15.57307,15.67313,15.77534,15.87784,15.98536,16.12128,16.25970,16.45823,16.68867,16.96215,17.33207,18.11284,18.92056
2025-02-03,2025-01-31,har,1,18.62000,16.46519,True,14.54806,14.88409,15.22337,15.45172,15.62124,15.75408,15.88128,15.99808,16.11082,16.21437,16.32084,16.42652,16.53837,16.67806,16.82119,17.02641,17.26474,17.54735,17.93007,18.73780,19.57390
2025-02-04,2025-02-03,har,1,17.21000,18.45325,True,16.30443,16.68076,17.06167,17.31699,17.50679,17.65616,17.79860,17.92940,18.05548,18.17161,18.29189,18.40928,18.53546,18.69136,18.85208,19.08207,19.34902,19.66822,20.10034,20.99905,21.93672
2025-02-05,2025-02-04,har,1,15.77000,17.18540,True,15.18543,15.53516,15.89086,16.12737,16.30339,16.44275,16.57534,16.69780,16.81553,16.92317,17.03418,17.14448,17.26168,17.40739,17.55686,17.77118,18.01967,18.31622,18.71892,19.55649,20.43008
2025-02-06,2025-02-05,har,1,15.50000,15.86635,True,14.02056,14.34325,14.66931,14.88726,15.05154,15.18059,15.30338,15.41641,15.52492,15.62439,15.72635,15.82873,15.93649,16.07163,16.20940,16.40740,16.63679,16.91026,17.28188,18.05543,18.86254
2025-02-07,2025-02-06,har,1,16.54000,15.61611,True,13.79961,14.11715,14.43811,14.65296,14.81442,14.94137,15.06218,15.17343,15.28005,15.37793,15.47807,15.57895,15.68461,15.81812,15.95368,16.14860,16.37443,16.64335,17.00882,17.77023,18.56504
2025-02-10,2025-02-07,har,1,15.81000,16.56582,True,14.63920,14.97561,15.31635,15.54448,15.71539,15.85057,15.97807,16.09614,16.20912,16.31290,16.41952,16.52636,16.63918,16.77998,16.92416,17.13088,17.37030,17.65455,18.04226,18.85026,19.69415
2025-02-11,2025-02-10,har,1,16.02000,15.87950,True,14.03305,14.35541,14.68211,14.90107,15.06469,15.19305,15.31606,15.42931,15.53760,15.63712,15.73892,15.84168,15.94942,16.08497,16.22294,16.42124,16.65077,16.92296,17.29436,18.06900,18.87839
2025-02-12,2025-02-11,har,1,15.89000,16.05999,True,14.19274,14.51861,14.84912,15.07088,15.23606,15.36604,15.49021,15.60473,15.71428,15.81493,15.91831,16.02195,16.13157,16.26761,16.40702,16.60778,16.83987,17.11486,17.49025,18.27380,19.09292
2025-02-13,2025-02-12,har,1,15.10000,15.93702,True,14.08434,14.40754,14.73565,14.95597,15.11964,15.24879,15.37177,15.48538,15.59415,15.69401,15.79593,15.89911,16.00750,16.14294,16.28121,16.48059,16.71088,16.98345,17.35577,18.13344,18.94676
2025-02-14,2025-02-13,har,1,14.77000,15.20744,True,13.44001,13.74818,14.06144,14.27187,14.42704,14.54994,14.66801,14.77659,14.88034,14.97552,15.07256,15.17122,15.27437,15.40394,15.53593,15.72623,15.94601,16.20576,16.56095,17.30312,18.07954
2025-02-18,2025-02-14,har,1,15.35000,14.88771,True,13.15766,13.45935,13.76625,13.97188,14.12401,14.24438,14.35990,14.46559,14.56750,14.66068,14.75581,14.85207,14.95335,15.07972,15.20919,15.39563,15.61085,15.86482,16.21264,16.93942,17.69943
2025-02-19,2025-02-18,har,1,15.27000,15.41283,True,13.62192,13.93418,14.25223,14.46467,14.62222,14.74712,14.86637,14.97595,15.08124,15.17777,15.27611,15.37618,15.48092,15.61213,15.74605,15.93857,16.16126,16.42386,16.78395,17.53668,18.32370
2025-02-20,2025-02-19,har,1,15.66000,15.33258,True,13.55124,13.86181,14.17851,14.38938,14.54630,14.67069,14.78916,14.89822,15.00288,15.09888,15.19659,15.29586,15.40009,15.53066,15.66389,15.85559,16.07711,16.33799,16.69629,17.44537,18.22830
2025-02-21,2025-02-20,har,1,18.21000,15.68539,True,13.86315,14.18088,14.50511,14.72048,14.88109,15.00856,15.12954,15.24099,15.34811,15.44641,15.54617,15.64811,15.75491,15.88832,16.02388,16.22027,16.44691,16.71351,17.08002,17.84663,18.64766
2025-02-24,2025-02-21,har,1,18.98000,18.01659,True,15.92246,16.28812,16.66027,16.90810,17.09232,17.23816,17.37810,17.50505,17.62833,17.74189,17.85666,17.97337,18.09701,18.24911,18.40518,18.63013,18.89082,19.19979,19.62266,20.50667,21.41844
2025-02-25,2025-02-24,har,1,19.43000,18.74746,True,16.56769,16.94869,17.33606,17.59367,17.78566,17.93664,18.08304,18.21495,18.34356,18.46197,18.58153,18.70255,18.83107,18.98938,19.15206,19.38592,19.65753,19.97843,20.41777,21.33718,22.28631
2025-02-26,2025-02-25,har,1,19.10000,19.19052,True,16.95892,17.34914,17.74610,18.00913,18.20587,18.36070,18.51037,18.64553,18.77677,18.89840,19.02149,19.14467,19.27637,19.43845,19.60509,19.84462,20.12200,20.45025,20.89949,21.84040,22.81219
2025-02-27,2025-02-26,har,1,21.13000,18.93136,True,16.73022,17.11508,17.50717,17.76605,17.96009,18.11328,18.26048,18.39408,18.52345,18.64342,18.76505,18.88601,19.01584,19.17577,19.34010,19.57652,19.85020,20.17377,20.61650,21.54500,22.50414
2025-02-28,2025-02-27,har,1,19.63000,20.79938,True,18.38067,18.80302,19.23504,19.51823,19.73225,19.90053,20.06161,20.20875,20.35141,20.48275,20.61684,20.74958,20.89174,21.06784,21.24922,21.50837,21.80907,22.16652,22.65745,23.66930,24.72276
2025-03-03,2025-02-28,har,1,22.78000,19.46928,True,17.20595,17.60148,18.00582,18.27070,18.47001,18.62667,18.77910,18.91620,19.04939,19.17282,19.29811,19.42242,19.55592,19.72062,19.88980,20.13279,20.41407,20.74868,21.20835,22.15584,23.14303
2025-03-04,2025-03-03,har,1,23.51000,22.32809,True,19.73289,20.18485,20.64961,20.95233,21.18227,21.36237,21.53505,21.69355,21.84660,21.98763,22.13235,22.27384,22.42710,22.61588,22.81161,23.08984,23.41189,23.79697,24.32358,25.41918,26.53884
2025-03-05,2025-03-04,har,1,21.93000,23.02377,True,20.34753,20.81385,21.29295,21.60493,21.84251,22.02851,22.20606,22.36953,22.52760,22.67381,22.82207,22.96831,23.12600,23.32104,23.52307,23.81084,24.14180,24.53761,25.08107,26.21054,27.36380
2025-03-06,2025-03-05,har,1,24.87000,21.64449,True,19.12924,19.56736,20.01750,20.31131,20.53390,20.70755,20.87569,21.02933,21.17773,21.31422,21.45476,21.59198,21.74049,21.92367,22.11336,22.38406,22.69536,23.06707,23.57868,24.64018,25.72602
2025-03-07,2025-03-06,har,1,23.37000,24.30610,True,21.48228,21.97303,22.47810,22.80731,23.05889,23.25524,23.44263,23.61575,23.78202,23.93609,24.09362,24.24710,24.41402,24.61903,24.83331,25.13796,25.48731,25.90740,26.47956,27.67426,28.88640
2025-03-10,2025-03-07,har,1,27.86000,23.01039,True,20.33766,20.80208,21.28013,21.59182,21.83004,22.01541,22.19231,22.35636,22.51375,22.65917,22.80851,22.95414,23.11262,23.30691,23.50915,23.79754,24.12861,24.52554,25.06783,26.19951,27.34791
2025-03-11,2025-03-10,har,1,26.92000,27.06045,True,23.91805,24.46226,25.02343,25.38878,25.67001,25.89123,26.09856,26.29069,26.47751,26.64878,26.82256,26.99359,27.18013,27.40920,27.64770,27.98528,28.37230,28.84529,29.48158,30.81494,32.16357
2025-03-12,2025-03-11,har,1,24.23000,26.27950,True,23.22820,23.75644,24.30168,24.65630,24.92962,25.14413,25.34553,25.53199,25.71350,25.87995,26.04972,26.21417,26.39531,26.61788,26.84989,27.17756,27.55349,28.01255,28.63057,29.92493,31.23508
2025-03-13,2025-03-12,har,1,24.66000,23.91434,True,21.13869,21.61903,22.11278,22.43682,22.68582,22.88063,23.06416,23.23401,23.39862,23.55016,23.70514,23.85496,24.01936,24.22214,24.43276,24.73207,25.07490,25.49126,26.05361,27.23074,28.42498
2025-03-14,2025-03-13,har,1,21.77000,24.31623,True,21.49433,21.98225,22.48432,22.81329,23.06739,23.26494,23.45198,23.62470,23.79203,23.94600,24.10395,24.25571,24.42351,24.62959,24.84376,25.14714,25.49564,25.91933,26.49161,27.68782,28.90168
2025-03-17,2025-03-14,har,1,20.51000,21.71192,True,19.19193,19.62505,20.07311,20.37132,20.59686,20.77299,20.93982,21.09443,21.24345,21.38045,21.52182,21.65807,21.80815,21.99172,22.18255,22.45453,22.76695,23.14281,23.65329,24.72135,25.80820
2025-03-18,2025-03-17,har,1,21.70000,20.52974,True,18.14616,18.55672,18.97973,19.26319,19.47390,19.64081,19.79955,19.94533,20.08670,20.21595,20.34981,20.47899,20.62086,20.79467,20.97443,21.23107,21.52728,21.88183,22.36546,23.37559,24.40410
2025-03-19,2025-03-18,har,1,19.90000,21.58918,True,19.08339,19.51439,19.96048,20.25658,20.47960,20.65484,20.82084,20.97503,21.12308,21.25949,21.40001,21.53575,21.68496,21.86737,22.05722,22.32778,22.63844,23.01003,23.51940,24.58136,25.66227
2025-03-20,2025-03-19,har,1,19.80000,19.93852,True,17.62425,18.02276,18.43273,18.70810,18.91270,19.07463,19.22905,19.37129,19.50831,19.63381,19.76371,19.88906,20.02736,20.19607,20.37074,20.62061,20.90811,21.25017,21.72126,22.70215,23.70127
2025-03-21,2025-03-20,har,1,19.28000,19.82488,True,17.52387,17.92027,18.32773,18.60162,18.80529,18.96666,19.11972,19.26091,19.39729,19.52213,19.65156,19.77555,19.91321,20.08096,20.25453,20.50292,20.78895,21.12833,21.59748,22.57283,23.56618
2025-03-24,2025-03-21,har,1,17.48000,19.34228,True,17.09738,17.48435,17.88170,18.14902,18.34808,18.50532,18.65467,18.79214,18.92502,19.04685,19.17298,19.29418,19.42854,19.59226,19.76139,20.00337,20.28318,20.61337,21.07194,22.02344,22.99268
2025-03-25,2025-03-24,har,1,17.15000,17.67805,True,15.62653,15.97778,16.34270,16.58730,16.76805,16.91224,17.04966,17.17518,17.29722,17.40858,17.52375,17.63446,17.75761,17.90695,18.06149,18.28228,18.53803,18.83948,19.25973,20.12891,21.01515
2025-03-26,2025-03-25,har,1,18.33000,17.34383,True,15.33111,15.67605,16.03388,16.27377,16.45158,16.59341,16.72784,16.85062,16.97021,17.07930,17.19244,17.30100,17.42205,17.56835,17.72021,17.93661,18.18741,18.48307,18.89580,19.74847,20.61801
2025-03-27,2025-03-26,har,1,18.69000,18.41289,True,16.27616,16.64227,17.02221,17.27714,17.46601,17.61642,17.75874,17.88900,18.01595,18.13194,18.25191,18.36747,18.49539,18.65144,18.81215,19.04270,19.30921,19.62185,20.05988,20.96556,21.88828
2025-03-28,2025-03-27,har,1,21.65000,18.73229,True,16.55848,16.93107,17.31754,17.57691,17.76929,17.92199,18.06697,18.19939,18.32834,18.44635,18.56878,18.68621,18.81632,18.97500,19.13819,19.37261,19.64401,19.96200,20.40767,21.32923,22.26773
2025-03-31,2025-03-28,har,1,22.28000,21.43207,True,18.94381,19.37122,19.81169,20.11031,20.32782,20.50270,20.66985,20.82158,20.96866,21.10413,21.24374,21.37936,21.52703,21.70837,21.89584,22.16408,22.47505,22.84213,23.34809,24.40974,25.47596
2025-04-01,2025-03-31,har,1,21.77000,22.03782,True,19.47876,19.91865,20.37084,20.67862,20.90351,21.08146,21.25408,21.40977,21.56154,21.70062,21.84411,21.98398,22.13496,22.32189,22.51514,22.79078,23.10899,23.48756,24.00777,25.09925,26.19542
2025-04-02,2025-04-01,har,1,21.51000,21.61767,True,19.10775,19.53894,19.98256,20.28453,20.50536,20.67979,20.84907,21.00187,21.15077,21.28786,21.42752,21.56462,21.71311,21.89631,22.08560,22.35574,22.66807,23.03928,23.54982,24.62034,25.69599
2025-04-03,2025-04-02,har,1,30.02000,21.40432,True,18.91939,19.34612,19.78547,20.08443,20.30348,20.47632,20.64354,20.79467,20.94219,21.07878,21.21621,21.35150,21.49866,21.68011,21.86742,22.13512,22.44390,22.81147,23.31718,24.37698,25.44229
2025-04-04,2025-04-03,har,1,45.31000,29.08464,True,25.70597,26.28662,26.88259,27.28846,27.58725,27.82122,28.04746,28.25564,28.45458,28.63921,28.82575,29.01060,29.21012,29.45672,29.71365,30.07725,30.49487,30.99705,31.68803,33.12674,34.58133
2025-04-07,2025-04-04,har,1,46.98000,42.65734,True,37.68126,38.54625,39.41999,40.01193,40.46098,40.80230,41.13726,41.43772,41.73712,42.00210,42.27218,42.54820,42.83865,43.20615,43.57971,44.10825,44.72207,45.45829,46.48316,48.58446,50.73917
2025-04-08,2025-04-07,har,1,52.33000,44.37167,True,39.18399,40.09418,40.99907,41.61793,42.08179,42.43995,42.79353,43.10649,43.41335,43.69323,43.96777,44.26083,44.56551,44.94587,45.33427,45.88477,46.52523,47.28657,48.35435,50.53919,52.77560
2025-04-09,2025-04-08,har,1,33.62000,49.34057,True,43.55619,44.58570,45.58875,46.27338,46.79276,47.19719,47.58607,47.93847,48.27433,48.58658,48.89538,49.21715,49.55987,49.98061,50.41450,51.02078,51.73807,52.58958,53.78046,56.19965,58.67740
2025-04-10,2025-04-09,har,1,40.72000,32.92817,True,29.07108,29.75449,30.43216,30.89167,31.23314,31.49549,31.75357,31.99124,32.21566,32.42293,32.63331,32.84453,33.06669,33.35050,33.63766,34.04828,34.52667,35.10341,35.88641,37.50644,39.16909
2025-04-11,2025-04-10,har,1,37.56000,39.37841,True,34.77443,35.58127,36.39148,36.93470,37.34748,37.66360,37.97317,38.25230,38.52632,38.77195,39.02228,39.27777,39.54531,39.88414,40.22956,40.72417,41.28867,41.97530,42.92461,44.86063,46.83538
2025-04-14,2025-04-11,har,1,30.89000,36.55629,True,32.28057,33.03302,33.78315,34.29046,34.67389,34.96299,35.25029,35.51003,35.76382,35.99390,36.22756,36.46189,36.71059,37.02490,37.34720,37.80216,38.33155,38.96840,39.84663,41.64372,43.48031
2025-04-15,2025-04-14,har,1,30.12000,30.49166,True,26.91006,27.55286,28.17542,28.60515,28.91881,29.16159,29.40240,29.62294,29.82912,30.02207,30.21804,30.41199,30.61996,30.88319,31.14841,31.52912,31.97189,32.50641,33.23555,34.73622,36.27116
2025-04-16,2025-04-15,har,1,32.64000,29.72033,True,26.22972,26.85596,27.46331,27.88229,28.18758,28.42470,28.65888,28.87404,29.07564,29.26351,29.45344,29.64271,29.84519,30.10170,30.36033,30.73051,31.16320,31.68469,32.39420,33.85795,35.35411
2025-04-17,2025-04-16,har,1,29.65000,32.00991,True,28.24891,28.92341,29.57910,30.02810,30.35924,30.61383,30.86606,31.09398,31.31578,31.51657,31.72190,31.92583,32.14455,32.42128,32.69958,33.10121,33.56355,34.12453,34.90150,36.46231,38.07489
2025-04-21,2025-04-17,har,1,33.82000,29.28236,True,25.84318,26.46007,27.05992,27.46856,27.77156,28.00480,28.23599,28.44767,28.64600,28.83163,29.01928,29.20550,29.40544,29.65851,29.91326,30.27938,30.70444,31.21798,31.92679,33.35713,34.83180
2025-04-22,2025-04-21,har,1,30.57000,33.03308,True,29.15204,29.84906,30.52369,30.98378,31.32924,31.59133,31.85150,32.08811,32.31606,32.52436,32.73529,32.94593,33.17195,33.45664,33.74477,34.15875,34.63671,35.21423,36.02266,37.63346,39.28984
2025-04-23,2025-04-22,har,1,28.45000,30.14469,True,26.60417,27.23964,27.85634,28.27564,28.58895,28.83040,29.06543,29.28122,29.48987,29.67952,29.87298,30.06528,30.27090,30.53070,30.79472,31.17161,31.60774,32.13578,32.87471,34.34250,35.85586
2025-04-24,2025-04-23,har,1,26.47000,28.24101,True,24.92439,25.51928,26.09875,26.49114,26.78214,27.00929,27.22917,27.43192,27.62685,27.80508,27.98628,28.16626,28.35944,28.60301,28.85087,29.20292,29.61302,30.10737,30.79916,32.17345,33.59208
2025-04-25,2025-04-24,har,1,24.84000,26.42812,True,23.32490,23.88101,24.42538,24.78518,25.06317,25.27233,25.48070,25.67025,25.85318,26.02075,26.18975,26.35837,26.53859,26.76730,26.99925,27.32821,27.71188,28.17585,28.82237,30.10789,31.43710
2025-04-28,2025-04-25,har,1,25.15000,24.92834,True,22.00221,22.52565,23.04130,23.38013,23.64059,23.83826,24.03530,24.21281,24.38531,24.54487,24.70347,24.86303,25.03271,25.24846,25.46762,25.77734,26.13933,26.57785,27.18697,28.39907,29.65496
2025-04-29,2025-04-28,har,1,24.17000,25.18334,True,22.22727,22.75614,23.27747,23.61997,23.88279,24.08200,24.28116,24.46064,24.63498,24.79596,24.95648,25.11742,25.28903,25.50646,25.72791,26.04037,26.40636,26.84905,27.46499,28.68943,29.95796
2025-04-30,2025-04-29,har,1,24.70000,24.26357,True,21.41588,21.92493,22.42804,22.75824,23.01102,23.20312,23.39447,23.56693,23.73537,23.89012,24.04458,24.20064,24.36572,24.57519,24.78840,25.08904,25.44176,25.86837,26.46127,27.64122,28.86501
2025-05-01,2025-04-30,har,1,24.60000,24.73469,True,21.83175,22.35069,22.86331,23.20067,23.45807,23.65338,23.84872,24.02470,24.19607,24.35441,24.51182,24.67032,24.83875,25.05246,25.26927,25.57542,25.93567,26.36996,26.97400,28.17792,29.42487
2025-05-02,2025-05-01,har,1,22.68000,24.63699,True,21.74563,22.26240,22.77309,23.10972,23.36571,23.56046,23.75475,23.92981,24.10091,24.25842,24.41556,24.57287,24.74051,24.95349,25.16921,25.47441,25.83301,26.26521,26.86666,28.06640,29.30876
2025-05-05,2025-05-02,har,1,23.64000,22.86302,True,20.17979,20.66080,21.13043,21.44390,21.68157,21.86455,22.04549,22.20579,22.36600,22.51187,22.65802,22.80422,22.95983,23.15712,23.35824,23.64142,23.97265,24.37276,24.93336,26.04416,27.20042
2025-05-06,2025-05-05,har,1,24.76000,23.74090,True,20.95475,21.45346,21.94200,22.26727,22.51471,22.70378,22.89139,23.05887,23.22481,23.37616,23.52735,23.67992,23.84126,24.04620,24.25451,24.54853,24.89311,25.30874,25.88926,27.04443,28.24371
2025-05-07,2025-05-06,har,1,23.55000,24.76196,True,21.85631,22.37552,22.88590,23.22491,23.48357,23.67951,23.87540,24.05102,24.22342,24.38145,24.53979,24.69773,24.86655,25.08024,25.29764,25.60394,25.96342,26.39779,27.00042,28.20819,29.45721
2025-05-08,2025-05-07,har,1,22.48000,23.62010,True,20.84819,21.34474,21.83166,22.15528,22.40067,22.58777,22.77481,22.94144,23.10658,23.25723,23.40783,23.55953,23.72039,23.92384,24.13137,24.42425,24.76617,25.17950,25.75659,26.90618,28.09986
2025-05-09,2025-05-08,har,1,21.90000,22.59686,True,19.94492,20.42130,20.88684,21.19641,21.43053,21.60942,21.78907,21.94708,22.10480,22.25018,22.39381,22.53925,22.69332,22.88773,23.08671,23.36626,23.69281,24.08799,24.64247,25.73963,26.88362
2025-05-12,2025-05-09,har,1,18.39000,22.02606,True,19.44112,19.90609,20.35999,20.66147,20.88964,21.06429,21.23942,21.39235,21.54592,21.68806,21.82862,21.96986,22.11986,22.30999,22.50348,22.77690,23.09430,23.47916,24.02125,25.08936,26.20519
2025-05-13,2025-05-12,har,1,18.22000,18.73070,True,16.53101,16.92605,17.31164,17.57039,17.76353,17.91554,18.06366,18.19116,18.32288,18.44333,18.56256,18.68441,18.81250,18.97381,19.13719,19.37191,19.64323,19.96578,20.42839,21.33688,22.28552
2025-05-14,2025-05-13,har,1,18.62000,18.51270,True,16.33835,16.72883,17.11063,17.36627,17.55741,17.70731,17.85353,17.97977,18.10987,18.22892,18.34617,18.46656,18.59342,18.75255,18.91417,19.14594,19.41374,19.73341,20.18904,21.08881,22.02594
2025-05-15,2025-05-14,har,1,17.83000,18.83476,True,16.62268,17.02011,17.40853,17.66835,17.86324,18.01539,18.16412,18.29281,18.42514,18.54627,18.66560,18.78803,18.91698,19.07795,19.24321,19.47845,19.75061,20.07656,20.53872,21.45558,22.40896
2025-05-16,2025-05-15,har,1,17.24000,18.06130,True,15.94027,16.32085,16.69410,16.94365,17.12897,17.27598,17.41804,17.54174,17.66816,17.78534,17.89895,18.01682,18.14068,18.29496,18.45291,18.67871,18.93916,19.25186,19.69371,20.57511,21.48809
2025-05-19,2025-05-16,har,1,18.14000,17.47265,True,15.42095,15.78877,16.15022,16.39209,16.57143,16.71343,16.85031,16.96975,17.09224,17.20609,17.31565,17.43012,17.54922,17.69936,17.85174,18.07011,18.32187,18.62419,19.05031,19.90503,20.78715
2025-05-20,2025-05-19,har,1,18.09000,18.28475,True,16.13753,16.52320,16.90085,17.15344,17.34151,17.48974,17.63351,17.75854,17.88661,18.00541,18.12040,18.23981,18.36532,18.52187,18.68139,18.91079,19.17242,19.49009,19.93423,20.82963,21.75356
2025-05-21,2025-05-20,har,1,20.87000,18.22270,True,16.08290,16.46732,16.84361,17.09540,17.28315,17.43056,17.57394,17.69874,17.82630,17.94502,18.05882,18.17797,18.30271,18.45881,18.61785,18.84631,19.10721,19.42376,19.86510,20.75902,21.67942
2025-05-22,2025-05-21,har,1,20.28000,20.76231,True,18.32316,18.76304,19.19130,19.47639,19.69135,19.85840,20.02247,20.16428,20.31102,20.44362,20.57522,20.71048,20.85258,21.03071,21.21214,21.47249,21.77186,22.13304,22.64440,23.65232,24.70219
2025-05-23,2025-05-22,har,1,22.29000,20.22654,True,17.85084,18.27904,18.69652,18.97427,19.18355,19.34638,19.50614,19.64443,19.78672,19.91575,20.04414,20.17604,20.31453,20.48728,20.66499,20.91835,21.20919,21.56112,22.06015,23.04210,24.06418
2025-05-27,2025-05-23,har,1,18.96000,22.07411,True,19.48034,19.94824,20.40466,20.70667,20.93657,21.11200,21.28685,21.43917,21.59365,21.73478,21.87517,22.01854,22.16935,22.35975,22.55220,22.82938,23.14790,23.53242,24.07516,25.14572,26.26294
2025-05-28,2025-05-27,har,1,19.31000,19.03713,True,16.78735,17.20254,17.59484,17.85883,18.05404,18.20874,18.35950,18.48914,18.62303,18.74481,18.86518,18.98980,19.12036,19.28322,19.45095,19.68964,19.96473,20.29314,20.76636,21.68732,22.64852
2025-05-29,2025-05-28,har,1,19.18000,19.35675,True,17.06965,17.49145,17.89052,18.15871,18.35746,18.51445,18.66774,18.79958,18.93563,19.05953,19.18220,19.30866,19.44153,19.60807,19.77710,20.02014,20.29878,20.63373,21.11468,22.05122,23.02848
2025-05-30,2025-05-29,har,1,18.57000,19.21936,True,16.94899,17.36741,17.76393,18.02996,18.22757,18.38327,18.53527,18.66648,18.80136,18.92546,19.04573,19.17155,19.30343,19.46833,19.63647,19.87806,20.15390,20.48729,20.96449,21.89461,22.86486
2025-06-02,2025-05-30,har,1,18.36000,18.64288,True,16.44115,16.84659,17.23154,17.48948,17.68138,17.83214,17.97955,18.10641,18.23747,18.35691,18.47434,18.59666,18.72442,18.88405,19.04736,19.28111,19.54885,19.87290,20.33544,21.23792,22.17897
2025-06-03,2025-06-02,har,1,17.69000,18.41993,True,16.24501,16.64522,17.02582,17.28048,17.47039,17.61897,17.76471,17.89007,18.01950,18.13831,18.25316,18.37409,18.50043,18.65784,18.81923,19.04981,19.31428,19.63520,20.09197,20.98390,21.91360
2025-06-04,2025-06-03,har,1,17.61000,17.78846,True,15.68864,16.07465,16.44251,16.68825,16.87202,17.01518,17.15575,17.27683,17.40158,17.51605,17.62721,17.74405,17.86641,18.01835,18.17381,18.39623,18.65165,18.96205,19.40302,20.26466,21.16224
2025-06-05,2025-06-04,har,1,18.48000,17.69777,True,15.60910,15.99276,16.35894,16.60322,16.78621,16.92852,17.06851,17.18888,17.31308,17.42732,17.53703,17.65343,17.77475,17.92634,18.08076,18.30182,18.55649,18.86529,19.30383,20.16130,21.05418
2025-06-06,2025-06-05,har,1,16.77000,18.48194,True,16.30109,16.70151,17.08402,17.33872,17.52990,17.67836,17.82454,17.95033,18.08025,18.20032,18.31428,18.43564,18.56269,18.72068,18.88277,19.11471,19.37826,19.70079,20.15875,21.05420,21.98672
2025-06-09,2025-06-06,har,1,17.16000,16.89402,True,14.90153,15.26666,15.61383,15.84914,16.02323,16.15993,16.29336,16.40850,16.52723,16.63622,16.74074,16.85187,16.96822,17.11264,17.26042,17.47209,17.71365,18.00824,18.42696,19.24586,20.09751
2025-06-10,2025-06-09,har,1,16.95000,17.23585,True,15.20346,15.57565,15.93023,16.16990,16.34758,16.48696,16.62321,16.74049,16.86168,16.97362,17.07995,17.19301,17.31185,17.45940,17.60905,17.82488,18.07175,18.37239,18.79944,19.63506,20.50388
2025-06-11,2025-06-10,har,1,17.26000,17.03089,True,15.02315,15.39050,15.74147,15.97777,16.15353,16.29110,16.42569,16.54161,16.66127,16.77084,16.87636,16.98843,17.10609,17.25150,17.39930,17.61243,17.85676,18.15390,18.57561,19.40159,20.25991
2025-06-12,2025-06-11,har,1,18.02000,17.30574,True,15.26599,15.63903,15.99566,16.23562,16.41421,16.55395,16.69082,16.80872,16.93022,17.04228,17.14923,17.26276,17.38208,17.53059,17.67993,17.89650,18.14481,18.44649,18.87404,19.71457,20.58662
2025-06-13,2025-06-12,har,1,20.82000,17.99607,True,15.87523,16.26300,16.63376,16.88315,17.06891,17.21408,17.35643,17.47928,17.60541,17.72278,17.83376,17.95164,18.07527,18.23046,18.38569,18.61155,18.86836,19.18180,19.62542,20.50067,21.40752
2025-06-16,2025-06-13,har,1,19.11000,20.56207,True,18.13791,18.58174,19.00480,19.28960,19.50306,19.66739,19.83015,19.97165,20.11532,20.24932,20.37553,20.51065,20.65216,20.83018,21.00776,21.26625,21.55887,21.91809,22.42792,23.42488,24.45975
2025-06-17,2025-06-16,har,1,21.60000,19.02820,True,16.78663,17.19611,17.58805,17.85097,18.04677,18.20076,18.35129,18.48108,18.61531,18.73843,18.85606,18.98077,19.11152,19.27596,19.44046,19.67987,19.95042,20.28253,20.75611,21.67808,22.63457
2025-06-18,2025-06-17,har,1,20.14000,21.31498,True,18.80342,19.26223,19.70142,19.99551,20.21568,20.38721,20.55591,20.70198,20.85114,20.99037,21.12153,21.26137,21.40803,21.59282,21.77700,22.04498,22.34785,22.72069,23.25176,24.28226,25.35414
2025-06-20,2025-06-18,har,1,20.62000,20.02050,True,17.66279,18.09291,18.50574,18.78174,18.98669,19.14927,19.30781,19.44419,19.58558,19.71493,19.83899,19.97025,20.10781,20.28132,20.45433,20.70598,20.99084,21.34049,21.84038,22.80789,23.81409
2025-06-23,2025-06-20,har,1,19.83000,20.47617,True,18.06516,18.50462,18.92721,19.20915,19.41894,19.58513,19.74730,19.88692,20.03161,20.16434,20.29072,20.42498,20.56563,20.74324,20.92003,21.17712,21.46828,21.82592,22.33713,23.32671,24.35565
2025-06-24,2025-06-23,har,1,17.48000,19.75688,True,17.43117,17.85491,18.26285,18.53452,18.73724,18.89728,19.05388,19.18801,19.32751,19.45508,19.57776,19.70736,19.84312,20.01457,20.18509,20.43315,20.71424,21.05924,21.55259,22.50726,23.50007
2025-06-25,2025-06-24,har,1,16.76000,17.59525,True,15.52452,15.90034,16.26159,16.50676,16.68722,16.82971,16.96912,17.08897,17.21317,17.32557,17.43565,17.55129,17.67232,17.82469,17.97698,18.19719,18.44873,18.75585,19.19476,20.04492,20.92958
2025-06-26,2025-06-25,har,1,16.59000,16.90158,True,14.91247,15.27379,15.62108,15.85593,16.03008,16.16617,16.30006,16.41508,16.53509,16.64215,16.74846,16.85954,16.97564,17.12177,17.26853,17.47939,17.72165,18.01699,18.43733,19.25460,20.10485
2025-06-27,2025-06-26,har,1,16.32000,16.71753,True,14.75033,15.10760,15.45132,15.68333,15.85581,15.99024,16.12276,16.23649,16.35496,16.46079,16.56594,16.67586,16.79078,16.93503,17.08005,17.28846,17.52864,17.82092,18.23615,19.04485,19.88590
2025-06-30,2025-06-27,har,1,16.73000,16.44233,True,14.50778,14.85902,15.19732,15.42527,15.59509,15.72727,15.85774,15.96955,16.08526,16.18980,16.29334,16.40130,16.51437,16.65618,16.79851,17.00338,17.24009,17.52767,17.93563,18.73130,19.55852
2025-07-01,2025-06-30,har,1,16.83000,16.79803,True,14.82201,15.18055,15.52633,15.75906,15.93251,16.06738,16.20086,16.31508,16.43353,16.54008,16.64575,16.75621,16.87171,17.01693,17.16131,17.37109,17.61283,17.90664,18.32348,19.13633,19.98131
2025-07-02,2025-07-01,har,1,16.64000,16.88212,True,14.89657,15.25662,15.60436,15.83804,16.01239,16.14780,16.28208,16.39691,16.51609,16.62296,16.72911,16.84032,16.95606,17.10173,17.24702,17.45802,17.70086,17.99587,18.41501,19.23200,20.08110
2025-07-03,2025-07-02,har,1,16.38000,16.70430,True,14.74013,15.09601,15.44036,15.67137,15.84391,15.97782,16.11073,16.22456,16.34248,16.44802,16.55290,16.66280,16.77745,16.92150,17.06541,17.27420,17.51434,17.80584,18.22092,19.02942,19.86938
2025-07-07,2025-07-03,har,1,17.79000,16.46155,True,14.52640,14.87671,15.21634,15.44380,15.61403,15.74582,15.87679,15.98921,16.10519,16.20888,16.31242,16.42058,16.53364,16.67560,16.81750,17.02325,17.25977,17.54665,17.95602,18.75290,19.58047
2025-07-08,2025-07-07,har,1,16.81000,17.75880,True,15.67114,16.04916,16.41554,16.66065,16.84446,16.98604,17.12772,17.24927,17.37415,17.48620,17.59757,17.71447,17.83632,17.98949,18.14241,18.36438,18.62006,18.93088,19.37057,20.23005,21.12297
2025-07-09,2025-07-08,har,1,15.94000,16.86319,True,14.88176,15.23996,15.58828,15.82082,15.99416,16.12974,16.26383,16.37878,16.49785,16.60449,16.71019,16.82122,16.93697,17.08232,17.22756,17.43851,17.68113,17.97609,18.39381,19.21008,20.05748
2025-07-10,2025-07-09,har,1,15.78000,16.05602,True,14.17008,14.51063,14.84258,15.06387,15.22820,15.35792,15.48523,15.59464,15.70827,15.80959,15.91057,16.01605,16.12650,16.26483,16.40322,16.60407,16.83492,17.11578,17.51335,18.29082,19.09741
2025-07-11,2025-07-10,har,1,16.40000,15.90228,True,14.03477,14.37175,14.70074,14.91977,15.08261,15.21100,15.33718,15.44552,15.55795,15.65827,15.75826,15.86258,15.97208,16.10907,16.24625,16.44517,16.67364,16.95190,17.34545,18.11567,18.91443
2025-07-14,2025-07-11,har,1,17.20000,16.47012,True,14.53599,14.88504,15.22575,15.45271,15.62122,15.75402,15.88484,15.99721,16.11340,16.21729,16.32083,16.42909,16.54237,16.68433,16.82619,17.03214,17.26877,17.55660,17.96343,18.76233,19.58955
2025-07-15,2025-07-14,har,1,17.38000,17.19847,True,15.17870,15.54334,15.89905,16.13619,16.31203,16.45042,16.58734,16.70481,16.82599,16.93466,17.04241,17.15577,17.27386,17.42238,17.57086,17.78522,18.03212,18.33232,18.75630,19.59173,20.45558
2025-07-16,2025-07-15,har,1,17.16000,17.36621,True,15.32677,15.69500,16.05415,16.29382,16.47122,16.61079,16.74930,16.86809,16.99008,17.09990,17.20878,17.32312,17.44255,17.59190,17.74162,17.95856,18.20780,18.51058,18.93776,19.78272,20.65498
2025-07-17,2025-07-16,har,1,16.52000,17.17156,True,15.15523,15.51918,15.87433,16.11150,16.28671,16.42473,16.56174,16.67951,16.79983,16.90833,17.01575,17.12895,17.24693,17.39465,17.54259,17.75727,18.00368,18.30266,18.72420,19.56106,20.42339
2025-07-18,2025-07-17,har,1,16.41000,16.58438,True,14.63737,14.98867,15.33172,15.56094,15.73001,15.86334,15.99516,16.10852,16.22551,16.33016,16.43399,16.54319,16.65721,16.79987,16.94283,17.15025,17.38819,17.67654,18.08283,18.89240,19.72503
2025-07-21,2025-07-18,har,1,16.65000,16.47941,True,14.54487,14.89391,15.23479,15.46274,15.63074,15.76301,15.89420,16.00699,16.12285,16.22701,16.32998,16.43820,16.55174,16.69340,16.83563,17.04173,17.27813,17.56426,17.96709,18.77287,19.60015
2025-07-22,2025-07-21,har,1,16.50000,16.68853,True,14.72953,15.08295,15.42814,15.65916,15.82927,15.96298,16.09604,16.21055,16.32746,16.43333,16.53720,16.64716,16.76188,16.90481,17.04914,17.25791,17.49729,17.78668,18.19375,19.01102,19.84871
2025-07-23,2025-07-22,har,1,15.37000,16.54068,True,14.59919,14.94944,15.29157,15.52073,15.68932,15.82162,15.95352,16.06747,16.18299,16.28871,16.39068,16.49938,16.61333,16.75473,16.89803,17.10504,17.34228,17.62879,18.03129,18.84263,19.67284
2025-07-24,2025-07-23,har,1,15.39000,15.48646,True,13.66906,13.99696,14.31731,14.53043,14.68890,14.81355,14.93669,15.04289,15.15164,15.24979,15.34626,15.44786,15.55471,15.68692,15.82129,16.01459,16.23728,16.50519,16.88105,17.64203,18.41927
2025-07-25,2025-07-24,har,1,14.93000,15.49167,True,13.67377,14.00177,14.32223,14.53559,14.69402,14.81857,14.94194,15.04844,15.15687,15.25583,15.35158,15.45302,15.55987,15.69211,15.82656,16.01948,16.24275,16.51044,16.88547,17.64798,18.42542
2025-07-28,2025-07-25,har,1,15.03000,15.05625,True,13.28961,13.60844,13.92003,14.12744,14.28148,14.40226,14.52167,14.62493,14.73074,14.82614,14.92018,15.01881,15.12217,15.25116,15.38192,15.56889,15.78641,16.04621,16.41031,17.15209,17.90769
2025-07-29,2025-07-28,har,1,15.98000,15.13627,True,13.36035,13.68085,13.99420,14.20280,14.35762,14.47882,14.59902,14.70304,14.80923,14.90578,14.99962,15.09878,15.20203,15.33216,15.46360,15.65114,15.87028,16.13118,16.49703,17.24324,18.00279
2025-07-30,2025-07-29,har,1,15.48000,16.00259,True,14.12500,14.46374,14.79508,15.01573,15.17929,15.30741,15.43462,15.54471,15.65680,15.75957,15.85785,15.96278,16.07263,16.20958,16.34847,16.54833,16.77840,17.05383,17.44061,18.22986,19.03280
2025-07-31,2025-07-30,har,1,16.72000,15.54444,True,13.72088,14.04985,14.37181,14.58612,14.74494,14.86954,14.99297,15.09900,15.20850,15.30750,15.40390,15.50570,15.61209,15.74541,15.88046,16.07409,16.29818,16.56565,16.94105,17.70813,18.48787
2025-08-01,2025-07-31,har,1,20.38000,16.68449,True,14.72701,15.08004,15.42570,15.65590,15.82641,15.95998,16.09234,16.20649,16.32367,16.43066,16.53336,16.64280,16.75759,16.90024,17.04497,17.25389,17.49324,17.78200,18.18247,19.00643,19.84344
2025-08-04,2025-08-01,har,1,17.52000,20.03150,True,17.68007,18.10342,18.51936,18.79634,19.00213,19.16170,19.31975,19.45707,19.59765,19.72646,19.84960,19.98087,20.11790,20.29103,20.46379,20.71420,21.00209,21.35154,21.83730,22.81838,23.83231
2025-08-05,2025-08-04,har,1,17.85000,17.46577,True,15.40657,15.78529,16.14662,16.38744,16.56562,16.70657,16.84516,16.96411,17.08819,17.19984,17.30726,17.42135,17.54181,17.69095,17.84205,18.06147,18.31231,18.61651,19.04270,19.89670,20.77894
2025-08-06,2025-08-05,har,1,16.77000,17.77977,True,15.68381,16.06903,16.43679,16.68204,16.86347,17.00680,17.14797,17.26959,17.39547,17.50916,17.61847,17.73488,17.85718,18.00980,18.16307,18.38591,18.64143,18.95073,19.38363,20.25415,21.15214
2025-08-07,2025-08-06,har,1,16.57000,16.80272,True,14.82259,15.18650,15.53396,15.76565,15.93663,16.07234,16.20580,16.32014,16.43952,16.54710,16.65042,16.76016,16.87595,17.01983,17.16498,17.37554,17.61725,17.90919,18.31770,19.14124,19.98976
2025-08-08,2025-08-07,har,1,15.15000,16.61857,True,14.66049,15.02020,15.36382,15.59307,15.76218,15.89643,16.02825,16.14151,16.25941,16.36592,16.46797,16.57616,16.69099,16.83299,16.97676,17.18498,17.42416,17.71255,18.11572,18.93135,19.77057
2025-08-11,2025-08-08,har,1,16.25000,15.28640,True,13.48545,13.81646,14.13234,14.34281,14.49902,14.62162,14.74349,14.84789,14.95613,15.05436,15.14867,15.24757,15.35249,15.48433,15.61634,15.80758,16.02737,16.29233,16.66222,17.41391,18.18638
2025-08-12,2025-08-11,har,1,14.73000,16.28906,True,14.37056,14.72242,15.05901,15.28361,15.44977,15.58099,15.71050,15.82143,15.93693,16.04200,16.14180,16.24757,16.35994,16.49971,16.64046,16.84466,17.07888,17.36059,17.75490,18.55601,19.37831
2025-08-13,2025-08-12,har,1,14.49000,14.87433,True,13.12300,13.44414,13.74890,13.95597,14.10802,14.22766,14.34624,14.44730,14.55310,14.64867,14.74033,14.83661,14.93911,15.06680,15.19547,15.38189,15.59588,15.85281,16.21235,16.94475,17.69563
2025-08-14,2025-08-13,har,1,14.83000,14.63618,True,12.91316,13.22904,13.52922,13.73256,13.88226,13.99994,14.11672,14.21638,14.32007,14.41375,14.50443,14.59918,14.69947,14.82574,14.95228,15.13561,15.34616,15.59874,15.95200,16.67352,17.41233
2025-08-15,2025-08-14,har,1,15.09000,14.93518,True,13.17727,13.49923,13.80591,14.01318,14.16582,14.28608,14.40507,14.50699,14.61262,14.70856,14.80071,14.89738,15.00055,15.12874,15.25760,15.44452,15.65950,15.91703,16.27715,17.01408,17.76772
2025-08-18,2025-08-15,har,1,14.99000,15.17003,True,13.38477,13.71147,14.02333,14.23360,14.38869,14.51089,14.63156,14.73535,14.84241,14.94013,15.03344,15.13188,15.23648,15.36639,15.49743,15.68713,15.90565,16.16694,16.53232,17.28157,18.04685
2025-08-19,2025-08-18,har,1,15.57000,15.06864,True,13.29568,13.61989,13.93002,14.13859,14.29261,14.41414,14.53383,14.63729,14.74334,14.84049,14.93297,15.03052,15.13464,15.26371,15.39390,15.58211,15.79936,16.05871,16.42115,17.16611,17.92607
2025-08-20,2025-08-19,har,1,15.69000,15.60308,True,13.76739,14.10281,14.42432,14.64014,14.79966,14.92549,15.04917,15.15663,15.26615,15.36699,15.46256,15.56380,15.67127,15.80523,15.93976,16.13452,16.35946,16.62796,17.00257,17.77475,18.56151
2025-08-21,2025-08-20,har,1,16.60000,15.71845,True,13.86946,14.20708,14.53134,14.74853,14.90917,15.03588,15.16044,15.26923,15.37901,15.48070,15.57688,15.67927,15.78729,15.92190,16.05755,16.25326,16.48032,16.75078,17.12746,17.90613,18.69851
2025-08-22,2025-08-21,har,1,14.22000,16.55884,True,14.61094,14.96647,15.30850,15.53709,15.70633,15.83960,15.97080,16.08620,16.20101,16.30876,16.40953,16.51746,16.63131,16.77361,16.91595,17.12300,17.36132,17.64590,18.04196,18.86318,19.69780
2025-08-25,2025-08-22,har,1,14.79000,14.37300,True,12.67149,12.99046,13.28506,13.48612,13.63277,13.74893,13.86292,13.96216,14.06307,14.15590,14.24373,14.33759,14.43650,14.55910,14.68330,14.86282,15.07043,15.31743,15.66102,16.37391,17.09764
2025-08-26,2025-08-25,har,1,14.62000,14.89503,True,13.13206,13.46223,13.76781,13.97598,14.12794,14.24822,14.36631,14.46981,14.57391,14.67051,14.76091,14.85825,14.96102,15.08823,15.21683,15.40223,15.61766,15.87354,16.22942,16.96850,17.71817
2025-08-27,2025-08-26,har,1,14.85000,14.73280,True,12.98936,13.31575,13.61827,13.82378,13.97419,14.09320,14.20994,14.31305,14.41528,14.51026,14.60022,14.69646,14.79795,14.92371,15.05094,15.23429,15.44758,15.70065,16.05253,16.78374,17.52512
2025-08-28,2025-08-27,har,1,14.43000,14.93867,True,13.17118,13.50186,13.80886,14.01699,14.16952,14.29014,14.40860,14.51378,14.61683,14.71339,14.80421,14.90185,15.00501,15.13198,15.26107,15.44684,15.66334,15.91985,16.27654,17.01821,17.76975
2025-08-29,2025-08-28,har,1,15.36000,14.53835,True,12.81856,13.14025,13.43929,13.64154,13.78996,13.90737,14.02283,14.12362,14.22500,14.31869,14.40759,14.50267,14.60288,14.72653,14.85224,15.03277,15.24376,15.49323,15.84037,16.56233,17.29355
2025-09-02,2025-08-29,har,1,17.17000,15.39687,True,13.57585,13.91604,14.23300,14.44704,14.60428,14.72847,14.85082,14.95814,15.06500,15.16471,15.25826,15.35879,15.46525,15.59628,15.72924,15.92121,16.14381,16.40769,16.77512,17.54003,18.31427
2025-09-03,2025-09-02,har,1,16.35000,17.05856,True,15.04110,15.41755,15.76902,16.00603,16.18047,16.31817,16.45298,16.57273,16.69039,16.80147,16.90474,17.01634,17.13431,17.28008,17.42688,17.63962,17.88572,18.17844,18.58922,19.43240,20.29019
2025-09-04,2025-09-03,har,1,15.30000,16.31876,True,14.38945,14.74907,15.08564,15.31199,15.47860,15.61056,15.73935,15.85264,15.96664,16.07291,16.17168,16.27794,16.39102,16.53028,16.67095,16.87456,17.11022,17.39032,17.78255,18.58976,19.40999
2025-09-05,2025-09-04,har,1,15.18000,15.36006,True,13.54470,13.88280,14.19992,14.41258,14.56927,14.69283,14.81456,14.92040,15.02866,15.12822,15.22174,15.32176,15.42805,15.55904,15.69157,15.88331,16.10529,16.36897,16.73732,17.49791,18.26973
2025-09-08,2025-09-05,har,1,15.11000,15.25058,True,13.44851,13.78394,14.09911,14.30990,14.46556,14.58819,14.70902,14.81458,14.92157,15.02111,15.11319,15.21247,15.31791,15.44807,15.57950,15.77008,15.99050,16.25226,16.61712,17.37321,18.13941
2025-09-09,2025-09-08,har,1,15.04000,15.18224,True,13.38857,13.72222,14.03613,14.24581,14.40083,14.52321,14.64332,14.74903,14.85489,14.95385,15.04550,15.14405,15.24904,15.37883,15.50964,15.69918,15.91881,16.17932,16.54247,17.29538,18.05814
2025-09-10,2025-09-09,har,1,15.35000,15.10366,True,13.31959,13.65124,13.96369,14.17212,14.32636,14.44843,14.56775,14.67354,14.77820,14.87648,14.96763,15.06541,15.16987,15.29920,15.42933,15.61766,15.83640,16.09547,16.45667,17.20590,17.96469
2025-09-11,2025-09-10,har,1,14.71000,15.38166,True,13.56506,13.90246,14.22079,14.43296,14.58996,14.71461,14.83601,14.94435,15.05023,15.15028,15.24311,15.34301,15.44944,15.58084,15.71313,15.90471,16.12777,16.39148,16.75924,17.52251,18.29516
2025-09-12,2025-09-11,har,1,14.76000,14.79011,True,13.04379,13.36796,13.67425,13.87810,14.02904,14.14793,14.26517,14.36835,14.47144,14.56771,14.65703,14.75279,14.85519,14.98176,15.10903,15.29297,15.50775,15.76113,16.11477,16.84882,17.59174
2025-09-15,2025-09-12,har,1,15.69000,14.83346,True,13.08234,13.40716,13.71451,13.91882,14.07018,14.18974,14.30717,14.41130,14.51401,14.61042,14.70008,14.79641,14.89846,15.02556,15.15328,15.33748,15.55319,15.80717,16.16180,16.89821,17.64325
2025-09-16,2025-09-15,har,1,16.36000,15.68850,True,13.83671,14.17977,14.50494,14.72087,14.88131,15.00770,15.13181,15.24249,15.35044,15.45253,15.54714,15.64932,15.75746,15.89166,16.02649,16.22227,16.44958,16.71790,17.09274,17.87200,18.65979
2025-09-17,2025-09-16,har,1,15.72000,16.30885,True,14.38399,14.74035,15.07838,15.30300,15.46999,15.60134,15.73023,15.84566,15.95734,16.06347,16.16193,16.26809,16.38071,16.52019,16.66028,16.86429,17.09969,17.37860,17.76806,18.57849,19.39738
2025-09-18,2025-09-17,har,1,15.70000,15.72972,True,13.87376,14.21702,14.54339,14.76026,14.92108,15.04778,15.17129,15.28185,15.39069,15.49316,15.58799,15.69042,15.79896,15.93349,16.06869,16.26546,16.49265,16.76111,17.13710,17.91892,18.70863
2025-09-19,2025-09-18,har,1,15.45000,15.71884,True,13.86450,14.20721,14.53351,14.75058,14.91111,15.03740,15.16097,15.27204,15.38019,15.48251,15.57732,15.67974,15.78779,15.92241,16.05746,16.25393,16.48119,16.74910,17.12501,17.90653,18.69563
2025-09-22,2025-09-19,har,1,16.10000,15.49461,True,13.66710,14.00460,14.32648,14.54073,14.69879,14.82298,14.94492,15.05493,15.16098,15.26163,15.35503,15.45600,15.56237,15.69531,15.82838,16.02187,16.24612,16.50984,16.88061,17.65114,18.42897
2025-09-23,2025-09-22,har,1,16.64000,16.09071,True,14.19317,14.54327,14.87742,15.10055,15.26444,15.39304,15.51995,15.63461,15.74439,15.84869,15.94574,16.05064,16.16137,16.29906,16.43741,16.63867,16.87075,17.14439,17.52967,18.33010,19.13762
2025-09-24,2025-09-23,har,1,16.18000,16.58352,True,14.62807,14.98862,15.33285,15.56342,15.73214,15.86433,15.99535,16.11415,16.22659,16.33407,16.43399,16.54302,16.65655,16.79845,16.94120,17.14853,17.38708,17.66881,18.06630,18.89140,19.72349
2025-09-25,2025-09-24,har,1,16.74000,16.17165,True,14.26525,14.61642,14.95225,15.17753,15.34176,15.47062,15.59843,15.71503,15.82348,15.92838,16.02590,16.13148,16.24275,16.38112,16.52027,16.72255,16.95525,17.22979,17.61771,18.42228,19.23367
2025-09-26,2025-09-25,har,1,15.29000,16.69083,True,14.72344,15.08560,15.43208,15.66483,15.83451,15.96737,16.09921,16.22042,16.33147,16.43974,16.54027,16.65019,16.76440,16.90726,17.05111,17.25991,17.49923,17.78234,18.18313,19.01362,19.85090
2025-09-29,2025-09-26,har,1,16.12000,15.36857,True,13.55780,13.89068,14.20908,14.42189,14.57917,14.70230,14.82373,14.93413,15.03792,15.13758,15.23037,15.33072,15.43646,15.56786,15.70034,15.89262,16.11321,16.37389,16.74295,17.50759,18.27861
2025-09-30,2025-09-29,har,1,16.28000,16.12926,True,14.22923,14.57805,14.91236,15.13614,15.30095,15.42976,15.55768,15.67404,15.78223,15.88681,15.98388,16.09017,16.20053,16.33851,16.47750,16.67988,16.91116,17.18387,17.57141,18.37405,19.18288
2025-10-01,2025-09-30,har,1,16.29000,16.27625,True,14.35922,14.71090,15.04843,15.27449,15.44068,15.57058,15.69970,15.81777,15.92607,16.03160,16.12970,16.23727,16.34841,16.48715,16.62750,16.83155,17.06502,17.34001,17.73150,18.54146,19.35759
2025-10-02,2025-10-01,har,1,16.63000,16.28766,True,14.36963,14.72123,15.05919,15.28566,15.45183,15.58175,15.71079,15.82901,15.93732,16.04292,16.14120,16.24889,16.35966,16.49865,16.63897,16.84307,17.07679,17.35175,17.74392,18.55446,19.37110
2025-10-03,2025-10-02,har,1,16.65000,16.59549,True,14.64148,14.99941,15.34392,15.57491,15.74412,15.87640,16.00773,16.12809,16.23856,16.34632,16.44630,16.55596,16.66915,16.81061,16.95315,17.16102,17.39922,17.67919,18.07920,18.90504,19.73704
2025-10-06,2025-10-03,har,1,16.37000,16.62274,True,14.66586,15.02405,15.36932,15.60093,15.77030,15.90272,16.03411,16.15458,16.26532,16.37346,16.47346,16.58317,16.69619,16.83800,16.98079,17.18891,17.42758,17.70780,18.10887,18.93607,19.76938
2025-10-07,2025-10-06,har,1,17.24000,16.37132,True,14.44445,14.79693,15.13693,15.36508,15.53182,15.66229,15.79207,15.91056,16.01943,16.12551,16.22420,16.33238,16.44358,16.58336,16.72382,16.92880,17.16335,17.43996,17.83491,18.64968,19.47038
2025-10-08,2025-10-07,har,1,16.30000,17.17176,True,15.15088,15.52031,15.87671,16.11603,16.29107,16.42783,16.56454,16.68845,16.80253,16.91408,17.01754,17.13076,17.24764,17.39423,17.54172,17.75703,18.00355,18.29244,18.70645,19.56125,20.42199
2025-10-09,2025-10-08,har,1,16.43000,16.31896,True,14.39910,14.74974,15.08855,15.31601,15.48216,15.61191,15.74118,15.85946,15.96815,16.07396,16.17247,16.28015,16.39101,16.53042,16.67055,16.87507,17.10953,17.38408,17.77763,18.58996,19.40793
2025-10-10,2025-10-09,har,1,21.66000,16.43876,True,14.50513,14.85808,15.19930,15.42844,15.59583,15.72676,15.85701,15.97609,16.08535,16.19216,16.29149,16.39974,16.51169,16.65166,16.79270,16.99862,17.23488,17.51160,17.90797,18.72636,19.55030
2025-10-13,2025-10-10,har,1,19.03000,21.18978,True,18.69687,19.15148,19.59034,19.88589,20.10205,20.27034,20.43970,20.59179,20.73318,20.87117,20.99899,21.13806,21.28410,21.46341,21.64487,21.91096,22.21510,22.57305,23.08272,24.13789,25.20423
2025-10-14,2025-10-13,har,1,20.81000,18.85818,True,16.64229,17.04387,17.43412,17.69757,17.88940,18.03953,18.19092,18.32613,18.45225,18.57466,18.68824,18.81201,18.94109,19.10203,19.26226,19.49994,19.77074,20.08973,20.54271,21.48254,22.42968
2025-10-15,2025-10-14,har,1,20.64000,20.49336,True,18.08492,18.52148,18.94585,19.23140,19.44037,19.60367,19.76763,19.91479,20.05227,20.18482,20.30867,20.44382,20.58410,20.75801,20.93311,21.19125,21.48497,21.83352,22.32604,23.34490,24.37395
2025-10-16,2025-10-15,har,1,25.31000,20.38079,True,17.98598,18.41979,18.84210,19.12597,19.33361,19.49627,19.65932,19.80567,19.94240,20.07395,20.19747,20.33176,20.47142,20.64392,20.81790,21.07484,21.36692,21.71318,22.20314,23.21660,24.23979
2025-10-17,2025-10-16,har,1,20.78000,24.62647,True,21.72986,22.25527,22.76516,23.10781,23.36043,23.55620,23.75231,23.92971,24.09627,24.25498,24.40495,24.56541,24.73492,24.94388,25.15494,25.46461,25.81677,26.23589,26.83270,28.05293,29.29836
2025-10-20,2025-10-17,har,1,18.23000,20.58235,True,18.14620,18.60045,19.02494,19.31505,19.52334,19.68833,19.85381,20.00080,20.13918,20.27195,20.39646,20.53220,20.67309,20.84856,21.02309,21.28253,21.57747,21.92956,22.42443,23.44708,24.48648
2025-10-21,2025-10-20,har,1,17.87000,18.27016,True,16.10977,16.51104,16.88573,17.14536,17.32975,17.47578,17.62351,17.75433,17.87634,17.99504,18.10487,18.22623,18.35041,18.50705,18.66110,18.89193,19.15451,19.46654,19.90484,20.81313,21.73667
2025-10-22,2025-10-21,har,1,18.60000,17.92846,True,15.80900,16.20237,16.57018,16.82509,17.00606,17.14887,17.29415,17.42269,17.54180,17.65824,17.76600,17.88456,18.00663,18.16078,18.31172,18.53852,18.79628,19.10240,19.53230,20.42379,21.33040
2025-10-23,2025-10-22,har,1,17.30000,18.58645,True,16.38959,16.79686,17.17859,17.44260,17.63026,17.77881,17.92880,18.06198,18.18575,18.30625,18.41820,18.54180,18.66841,18.82754,18.98469,19.21901,19.48590,19.80255,20.24892,21.17334,22.11247
2025-10-24,2025-10-23,har,1,16.37000,17.36030,True,15.30914,15.68907,16.04573,16.29080,16.46682,16.60536,16.74615,16.87037,16.98582,17.09869,17.20306,17.31806,17.43635,17.58557,17.73215,17.95123,18.20073,18.49666,18.91291,19.77659,20.65439
2025-10-27,2025-10-24,har,1,15.79000,16.48489,True,14.53764,14.89826,15.23712,15.46968,15.63633,15.76805,15.90022,16.01875,16.12914,16.23671,16.33583,16.44446,16.55689,16.69877,16.83802,17.04606,17.28311,17.56394,17.95919,18.77947,19.61335
2025-10-28,2025-10-27,har,1,16.42000,15.93667,True,14.05453,14.40307,14.73088,14.95545,15.11667,15.24392,15.36992,15.48578,15.59258,15.69689,15.79277,15.89752,16.00641,16.14327,16.27813,16.47906,16.70831,16.97958,17.36195,18.15506,18.96142
2025-10-29,2025-10-28,har,1,16.92000,16.50764,True,14.55854,14.91895,15.25881,15.49148,15.65823,15.78992,15.92090,16.04049,16.15129,16.25920,16.35844,16.46735,16.58006,16.72210,16.86168,17.06919,17.30672,17.58720,17.98360,18.80535,19.64029
2025-10-30,2025-10-29,har,1,16.91000,16.95585,True,14.95423,15.32393,15.67330,15.91226,16.08343,16.21853,16.35408,16.47640,16.58996,16.70057,16.80255,16.91499,17.03085,17.17624,17.31979,17.53226,17.77644,18.06403,18.47148,19.31575,20.17322
2025-10-31,2025-10-30,har,1,17.44000,16.94544,True,14.94547,15.31457,15.66401,15.90273,16.07373,16.20862,16.34504,16.46690,16.58000,16.69033,16.79271,16.90409,17.01988,17.16559,17.30899,17.52121,17.76541,18.05239,18.45995,19.30387,20.16071
2025-11-03,2025-10-31,har,1,17.17000,17.43692,True,15.37928,15.75866,16.11856,16.36403,16.54011,16.67854,16.81995,16.94497,17.06086,17.17435,17.28017,17.39485,17.51412,17.66357,17.81134,18.02915,18.28051,18.57519,18.99487,19.86349,20.74518
2025-11-04,2025-11-03,har,1,19.00000,17.20094,True,15.17154,15.54547,15.90068,16.14279,16.31643,16.45357,16.59251,16.71600,16.83011,16.94191,17.04589,17.15902,17.27667,17.42447,17.57015,17.78505,18.03287,18.32345,18.73781,19.59473,20.46426
2025-11-05,2025-11-04,har,1,18.01000,18.88265,True,16.65483,17.06487,17.45506,17.72075,17.91154,18.06250,18.21420,18.35006,18.47492,18.59780,18.71253,18.83664,18.96584,19.12781,19.28831,19.52425,19.79617,20.11806,20.57115,21.50970,22.46422
2025-11-06,2025-11-05,har,1,19.50000,17.99511,True,15.87275,16.26295,16.63496,16.88830,17.06984,17.21243,17.35804,17.48724,17.60681,17.72372,17.83274,17.95108,18.07417,18.22894,18.38138,18.60642,18.86595,19.17190,19.60430,20.49898,21.40809
2025-11-07,2025-11-06,har,1,19.08000,19.36582,True,17.08173,17.50140,17.90197,18.17448,18.36984,18.52309,18.68011,18.81908,18.94746,19.07342,19.19114,19.31858,19.45117,19.61714,19.78218,20.02416,20.30280,20.63426,21.09679,22.05983,23.03813
2025-11-10,2025-11-07,har,1,17.60000,19.00168,True,16.76103,17.17240,17.56563,17.83294,18.02455,18.17568,18.32900,18.46547,18.59130,18.71487,18.82996,18.95501,19.08500,19.24826,19.40983,19.64751,19.92106,20.24623,20.69991,21.64509,22.60472
2025-11-11,2025-11-10,har,1,17.28000,17.66087,True,15.57916,15.96101,16.32663,16.57440,16.75271,16.89292,17.03532,17.16246,17.27983,17.39449,17.50115,17.61719,17.73814,17.89029,18.04004,18.26120,18.51575,18.81777,19.23943,20.11815,21.00976
2025-11-12,2025-11-11,har,1,17.51000,17.35149,True,15.30660,15.68157,16.04092,16.28425,16.45943,16.59710,16.73768,16.86209,16.97721,17.08988,17.19455,17.30824,17.42687,17.57685,17.72381,17.94113,18.19144,18.48801,18.90229,19.76580,20.64175
2025-11-13,2025-11-12,har,1,20.00000,17.55587,True,15.48721,15.86627,16.23004,16.47614,16.65330,16.79275,16.93477,17.06081,17.17721,17.29116,17.39718,17.51264,17.63306,17.78365,17.93232,18.15213,18.40566,18.70509,19.12465,19.99851,20.88458
2025-11-14,2025-11-13,har,1,19.83000,19.81437,True,17.47968,17.90679,18.31767,18.59552,18.79492,18.95372,19.11256,19.25482,19.38704,19.51493,19.63503,19.76581,19.90151,20.07093,20.23929,20.48767,20.77299,21.11260,21.58876,22.57153,23.56979
2025-11-17,2025-11-14,har,1,22.38000,19.66454,True,17.34787,17.77144,18.17942,18.45493,18.65285,18.81074,18.96806,19.10963,19.24089,19.36754,19.48701,19.61680,19.75050,19.91910,20.08585,20.33237,20.61589,20.95267,21.42321,22.40079,23.39134
2025-11-18,2025-11-17,har,1,24.69000,21.98103,True,19.39035,19.86442,20.32072,20.62803,20.85019,21.02612,21.20195,21.36078,21.50714,21.64845,21.78192,21.92709,22.07726,22.26528,22.45283,22.72748,23.04395,23.42056,23.96736,25.03840,26.14661
2025-11-19,2025-11-18,har,1,23.66000,24.09920,True,21.25696,21.77808,22.27857,22.61501,22.85950,23.05269,23.24415,23.41931,23.57904,23.73452,23.88090,24.03901,24.20557,24.41040,24.61810,24.91871,25.26462,25.67794,26.28315,27.45021,28.66685
2025-11-20,2025-11-19,har,1,26.42000,23.23437,True,20.49498,20.99668,21.47940,21.80413,22.03917,22.22575,22.41026,22.57898,22.73373,22.88231,23.02344,23.17633,23.33620,23.53454,23.73405,24.02386,24.35799,24.75636,25.33902,26.46522,27.63764
2025-11-21,2025-11-20,har,1,23.43000,25.75340,True,22.71556,23.27252,23.80776,24.16680,24.42886,24.63436,24.84023,25.02760,25.19803,25.36388,25.51942,25.68862,25.86761,26.08582,26.30892,26.62872,26.99880,27.44122,28.09004,29.33344,30.63374
2025-11-24,2025-11-21,har,1,20.52000,23.11613,True,20.39161,20.88959,21.36796,21.69093,21.92668,22.11144,22.29589,22.46360,22.61781,22.76584,22.90615,23.05837,23.21778,23.41458,23.61382,23.90194,24.23434,24.63126,25.21356,26.33005,27.49593
2025-11-25,2025-11-24,har,1,18.56000,20.47972,True,18.06674,18.50698,18.92814,19.21641,19.42559,19.58899,19.75324,19.90192,20.03822,20.16888,20.29467,20.42864,20.56856,20.74436,20.91973,21.17598,21.47035,21.82210,22.33814,23.32839,24.36084
2025-11-26,2025-11-25,har,1,17.19000,18.65983,True,16.46096,16.86169,17.24160,17.50826,17.69940,17.84792,17.99678,18.13326,18.25795,18.37625,18.49176,18.61321,18.74094,18.90186,19.06126,19.29367,19.56297,19.88369,20.35345,21.25535,22.19755
2025-11-28,2025-11-26,har,1,16.35000,17.36882,True,15.32153,15.69501,16.04552,16.29617,16.47517,16.61316,16.75100,16.87797,16.99436,17.10449,17.21267,17.32532,17.44447,17.59502,17.74233,17.95865,18.20975,18.50769,18.94579,19.78450,20.66313
2025-12-01,2025-11-28,har,1,17.24000,16.54791,True,14.59693,14.95350,15.28706,15.52706,15.69541,15.82833,15.95981,16.08007,16.19038,16.29644,16.39817,16.50625,16.62002,16.76395,16.90402,17.10992,17.34931,17.63226,18.05094,18.84923,19.68743
2025-12-02,2025-12-01,har,1,16.59000,17.33972,True,15.29584,15.66881,16.01874,16.26932,16.44565,16.58509,16.72298,16.84951,16.96530,17.07588,17.18346,17.29612,17.41500,17.56605,17.71269,17.92898,18.17903,18.47544,18.91370,19.75095,20.62861
2025-12-03,2025-12-02,har,1,16.08000,16.72231,True,14.75144,15.11126,15.44898,15.69042,15.86096,15.99525,16.12777,16.24921,16.36108,16.46814,16.57106,16.68044,16.79528,16.94072,17.08219,17.29088,17.53213,17.81770,18.23964,19.04791,19.89421
2025-12-04,2025-12-03,har,1,15.78000,16.23748,True,14.32399,14.67351,15.00167,15.23576,15.40194,15.53197,15.66024,15.77776,15.88684,15.99093,16.09003,16.19696,16.30871,16.44972,16.58715,16.78980,17.02407,17.30123,17.71009,18.49587,19.31746
2025-12-05,2025-12-04,har,1,15.41000,15.95084,True,14.07135,14.41478,14.73739,14.96701,15.13093,15.25803,15.38415,15.49969,15.60630,15.70861,15.80608,15.91105,16.02106,16.15949,16.29453,16.49347,16.72358,16.99589,17.39651,18.16952,18.97641
2025-12-08,2025-12-05,har,1,16.66000,15.59817,True,13.76047,14.09642,14.41212,14.63630,14.79721,14.92113,15.04434,15.15644,15.26126,15.36153,15.45679,15.55933,15.66711,15.80202,15.93445,16.12890,16.35370,16.62021,17.01092,17.76800,18.55683
2025-12-09,2025-12-08,har,1,16.93000,16.74328,True,14.77073,15.13086,15.47003,15.71075,15.88375,16.01599,16.14828,16.26926,16.38145,16.48878,16.59111,16.70133,16.81667,16.96207,17.10380,17.31305,17.55443,17.84116,18.25772,19.07192,19.91848
2025-12-10,2025-12-09,har,1,15.77000,16.98830,True,14.98695,15.35232,15.69666,15.94075,16.11620,16.25040,16.38457,16.50757,16.62120,16.73018,16.83392,16.94587,17.06265,17.21005,17.35396,17.56591,17.81129,18.10161,18.52341,19.35087,20.20974
2025-12-11,2025-12-10,har,1,14.85000,15.91573,True,14.04157,14.38357,14.70664,14.93338,15.09705,15.22453,15.35031,15.46514,15.57213,15.67423,15.77133,15.87646,15.98616,16.12369,16.25874,16.45732,16.68707,16.95891,17.35358,18.12977,18.93359
2025-12-12,2025-12-11,har,1,15.74000,15.05671,True,13.28413,13.60777,13.91366,14.12708,14.28154,14.40308,14.52195,14.62992,14.73169,14.82879,14.92043,15.01936,15.12384,15.25340,15.38144,15.56958,15.78641,16.04387,16.41601,17.15170,17.91175
2025-12-15,2025-12-12,har,1,16.50000,15.87700,True,14.00800,14.34889,14.67170,14.89671,15.05942,15.18747,15.31286,15.42725,15.53427,15.63627,15.73308,15.83786,15.94751,16.08455,16.21941,16.41791,16.64633,16.91767,17.30919,18.08583,18.88706
2025-12-16,2025-12-15,har,1,16.48000,16.57215,True,14.62131,14.97698,15.31411,15.54904,15.71862,15.85217,15.98320,16.10300,16.21445,16.32060,16.42171,16.53145,16.64557,16.78900,16.92942,17.13696,17.37515,17.65810,18.06564,18.87736,19.71364
2025-12-17,2025-12-16,har,1,17.62000,16.54562,True,14.59813,14.95313,15.29021,15.52425,15.69398,15.82688,15.95772,16.07763,16.18854,16.29454,16.39659,16.50492,16.61887,16.76209,16.90229,17.10947,17.34698,17.62979,18.03551,18.84716,19.68186
2025-12-18,2025-12-17,har,1,16.87000,17.59381,True,15.52248,15.90018,16.25896,16.50774,16.68840,16.82952,16.96849,17.09606,17.21368,17.32657,17.43583,17.55015,17.67118,17.82376,17.97328,18.19304,18.44617,18.74617,19.17604,20.04054,20.92849
2025-12-19,2025-12-18,har,1,14.91000,16.91270,True,14.92229,15.28492,15.63045,15.86890,16.04300,16.17807,16.31149,16.43391,16.54749,16.65587,16.76022,16.87099,16.98738,17.13386,17.27732,17.48893,17.73232,18.02066,18.43306,19.26507,20.11799
2025-12-22,2025-12-19,har,1,14.08000,15.09334,True,13.31134,13.63982,13.94640,14.16119,14.31645,14.43790,14.55715,14.66584,14.76778,14.86471,14.95712,15.05634,15.16060,15.29090,15.41927,15.60831,15.82510,16.08227,16.44976,17.19341,17.95400
2025-12-23,2025-12-22,har,1,14.00000,14.29899,True,12.61078,12.92230,13.21286,13.41533,13.56264,13.67835,13.79124,13.89374,13.99056,14.08283,14.16994,14.26390,14.36313,14.48624,14.60809,14.78711,14.99194,15.23548,15.58276,16.28875,17.00943
2025-12-24,2025-12-23,har,1,13.47000,14.19586,True,12.51986,12.82925,13.11789,13.31890,13.46509,13.58016,13.69197,13.79380,13.88991,13.98137,14.06783,14.16086,14.25954,14.38177,14.50284,14.68052,14.88357,15.12511,15.46931,16.17130,16.88675
2025-12-26,2025-12-24,har,1,13.60000,13.67079,True,12.05674,12.35505,12.63313,12.82646,12.96745,13.07735,13.18549,13.28346,13.37632,13.46421,13.54765,13.63702,13.73246,13.84994,13.96670,14.13780,14.33292,14.56545,14.89628,15.57329,16.26240
2025-12-29,2025-12-26,har,1,14.20000,13.76468,True,12.13964,12.44001,12.72023,12.91474,13.05664,13.16742,13.27624,13.37490,13.46826,13.55698,13.64087,13.73056,13.82672,13.94476,14.06246,14.23480,14.43134,14.66498,14.99775,15.68025,16.37393
2025-12-30,2025-12-29,har,1,14.33000,14.30711,True,12.61820,12.93012,13.22163,13.42384,13.57104,13.68635,13.79945,13.90204,13.99891,14.09109,14.17833,14.27179,14.37146,14.49454,14.61668,14.79531,14.99988,15.24212,15.58765,16.29800,17.01882
2025-12-31,2025-12-30,har,1,14.95000,14.42329,True,12.72077,13.03519,13.32930,13.53305,13.68134,13.79772,13.91165,14.01498,14.11264,14.20559,14.29350,14.38771,14.48809,14.61215,14.73535,14.91527,15.12158,15.36532,15.71329,16.43032,17.15681
2026-01-02,2025-12-31,har,1,14.51000,14.99470,True,13.22488,13.55150,13.85766,14.06922,14.22367,14.34421,14.46278,14.57068,14.67172,14.76818,14.86037,14.95800,15.06192,15.19121,15.31889,15.50643,15.72041,15.97373,16.33544,17.08101,17.83641
2026-01-05,2026-01-02,har,1,14.90000,14.59293,True,12.87076,13.18863,13.48707,13.69250,13.84325,13.96013,14.07545,14.17978,14.27856,14.37261,14.46157,14.55701,14.65845,14.78408,14.90863,15.09097,15.29933,15.54568,15.89793,16.62346,17.35854
2026-01-06,2026-01-05,har,1,14.75000,14.95500,True,13.19025,13.51586,13.82211,14.03234,14.18718,14.30649,14.42478,14.53164,14.63287,14.72913,14.82111,14.91845,15.02215,15.15110,15.27840,15.46508,15.67878,15.93116,16.29216,17.03577,17.78914
2026-01-07,2026-01-06,har,1,15.38000,14.81839,True,13.06995,13.39255,13.69644,13.90429,14.05816,14.17593,14.29308,14.39943,14.49929,14.59466,14.68495,14.78201,14.88491,15.01259,15.13878,15.32372,15.53561,15.78554,16.14337,16.88016,17.62669
2026-01-08,2026-01-07,har,1,15.45000,15.40001,True,13.58305,13.91814,14.23437,14.45017,14.61034,14.73229,14.85404,14.96495,15.06838,15.16747,15.26204,15.36234,15.46910,15.60202,15.73289,15.92546,16.14517,16.40484,16.77665,17.54252,18.31833
2026-01-09,2026-01-08,har,1,14.49000,15.46680,True,13.64212,13.97859,14.29662,14.51301,14.67376,14.79630,14.91847,15.03026,15.13394,15.23339,15.32908,15.42913,15.53608,15.66951,15.80110,15.99434,16.21503,16.47584,16.84931,17.61853,18.39777
2026-01-12,2026-01-09,har,1,15.12000,14.58392,True,12.86376,13.18094,13.48135,13.68403,13.83473,13.95161,14.06689,14.17177,14.27003,14.36382,14.45357,14.54845,14.64937,14.77513,14.89940,15.08148,15.28965,15.53553,15.88787,16.61299,17.34783
2026-01-13,2026-01-12,har,1,15.98000,15.15942,True,13.37155,13.70104,14.01371,14.22405,14.38097,14.50198,14.62190,14.73135,14.83327,14.93064,15.02469,15.12263,15.22745,15.35829,15.48723,15.67692,15.89270,16.14848,16.51446,17.26842,18.03214
2026-01-14,2026-01-13,har,1,16.75000,15.95143,True,14.07019,14.41678,14.74614,14.96712,15.13256,15.25955,15.38583,15.50116,15.60820,15.71074,15.80946,15.91285,16.02296,16.16078,16.29674,16.49599,16.72315,16.99196,17.37702,18.17038,18.97403
2026-01-15,2026-01-14,har,1,15.84000,16.66259,True,14.69739,15.05951,15.40387,15.63440,15.80762,15.94005,16.07187,16.19228,16.30409,16.41128,16.51425,16.62245,16.73723,16.88134,17.02455,17.23164,17.46859,17.74914,18.15164,18.98022,19.81986
2026-01-16,2026-01-15,har,1,15.86000,15.83710,True,13.96979,14.31362,14.64105,14.85998,15.02458,15.14994,15.27542,15.38975,15.49632,15.59807,15.69616,15.79889,15.90810,16.04506,16.18066,16.37809,16.60341,16.87021,17.25236,18.04003,18.83801
2026-01-20,2026-01-16,har,1,20.09000,15.86216,True,13.99205,14.33636,14.66426,14.88354,15.04848,15.17391,15.29965,15.41442,15.52086,15.62294,15.72102,15.82416,15.93323,16.07029,16.20570,16.40382,16.62962,16.89688,17.27962,18.06850,18.86779
2026-01-21,2026-01-20,har,1,16.90000,19.71745,True,17.39221,17.82003,18.22709,18.49996,18.70446,18.86104,19.01804,19.15991,19.29273,19.42017,19.54085,19.66981,19.80526,19.97461,20.14483,20.39014,20.67123,21.00299,21.47950,22.46070,23.46046
2026-01-22,2026-01-21,har,1,15.64000,16.84489,True,14.85353,15.22318,15.56897,15.80329,15.97824,16.11221,16.24676,16.36817,16.48270,16.59040,16.69468,16.80482,16.91940,17.06513,17.20900,17.41998,17.66069,17.94412,18.35027,19.18921,20.04113
2026-01-23,2026-01-22,har,1,16.09000,15.68830,True,13.83401,14.17783,14.50061,14.71826,14.88097,15.00584,15.13102,15.24455,15.35083,15.45083,15.54836,15.65108,15.75782,15.89366,16.02755,16.22371,16.44801,16.71186,17.09029,17.87167,18.66511
2026-01-26,2026-01-23,har,1,16.15000,16.10277,True,14.19965,14.55257,14.88417,15.10686,15.27388,15.40233,15.53094,15.64719,15.75668,15.85933,15.95935,16.06453,16.17414,16.31346,16.45130,16.65226,16.88225,17.15309,17.54173,18.34381,19.15788
2026-01-27,2026-01-26,har,1,16.35000,16.16307,True,14.25300,14.60712,14.94042,15.16348,15.33122,15.46001,15.58924,15.70580,15.81600,15.91935,16.01928,16.12474,16.23457,16.37451,16.51268,16.71421,16.94514,17.21706,17.60737,18.41247,19.22943
2026-01-28,2026-01-27,har,1,16.35000,16.33045,True,14.40076,14.75850,15.09564,15.32049,15.49011,15.62007,15.75075,15.86864,15.97989,16.08472,16.18521,16.29172,16.40288,16.54397,16.68343,16.88686,17.12026,17.39504,17.78967,18.60313,19.42833
2026-01-29,2026-01-28,har,1,16.88000,16.33293,True,14.40313,14.76079,15.09845,15.32290,15.49266,15.62246,15.75325,15.87135,15.98252,16.08718,16.18775,16.29434,16.40521,16.54646,16.68580,16.88896,17.12252,17.39740,17.79232,18.60592,19.43110
2026-01-30,2026-01-29,har,1,17.44000,16.82835,True,14.84009,15.20850,15.55682,15.78758,15.96272,16.09639,16.23117,16.35296,16.46741,16.57510,16.67867,16.78861,16.90300,17.04827,17.19218,17.40056,17.64132,17.92469,18.33194,19.17019,20.02024
2026-02-02,2026-01-30,har,1,16.34000,17.35057,True,15.30064,15.68038,16.03943,16.27764,16.45823,16.59642,16.73477,16.86072,16.97838,17.08950,17.19621,17.30976,17.42764,17.57730,17.72628,17.94207,18.18846,18.48048,18.90060,19.76486,20.64125
2026-02-03,2026-02-02,har,1,18.00000,16.35570,True,14.42378,14.78157,15.11998,15.34492,15.51374,15.64412,15.77517,15.89347,16.00481,16.10961,16.21034,16.31737,16.42832,16.56952,16.70969,16.91289,17.14582,17.42071,17.81678,18.63165,19.45759
2026-02-04,2026-02-03,har,1,18.64000,17.87830,True,15.76647,16.15768,16.52713,16.77320,16.95778,17.10021,17.24363,17.37306,17.49419,17.60916,17.71945,17.83632,17.95773,18.11176,18.26564,18.48824,18.74249,19.04389,19.47571,20.36579,21.26830
2026-02-05,2026-02-04,har,1,21.77000,18.47869,True,16.29589,16.70014,17.08201,17.33663,17.52755,17.67481,17.82262,17.95674,18.08170,18.20047,18.31435,18.43541,18.56083,18.72002,18.87923,19.10889,19.37118,19.68292,20.12962,21.04944,21.98229
2026-02-06,2026-02-05,har,1,20.37000,21.33234,True,18.81139,19.27840,19.71942,20.01402,20.23415,20.40530,20.57419,20.72926,20.87361,21.01114,21.14222,21.28117,21.42710,21.61044,21.79423,22.05927,22.36389,22.72361,23.24749,24.30007,25.37650
2026-02-09,2026-02-06,har,1,17.36000,20.10747,True,17.73207,18.17193,18.58724,18.86495,19.07286,19.23214,19.39265,19.53862,19.67485,19.80442,19.92817,20.05968,20.19655,20.36971,20.54281,20.79269,21.07962,21.41924,21.91158,22.90515,23.91904
2026-02-10,2026-02-09,har,1,17.79000,17.39201,True,15.33174,15.71675,16.07568,16.31607,16.49617,16.63462,16.77436,16.89981,17.01806,17.13002,17.23733,17.35164,17.46922,17.61893,17.76892,17.98537,18.23298,18.52689,18.95145,19.81247,20.68903
2026-02-11,2026-02-10,har,1,17.65000,17.78729,True,15.68024,16.07412,16.44157,16.68708,16.87144,17.01260,17.15569,17.28417,17.40456,17.51941,17.62926,17.74596,17.86624,18.01937,18.17287,18.39382,18.64689,18.94748,19.38028,20.26274,21.15883
2026-02-12,2026-02-11,har,1,20.82000,17.66025,True,15.56837,15.95941,16.32468,16.56819,16.75126,16.89140,17.03323,17.16110,17.28053,17.39442,17.50338,17.61919,17.73863,17.89061,18.04304,18.26249,18.51322,18.81167,19.23987,20.11800,21.00760
2026-02-13,2026-02-12,har,1,20.60000,20.53189,True,18.09945,18.55431,18.97875,19.26151,19.47534,19.63790,19.80274,19.95151,20.08991,20.22271,20.34973,20.48362,20.62288,20.79900,20.97627,21.23125,21.52478,21.87333,22.39041,23.38906,24.42162
2026-02-17,2026-02-13,har,1,20.29000,20.34488,True,17.93471,18.38539,18.80594,19.08614,19.29800,19.45916,19.62257,19.77013,19.90718,20.03864,20.16473,20.29703,20.43474,20.60949,20.78514,21.03781,21.32825,21.67360,22.18397,23.17598,24.19897
2026-02-18,2026-02-17,har,1,19.62000,20.09167,True,17.71168,18.15668,18.57195,18.84868,19.05786,19.21710,19.37862,19.52439,19.65984,19.78942,19.91414,20.04442,20.18013,20.35296,20.52640,20.77595,21.06236,21.40343,21.90553,22.88753,23.89761
2026-02-19,2026-02-18,har,1,20.23000,19.50579,True,17.19550,17.62741,18.03051,18.29919,18.50227,18.65714,18.81394,18.95535,19.08656,19.21211,19.33314,19.46006,19.59157,19.75951,19.92788,20.16981,20.44784,20.77898,21.26469,22.22029,23.20071
2026-02-20,2026-02-19,har,1,19.09000,20.08201,True,17.70345,18.14810,18.56309,18.84019,19.04862,19.20835,19.36969,19.51540,19.65026,19.77965,19.90449,20.03477,20.17056,20.34315,20.51655,20.76597,21.05132,21.39211,21.89033,22.87641,23.88557
2026-02-23,2026-02-20,har,1,21.01000,19.03781,True,16.78328,17.20472,17.59807,17.86177,18.05862,18.20913,18.36234,18.50044,18.62883,18.75122,18.86930,18.99323,19.12156,19.28547,19.44989,19.68636,19.95642,20.27935,20.74998,21.68733,22.64388
2026-02-24,2026-02-23,har,1,19.55000,20.78303,True,18.32169,18.78158,19.21104,19.49944,19.71330,19.87787,20.04534,20.19605,20.33625,20.46986,20.59885,20.73396,20.87469,21.05299,21.23280,21.49070,21.78652,22.14140,22.66722,23.67482,24.71838
2026-02-25,2026-02-24,har,1,17.93000,19.46807,True,17.16289,17.59351,17.99576,18.26701,18.46602,18.62020,18.77721,18.91826,19.04972,19.17469,19.29562,19.42230,19.55373,19.72118,19.88936,20.13122,20.40841,20.74040,21.23313,22.17720,23.15472
2026-02-26,2026-02-25,har,1,18.63000,17.98833,True,15.85870,16.25663,16.62683,16.87554,17.06237,17.20456,17.34972,17.47995,17.60143,17.71730,17.82907,17.94626,18.06751,18.22239,18.37784,18.60129,18.85725,19.16370,19.61905,20.49184,21.39534
2026-02-27,2026-02-26,har,1,19.86000,18.62155,True,16.41699,16.82875,17.21238,17.46931,17.66297,17.81036,17.96050,18.09543,18.22134,18.34104,18.45667,18.57795,18.70373,18.86377,19.02506,19.25628,19.52058,19.83777,20.30953,21.21306,22.14795
2026-03-02,2026-02-27,har,1,21.44000,19.74802,True,17.40998,17.84646,18.25373,18.52574,18.73118,18.88766,19.04697,19.18992,19.32370,19.45024,19.57312,19.70182,19.83530,20.00455,20.17620,20.42094,20.70227,21.04089,21.53773,22.49591,23.48696
2026-03-03,2026-03-02,har,1,23.57000,21.18481,True,18.67656,19.14464,19.58160,19.87440,20.09379,20.26166,20.43244,20.58599,20.73007,20.86510,20.99702,21.13487,21.27818,21.45981,21.64533,21.90714,22.20842,22.57140,23.10107,24.13199,25.19497
2026-03-04,2026-03-03,har,1,21.15000,23.13230,True,20.39303,20.90435,21.38160,21.70237,21.94093,22.12398,22.31007,22.47850,22.63429,22.78340,22.92690,23.07732,23.23512,23.43265,23.63598,23.92144,24.25057,24.64699,25.23011,26.34987,27.51024
2026-03-05,2026-03-04,har,1,23.75000,20.98832,True,18.50380,18.96709,19.39631,19.68882,19.90699,20.07316,20.24266,20.39454,20.53738,20.67129,20.80222,20.93887,21.08058,21.26068,21.44498,21.70420,22.00292,22.36264,22.89202,23.90803,24.96090
2026-03-06,2026-03-05,har,1,29.49000,23.37279,True,20.60575,21.12135,21.60000,21.92521,22.16793,22.35337,22.54163,22.71136,22.87068,23.01914,23.16520,23.31742,23.47618,23.67669,23.88120,24.16979,24.50313,24.90318,25.49411,26.62318,27.79512
2026-03-09,2026-03-06,har,1,25.50000,28.55865,True,25.17639,25.80659,26.39247,26.78944,27.08449,27.31191,27.54061,27.75062,27.94268,28.12724,28.30387,28.48982,28.68523,28.92890,29.18047,29.53333,29.93845,30.43003,31.15176,32.52872,33.97158
2026-03-10,2026-03-09,har,1,24.93000,25.05705,True,22.09075,22.64137,23.15324,23.50376,23.76426,23.96307,24.16470,24.34664,24.51830,24.67696,24.83441,24.99699,25.16740,25.38286,25.60161,25.91190,26.26858,26.69880,27.33188,28.54148,29.80454
2026-03-11,2026-03-10,har,1,24.23000,24.56161,True,21.65427,22.19378,22.69563,23.03929,23.29448,23.48928,23.68741,23.86579,24.03392,24.18951,24.34416,24.50244,24.66904,24.88050,25.09489,25.39915,25.74897,26.17056,26.79131,27.97715,29.21504
2026-03-12,2026-03-11,har,1,27.29000,23.96099,True,21.12506,21.65118,22.14078,22.47612,22.72500,22.91497,23.10850,23.28273,23.44672,23.59848,23.74800,23.90315,24.06538,24.27159,24.48114,24.77758,25.11910,25.53037,26.13601,27.29305,28.50053
2026-03-13,2026-03-12,har,1,27.19000,26.74413,True,23.57881,24.16546,24.71329,25.08590,25.36418,25.57760,25.79202,25.98629,26.16937,26.33905,26.50687,26.67886,26.86073,27.09067,27.32536,27.65683,28.03607,28.49702,29.17194,30.46222,31.80844
2026-03-16,2026-03-13,har,1,23.51000,26.66127,True,23.50592,24.09050,24.63689,25.00849,25.28583,25.49851,25.71254,25.90600,26.08849,26.25755,26.42506,26.59636,26.77777,27.00732,27.24014,27.57088,27.94860,28.40861,29.08104,30.36772,31.70948
2026-03-17,2026-03-16,har,1,22.37000,23.35838,True,20.59417,21.10633,21.58441,21.90947,22.15259,22.33907,22.52711,22.69704,22.85686,23.00516,23.15157,23.30215,23.46061,23.66279,23.86521,24.15472,24.48731,24.88924,25.47983,26.60649,27.78191
2026-03-18,2026-03-17,har,1,25.09000,22.31350,True,19.67332,20.16244,20.61859,20.92989,21.16234,21.33985,21.51882,21.68122,21.83413,21.97617,22.11573,22.25980,22.41076,22.60387,22.79761,23.07402,23.39240,23.77578,24.34016,25.41664,26.53977
2026-03-19,2026-03-18,har,1,24.06000,24.78145,True,21.84896,22.39182,22.89997,23.24334,23.50189,23.70082,23.89839,24.07896,24.24898,24.40602,24.56029,24.72148,24.88943,25.10341,25.31889,25.62758,25.97844,26.40651,27.03289,28.22662,29.47222
2026-03-20,2026-03-19,har,1,26.78000,23.84308,True,21.02204,21.54410,22.03294,22.36368,22.61232,22.80357,22.99396,23.16696,23.33060,23.48191,23.63027,23.78548,23.94695,24.15336,24.35988,24.65647,24.99464,25.40639,26.00937,27.15799,28.35644
2026-03-23,2026-03-20,har,1,26.15000,26.29173,True,23.18030,23.75620,24.29562,24.66050,24.93420,25.14514,25.35510,25.54596,25.72674,25.89272,26.05645,26.22734,26.40673,26.63223,26.86203,27.19021,27.56180,28.01747,28.68757,29.94595,31.26645
2026-03-24,2026-03-23,har,1,26.95000,25.75852,True,22.71042,23.27446,23.80303,24.16094,24.42851,24.63530,24.84106,25.02790,25.20521,25.36778,25.52872,25.69544,25.87065,26.09203,26.31647,26.63837,27.00269,27.44899,28.10439,29.33861,30.63215
2026-03-25,2026-03-24,har,1,25.33000,26.52166,True,23.38298,23.96386,24.50796,24.87734,25.15214,25.36531,25.57698,25.76924,25.95180,26.11906,26.28525,26.45629,26.63797,26.86538,27.09766,27.42877,27.80213,28.26149,28.93525,30.20745,31.53889
2026-03-26,2026-03-25,har,1,27.44000,25.07869,True,22.11142,22.66025,23.17493,23.52443,23.78379,23.98493,24.18528,24.36735,24.53983,24.69833,24.85495,25.01730,25.18809,25.40346,25.62297,25.93617,26.28964,26.72393,27.35990,28.56424,29.82333
2026-03-27,2026-03-26,har,1,31.05000,27.00898,True,23.81266,24.40434,24.95881,25.33569,25.61382,25.83078,26.04632,26.24237,26.42847,26.59794,26.76786,26.94214,27.12731,27.35945,27.59639,27.93289,28.31283,28.78160,29.47750,30.76191,32.11676
2026-03-30,2026-03-27,har,1,30.61000,30.27833,True,26.69344,27.35653,27.97907,28.40323,28.71320,28.95715,29.19788,29.41810,29.62666,29.81658,30.00854,30.20315,30.41096,30.67139,30.93914,31.31364,31.74101,32.26786,33.04534,34.48438,36.00333
2026-03-31,2026-03-30,har,1,25.25000,29.94510,True,26.39960,27.05556,27.67116,28.09092,28.39704,28.63873,28.87718,29.09434,29.30081,29.48979,29.67836,29.87096,30.07619,30.33376,30.59711,30.96905,31.39127,31.91191,32.68106,34.10480,35.60693
2026-04-01,2026-03-31,har,1,24.54000,25.13927,True,22.15806,22.71383,23.23054,23.57907,23.84027,24.04291,24.24337,24.42568,24.59860,24.75712,24.91475,25.07767,25.24935,25.46525,25.68624,25.99897,26.35402,26.79212,27.44035,28.63337,29.89283
2026-04-02,2026-04-01,har,1,23.87000,24.49668,True,21.59197,22.13354,22.63685,22.97713,23.23114,23.42840,23.62426,23.80167,23.97016,24.12449,24.27755,24.43661,24.60408,24.81376,25.02921,25.33439,25.68030,26.10672,26.73847,27.90166,29.12918
2026-04-06,2026-04-02,har,1,24.17000,23.86675,True,21.03697,21.56466,22.05478,22.38696,22.63404,22.82607,23.01735,23.18991,23.35325,23.50438,23.65335,23.80842,23.97119,24.17564,24.38516,24.68314,25.01993,25.43514,26.05037,27.18439,28.38064
2026-04-07,2026-04-06,har,1,25.78000,24.10542,True,21.24751,21.78024,22.27553,22.61144,22.86029,23.05469,23.24763,23.42186,23.58720,23.73930,23.88991,24.04643,24.21143,24.41736,24.62801,24.92958,25.26973,25.68869,26.31064,27.45604,28.66391
2026-04-08,2026-04-07,har,1,21.04000,25.53474,True,22.50736,23.07125,23.59644,23.95298,24.21527,24.42161,24.62500,24.80998,24.98524,25.14621,25.30670,25.47236,25.64665,25.86544,26.08922,26.40804,26.76852,27.21456,27.87017,29.08301,30.36170
2026-04-09,2026-04-08,har,1,19.49000,21.19472,True,18.67596,19.15013,19.58620,19.88165,20.09988,20.27220,20.44250,20.59352,20.73888,20.87366,21.00463,21.14424,21.28770,21.47076,21.65688,21.91943,22.22100,22.59040,23.13429,24.14235,25.20388
2026-04-10,2026-04-09,har,1,19.23000,19.73153,True,17.38562,17.82824,18.23326,18.50649,18.71290,18.87274,19.02961,19.17188,19.30746,19.43319,19.55536,19.68485,19.81908,19.98913,20.16247,20.40591,20.68750,21.03138,21.53701,22.47648,23.46551
2026-04-13,2026-04-10,har,1,19.12000,19.45537,True,17.14193,17.57871,17.97883,18.24799,18.45136,18.60885,18.76430,18.90406,19.03737,19.16133,19.28178,19.40931,19.54170,19.70919,19.88057,20.12049,20.39805,20.73682,21.23546,22.16205,23.13747
2026-04-14,2026-04-13,har,1,18.36000,19.31629,True,17.01918,17.45309,17.85100,18.11805,18.31971,18.47608,18.63093,18.76912,18.90138,19.02443,19.14384,19.27012,19.40181,19.56780,19.73839,19.97692,20.25255,20.58821,21.08360,22.00368,22.97224
2026-04-15,2026-04-14,har,1,18.17000,18.56279,True,16.35430,16.77242,17.15511,17.41173,17.60567,17.75514,17.90337,18.03687,18.16382,18.28264,18.39675,18.51780,18.64501,18.80445,18.96741,19.19774,19.46298,19.78490,20.26027,21.14566,22.07673
2026-04-16,2026-04-15,har,1,17.94000,18.35751,True,16.17306,16.58710,16.96562,17.21959,17.41117,17.55948,17.70594,17.83760,17.96266,18.08050,18.19326,18.31294,18.43846,18.59653,18.75683,18.98530,19.24749,19.56579,20.03545,20.91186,21.83269
2026-04-17,2026-04-16,har,1,17.48000,18.12765,True,15.97014,16.37960,16.75342,17.00439,17.19345,17.33979,17.48446,17.61443,17.73753,17.85430,17.96577,18.08339,18.20710,18.36391,18.52140,18.74748,19.00617,19.32056,19.78399,20.65005,21.55940
2026-04-20,2026-04-17,har,1,18.87000,17.68571,True,15.58002,15.98037,16.34530,16.59032,16.77475,16.91738,17.05810,17.18480,17.30451,17.41917,17.52791,17.64212,17.76242,17.91667,18.06991,18.29050,18.54240,18.84919,19.30132,20.14674,21.03398
2026-04-21,2026-04-20,har,1,19.50000,18.94908,True,16.69497,17.12186,17.51233,17.77612,17.97225,18.12536,18.27636,18.41234,18.54155,18.66294,18.77943,18.90291,19.03217,19.19572,19.36151,19.59724,19.86827,20.19768,20.67807,21.58526,22.53574
2026-04-22,2026-04-21,har,1,18.92000,19.52426,True,17.20249,17.64148,18.04352,18.31641,18.51766,18.67551,18.83129,18.97133,19.10470,19.22946,19.34924,19.47678,19.61049,19.77866,19.95126,20.19216,20.47108,20.81069,21.30404,22.24012,23.21941
2026-04-23,2026-04-22,har,1,19.31000,18.98934,True,16.73088,17.15843,17.54965,17.81516,18.01056,18.16411,18.31574,18.45138,18.58094,18.70259,18.81933,18.94312,19.07300,19.23670,19.40388,19.63859,19.90999,20.23981,20.72003,21.63082,22.58330
2026-04-24,2026-04-23,har,1,18.71000,19.34419,True,17.04399,17.47904,17.87743,18.14877,18.34704,18.50360,18.65802,18.79623,18.92825,19.05207,19.17089,19.29722,19.43027,19.59682,19.76547,20.00543,20.28182,20.61768,21.10580,22.03479,23.00502
2026-04-27,2026-04-24,har,1,18.02000,18.79403,True,16.55899,16.98223,17.36938,17.63312,17.82545,17.97785,18.12738,18.26162,18.38988,18.51038,18.62590,18.74835,18.87739,19.03933,19.20254,19.43648,19.70479,20.03093,20.50526,21.40813,22.35083
2026-04-28,2026-04-27,har,1,17.83000,18.14727,True,15.98870,16.39821,16.77192,17.02678,17.21233,17.35978,17.50348,17.63299,17.75648,17.87339,17.98533,18.10291,18.22758,18.38424,18.54135,18.76777,19.02651,19.34150,19.79965,20.67151,21.58188
2026-04-29,2026-04-28,har,1,18.81000,17.94961,True,15.81455,16.21973,16.58934,16.84132,17.02525,17.17075,17.31292,17.44110,17.56309,17.67877,17.78950,17.90541,18.02804,18.18404,18.33923,18.56323,18.81893,19.13031,19.58402,20.44645,21.34678
2026-04-30,2026-04-29,har,1,16.89000,18.82697,True,16.58858,17.01223,17.40005,17.66458,17.85743,18.00986,18.15914,18.29368,18.42216,18.54267,18.65868,18.78102,18.91031,19.07280,19.23656,19.47064,19.73819,20.06444,20.54001,21.44550,22.38960
2026-05-01,2026-04-30,har,1,16.99000,17.04084,True,15.01450,15.39674,15.74979,15.98677,16.16331,16.30142,16.43663,16.55778,16.67405,16.78385,16.88908,16.99912,17.11638,17.26408,17.41165,17.62357,17.86607,18.16074,18.59256,19.41146,20.26595
2026-05-04,2026-05-01,har,1,18.29000,17.11000,True,15.07568,15.45934,15.81376,16.05214,16.22897,16.36764,16.50341,16.62526,16.74199,16.85209,16.95770,17.06793,17.18458,17.33399,17.48197,17.69492,17.93837,18.23388,18.66769,19.49025,20.34803
2026-05-05,2026-05-04,har,1,17.38000,18.28760,True,16.11435,16.52340,16.90188,17.15724,17.34567,17.49413,17.63885,17.76959,17.89466,18.01154,18.12442,18.24280,18.36879,18.52686,18.68575,18.91304,19.17403,19.49133,19.95157,20.83122,21.74785
2026-05-06,2026-05-05,har,1,17.39000,17.44720,True,15.37401,15.76433,16.12558,16.36916,16.54902,16.69008,16.82859,16.95248,17.07224,17.18396,17.29179,17.40442,17.52382,17.67570,17.82681,18.04388,18.29274,18.59548,19.03501,19.87417,20.74846
2026-05-07,2026-05-06,har,1,17.08000,17.43750,True,15.36571,15.75568,16.11669,16.36037,16.54002,16.68087,16.81930,16.94340,17.06297,17.17453,17.28219,17.39457,17.51280,17.66562,17.81652,18.03362,18.28227,18.58487,19.02420,19.86313,20.73674
2026-05-08,2026-05-07,har,1,17.19000,17.14450,True,15.10772,15.49110,15.84604,16.08554,16.26234,16.40069,16.53684,16.65909,16.77634,16.88593,16.99189,17.10226,17.21791,17.36866,17.51698,17.73040,17.97489,18.27216,18.70442,19.52948,20.38820
2026-05-11,2026-05-08,har,1,18.38000,17.24022,True,15.19236,15.57770,15.93456,16.17540,16.35332,16.49242,16.62922,16.75232,16.87007,16.98031,17.08677,17.19790,17.31383,17.46538,17.61445,17.82934,18.07496,18.37366,18.80858,19.63850,20.50182
2026-05-12,2026-05-11,har,1,17.99000,18.31913,True,16.14350,16.55245,16.93153,17.18753,17.37672,17.52444,17.66962,17.80040,17.92603,18.04269,18.15574,18.27415,18.39734,18.55848,18.71715,18.94541,19.20714,19.52506,19.98520,20.86711,21.78429
2026-05-13,2026-05-12,har,1,17.87000,17.96805,True,15.83448,16.23541,16.60712,16.85822,17.04388,17.18884,17.33152,17.45936,17.58272,17.69685,17.80784,17.92384,18.04468,18.20260,18.35823,18.58210,18.83881,19.15069,19.60226,20.46729,21.36665
2026-05-14,2026-05-13,har,1,17.26000,17.86047,True,15.73996,16.13833,16.50774,16.75737,16.94200,17.08611,17.22805,17.35509,17.47749,17.59100,17.70126,17.81635,17.93647,18.09338,18.24802,18.47058,18.72570,19.03587,19.48475,20.34476,21.23854
2026-05-15,2026-05-14,har,1,18.43000,17.30558,True,15.25133,15.63718,15.99505,16.23693,16.41591,16.55553,16.69320,16.81575,16.93459,17.04452,17.15145,17.26282,17.37923,17.53123,17.68096,17.89682,18.14379,18.44444,18.87942,19.71286,20.57866
2026-05-18,2026-05-15,har,1,17.82000,18.37621,True,16.19511,16.60444,16.98441,17.24174,17.43131,17.57957,17.72583,17.85586,17.98192,18.09874,18.21228,18.33078,18.45438,18.61585,18.77522,19.00431,19.26708,19.58478,20.04710,20.93206,21.85117
2026-05-19,2026-05-18,har,1,18.06000,17.81938,True,15.70482,16.10151,16.46996,16.72013,16.90335,17.04706,17.18902,17.31469,17.43704,17.55032,17.66047,17.77524,17.89510,18.05168,18.20614,18.42827,18.68336,18.99103,19.43965,20.29794,21.18898
2026-05-20,2026-05-19,har,1,17.44000,18.03853,True,15.89819,16.29958,16.67252,16.92645,17.11165,17.25673,17.40056,17.52770,17.65147,17.76619,17.87765,17.99409,18.11544,18.27417,18.42968,18.65455,18.91273,19.22411,19.67844,20.54750,21.44929
2026-05-21,2026-05-20,har,1,16.76000,17.47039,True,15.39785,15.78643,16.14763,16.39421,16.57328,16.71335,16.85293,16.97552,17.09556,17.20665,17.31465,17.42726,17.54480,17.69838,17.84908,18.06711,18.31687,18.61837,19.05860,19.90050,20.77368
2026-05-22,2026-05-21,har,1,16.70000,16.84334,True,14.84552,15.22009,15.56824,15.80670,15.97904,16.11367,16.24768,16.36584,16.48205,16.58912,16.69338,16.80178,16.91511,17.06320,17.20832,17.41882,17.65933,17.94986,18.37448,19.18644,20.02811
2026-05-25,2026-05-22,har,1,16.59000,16.77391,True,14.78457,15.15749,15.50412,15.74230,15.91365,16.04729,16.18089,16.29878,16.41424,16.52090,16.62464,16.73252,16.84538,16.99275,17.13713,17.34706,17.58627,17.87546,18.29856,19.10739,19.94542
2026-05-26,2026-05-25,har,1,17.01000,16.66130,True,14.68557,15.05588,15.40010,15.63739,15.80727,15.93960,16.07243,16.18978,16.30421,16.41017,16.51308,16.62019,16.73231,16.87854,17.02184,17.23064,17.46795,17.75504,18.17555,18.97917,19.81139
2026-05-27,2026-05-26,har,1,16.29000,17.03413,True,15.01443,15.39268,15.74467,15.98731,16.16114,16.29642,16.43247,16.55199,16.66896,16.77731,16.88249,16.99205,17.10669,17.25645,17.40241,17.61562,17.85832,18.15223,18.58217,19.40361,20.25439
2026-05-28,2026-05-27,har,1,15.74000,16.36806,True,14.42768,14.79099,15.12926,15.36250,15.52957,15.65914,15.78949,15.90458,16.01722,16.12143,16.22254,16.32781,16.43787,16.58173,16.72189,16.92651,17.15986,17.44259,17.85571,18.64497,19.46238
2026-05-29,2026-05-28,har,1,15.32000,15.85557,True,13.97620,14.32802,14.65568,14.88174,15.04372,15.16903,15.29495,15.40609,15.51579,15.61673,15.71479,15.81667,15.92326,16.06256,16.19828,16.39630,16.62231,16.89651,17.29674,18.06126,18.85300
2026-06-01,2026-05-29,har,1,16.05000,15.45666,True,13.62479,13.96763,14.28703,14.50751,14.66562,14.78753,14.91041,15.01826,15.12502,15.22393,15.31953,15.41881,15.52270,15.65860,15.79083,15.98362,16.20374,16.47144,16.86166,17.60691,18.37868
2026-06-02,2026-06-01,har,1,15.77000,16.11882,True,14.20878,14.56590,14.89903,15.12897,15.29399,15.42104,15.54914,15.66168,15.77335,15.87595,15.97567,16.07927,16.18764,16.32936,16.46749,16.66936,16.89749,17.17690,17.58388,18.36083,19.16561
2026-06-03,2026-06-02,har,1,16.06000,15.85325,True,13.97496,14.32598,14.65367,14.87983,15.04244,15.16718,15.29319,15.40390,15.51294,15.61441,15.71254,15.81436,15.92093,16.06030,16.19603,16.39440,16.61912,16.89394,17.29422,18.05830,18.84974
2026-06-04,2026-06-03,har,1,15.40000,16.11259,True,14.20382,14.56031,14.89334,15.12328,15.28877,15.41542,15.54356,15.65626,15.76709,15.86984,15.96954,16.07313,16.18145,16.32296,16.46077,16.66209,16.89093,17.17008,17.57708,18.35351,19.15787
2026-06-05,2026-06-04,har,1,21.51000,15.50492,True,13.66848,14.01130,14.33191,14.55300,14.71259,14.83387,14.95713,15.06526,15.17192,15.27146,15.36738,15.46709,15.57122,15.70754,15.84010,16.03359,16.25402,16.52248,16.91430,17.66142,18.43528
2026-06-08,2026-06-05,har,1,18.92000,21.05323,True,18.55951,19.02360,19.45888,19.76005,19.97587,20.14036,20.30823,20.45536,20.59968,20.73385,20.86398,21.00004,21.14188,21.32667,21.50672,21.77086,22.07128,22.43417,22.96644,23.98050,25.03930
2026-06-09,2026-06-08,har,1,19.87000,18.76193,True,16.54131,16.95259,17.34269,17.60911,17.79955,17.94920,18.09897,18.22826,18.35619,18.47732,18.59305,18.71529,18.84105,19.00592,19.16591,19.40141,19.67007,19.99401,20.46761,21.37085,22.31347
2026-06-10,2026-06-09,har,1,22.22000,19.65057,True,17.32445,17.75527,18.16371,18.44323,18.64299,18.79908,18.95646,19.09158,19.22585,19.35232,19.47367,19.60130,19.73313,19.90617,20.07434,20.32060,20.60185,20.94040,21.43652,22.38280,23.37014
2026-06-11,2026-06-10,har,1,19.44000,21.80366,True,19.22170,19.70016,20.15303,20.46358,20.68616,20.85811,21.03309,21.18340,21.33274,21.47263,21.60727,21.74835,21.89489,22.08750,22.27422,22.54686,22.85891,23.23555,23.78663,24.83477,25.93029
2026-06-12,2026-06-11,har,1,17.68000,19.34789,True,17.05805,17.48099,17.88204,18.15734,18.35526,18.50920,18.66373,18.79735,18.92923,19.05395,19.17354,19.29969,19.42927,19.59968,19.76550,20.00786,20.28555,20.61938,21.10688,22.03780,23.00992
2026-06-15,2026-06-12,har,1,16.20000,17.72784,True,15.63008,16.01727,16.38401,16.63394,16.81921,16.95942,17.09991,17.22383,17.34471,17.45850,17.56832,17.68376,17.80307,17.95848,18.11059,18.33278,18.58685,18.89339,19.33983,20.19285,21.08401
2026-06-16,2026-06-15,har,1,16.41000,16.35647,True,14.42111,14.77865,15.11486,15.34602,15.51747,15.64732,15.77712,15.89171,16.00340,16.10832,16.20912,16.31613,16.42594,16.56935,16.70982,16.91531,17.14963,17.43104,17.84413,18.63102,19.45384
2026-06-17,2026-06-16,har,1,18.44000,16.52413,True,14.56897,14.93021,15.27015,15.50360,15.67663,15.80776,15.93883,16.05488,16.16757,16.27349,16.37541,16.48369,16.59424,16.73916,16.88097,17.08859,17.32518,17.60940,18.02697,18.82195,19.65315
2026-06-18,2026-06-17,har,1,16.40000,18.34559,True,16.17482,16.57553,16.95439,17.21177,17.40482,17.55011,17.69556,17.82398,17.94880,18.06665,18.18050,18.30023,18.42328,18.58430,18.74166,18.97173,19.23470,19.55206,20.01586,20.89626,21.81842
2026-06-22,2026-06-18,har,1,17.28000,16.47404,True,14.52521,14.88341,15.22475,15.45487,15.62913,15.76034,15.89048,16.00591,16.11782,16.22386,16.32554,16.43350,16.54424,16.68879,16.83028,17.03674,17.27287,17.55787,17.97410,18.76497,19.59295
2026-06-23,2026-06-22,har,1,19.49000,17.27020,True,15.22720,15.60259,15.96069,16.20184,16.38434,16.52194,16.65857,16.77931,16.89667,17.00768,17.11508,17.22789,17.34365,17.49532,17.64360,17.86039,18.10770,18.40604,18.84196,19.67158,20.53955
2026-06-24,2026-06-23,har,1,18.63000,19.29019,True,17.00777,17.42685,17.82725,18.09624,18.30079,18.45403,18.60652,18.74150,18.87263,18.99657,19.11703,19.24274,19.37173,19.54119,19.70679,19.94989,20.22521,20.55907,21.05158,21.97175,22.94138
2026-06-25,2026-06-24,har,1,18.89000,18.53664,True,16.34420,16.74644,17.13105,17.39020,17.58567,17.73328,17.88034,18.00937,18.13526,18.25443,18.36978,18.49094,18.61513,18.77798,18.93701,19.17030,19.43551,19.75630,20.22929,21.11348,22.04519
2026-06-26,2026-06-25,har,1,18.41000,18.77824,True,16.55717,16.96471,17.35427,17.61713,17.81493,17.96440,18.11353,18.24405,18.37176,18.49230,18.61004,18.73231,18.85772,19.02329,19.18371,19.41976,19.68855,20.01346,20.49200,21.38842,22.33228
2026-06-29,2026-06-26,har,1,17.65000,18.36242,True,16.19097,16.58923,16.97007,17.22755,17.42053,17.56676,17.71270,17.84019,17.96511,18.08286,18.19713,18.31724,18.44022,18.60166,18.75892,18.98948,19.25255,19.57024,20.03771,20.91474,21.83776
2026-06-30,2026-06-29,har,1,16.45000,17.67908,True,15.58897,15.97203,16.33868,16.58699,16.77247,16.91321,17.05318,17.17637,17.29654,17.41001,17.51914,17.63531,17.75412,17.90941,18.06089,18.28271,18.53604,18.84195,19.29149,20.13640,21.02524
2026-07-01,2026-06-30,har,1,16.59000,16.56784,True,14.60955,14.96848,15.31194,15.54274,15.71865,15.85016,15.98083,16.09641,16.20933,16.31596,16.41839,16.52706,16.63836,16.78371,16.92583,17.13378,17.37096,17.65785,18.07827,18.87077,19.70403
2026-07-02,2026-07-01,har,1,16.15000,16.68457,True,14.71264,15.07402,15.41987,15.65233,15.82943,15.96185,16.09358,16.21016,16.32359,16.43093,16.53413,16.64370,16.75550,16.90184,17.04508,17.25445,17.49328,17.78219,18.20505,19.00358,19.84273
2026-07-06,2026-07-02,har,1,15.57000,16.26560,True,14.34323,14.69572,15.03256,15.25946,15.43214,15.56115,15.68967,15.80262,15.91377,16.01848,16.11912,16.22581,16.33476,16.47750,16.61705,16.82112,17.05413,17.33567,17.74734,18.52639,19.34449
2026-07-07,2026-07-06,har,1,16.13000,15.71670,True,13.85910,14.20006,14.52533,14.74501,14.91149,15.03612,15.16001,15.26899,15.37655,15.47817,15.57533,15.67834,15.78361,15.92147,16.05614,16.25331,16.47888,16.75040,17.14795,17.90129,18.69171
2026-07-08,2026-07-07,har,1,16.90000,16.21846,True,14.30197,14.65336,14.98900,15.21616,15.38748,15.51618,15.64401,15.75667,15.86760,15.97214,16.07253,16.17898,16.28750,16.42988,16.56910,16.77223,17.00469,17.28462,17.69483,18.47249,19.28826
2026-07-09,2026-07-08,har,1,15.84000,16.92464,True,14.92515,15.29129,15.64139,15.87909,16.05725,16.19168,16.32501,16.44278,16.55832,16.66737,16.77230,16.88359,16.99664,17.14527,17.29039,17.50273,17.74476,18.03657,18.46463,19.27638,20.12787
2026-07-10,2026-07-09,har,1,15.03000,15.94596,True,14.06207,14.40737,14.73770,14.95955,15.12899,15.25556,15.38113,15.49161,15.60110,15.70386,15.80246,15.90697,16.01404,16.15402,16.29087,16.49078,16.71902,16.99342,17.39694,18.16203,18.96406
2026-07-13,2026-07-10,har,1,17.16000,15.19147,True,13.39657,13.72600,14.04056,14.25200,14.41272,14.53399,14.65336,14.75832,14.86282,14.96111,15.05504,15.15431,15.25653,15.38994,15.52034,15.71049,15.92825,16.18922,16.57384,17.30292,18.06676
2026-07-14,2026-07-13,har,1,16.50000,17.13766,True,15.11422,15.48386,15.83913,16.07787,16.25882,16.39525,16.53017,16.64853,16.76651,16.87699,16.98273,17.09559,17.21076,17.36143,17.50800,17.72344,17.96800,18.26500,18.70205,19.51863,20.38112
2026-07-15,2026-07-14,har,1,15.67000,16.53341,True,14.58151,14.93812,15.28111,15.51160,15.68546,15.81745,15.94730,16.06158,16.17508,16.28205,16.38396,16.49249,16.60388,16.74938,16.89086,17.09862,17.33460,17.62077,18.04233,18.83055,19.66259
2026-07-16,2026-07-15,har,1,16.73000,15.76396,True,13.90301,14.24323,14.57040,14.79026,14.95547,15.08128,15.20505,15.31401,15.42228,15.52450,15.62160,15.72495,15.83134,15.96991,16.10503,16.30297,16.52808,16.80063,17.20224,17.95436,18.74761
2026-07-17,2026-07-16,har,1,18.77000,16.73189,True,14.75704,15.11755,15.46520,15.69856,15.87357,16.00707,16.13859,16.25432,16.36918,16.47743,16.58056,16.69047,16.80320,16.95066,17.09363,17.30434,17.54288,17.83180,18.25764,19.05629,19.89856
2026-07-20,2026-07-17,har,1,18.65000,18.60380,True,16.40790,16.80841,17.19459,17.45462,17.64944,17.79745,17.94374,18.07221,18.20021,18.32037,18.43521,18.55816,18.68286,18.84665,19.00540,19.23959,19.50562,19.82769,20.30414,21.18728,22.12405
2026-07-21,2026-07-20,har,1,17.05000,18.51067,True,16.32588,16.72433,17.10864,17.36765,17.56114,17.70842,17.85403,17.98188,18.10931,18.22873,18.34302,18.46531,18.58919,18.75213,18.91026,19.14325,19.40771,19.72827,20.20241,21.08105,22.01318
2026-07-22,2026-07-21,har,1,16.64000,17.06732,True,15.05383,15.42051,15.77347,16.01221,16.19139,16.32763,16.46188,16.58001,16.69722,16.80746,16.91270,17.02534,17.13983,17.29053,17.43600,17.65092,17.89448,18.19003,18.62793,19.43757,20.29738
2026-07-23,2026-07-22,har,1,18.70000,16.70242,True,14.73219,15.09097,15.43636,15.67017,15.84546,15.97870,16.11010,16.22567,16.34011,16.44814,16.55111,16.66134,16.77334,16.92088,17.06330,17.27344,17.51176,17.80099,18.22974,19.02197,19.86347
2026-07-24,2026-07-23,har,1,18.58000,18.58190,True,16.38982,16.78875,17.17316,17.43382,17.62776,17.77640,17.92235,18.05133,18.17832,18.29855,18.41307,18.53559,18.66038,18.82482,18.98299,19.21730,19.48302,19.80570,20.28197,21.16193,22.09830
2026-07-27,2026-07-24,har,1,18.67000,18.47108,True,16.29219,16.68874,17.07102,17.33007,17.52267,17.67051,17.81548,17.94388,18.07014,18.18952,18.30335,18.42546,18.54907,18.71252,18.86976,19.10254,19.36653,19.68714,20.16084,21.03566,21.96646
2026-07-28,2026-07-27,har,1,18.21000,18.55235,True,16.36388,16.76225,17.14637,17.40647,17.59976,17.74835,17.89384,18.02304,18.14982,18.26962,18.38529,18.50709,18.63067,18.79467,18.95272,19.18641,19.45141,19.77326,20.24928,21.12810,22.06295
2026-07-29,2026-07-28,har,1,20.66000,18.14509,True,16.00497,16.39445,16.77030,17.02469,17.21349,17.35894,17.50134,17.62799,17.75164,17.86849,17.98032,18.10040,18.22174,18.38175,18.53673,18.76508,19.02416,19.33887,19.80478,20.66432,21.57875
2026-07-30,2026-07-29,har,1,17.09000,20.37777,True,17.97316,18.41140,18.83375,19.11893,19.33120,19.49441,19.65466,19.79683,19.93530,20.06668,20.19381,20.32769,20.46325,20.64337,20.81732,21.07425,21.36536,21.71946,22.24370,23.20619,24.23277
2026-07-31,2026-07-30,har,1,15.99000,17.14961,True,15.12509,15.49426,15.84914,16.09086,16.26919,16.40651,16.54110,16.66108,16.77719,16.88832,16.99336,17.10724,17.22216,17.37463,17.51980,17.73607,17.98092,18.28002,18.72199,19.53062,20.39558
2026-08-03,2026-07-31,har,1,15.86000,16.12882,True,14.22517,14.57190,14.90592,15.13084,15.30025,15.42970,15.55685,15.66904,15.77875,15.88318,15.98212,16.08958,16.19728,16.33983,16.47698,16.68061,16.91040,17.19252,17.60717,18.36848,19.18218
2026-08-04,2026-08-03,har,1,16.50000,15.99037,True,14.10320,14.44685,14.77804,15.00132,15.16908,15.29731,15.42340,15.53461,15.64378,15.74675,15.84494,15.95144,16.05812,16.19886,16.33550,16.53745,16.76508,17.04443,17.45561,18.21092,19.01761
2026-08-05,2026-08-04,har,1,15.81000,16.56279,True,14.60832,14.96400,15.30696,15.53867,15.71196,15.84503,15.97538,16.09091,16.20376,16.31046,16.41206,16.52242,16.63311,16.78012,16.92038,17.12916,17.36490,17.65433,18.08053,18.86262,19.69818
2026-08-06,2026-08-05,har,1,15.15000,15.90499,True,14.02832,14.36985,14.69918,14.92199,15.08812,15.21561,15.34107,15.45168,15.56003,15.66271,15.76037,15.86628,15.97254,16.11308,16.24846,16.44890,16.67524,16.95282,17.36216,18.11371,18.91609
2026-08-07,2026-08-06,har,1,14.90000,15.28799,True,13.48411,13.81264,14.12940,14.34357,14.50337,14.62523,14.74591,14.85223,14.95644,15.05522,15.14882,15.25069,15.35299,15.48749,15.61832,15.81082,16.02859,16.29487,16.68839,17.41120,18.18250
2026-08-10,2026-08-07,har,1,15.46000,15.04861,True,13.27294,13.59652,13.90852,14.11932,14.27663,14.39661,14.51519,14.61987,14.72211,14.81960,14.91139,15.01180,15.11257,15.24470,15.37386,15.56320,15.77771,16.03933,16.42681,17.13864,17.89780
2026-08-11,2026-08-10,har,1,15.28000,15.55644,True,13.72122,14.05524,14.37797,14.59608,14.75858,14.88233,15.00500,15.11320,15.21898,15.31958,15.41481,15.51852,15.62265,15.76003,15.89266,16.08814,16.30990,16.58022,16.98093,17.71691,18.50177
2026-08-12,2026-08-11,har,1,14.55000,15.38446,True,13.56957,13.89998,14.21935,14.43501,14.59570,14.71794,14.83923,14.94618,15.05095,15.15030,15.24403,15.34682,15.44987,15.58519,15.71700,15.91025,16.12959,16.39680,16.79301,17.52105,18.29730
2026-08-13,2026-08-12,har,1,14.63000,14.70455,True,12.96963,13.28601,13.59147,13.79742,13.95003,14.06747,14.18346,14.28573,14.38587,14.48100,14.57040,14.66842,14.76718,14.89638,15.02270,15.20740,15.41683,15.67225,16.05088,16.74669,17.48874
2026-08-14,2026-08-13,har,1,14.25000,14.77103,True,13.02832,13.34614,13.65317,13.85994,14.01328,14.13130,14.24763,14.35047,14.45100,14.54651,14.63646,14.73473,14.83372,14.96359,15.09059,15.27615,15.48653,15.74303,16.12323,16.82236,17.56779
2026-08-17,2026-08-14,har,1,15.19000,14.41620,True,12.71510,13.02577,13.32561,13.52721,13.67691,13.79208,13.90548,14.00543,14.10386,14.19720,14.28489,14.38094,14.47726,14.60422,14.72819,14.90909,15.11470,15.36484,15.73587,16.41818,17.14571
2026-08-18,2026-08-17,har,1,15.84000,15.27036,True,13.46928,13.79723,14.11507,14.32876,14.48728,14.60903,14.72931,14.83546,14.93937,15.03819,15.13107,15.23274,15.33524,15.46948,15.60068,15.79251,16.01023,16.27503,16.66773,17.39094,18.16175
2026-08-19,2026-08-18,har,1,14.89000,15.86039,True,13.99012,14.33015,14.66045,14.88249,15.04727,15.17333,15.29846,15.40858,15.51658,15.61902,15.71612,15.82148,15.92784,16.06786,16.20335,16.40288,16.62860,16.90374,17.31123,18.06302,18.86339
2026-08-20,2026-08-19,har,1,16.01000,14.99308,True,13.22510,13.54685,13.85937,14.06888,14.22361,14.34370,14.46188,14.56603,14.66806,14.76521,14.85617,14.95627,15.05701,15.18888,15.31768,15.50598,15.71924,15.97925,16.36474,17.07491,17.83187
2026-08-21,2026-08-20,har,1,15.13000,16.01905,True,14.13065,14.47359,14.80746,15.03172,15.19694,15.32500,15.45136,15.56287,15.67158,15.77528,15.87310,15.97962,16.08727,16.22929,16.36552,16.56735,16.79513,17.07348,17.48349,18.24337,19.05154
2026-08-24,2026-08-21,har,1,15.85000,15.22373,True,13.42918,13.75533,14.07266,14.28579,14.44232,14.56396,14.68421,14.78995,14.89330,14.99221,15.08463,15.18634,15.28885,15.42312,15.55326,15.74488,15.96145,16.22599,16.61520,17.33739,18.10546
2026-08-25,2026-08-24,har,1,15.45000,15.87834,True,14.00685,14.34670,14.67765,14.90022,15.06334,15.19016,15.31557,15.42618,15.53373,15.63677,15.73371,15.83929,15.94617,16.08753,16.22189,16.42210,16.64744,16.92337,17.32880,18.08275,18.88353
2026-08-26,2026-08-25,har,1,15.21000,15.50755,True,13.67985,14.01188,14.33511,14.55258,14.71181,14.83569,14.95803,15.06619,15.17065,15.27162,15.36581,15.46943,15.57391,15.71126,15.84317,16.03876,16.25866,16.52803,16.92369,17.66043,18.44239
2026-08-27,2026-08-26,har,1,14.51000,15.28629,True,13.48470,13.81213,14.13074,14.34520,14.50205,14.62421,14.74469,14.85148,14.95459,15.05370,15.14657,15.24873,15.35172,15.48642,15.61719,15.80981,16.02657,16.29201,16.68172,17.40841,18.17909
2026-08-28,2026-08-27,har,1,14.43000,14.63216,True,12.90766,13.22137,13.52640,13.73153,13.88161,13.99822,14.11385,14.21558,14.31448,14.40968,14.49843,14.59634,14.69495,14.82329,14.94910,15.13335,15.34092,15.59476,15.96752,16.66359,17.40119
2026-08-31,2026-08-28,har,1,14.92000,14.54527,True,12.83101,13.14301,13.44624,13.65020,13.79934,13.91528,14.03011,14.13141,14.22990,14.32423,14.41240,14.50966,14.60769,14.73514,14.86035,15.04337,15.24986,15.50203,15.87218,16.56464,17.29774
2026-09-01,2026-08-31,har,1,16.34000,14.98177,True,13.21620,13.53741,13.84967,14.06016,14.21369,14.33290,14.45108,14.55574,14.65697,14.75402,14.84483,14.94506,15.04603,15.17791,15.30624,15.49447,15.70739,15.96698,16.34779,17.06155,17.81645
2026-09-02,2026-09-01,har,1,15.20000,16.27389,True,14.35609,14.70474,15.04373,15.27309,15.43978,15.56889,15.69719,15.81103,15.92085,16.02629,16.12509,16.23376,16.34336,16.48805,16.62601,16.83094,17.06210,17.34514,17.75675,18.53273,19.35250
2026-09-03,2026-09-02,har,1,14.32000,15.24146,True,13.44591,13.77216,14.08964,14.30277,14.46018,14.58102,14.70133,14.80790,14.91045,15.00957,15.10221,15.20418,15.30678,15.44167,15.57149,15.76330,15.97966,16.24486,16.62999,17.35691,18.12441
2026-09-04,2026-09-03,har,1,14.53000,14.43580,True,12.73531,13.04439,13.34523,13.54693,13.69492,13.81032,13.92434,14.02478,14.12230,14.21632,14.30400,14.40058,14.49793,14.62485,14.74863,14.93021,15.13501,15.38599,15.75094,16.43956,17.16632
2026-09-07,2026-09-04,har,1,15.30000,14.62584,True,12.90301,13.21618,13.52091,13.72542,13.87546,13.99215,14.10762,14.20966,14.30831,14.40347,14.49233,14.59027,14.68890,14.81691,14.94274,15.12654,15.33423,15.58817,15.95806,16.65588,17.39205
2026-09-08,2026-09-07,har,1,15.72000,15.32850,True,13.52298,13.85111,14.17030,14.38514,14.54227,14.66430,14.78521,14.89245,14.99565,15.09535,15.18881,15.29114,15.39460,15.52978,15.66042,15.85354,16.07075,16.33654,16.72434,17.45573,18.22712
2026-09-09,2026-09-08,har,1,16.46000,15.70587,True,13.85584,14.19213,14.51912,14.73958,14.90060,15.02529,15.14917,15.25916,15.36514,15.46701,15.56302,15.66753,15.77355,15.91321,16.04591,16.24349,16.46623,16.73846,17.13573,17.88527,18.67553
2024-01-02,2023-12-29,ar_garch,1,13.20000,12.39400,True,11.11783,11.39145,11.65767,11.81607,11.93321,12.02908,12.11248,12.18812,12.25894,12.32703,12.39400,12.46134,12.53055,12.60337,12.68208,12.77000,12.87260,13.00021,13.17684,13.48479,13.81667
2024-01-03,2024-01-02,ar_garch,1,14.04000,13.08963,True,11.61745,11.93160,12.23805,12.42076,12.55605,12.66689,12.76338,12.85096,12.93302,13.01195,13.08963,13.16778,13.24814,13.33274,13.42422,13.52648,13.64589,13.79453,14.00047,14.36007,14.74838
2024-01-04,2024-01-03,ar_garch,1,14.13000,13.92058,True,12.23765,12.59522,12.94487,13.15371,13.30854,13.43550,13.54610,13.64655,13.74072,13.83134,13.92058,14.01040,14.10280,14.20012,14.30542,14.42318,14.56077,14.73216,14.96984,15.38541,15.83495
2024-01-05,2024-01-04,ar_garch,1,13.35000,14.06021,True,12.45106,12.79400,13.12878,13.32848,13.47641,13.59764,13.70319,13.79901,13.88881,13.97518,14.06021,14.14576,14.23373,14.32636,14.42654,14.53852,14.66930,14.83211,15.05773,15.45174,15.87733
2024-01-08,2024-01-05,ar_garch,1,13.08000,13.33808,True,11.78461,12.11533,12.43837,12.63115,12.77400,12.89109,12.99306,13.08564,13.17241,13.25589,13.33808,13.42077,13.50582,13.59538,13.69225,13.80056,13.92706,14.08456,14.30286,14.68423,15.09632
2024-01-09,2024-01-08,ar_garch,1,12.76000,13.03748,True,11.58175,11.89238,12.19542,12.37609,12.50987,12.61948,12.71489,12.80149,12.88263,12.96067,13.03748,13.11474,13.19418,13.27781,13.36825,13.46932,13.58733,13.73421,13.93768,14.29283,14.67617
2024-01-10,2024-01-09,ar_garch,1,12.69000,12.72187,True,11.34274,11.63750,11.92480,12.09597,12.22266,12.32642,12.41672,12.49867,12.57542,12.64923,12.72187,12.79492,12.87002,12.94906,13.03451,13.13000,13.24147,13.38016,13.57221,13.90727,14.26867
2024-01-11,2024-01-10,ar_garch,1,12.44000,12.63635,True,11.31309,11.59645,11.87234,12.03658,12.15808,12.25755,12.34409,12.42260,12.49612,12.56680,12.63635,12.70627,12.77814,12.85377,12.93552,13.02684,13.13342,13.26600,13.44952,13.76949,14.11438
2024-01-12,2024-01-11,ar_garch,1,12.70000,12.39871,True,11.12433,11.39752,11.66334,11.82151,11.93850,12.03425,12.11753,12.19308,12.26382,12.33182,12.39871,12.46596,12.53508,12.60781,12.68641,12.77421,12.87666,13.00408,13.18044,13.48785,13.81908
2024-01-16,2024-01-12,ar_garch,1,13.84000,12.62506,True,11.33189,11.60916,11.87892,12.03943,12.15813,12.25528,12.33979,12.41643,12.48820,12.55719,12.62506,12.69329,12.76341,12.83718,12.91692,13.00599,13.10992,13.23917,13.41805,13.72985,14.06579
2024-01-17,2024-01-16,ar_garch,1,14.79000,13.70142,True,12.00646,12.36625,12.71824,12.92856,13.08453,13.21244,13.32390,13.42514,13.52007,13.61143,13.70142,13.79200,13.88520,13.98338,14.08963,14.20849,14.34739,14.52047,14.76060,15.18075,15.63566
2024-01-18,2024-01-17,ar_garch,1,14.13000,14.66133,True,12.75075,13.15488,13.55103,13.78809,13.96405,14.10847,14.23437,14.34880,14.45614,14.55949,14.66133,14.76388,14.86943,14.98066,15.10109,15.23585,15.39343,15.58987,15.86260,16.34029,16.85819
2024-01-19,2024-01-18,ar_garch,1,13.30000,14.10693,True,12.35395,12.72578,13.08971,13.30724,13.46857,13.60092,13.71624,13.82100,13.91924,14.01380,14.10693,14.20068,14.29715,14.39877,14.50875,14.63177,14.77554,14.95468,15.20320,15.63798,16.10866
2024-01-22,2024-01-19,ar_garch,1,13.19000,13.29040,True,11.62793,11.98036,12.32541,12.53171,12.68474,12.81028,12.91969,13.01909,13.11230,13.20202,13.29040,13.37937,13.47092,13.56737,13.67175,13.78852,13.92499,14.09503,14.33094,14.74370,15.19057
2024-01-23,2024-01-22,ar_garch,1,12.55000,13.13680,True,11.59822,11.92565,12.24554,12.43648,12.57798,12.69396,12.79497,12.88669,12.97266,13.05537,13.13680,13.21874,13.30302,13.39176,13.48776,13.59509,13.72045,13.87656,14.09293,14.47096,14.87949
2024-01-24,2024-01-23,ar_garch,1,13.14000,12.53195,True,11.06959,11.38084,11.68490,11.86638,12.00086,12.11110,12.20710,12.29427,12.37597,12.45457,12.53195,12.60982,12.68991,12.77424,12.86545,12.96744,13.08655,13.23486,13.44042,13.79950,14.18750
2024-01-25,2024-01-24,ar_garch,1,13.45000,13.04199,True,11.51872,11.84282,12.15950,12.34855,12.48864,12.60349,12.70351,12.79433,12.87946,12.96136,13.04199,13.12313,13.20658,13.29445,13.38949,13.49575,13.61986,13.77438,13.98853,14.36259,14.76671
2024-01-26,2024-01-25,ar_garch,1,13.26000,13.36919,True,11.85295,12.17602,12.49145,12.67963,12.81904,12.93328,13.03275,13.12305,13.20767,13.28907,13.36919,13.44980,13.53269,13.61995,13.71432,13.81980,13.94296,14.09625,14.30861,14.67929,15.07940
2024-01-29,2024-01-26,ar_garch,1,13.60000,13.21166,True,11.77802,12.08424,12.38281,12.56075,12.69248,12.80038,12.89429,12.97951,13.05934,13.13611,13.21166,13.28765,13.36576,13.44797,13.53685,13.63616,13.75209,13.89631,14.09600,14.44428,14.81982
2024-01-30,2024-01-29,ar_garch,1,13.31000,13.51673,True,12.06752,12.37722,12.67911,12.85899,12.99213,13.10118,13.19607,13.28218,13.36285,13.44041,13.51673,13.59348,13.67238,13.75541,13.84517,13.94546,14.06251,14.20811,14.40968,14.76114,15.13998
2024-01-31,2024-01-30,ar_garch,1,14.35000,13.26778,True,11.88112,12.17788,12.46692,12.63903,12.76638,12.87066,12.96138,13.04368,13.12077,13.19487,13.26778,13.34110,13.41645,13.49573,13.58143,13.67716,13.78887,13.92781,14.12009,14.45523,14.81629
2024-02-01,2024-01-31,ar_garch,1,13.88000,14.21711,True,12.52377,12.88360,13.23544,13.44559,13.60137,13.72912,13.84039,13.94145,14.03619,14.12734,14.21711,14.30744,14.40036,14.49821,14.60407,14.72244,14.86071,15.03290,15.27158,15.68864,16.13940
2024-02-02,2024-02-01,ar_garch,1,13.85000,13.84679,True,12.26758,12.60396,12.93245,13.12845,13.27365,13.39265,13.49627,13.59035,13.67851,13.76331,13.84679,13.93078,14.01715,14.10807,14.20641,14.31633,14.44468,14.60444,14.82578,15.21217,15.62930
2024-02-05,2024-02-02,ar_garch,1,13.67000,13.78937,True,12.28953,12.60985,12.92219,13.10834,13.24616,13.35905,13.45730,13.54646,13.62999,13.71032,13.78937,13.86887,13.95060,14.03662,14.12962,14.23354,14.35485,14.50577,14.71473,15.07921,15.47224
2024-02-06,2024-02-05,ar_garch,1,13.06000,13.61960,True,12.18770,12.49408,12.79252,12.97025,13.10176,13.20944,13.30314,13.38814,13.46775,13.54429,13.61960,13.69533,13.77316,13.85506,13.94359,14.04249,14.15791,14.30146,14.50015,14.84651,15.21973
2024-02-07,2024-02-06,ar_garch,1,12.83000,13.03870,True,11.63653,11.93619,12.22829,12.40232,12.53114,12.63664,12.72846,12.81177,12.88981,12.96486,13.03870,13.11296,13.18931,13.26965,13.35651,13.45355,13.56682,13.70773,13.90282,14.24304,14.60983
2024-02-08,2024-02-07,ar_garch,1,12.79000,12.78605,True,11.44629,11.73303,12.01230,12.17859,12.30163,12.40237,12.49002,12.56954,12.64401,12.71561,12.78605,12.85688,12.92969,13.00629,13.08910,13.18160,13.28955,13.42381,13.60964,13.93358,14.28263
2024-02-09,2024-02-08,ar_garch,1,12.93000,12.73423,True,11.43535,11.71375,11.98468,12.14590,12.26514,12.36274,12.44764,12.52464,12.59674,12.66605,12.73423,12.80277,12.87321,12.94732,13.02741,13.11687,13.22125,13.35104,13.53064,13.84360,14.18064
2024-02-12,2024-02-09,ar_garch,1,13.93000,12.86221,True,11.56671,11.84459,12.11490,12.27571,12.39461,12.49192,12.57656,12.65332,12.72519,12.79427,12.86221,12.93052,13.00071,13.07455,13.15435,13.24348,13.34746,13.47674,13.65562,13.96726,14.30282
2024-02-13,2024-02-12,ar_garch,1,15.85000,13.80140,True,12.18114,12.52592,12.86278,13.06385,13.21286,13.33501,13.44139,13.53799,13.62853,13.71564,13.80140,13.88771,13.97647,14.06994,14.17106,14.28411,14.41616,14.58060,14.80853,15.20677,15.63719
2024-02-14,2024-02-13,ar_garch,1,14.38000,15.65065,True,13.23636,13.74142,14.23949,14.53892,14.76184,14.94522,15.10540,15.25121,15.38821,15.52031,15.65065,15.78209,15.91757,16.06056,16.21559,16.38938,16.59298,16.84739,17.20167,17.82516,18.50532
2024-02-15,2024-02-14,ar_garch,1,14.01000,14.40432,True,12.19127,12.65425,13.11081,13.38530,13.58963,13.75773,13.90455,14.03821,14.16378,14.28486,14.40432,14.52479,14.64895,14.77998,14.92206,15.08130,15.26785,15.50093,15.82545,16.39643,17.01910
2024-02-16,2024-02-15,ar_garch,1,14.24000,13.96975,True,12.00855,12.42146,12.82724,13.07055,13.25136,13.39991,13.52952,13.64740,13.75805,13.86465,13.96975,14.07565,14.18471,14.29972,14.42431,14.56383,14.72709,14.93082,15.21402,15.71103,16.25125
2024-02-20,2024-02-16,ar_garch,1,15.42000,14.16089,True,12.32864,12.71642,13.09643,13.32377,13.49249,13.63095,13.75165,13.86134,13.96423,14.06329,14.16089,14.25917,14.36033,14.46692,14.58231,14.71144,14.86241,15.05062,15.31188,15.76944,16.26545
2024-02-21,2024-02-20,ar_garch,1,15.34000,15.27315,True,13.17964,13.62092,14.05432,14.31405,14.50702,14.66551,14.80377,14.92949,15.04747,15.16112,15.27315,15.38600,15.50221,15.62472,15.75741,15.90596,16.07973,16.29650,16.59768,17.12579,17.69920
2024-02-22,2024-02-21,ar_garch,1,14.54000,15.27613,True,13.35058,13.75861,14.15819,14.39713,14.57439,14.71983,14.84658,14.96174,15.06975,15.17371,15.27613,15.37923,15.48534,15.59712,15.71811,15.85346,16.01166,16.20880,16.48234,16.96102,17.47939
2024-02-23,2024-02-22,ar_garch,1,13.75000,14.52376,True,12.72584,13.10718,13.48043,13.70354,13.86902,14.00476,14.12304,14.23050,14.33126,14.42824,14.52376,14.61991,14.71885,14.82307,14.93585,15.06199,15.20941,15.39308,15.64784,16.09344,16.57569
2024-02-26,2024-02-23,ar_garch,1,13.74000,13.73616,True,12.03885,12.39883,12.75119,12.96181,13.11803,13.24619,13.35786,13.45930,13.55443,13.64599,13.73616,13.82694,13.92034,14.01872,14.12519,14.24427,14.38342,14.55678,14.79723,15.21775,15.67278
2024-02-27,2024-02-26,ar_garch,1,13.43000,13.67835,True,12.09452,12.43170,12.76106,12.95762,13.10326,13.22264,13.32660,13.42099,13.50946,13.59456,13.67835,13.76265,13.84935,13.94064,14.03938,14.14976,14.27868,14.43917,14.66158,15.05002,15.46959
2024-02-28,2024-02-27,ar_garch,1,13.84000,13.38824,True,11.90271,12.21971,12.52895,12.71333,12.84985,12.96170,13.05907,13.14744,13.23024,13.30987,13.38824,13.46708,13.54813,13.63345,13.72571,13.82881,13.94919,14.09899,14.30646,14.66852,15.05918
2024-02-29,2024-02-28,ar_garch,1,13.40000,13.75115,True,12.24329,12.56521,12.87917,13.06632,13.20488,13.31839,13.41719,13.50686,13.59086,13.67165,13.75115,13.83112,13.91333,13.99986,14.09342,14.19797,14.32002,14.47188,14.68217,15.04902,15.44471
2024-03-01,2024-02-29,ar_garch,1,13.11000,13.36646,True,11.92968,12.23676,12.53606,12.71439,12.84639,12.95449,13.04857,13.13394,13.21390,13.29080,13.36646,13.44255,13.52077,13.60310,13.69209,13.79153,13.90759,14.05197,14.25186,14.60046,14.97628
2024-03-04,2024-03-01,ar_garch,1,13.49000,13.06834,True,11.69512,11.98898,12.27521,12.44565,12.57176,12.67503,12.76487,12.84639,12.92273,12.99612,13.06834,13.14095,13.21559,13.29412,13.37902,13.47385,13.58452,13.72218,13.91271,14.24487,14.60279
2024-03-05,2024-03-04,ar_garch,1,14.46000,13.40447,True,11.99333,12.29524,12.58934,12.76449,12.89410,13.00023,13.09257,13.17634,13.25481,13.33024,13.40447,13.47910,13.55582,13.63654,13.72380,13.82128,13.93503,14.07652,14.27237,14.61376,14.98164
2024-03-06,2024-03-05,ar_garch,1,14.50000,14.33192,True,12.63324,12.99432,13.34732,13.55813,13.71439,13.84252,13.95413,14.05548,14.15049,14.24191,14.33192,14.42250,14.51568,14.61380,14.71994,14.83862,14.97725,15.14988,15.38916,15.80722,16.25901
2024-03-07,2024-03-06,ar_garch,1,14.44000,14.43227,True,12.81067,13.15638,13.49381,13.69507,13.84414,13.96629,14.07264,14.16918,14.25963,14.34664,14.43227,14.51842,14.60701,14.70026,14.80110,14.91380,15.04539,15.20916,15.43600,15.83190,16.25914
2024-03-08,2024-03-07,ar_garch,1,14.74000,14.37883,True,12.83359,13.16382,13.48571,13.67750,13.81947,13.93574,14.03693,14.12874,14.21475,14.29745,14.37883,14.46068,14.54481,14.63335,14.72907,14.83602,14.96084,15.11613,15.33111,15.70599,16.11014
2024-03-11,2024-03-08,ar_garch,1,15.22000,14.65502,True,13.10532,13.43676,13.75969,13.95204,14.09439,14.21095,14.31238,14.40441,14.49060,14.57347,14.65502,14.73701,14.82129,14.90998,15.00585,15.11296,15.23794,15.39341,15.60860,15.98372,16.38796
2024-03-12,2024-03-11,ar_garch,1,13.84000,15.12177,True,13.50469,13.85028,14.18714,14.38785,14.53641,14.65809,14.76398,14.86007,14.95007,15.03661,15.12177,15.20740,15.29543,15.38807,15.48822,15.60011,15.73069,15.89312,16.11796,16.50998,16.93248
2024-03-13,2024-03-12,ar_garch,1,13.75000,13.86070,True,12.13187,12.49831,12.85711,13.07164,13.23079,13.36136,13.47515,13.57852,13.67547,13.76879,13.86070,13.95323,14.04845,14.14875,14.25729,14.37871,14.52061,14.69740,14.94264,15.37161,15.83590
2024-03-14,2024-03-13,ar_garch,1,14.40000,13.69377,True,12.09477,12.43500,12.76743,12.96588,13.11293,13.23349,13.33848,13.43381,13.52317,13.60913,13.69377,13.77894,13.86653,13.95876,14.05853,14.17007,14.30034,14.46253,14.68732,15.07997,15.50417
2024-03-15,2024-03-14,ar_garch,1,14.41000,14.29387,True,12.61422,12.97137,13.32048,13.52893,13.68343,13.81011,13.92044,14.02063,14.11454,14.20490,14.29387,14.38340,14.47548,14.57244,14.67732,14.79458,14.93154,15.10207,15.33840,15.75121,16.19718
2024-03-18,2024-03-15,ar_garch,1,14.33000,14.34494,True,12.74649,13.08737,13.42004,13.61843,13.76536,13.88575,13.99056,14.08569,14.17483,14.26056,14.34494,14.42982,14.51710,14.60896,14.70830,14.81932,14.94893,15.11021,15.33359,15.72335,16.14385
2024-03-19,2024-03-18,ar_garch,1,13.82000,14.27092,True,12.74699,13.07274,13.39022,13.57937,13.71937,13.83403,13.93380,14.02434,14.10914,14.19068,14.27092,14.35161,14.43455,14.52183,14.61619,14.72161,14.84464,14.99769,15.20954,15.57892,15.97704
2024-03-20,2024-03-19,ar_garch,1,13.04000,13.78939,True,12.32104,12.63496,12.94089,13.12314,13.25802,13.36849,13.46462,13.55184,13.63354,13.71209,13.78939,13.86712,13.94701,14.03110,14.12199,14.22353,14.34204,14.48946,14.69352,15.04929,15.43272
2024-03-21,2024-03-20,ar_garch,1,12.92000,13.02854,True,11.56658,11.87826,12.18247,12.36392,12.49831,12.60844,12.70431,12.79134,12.87290,12.95133,13.02854,13.10621,13.18607,13.27013,13.36104,13.46264,13.58126,13.72889,13.93337,14.29021,14.67528
2024-03-22,2024-03-21,ar_garch,1,13.06000,12.86902,True,11.48514,11.78087,12.06914,12.24090,12.36804,12.47217,12.56280,12.64503,12.72206,12.79613,12.86902,12.94232,13.01768,13.09698,13.18271,13.27850,13.39029,13.52937,13.72192,14.05768,14.41965
2024-03-25,2024-03-22,ar_garch,1,13.19000,12.99225,True,11.63349,11.92428,12.20750,12.37615,12.50094,12.60311,12.69201,12.77266,12.84819,12.92080,12.99225,13.06409,13.13792,13.21562,13.29959,13.39340,13.50287,13.63902,13.82744,14.15587,14.50970
2024-03-26,2024-03-25,ar_garch,1,13.24000,13.12241,True,11.77753,12.06566,12.34612,12.51305,12.63653,12.73761,12.82553,12.90529,12.97998,13.05178,13.12241,13.19342,13.26639,13.34317,13.42615,13.51883,13.62697,13.76144,13.94750,14.27171,14.62085
2024-03-27,2024-03-26,ar_garch,1,12.78000,13.17727,True,11.85281,12.13686,12.41320,12.57760,12.69917,12.79866,12.88520,12.96368,13.03717,13.10780,13.17727,13.24711,13.31887,13.39437,13.47596,13.56707,13.67337,13.80553,13.98837,14.30686,14.64973
2024-03-28,2024-03-27,ar_garch,1,13.01000,12.75037,True,11.45222,11.73048,12.00126,12.16240,12.28157,12.37911,12.46396,12.54091,12.61297,12.68224,12.75037,12.81888,12.88927,12.96333,13.04337,13.13277,13.23708,13.36678,13.54624,13.85894,14.19568
2024-04-01,2024-03-28,ar_garch,1,13.65000,12.93685,True,11.62985,11.91012,12.18280,12.34503,12.46500,12.56319,12.64859,12.72605,12.79857,12.86828,12.93685,13.00578,13.07662,13.15114,13.23168,13.32163,13.42656,13.55705,13.73757,14.05209,14.39074
2024-04-02,2024-04-01,ar_garch,1,14.61000,13.54815,True,12.08559,12.39811,12.70276,12.88429,13.01866,13.12871,13.22449,13.31140,13.39282,13.47111,13.54815,13.62563,13.70527,13.78910,13.87972,13.98098,14.09917,14.24621,14.44979,14.80486,15.18769
2024-04-03,2024-04-02,ar_garch,1,14.33000,14.48380,True,12.74719,13.11609,13.47687,13.69238,13.85216,13.98318,14.09733,14.20100,14.29818,14.39171,14.48380,14.57648,14.67182,14.77223,14.88087,15.00234,15.14424,15.32097,15.56597,15.99413,16.45699
2024-04-04,2024-04-03,ar_garch,1,16.35000,14.28334,True,12.66603,13.01069,13.34717,13.54789,13.69658,13.81843,13.92452,14.02083,14.11108,14.19789,14.28334,14.36930,14.45770,14.55076,14.65140,14.76388,14.89523,15.05870,15.28516,15.68047,16.10716
2024-04-05,2024-04-04,ar_garch,1,16.03000,16.14428,True,13.71643,14.22509,14.72631,15.02745,15.25155,15.43584,15.59677,15.74324,15.88081,16.01344,16.14428,16.27618,16.41211,16.55553,16.71100,16.88523,17.08926,17.34410,17.69878,18.32239,19.00186
2024-04-08,2024-04-05,ar_garch,1,15.19000,15.97856,True,13.80082,14.26020,14.71117,14.98135,15.18205,15.34686,15.49061,15.62132,15.74397,15.86211,15.97856,16.09586,16.21664,16.34397,16.48187,16.63626,16.81686,17.04214,17.35513,17.90398,18.49994
2024-04-09,2024-04-08,ar_garch,1,14.98000,15.17319,True,13.18032,13.60163,14.01474,14.26200,14.44556,14.59624,14.72761,14.84702,14.95904,15.06690,15.17319,15.28023,15.39041,15.50653,15.63225,15.77294,15.93747,16.14259,16.42740,16.92633,17.46738
2024-04-10,2024-04-09,ar_garch,1,15.80000,14.92613,True,13.10497,13.49170,13.86998,14.09597,14.26354,14.40096,14.52068,14.62943,14.73138,14.82950,14.92613,15.02339,15.12346,15.22886,15.34290,15.47046,15.61951,15.80518,16.06270,16.51307,17.00038
2024-04-11,2024-04-10,ar_garch,1,14.91000,15.67773,True,13.75194,14.16059,14.56047,14.79945,14.97668,15.12205,15.24870,15.36376,15.47164,15.57547,15.67773,15.78066,15.88656,15.99811,16.11883,16.25383,16.41160,16.60813,16.88071,17.35741,17.87320
2024-04-12,2024-04-11,ar_garch,1,17.31000,14.89761,True,13.08540,13.47011,13.84648,14.07137,14.23813,14.37490,14.49406,14.60229,14.70377,14.80143,14.89761,14.99441,15.09400,15.19890,15.31240,15.43933,15.58763,15.77236,16.02853,16.47639,16.96080
2024-04-15,2024-04-12,ar_garch,1,19.23000,17.07201,True,14.30582,14.88217,15.45179,15.79483,16.05048,16.26095,16.44492,16.61250,16.77002,16.92199,17.07201,17.22336,17.37944,17.54423,17.72301,17.92352,18.15856,18.45247,18.86212,19.58408,20.37308
2024-04-16,2024-04-15,ar_garch,1,18.40000,19.02081,True,15.76786,16.44237,17.11076,17.51409,17.81506,18.06310,18.28006,18.47784,18.66387,18.84344,19.02081,19.19985,19.38458,19.57973,19.79157,20.02930,20.30816,20.65715,21.14407,22.00359,22.94485
2024-04-17,2024-04-16,ar_garch,1,18.21000,18.36907,True,15.52917,16.12278,16.70844,17.06067,17.32295,17.53874,17.72725,17.89888,18.06013,18.21563,18.36907,18.52380,18.68329,18.85162,19.03413,19.23871,19.47837,19.77781,20.19475,20.92832,21.72831
2024-04-18,2024-04-17,ar_garch,1,18.00000,18.14122,True,15.60610,16.13982,16.66435,16.97885,17.21259,17.40462,17.57217,17.72454,17.86757,18.00537,18.14122,18.27809,18.41906,18.56769,18.72870,18.90899,19.11995,19.38316,19.74898,20.39080,21.08815
2024-04-19,2024-04-18,ar_garch,1,18.71000,17.93331,True,15.63487,16.12146,16.59822,16.88341,17.09505,17.26872,17.42011,17.55767,17.68670,17.81092,17.93331,18.05653,18.18335,18.31698,18.46162,18.62347,18.81267,19.04849,19.37578,19.94878,20.56962
2024-04-22,2024-04-19,ar_garch,1,16.94000,18.58285,True,16.28492,16.77233,17.24939,17.53455,17.74605,17.91954,18.07071,18.20805,18.33683,18.46077,18.58285,18.70574,18.83218,18.96537,19.10951,19.27072,19.45912,19.69383,20.01940,20.58882,21.20504
2024-04-23,2024-04-22,ar_garch,1,15.69000,16.97000,True,14.65873,15.14602,15.62455,15.91130,16.12434,16.29930,16.45192,16.59069,16.72092,16.84636,16.97000,17.09455,17.22280,17.35799,17.50440,17.66830,17.86002,18.09915,18.43132,19.01364,19.64570
2024-04-24,2024-04-23,ar_garch,1,15.97000,15.69448,True,13.51153,13.97101,14.42264,14.69346,14.89475,15.06013,15.20442,15.33564,15.45882,15.57749,15.69448,15.81235,15.93373,16.06171,16.20034,16.35555,16.53714,16.76369,17.07847,17.63055,18.23011
2024-04-25,2024-04-24,ar_garch,1,15.37000,15.88159,True,13.84463,14.27560,14.69801,14.95077,15.13836,15.29233,15.42654,15.54851,15.66292,15.77307,15.88159,15.99085,16.10331,16.22180,16.35006,16.49355,16.66130,16.87036,17.16047,17.66824,18.21824
2024-04-26,2024-04-25,ar_garch,1,15.03000,15.33783,True,13.46708,13.86405,14.25251,14.48467,14.65683,14.79805,14.92109,15.03286,15.13765,15.23850,15.33783,15.43780,15.54065,15.64898,15.76620,15.89729,16.05046,16.24124,16.50578,16.96826,17.46844
2024-04-29,2024-04-26,ar_garch,1,14.67000,14.98349,True,13.25080,13.61960,13.97989,14.19493,14.35427,14.48488,14.59863,14.70191,14.79870,14.89182,14.98349,15.07573,15.17059,15.27047,15.37850,15.49926,15.64030,15.81586,16.05914,16.48396,16.94275
2024-04-30,2024-04-29,ar_garch,1,15.65000,14.62606,True,13.00124,13.34785,13.68604,13.88770,14.03704,14.15940,14.26592,14.36260,14.45319,14.54031,14.62606,14.71232,14.80100,14.89435,14.99529,15.10810,15.23980,15.40368,15.63065,16.02668,16.45395
2024-05-01,2024-04-30,ar_garch,1,15.39000,15.51789,True,13.67154,14.06380,14.44740,14.67654,14.84642,14.98572,15.10707,15.21728,15.32059,15.42000,15.51789,15.61640,15.71774,15.82445,15.93989,16.06896,16.21973,16.40747,16.66770,17.12233,17.61360
2024-05-02,2024-05-01,ar_garch,1,14.68000,15.33728,True,13.61152,13.97932,14.33838,14.55256,14.71122,14.84124,14.95444,15.05720,15.15349,15.24611,15.33728,15.42899,15.52329,15.62257,15.72992,15.84990,15.98998,16.16431,16.40577,16.82715,17.28184
2024-05-03,2024-05-02,ar_garch,1,13.49000,14.65709,True,13.00195,13.35460,13.69893,13.90435,14.05653,14.18124,14.28983,14.38840,14.48078,14.56963,14.65709,14.74508,14.83555,14.93080,15.03380,15.14891,15.28332,15.45059,15.68228,16.08662,16.52293
2024-05-06,2024-05-03,ar_garch,1,13.49000,13.49946,True,11.80158,12.16113,12.51337,12.72406,12.88040,13.00868,13.12050,13.22210,13.31738,13.40911,13.49946,13.59043,13.68404,13.78265,13.88938,14.00876,14.14829,14.32213,14.56327,14.98509,15.44162
2024-05-07,2024-05-06,ar_garch,1,13.23000,13.42918,True,11.85246,12.18771,12.51541,12.71108,12.85612,12.97504,13.07861,13.17267,13.26083,13.34566,13.42918,13.51322,13.59966,13.69068,13.78914,13.89921,14.02777,14.18784,14.40966,14.79711,15.21564
2024-05-08,2024-05-07,ar_garch,1,13.00000,13.18599,True,11.71194,12.02622,12.33296,12.51591,12.65141,12.76245,12.85911,12.94686,13.02908,13.10816,13.18599,13.26429,13.34480,13.42954,13.52118,13.62359,13.74316,13.89195,14.09803,14.45761,14.84557
2024-05-09,2024-05-08,ar_garch,1,12.69000,12.95505,True,11.56088,11.85876,12.14915,12.32219,12.45028,12.55520,12.64650,12.72936,12.80698,12.88161,12.95505,13.02891,13.10483,13.18474,13.27112,13.36763,13.48028,13.62041,13.81441,14.15269,14.51734
2024-05-10,2024-05-09,ar_garch,1,12.55000,12.65104,True,11.31944,11.60429,11.88180,12.04708,12.16939,12.26954,12.35668,12.43575,12.50980,12.58099,12.65104,12.72148,12.79388,12.87006,12.95241,13.04440,13.15175,13.28528,13.47008,13.79221,14.13929
2024-05-13,2024-05-10,ar_garch,1,13.60000,12.50131,True,11.22039,11.49482,11.76194,11.92094,12.03854,12.13481,12.21856,12.29453,12.36566,12.43404,12.50131,12.56894,12.63845,12.71157,12.79060,12.87888,12.98187,13.10994,13.28715,13.59593,13.92846
2024-05-14,2024-05-13,ar_garch,1,13.42000,13.47174,True,11.85360,12.19736,12.53353,12.73434,12.88321,13.00530,13.11165,13.20824,13.29879,13.38593,13.47174,13.55810,13.64694,13.74050,13.84172,13.95491,14.08715,14.25184,14.48018,14.87927,15.31077
2024-05-15,2024-05-14,ar_garch,1,12.45000,13.37026,True,11.85681,12.17941,12.49431,12.68214,12.82127,12.93528,13.03455,13.12466,13.20910,13.29032,13.37026,13.45069,13.53340,13.62047,13.71463,13.81987,13.94277,14.09573,14.30763,14.67756,15.07690
2024-05-16,2024-05-15,ar_garch,1,12.42000,12.45071,True,10.93740,11.25865,11.57295,11.76074,11.90000,12.01421,12.11372,12.20410,12.28884,12.37039,12.45071,12.53154,12.61471,12.70230,12.79707,12.90306,13.02690,13.18115,13.39504,13.76897,14.17340
2024-05-17,2024-05-16,ar_garch,1,11.99000,12.36529,True,10.95248,11.25346,11.54735,11.72269,11.85259,11.95904,12.05174,12.13589,12.21475,12.29061,12.36529,12.44042,12.51768,12.59902,12.68699,12.78533,12.90016,13.04310,13.24116,13.58695,13.96033
2024-05-20,2024-05-17,ar_garch,1,12.15000,11.96110,True,10.62765,10.91210,11.18965,11.35514,11.47770,11.57812,11.66554,11.74488,11.81922,11.89072,11.96110,12.03189,12.10468,12.18130,12.26415,12.35674,12.46485,12.59939,12.78573,13.11094,13.46185
2024-05-21,2024-05-20,ar_garch,1,11.86000,12.08467,True,10.78547,11.06315,11.33380,11.49505,11.61441,11.71216,11.79723,11.87442,11.94672,12.01625,12.08467,12.15347,12.22420,12.29864,12.37911,12.46902,12.57397,12.70453,12.88528,13.20051,13.54036
2024-05-22,2024-05-21,ar_garch,1,12.29000,11.82330,True,10.58253,10.84808,11.10671,11.26071,11.37466,11.46796,11.54913,11.62277,11.69175,11.75806,11.82330,11.88890,11.95633,12.02728,12.10397,12.18965,12.28963,12.41399,12.58612,12.88619,13.20953
2024-05-23,2024-05-22,ar_garch,1,12.77000,12.20711,True,10.90710,11.18506,11.45593,11.61729,11.73671,11.83450,11.91960,11.99682,12.06915,12.13869,12.20711,12.27592,12.34666,12.42109,12.50155,12.59145,12.69637,12.82688,13.00755,13.32255,13.66208
2024-05-24,2024-05-23,ar_garch,1,11.93000,12.68223,True,11.29903,11.59435,11.88237,12.05404,12.18115,12.28528,12.37591,12.45816,12.53521,12.60931,12.68223,12.75558,12.83098,12.91034,12.99614,13.09201,13.20392,13.34315,13.53594,13.87218,14.23476
2024-05-28,2024-05-24,ar_garch,1,12.92000,11.92571,True,10.54920,10.84217,11.12840,11.29923,11.42582,11.52959,11.61996,11.70200,11.77890,11.85288,11.92571,11.99898,12.07434,12.15369,12.23950,12.33543,12.44746,12.58692,12.78014,13.11752,13.48183
2024-05-29,2024-05-28,ar_garch,1,14.28000,12.79775,True,11.18380,11.52547,11.86026,12.06053,12.20916,12.33112,12.43742,12.53402,12.62462,12.71183,12.79775,12.88424,12.97325,13.06702,13.16851,13.28203,13.41471,13.58002,13.80934,14.21046,14.64460
2024-05-30,2024-05-29,ar_garch,1,14.47000,14.12846,True,12.08298,12.51210,12.93465,13.18841,13.37717,13.53236,13.66784,13.79112,13.90688,14.01844,14.12846,14.23935,14.35358,14.47406,14.60460,14.75082,14.92194,15.13552,15.43245,15.95363,16.52022
2024-05-31,2024-05-30,ar_garch,1,12.92000,14.39334,True,12.47717,12.88138,13.27822,13.51598,13.69258,13.83761,13.96410,14.07910,14.18701,14.29093,14.39334,14.49649,14.60268,14.71460,14.83578,14.97139,15.12997,15.32766,15.60212,16.08277,16.60379
2024-06-03,2024-05-31,ar_garch,1,13.11000,12.95147,True,11.03138,11.43347,11.82980,12.06799,12.24526,12.39105,12.51836,12.63424,12.74307,12.84799,12.95147,13.05579,13.16328,13.27667,13.39957,13.53724,13.69842,13.89964,14.17950,14.67101,15.20577
2024-06-04,2024-06-03,ar_garch,1,13.16000,13.03903,True,11.27984,11.65060,12.01479,12.23306,12.39523,12.52843,12.64463,12.75027,12.84942,12.94491,13.03903,13.13384,13.23145,13.33433,13.44574,13.57044,13.71627,13.89811,14.15060,14.59293,15.07260
2024-06-05,2024-06-04,ar_garch,1,12.63000,13.09748,True,11.46625,11.81176,12.15021,12.35264,12.50284,12.62608,12.73349,12.83108,12.92260,13.01070,13.09748,13.18484,13.27473,13.36941,13.47188,13.58649,13.72041,13.88724,14.11861,14.52316,14.96078
2024-06-06,2024-06-05,ar_garch,1,12.58000,12.60463,True,11.09394,11.41461,11.72836,11.91584,12.05487,12.16889,12.26823,12.35847,12.44306,12.52447,12.60463,12.68531,12.76830,12.85570,12.95025,13.05597,13.17947,13.33324,13.54637,13.91872,14.32104
2024-06-07,2024-06-06,ar_garch,1,12.22000,12.52599,True,11.11091,11.41229,11.70663,11.88226,12.01238,12.11902,12.21189,12.29619,12.37519,12.45118,12.52599,12.60124,12.67862,12.76008,12.84816,12.94661,13.06155,13.20459,13.40269,13.74836,14.12128
2024-06-10,2024-06-07,ar_garch,1,12.74000,12.18615,True,10.85052,11.13544,11.41346,11.57923,11.70200,11.80259,11.89015,11.96962,12.04407,12.11568,12.18615,12.25703,12.32990,12.40660,12.48952,12.58218,12.69033,12.82487,13.01115,13.33599,13.68619
2024-06-11,2024-06-10,ar_garch,1,12.85000,12.64971,True,11.24506,11.54443,11.83669,12.01103,12.14018,12.24601,12.33815,12.42178,12.50015,12.57553,12.64971,12.72434,12.80107,12.88183,12.96915,13.06673,13.18063,13.32235,13.51858,13.86082,14.22983
2024-06-12,2024-06-11,ar_garch,1,12.04000,12.78514,True,11.41502,11.70758,11.99289,12.16296,12.28887,12.39201,12.48178,12.56324,12.63955,12.71294,12.78514,12.85776,12.93241,13.01097,13.09588,13.19075,13.30146,13.43916,13.62973,13.96189,14.31972
2024-06-13,2024-06-12,ar_garch,1,11.94000,12.03354,True,10.66328,10.95491,11.23984,11.40991,11.53593,11.63924,11.72920,11.81087,11.88742,11.96105,12.03354,12.10647,12.18146,12.26041,12.34578,12.44120,12.55261,12.69126,12.88329,13.21837,13.57989
2024-06-14,2024-06-13,ar_garch,1,12.66000,11.89175,True,10.59920,10.87501,11.14408,11.30451,11.42332,11.52065,11.60537,11.68226,11.75430,11.82358,11.89175,11.96032,12.03081,12.10500,12.18520,12.27481,12.37940,12.50949,12.68958,13.00356,13.34192
2024-06-17,2024-06-14,ar_garch,1,12.75000,12.55729,True,11.10490,11.41369,11.71555,11.89581,12.02943,12.13898,12.23439,12.32103,12.40224,12.48037,12.55729,12.63469,12.71428,12.79809,12.88872,12.99003,13.10832,13.25556,13.45951,13.81548,14.19965
2024-06-18,2024-06-17,ar_garch,1,12.30000,12.68691,True,11.28532,11.58404,11.87567,12.04964,12.17850,12.28410,12.37604,12.45949,12.53768,12.61289,12.68691,12.76136,12.83791,12.91848,13.00559,13.10293,13.21654,13.35789,13.55357,13.89478,14.26258
2024-06-20,2024-06-18,ar_garch,1,13.28000,12.27141,True,10.93642,11.22118,11.49905,11.66476,11.78747,11.88802,11.97554,12.05498,12.12940,12.20098,12.27141,12.34226,12.41509,12.49173,12.57460,12.66718,12.77522,12.90962,13.09566,13.41995,13.76937
2024-06-21,2024-06-20,ar_garch,1,13.20000,13.15767,True,11.55761,11.89676,12.22887,12.42744,12.57475,12.69560,12.80091,12.89658,12.98629,13.07263,13.15767,13.24325,13.33130,13.42404,13.52436,13.63655,13.76761,13.93080,14.15701,14.55221,14.97924
2024-06-24,2024-06-21,ar_garch,1,13.33000,13.14554,True,11.64342,11.96294,12.27521,12.46165,12.59983,12.71310,12.81175,12.90133,12.98528,13.06604,13.14554,13.22553,13.30779,13.39438,13.48803,13.59270,13.71490,13.86697,14.07758,14.44505,14.84146
2024-06-25,2024-06-24,ar_garch,1,12.84000,13.26211,True,11.81181,12.12104,12.42285,12.60287,12.73620,12.84545,12.94056,13.02688,13.10776,13.18555,13.26211,13.33910,13.41826,13.50157,13.59164,13.69228,13.80973,13.95583,14.15805,14.51059,14.89047
2024-06-26,2024-06-25,ar_garch,1,12.55000,12.81186,True,11.42512,11.72095,12.00961,12.18174,12.30921,12.41365,12.50456,12.58707,12.66437,12.73870,12.81186,12.88543,12.96107,13.04066,13.12671,13.22284,13.33503,13.47457,13.66770,14.00430,14.36691
2024-06-27,2024-06-26,ar_garch,1,12.24000,12.51097,True,11.18918,11.47153,11.74683,11.91090,12.03236,12.13185,12.21843,12.29699,12.37059,12.44135,12.51097,12.58099,12.65295,12.72867,12.81052,12.90194,13.00862,13.14128,13.32482,13.64460,13.98891
2024-06-28,2024-06-27,ar_garch,1,12.44000,12.20338,True,10.93480,11.20602,11.47035,11.62782,11.74436,11.83980,11.92285,11.99820,12.06877,12.13662,12.20338,12.27050,12.33948,12.41206,12.49050,12.57811,12.68033,12.80743,12.98325,13.28950,13.61913
2024-07-01,2024-06-28,ar_garch,1,12.22000,12.37133,True,11.10450,11.37556,11.63961,11.79687,11.91323,12.00850,12.09140,12.16660,12.23702,12.30472,12.37133,12.43829,12.50710,12.57950,12.65774,12.74511,12.84704,12.97376,13.14904,13.45426,13.78268
2024-07-02,2024-07-01,ar_garch,1,12.03000,12.17807,True,10.95281,11.21525,11.47075,11.62285,11.73536,11.82746,11.90758,11.98026,12.04831,12.11373,12.17807,12.24275,12.30922,12.37914,12.45470,12.53907,12.63748,12.75982,12.92900,13.22355,13.54039
2024-07-03,2024-07-02,ar_garch,1,12.09000,11.98698,True,10.79651,11.05170,11.30004,11.44781,11.55711,11.64657,11.72437,11.79494,11.86101,11.92452,11.98698,12.04977,12.11428,12.18215,12.25547,12.33734,12.43284,12.55154,12.71568,13.00141,13.30872
2024-07-05,2024-07-03,ar_garch,1,12.48000,12.03143,True,10.85088,11.10413,11.35048,11.49702,11.60538,11.69406,11.77119,11.84113,11.90661,11.96954,12.03143,12.09364,12.15755,12.22478,12.29742,12.37852,12.47311,12.59067,12.75323,13.03616,13.34041
2024-07-08,2024-07-05,ar_garch,1,12.37000,12.39929,True,11.14324,11.41225,11.67416,11.83007,11.94541,12.03983,12.12197,12.19648,12.26625,12.33332,12.39929,12.46562,12.53377,12.60547,12.68295,12.76948,12.87042,12.99590,13.16947,13.47171,13.79692
2024-07-09,2024-07-08,ar_garch,1,12.51000,12.32090,True,11.09773,11.35999,11.61518,11.76701,11.87930,11.97120,12.05114,12.12363,12.19150,12.25674,12.32090,12.38540,12.45168,12.52139,12.59671,12.68082,12.77892,12.90087,13.06951,13.36310,13.67890
2024-07-10,2024-07-09,ar_garch,1,12.85000,12.44499,True,11.21867,11.48173,11.73762,11.88984,12.00241,12.09453,12.17464,12.24730,12.31532,12.38070,12.44499,12.50962,12.57603,12.64588,12.72135,12.80562,12.90390,13.02606,13.19500,13.48907,13.80537
2024-07-11,2024-07-10,ar_garch,1,12.92000,12.77124,True,11.48727,11.76241,12.03020,12.18958,12.30747,12.40397,12.48790,12.56404,12.63532,12.70384,12.77124,12.83900,12.90862,12.98186,13.06101,13.14939,13.25249,13.38065,13.55792,13.86660,14.19872
2024-07-12,2024-07-11,ar_garch,1,12.46000,12.85794,True,11.58407,11.85726,12.12304,12.28117,12.39811,12.49381,12.57704,12.65253,12.72320,12.79113,12.85794,12.92510,12.99410,13.06668,13.14511,13.23268,13.33483,13.46179,13.63738,13.94307,14.27190
2024-07-15,2024-07-12,ar_garch,1,13.12000,12.43188,True,11.17924,11.44768,11.70895,11.86444,11.97945,12.07358,12.15547,12.22974,12.29928,12.36613,12.43188,12.49798,12.56591,12.63736,12.71458,12.80081,12.90140,13.02646,13.19944,13.50069,13.82488
2024-07-16,2024-07-15,ar_garch,1,13.19000,13.01971,True,11.61855,11.91777,12.20956,12.38347,12.51223,12.61770,12.70949,12.79279,12.87083,12.94587,13.01971,13.09397,13.17031,13.25065,13.33750,13.43453,13.54778,13.68864,13.88362,14.22354,14.58985
2024-07-17,2024-07-16,ar_garch,1,14.48000,13.12697,True,11.75871,12.05139,12.33654,12.50637,12.63205,12.73497,12.82452,12.90576,12.98185,13.05500,13.12697,13.19934,13.27371,13.35197,13.43655,13.53103,13.64127,13.77836,13.96804,14.29854,14.65444
2024-07-18,2024-07-17,ar_garch,1,15.93000,14.33297,True,12.51104,12.89662,13.27449,13.50057,13.66836,13.80605,13.92608,14.03515,14.13745,14.23594,14.33297,14.43065,14.53118,14.63710,14.75174,14.87999,15.02989,15.21669,15.47584,15.92929,16.42022
2024-07-19,2024-07-18,ar_garch,1,16.52000,15.76765,True,13.50212,13.97771,14.44585,14.72691,14.93595,15.10779,15.25778,15.39425,15.52239,15.64588,15.76765,15.89037,16.01679,16.15011,16.29456,16.45634,16.64567,16.88195,17.21040,17.78681,18.41332
2024-07-22,2024-07-19,ar_garch,1,14.91000,16.41129,True,14.18389,14.65314,15.11417,15.39053,15.59588,15.76457,15.91172,16.04553,16.17110,16.29207,16.41129,16.53139,16.65505,16.78539,16.92655,17.08455,17.26933,17.49976,17.81974,18.38039,18.98849
2024-07-23,2024-07-22,ar_garch,1,14.72000,14.93738,True,12.77073,13.22507,13.67258,13.94136,14.14134,14.30575,14.44930,14.57991,14.70257,14.82079,14.93738,15.05488,15.17593,15.30361,15.44195,15.59689,15.77823,16.00455,16.31918,16.87138,17.47162
2024-07-24,2024-07-23,ar_garch,1,18.04000,14.66639,True,12.72364,13.13351,13.53587,13.77693,13.95599,14.10302,14.23126,14.34784,14.45722,14.56257,14.66639,14.77094,14.87857,14.99201,15.11482,15.25225,15.41295,15.61326,15.89132,16.37817,16.90577
2024-07-25,2024-07-24,ar_garch,1,18.46000,17.73885,True,14.22712,14.94561,15.66273,16.09787,16.42374,16.69302,16.92912,17.14475,17.34796,17.54445,17.73885,17.93540,18.13854,18.35352,18.58731,18.85019,19.15926,19.54710,20.09015,21.05412,22.11738
2024-07-26,2024-07-25,ar_garch,1,16.39000,18.35317,True,15.10828,15.77926,16.44514,16.84742,17.14783,17.39554,17.61233,17.81003,17.99605,18.17568,18.35317,18.53239,18.71738,18.91288,19.12517,19.36352,19.64324,19.99350,20.48258,21.34694,22.29498
2024-07-29,2024-07-26,ar_garch,1,16.60000,16.43618,True,13.50016,14.10654,14.70871,15.07269,15.34458,15.56884,15.76513,15.94417,16.11266,16.27538,16.43618,16.59857,16.76621,16.94339,17.13580,17.35185,17.60544,17.92302,18.36654,19.15056,20.01073
2024-07-30,2024-07-29,ar_garch,1,17.69000,16.51392,True,13.89074,14.43784,14.97827,15.30360,15.54598,15.74550,15.91985,16.07865,16.22789,16.37184,16.51392,16.65723,16.80499,16.96097,17.13015,17.31984,17.54212,17.81996,18.20701,18.88852,19.63246
2024-07-31,2024-07-30,ar_garch,1,16.36000,17.54420,True,14.87445,15.43287,15.98363,16.31478,16.56131,16.76412,16.94127,17.10253,17.25402,17.40009,17.54420,17.68951,17.83927,17.99729,18.16860,18.36058,18.58543,18.86627,19.25714,19.94438,20.69314
2024-08-01,2024-07-31,ar_garch,1,18.59000,16.36588,True,13.94992,14.45625,14.95511,15.25480,15.47780,15.66118,15.82129,15.96700,16.10385,16.23577,16.36588,16.49703,16.63217,16.77472,16.92921,17.10229,17.30491,17.55788,17.90974,18.52776,19.20026
2024-08-02,2024-08-01,ar_garch,1,23.39000,18.36325,True,15.32726,15.95794,16.58230,16.95878,17.23958,17.47090,17.67319,17.85751,18.03084,18.19810,18.36325,18.52990,18.70179,18.88331,19.08026,19.30118,19.56016,19.88404,20.33548,21.13111,22.00060
2024-08-05,2024-08-02,ar_garch,1,38.57000,22.96515,True,17.65766,18.72481,19.79989,20.45695,20.95126,21.36118,21.72162,22.05169,22.36346,22.66559,22.96515,23.26867,23.58304,23.91645,24.27987,24.68957,25.17262,25.78089,26.63641,28.16574,29.86796
2024-08-06,2024-08-05,ar_garch,1,27.71000,37.26118,True,22.47856,25.17065,28.02608,29.84156,31.24243,32.42693,33.48558,34.46907,35.41038,36.33412,37.26118,38.21189,39.20870,40.27946,41.46248,42.81611,44.43941,46.52556,49.53940,55.15930,61.76530
2024-08-07,2024-08-06,ar_garch,1,27.85000,28.15273,True,17.13154,19.14536,21.27774,22.63174,23.67565,24.55776,25.34572,26.07737,26.77735,27.46395,28.15273,28.85879,29.59876,30.39325,31.27062,32.27396,33.47643,35.02057,37.24908,41.39782,46.26417
2024-08-08,2024-08-07,ar_garch,1,23.79000,27.71896,True,18.29883,20.08097,21.93461,23.09558,23.98285,24.72756,25.38907,26.00028,26.58238,27.15094,27.71896,28.29887,28.90414,29.55126,30.26266,31.07224,32.03709,33.26787,35.02870,38.26214,41.98853
2024-08-09,2024-08-08,ar_garch,1,20.37000,23.91527,True,16.45909,17.89429,19.37370,20.29392,20.99409,21.57978,22.09855,22.57669,23.03102,23.47382,23.91527,24.36503,24.83348,25.33322,25.88135,26.50353,27.24292,28.18284,29.52148,31.96218,34.74920
2024-08-12,2024-08-09,ar_garch,1,20.71000,20.47307,True,14.50273,15.66557,16.85686,17.59435,18.15379,18.62067,19.03341,19.41316,19.77343,20.12403,20.47307,20.82815,21.19746,21.59084,22.02162,22.50974,23.08864,23.82278,24.86504,26.75590,28.90120
2024-08-13,2024-08-12,ar_garch,1,18.12000,20.59785,True,15.39616,16.43223,17.48118,18.12468,18.60999,19.01320,19.36834,19.69403,20.00209,20.30104,20.59785,20.89900,21.21136,21.54315,21.90541,22.31457,22.79805,23.40850,24.27019,25.81948,27.55697
2024-08-14,2024-08-13,ar_garch,1,16.19000,18.18770,True,13.85652,14.72579,15.60231,16.13838,16.54186,16.87658,17.17101,17.44072,17.69557,17.94264,18.18770,18.43611,18.69352,18.96668,19.26460,19.60069,19.99730,20.49726,21.20150,22.46348,23.87269
2024-08-15,2024-08-14,ar_garch,1,15.23000,16.22889,True,12.59279,13.32788,14.06625,14.51648,14.85470,15.13488,15.38103,15.60627,15.81888,16.02482,16.22889,16.43556,16.64952,16.87635,17.12349,17.40198,17.73020,18.14330,18.72402,19.76134,20.91488
2024-08-16,2024-08-15,ar_garch,1,14.80000,15.21856,True,12.16158,12.78705,13.41128,13.79004,14.07368,14.30807,14.51357,14.70129,14.87819,15.04927,15.21856,15.38975,15.56671,15.75403,15.95779,16.18699,16.45657,16.79505,17.26937,18.11243,19.04395
2024-08-19,2024-08-16,ar_garch,1,14.65000,14.75968,True,12.14627,12.68746,13.22409,13.54807,13.78991,13.98927,14.16371,14.32276,14.47241,14.61691,14.75968,14.90384,15.05265,15.20992,15.38073,15.57252,15.79765,16.07964,16.47358,17.17034,17.93538
2024-08-20,2024-08-19,ar_garch,1,15.88000,14.59372,True,12.31251,12.78976,13.26038,13.54329,13.75390,13.92715,14.07849,14.21626,14.34571,14.47054,14.59372,14.71795,14.84603,14.98121,15.12782,15.29220,15.48483,15.72563,16.06114,16.65213,17.29759
2024-08-21,2024-08-20,ar_garch,1,16.27000,15.73323,True,13.28967,13.80094,14.30507,14.60812,14.83372,15.01931,15.18140,15.32897,15.46762,15.60131,15.73323,15.86627,16.00341,16.14815,16.30512,16.48109,16.68728,16.94499,17.30397,17.93607,18.62608
2024-08-22,2024-08-21,ar_garch,1,17.55000,16.17459,True,13.88053,14.36358,14.83824,15.12282,15.33431,15.50805,15.65965,15.79752,15.92694,16.05164,16.17459,16.29848,16.42608,16.56066,16.70646,16.86977,17.06091,17.29950,17.63129,18.21393,18.84779
2024-08-23,2024-08-22,ar_garch,1,15.86000,17.39396,True,14.88366,15.41141,15.93045,16.24184,16.47336,16.66362,16.82966,16.98071,17.12253,17.25919,17.39396,17.52977,17.66969,17.81726,17.97718,18.15631,18.36600,18.62780,18.99192,19.63154,20.32764
2024-08-26,2024-08-23,ar_garch,1,16.15000,15.88665,True,13.50840,14.00699,14.49810,14.79310,15.01258,15.19305,15.35063,15.49404,15.62873,15.75857,15.88665,16.01577,16.14883,16.28922,16.44139,16.61192,16.81162,17.06105,17.40819,18.01856,18.68361
2024-08-27,2024-08-26,ar_garch,1,15.43000,16.06105,True,13.87807,14.33875,14.79089,15.06172,15.26287,15.42805,15.57211,15.70308,15.82599,15.94437,16.06105,16.17858,16.29959,16.42717,16.56534,16.72002,16.90096,17.12668,17.44028,17.99022,18.58740
2024-08-28,2024-08-27,ar_garch,1,17.11000,15.40411,True,13.42265,13.84221,14.25324,14.49910,14.68154,14.83125,14.96174,15.08032,15.19154,15.29862,15.40411,15.51033,15.61966,15.73486,15.85957,15.99911,16.16225,16.36561,16.64791,17.14225,17.67808
2024-08-29,2024-08-28,ar_garch,1,15.65000,16.92784,True,14.47476,14.99006,15.49710,15.80140,16.02769,16.21368,16.37602,16.52372,16.66240,16.79604,16.92784,17.06067,17.19752,17.34185,17.49826,17.67346,17.87855,18.13459,18.49068,19.11612,19.79665
2024-08-30,2024-08-29,ar_garch,1,15.00000,15.66642,True,13.39240,13.86991,14.33985,14.62194,14.83174,15.00419,15.15471,15.29167,15.42027,15.54420,15.66642,15.78960,15.91651,16.05036,16.19541,16.35788,16.54808,16.78551,17.11571,17.69563,18.32657
2024-09-03,2024-08-30,ar_garch,1,20.72000,14.97228,True,12.93339,13.36332,13.78548,14.03844,14.22636,14.38069,14.51531,14.63771,14.75258,14.86322,14.97228,15.08213,15.19525,15.31449,15.44363,15.58820,15.75731,15.96824,16.26125,16.77496,17.33259
2024-09-04,2024-09-03,ar_garch,1,21.32000,20.22474,True,14.78581,15.86073,16.95349,17.62596,18.13413,18.55700,18.92995,19.27238,19.59664,19.91165,20.22474,20.54276,20.87298,21.22417,21.60810,22.04236,22.55637,23.20669,24.12720,25.78949,27.66438
2024-09-05,2024-09-04,ar_garch,1,19.90000,21.18890,True,16.18515,17.19215,18.20604,18.82538,19.29120,19.67743,20.01703,20.32801,20.62178,20.90652,21.18890,21.47509,21.77162,22.08625,22.42938,22.81648,23.27328,23.84916,24.66047,26.11480,27.73959
2024-09-06,2024-09-05,ar_garch,1,22.38000,19.89512,True,15.70104,16.55644,17.41156,17.93106,18.32041,18.64237,18.92482,19.18297,19.42639,19.66193,19.89512,20.13109,20.37517,20.63371,20.91517,21.23206,21.60519,22.07432,22.73294,23.90707,25.20953
2024-09-09,2024-09-06,ar_garch,1,19.45000,22.12183,True,17.60236,18.52687,19.44961,20.00950,20.42880,20.77532,21.07917,21.35674,21.61835,21.87140,22.12183,22.37512,22.63702,22.91433,23.21606,23.55560,23.95516,24.45714,25.16118,26.41435,27.80167
2024-09-10,2024-09-09,ar_garch,1,19.08000,19.53193,True,15.56093,16.37340,17.18425,17.67621,18.04462,18.34907,18.61601,18.85986,19.08968,19.31196,19.53193,19.75441,19.98443,20.22796,20.49292,20.79106,21.14184,21.58248,22.20036,23.29977,24.51630
2024-09-11,2024-09-10,ar_garch,1,17.69000,19.01782,True,15.60608,16.31266,17.01322,17.43613,17.75181,18.01204,18.23974,18.44737,18.64274,18.83140,19.01782,19.20609,19.40045,19.60591,19.82909,20.07977,20.37412,20.74299,21.25861,22.17158,23.17543
2024-09-12,2024-09-11,ar_garch,1,17.07000,17.69340,True,14.71431,15.33454,15.94774,16.31710,16.59242,16.81914,17.01735,17.19794,17.36773,17.53159,17.69340,17.85669,18.02516,18.20313,18.39630,18.61309,18.86742,19.18578,19.63014,20.41511,21.27563
2024-09-13,2024-09-12,ar_garch,1,16.56000,17.03111,True,14.43076,14.97627,15.51338,15.83588,16.07578,16.27303,16.44524,16.60197,16.74918,16.89110,17.03111,17.17228,17.31779,17.47135,17.63786,17.82451,18.04322,18.31656,18.69733,19.36789,20.10003
2024-09-16,2024-09-13,ar_garch,1,17.14000,16.51662,True,14.21398,14.70012,15.17711,15.46275,15.67487,15.84904,16.00095,16.13907,16.26868,16.39354,16.51662,16.64063,16.76834,16.90301,17.04891,17.21232,17.40358,17.64233,17.97436,18.55759,19.19229
2024-09-17,2024-09-16,ar_garch,1,17.61000,17.02761,True,14.80219,15.27390,15.73572,16.01182,16.21664,16.38468,16.53113,16.66421,16.78903,16.90921,17.02761,17.14685,17.26958,17.39894,17.53900,17.69578,17.87914,18.10784,18.42556,18.98268,19.58761
2024-09-18,2024-09-17,ar_garch,1,18.23000,17.50273,True,15.33849,15.79869,16.24846,16.51699,16.71603,16.87922,17.02137,17.15048,17.27152,17.38800,17.50273,17.61821,17.73703,17.86221,17.99770,18.14927,18.32645,18.54729,18.85382,19.39057,19.97234
2024-09-19,2024-09-18,ar_garch,1,16.33000,18.11102,True,15.93875,16.40136,16.85312,17.12266,17.32237,17.48605,17.62860,17.75803,17.87935,17.99608,18.11102,18.22669,18.34569,18.47102,18.60664,18.75832,18.93558,19.15642,19.46281,19.99889,20.57934
2024-09-20,2024-09-19,ar_garch,1,16.15000,16.36733,True,14.08923,14.57002,15.04186,15.32446,15.53435,15.70670,15.85702,15.99370,16.12196,16.24552,16.36733,16.49004,16.61642,16.74969,16.89406,17.05574,17.24497,17.48116,17.80959,18.38634,19.01378
2024-09-23,2024-09-20,ar_garch,1,15.89000,16.08879,True,14.03279,14.46909,14.89598,15.15108,15.34025,15.49542,15.63063,15.75347,15.86867,15.97955,16.08879,16.19878,16.31197,16.43125,16.56039,16.70489,16.87386,17.08455,17.37712,17.88981,18.44603
2024-09-24,2024-09-23,ar_garch,1,15.39000,15.83461,True,13.94880,14.35066,14.74295,14.97695,15.15029,15.29235,15.41605,15.52836,15.63362,15.73489,15.83461,15.93496,16.03819,16.14690,16.26454,16.39610,16.54984,16.74138,17.00710,17.47201,17.97538
2024-09-25,2024-09-24,ar_garch,1,15.41000,15.35087,True,13.59403,13.96923,14.33505,14.55306,14.71446,14.84667,14.96175,15.06621,15.16408,15.25821,15.35087,15.44410,15.53997,15.64092,15.75011,15.87220,16.01481,16.19242,16.43868,16.86917,17.33477
2024-09-26,2024-09-25,ar_garch,1,15.37000,15.33955,True,13.67068,14.02808,14.37601,14.58311,14.73632,14.86176,14.97089,15.06990,15.16264,15.25181,15.33955,15.42780,15.51852,15.61402,15.71729,15.83270,15.96747,16.13522,16.36767,16.77363,17.21215
2024-09-27,2024-09-26,ar_garch,1,16.96000,15.30334,True,13.70199,14.04564,14.37981,14.57854,14.72547,14.84572,14.95030,15.04515,15.13397,15.21935,15.30334,15.38780,15.47460,15.56596,15.66471,15.77506,15.90388,16.06417,16.28618,16.67366,17.09184
2024-09-30,2024-09-27,ar_garch,1,16.73000,16.78301,True,14.59522,15.05916,15.51325,15.78468,15.98601,16.15117,16.29511,16.42590,16.54856,16.66666,16.78301,16.90018,17.02078,17.14789,17.28552,17.43957,17.61975,17.84449,18.15670,18.70420,19.29875
2024-10-01,2024-09-30,ar_garch,1,19.26000,16.66925,True,14.65815,15.08661,15.50491,15.75444,15.93930,16.09081,16.22274,16.34254,16.45482,16.56286,16.66925,16.77631,16.88646,17.00248,17.12804,17.26848,17.43262,17.63717,17.92102,18.41791,18.95626
2024-10-02,2024-10-01,ar_garch,1,18.90000,19.00972,True,15.97505,16.61001,17.23605,17.61236,17.89249,18.12293,18.32423,18.50750,18.67971,18.84580,19.00972,19.17507,19.34557,19.52558,19.72087,19.93991,20.19672,20.51795,20.96591,21.75614,22.62087
2024-10-03,2024-10-02,ar_garch,1,20.49000,18.83775,True,16.13820,16.70754,17.26646,17.60130,17.85003,18.05431,18.23252,18.39457,18.54669,18.69324,18.83775,18.98337,19.13337,19.29160,19.46307,19.65518,19.88012,20.16105,20.55203,21.23956,21.98886
2024-10-04,2024-10-03,ar_garch,1,19.21000,20.29833,True,17.33538,17.95921,18.57221,18.93972,19.21283,19.43722,19.63302,19.81111,19.97832,20.13944,20.29833,20.45848,20.62348,20.79754,20.98620,21.19760,21.44517,21.75441,22.18489,22.94212,23.76772
2024-10-07,2024-10-04,ar_garch,1,22.64000,19.20107,True,16.52483,17.08999,17.64442,17.97640,18.22292,18.42533,18.60186,18.76235,18.91297,19.05805,19.20107,19.34516,19.49356,19.65005,19.81959,20.00947,20.23173,20.50917,20.89505,21.57293,22.31073
2024-10-08,2024-10-07,ar_garch,1,21.42000,22.31127,True,18.30791,19.13735,19.95953,20.45577,20.82614,21.13144,21.39856,21.64212,21.87130,22.09260,22.31127,22.53211,22.76010,23.00111,23.26292,23.55699,23.90231,24.33509,24.94012,26.01160,27.19005
2024-10-09,2024-10-08,ar_garch,1,20.86000,21.39898,True,17.93157,18.65613,19.37102,19.80097,20.12115,20.38460,20.61478,20.82439,21.02139,21.21141,21.39898,21.58821,21.78336,21.98943,22.21301,22.46384,22.75797,23.12595,23.63925,24.54510,25.53688
2024-10-10,2024-10-09,ar_garch,1,20.93000,20.80177,True,17.75281,18.39472,19.02549,19.40365,19.68470,19.91560,20.11709,20.30036,20.47243,20.63825,20.80177,20.96659,21.13641,21.31557,21.50976,21.72738,21.98224,22.30063,22.74390,23.52380,24.37437
2024-10-11,2024-10-10,ar_garch,1,20.46000,20.83266,True,18.05757,18.64557,19.22135,19.56562,19.82103,20.03060,20.21327,20.37927,20.53498,20.68492,20.83266,20.98146,21.13466,21.29615,21.47104,21.66684,21.89593,22.18176,22.57905,23.27629,24.03423
2024-10-14,2024-10-11,ar_garch,1,19.70000,20.39797,True,17.87587,18.41270,18.93707,19.24999,19.48186,19.67194,19.83749,19.98783,20.12877,20.26440,20.39797,20.53243,20.67078,20.81653,20.97429,21.15080,21.35716,21.61442,21.97158,22.59730,23.27592
2024-10-15,2024-10-14,ar_garch,1,20.64000,19.65860,True,17.32214,17.82056,18.30681,18.59672,18.81141,18.98732,19.14047,19.27951,19.40981,19.53517,19.65860,19.78280,19.91057,20.04514,20.19074,20.35361,20.54394,20.78111,21.11020,21.68621,22.31020
2024-10-16,2024-10-15,ar_garch,1,19.58000,20.48819,True,18.05990,18.57785,19.08319,19.38449,19.60763,19.79047,19.94966,20.09418,20.22961,20.35991,20.48819,20.61729,20.75008,20.88994,21.04127,21.21052,21.40830,21.65474,21.99665,22.59498,23.24299
2024-10-17,2024-10-16,ar_garch,1,19.11000,19.55759,True,17.26055,17.75070,18.22881,18.51383,18.72489,18.89782,19.04837,19.18503,19.31310,19.43630,19.55759,19.67964,19.80518,19.93739,20.08043,20.24040,20.42732,20.66019,20.98324,21.54842,22.16032
2024-10-18,2024-10-17,ar_garch,1,18.03000,19.05361,True,16.90916,17.36782,17.81464,18.08075,18.27767,18.43894,18.57928,18.70663,18.82594,18.94068,19.05361,19.16721,19.28403,19.40702,19.54005,19.68877,19.86249,20.07882,20.37875,20.90303,21.47002
2024-10-21,2024-10-18,ar_garch,1,18.37000,18.01468,True,15.92403,16.37039,16.80566,17.06508,17.25715,17.41450,17.55147,17.67580,17.79230,17.90436,18.01468,18.12568,18.23985,18.36006,18.49012,18.63555,18.80547,19.01713,19.31069,19.82413,20.37981
2024-10-22,2024-10-21,ar_garch,1,18.20000,18.26600,True,16.23668,16.67095,17.09389,17.34572,17.53205,17.68462,17.81738,17.93785,18.05069,18.15920,18.26600,18.37342,18.48388,18.60016,18.72591,18.86649,19.03068,19.23511,19.51848,20.01366,20.54895
2024-10-23,2024-10-22,ar_garch,1,19.24000,18.12879,True,16.19958,16.61340,17.01590,17.25531,17.43234,17.57723,17.70326,17.81757,17.92463,18.02754,18.12879,18.23062,18.33529,18.44545,18.56456,18.69766,18.85307,19.04649,19.31448,19.78241,20.28776
2024-10-24,2024-10-23,ar_garch,1,19.08000,19.08704,True,16.92270,17.38529,17.83612,18.10470,18.30349,18.46631,18.60801,18.73662,18.85710,18.97298,19.08704,19.20179,19.31979,19.44403,19.57841,19.72865,19.90415,20.12269,20.42570,20.95538,21.52820
2024-10-25,2024-10-24,ar_garch,1,20.33000,19.00478,True,16.95146,17.39147,17.81968,18.07449,18.26296,18.41724,18.55146,18.67322,18.78726,18.89690,19.00478,19.11328,19.22483,19.34223,19.46918,19.61107,19.77674,19.98296,20.26870,20.76775,21.30683
2024-10-28,2024-10-25,ar_garch,1,19.80000,20.15884,True,17.79758,18.30127,18.79269,19.08569,19.30268,19.48047,19.63526,19.77577,19.90745,20.03413,20.15884,20.28433,20.41340,20.54933,20.69639,20.86084,21.05298,21.29233,21.62430,22.20495,22.83338
2024-10-29,2024-10-28,ar_garch,1,19.34000,19.74495,True,17.53943,18.01113,18.47068,18.74437,18.94691,19.11278,19.25712,19.38811,19.51081,19.62881,19.74495,19.86177,19.98189,20.10836,20.24513,20.39802,20.57659,20.79893,21.10712,21.64566,22.22780
2024-10-30,2024-10-29,ar_garch,1,20.35000,19.28245,True,17.19839,17.64491,18.07950,18.33813,18.52943,18.68603,18.82227,18.94587,19.06163,19.17293,19.28245,19.39259,19.50582,19.62500,19.75387,19.89790,20.06607,20.27540,20.56544,21.07196,21.61905
2024-10-31,2024-10-30,ar_garch,1,23.16000,20.19451,True,17.91943,18.40568,18.87957,19.16190,19.37087,19.54202,19.69098,19.82617,19.95282,20.07462,20.19451,20.31511,20.43913,20.56970,20.71091,20.86878,21.05317,21.28277,21.60103,22.15720,22.75844
2024-11-01,2024-10-31,ar_garch,1,21.88000,22.87092,True,19.40174,20.13008,20.84689,21.27714,21.59714,21.86019,22.08983,22.29881,22.49508,22.68427,22.87092,23.05909,23.25304,23.45770,23.67962,23.92838,24.21983,24.58408,25.09146,25.98493,26.96041
2024-11-04,2024-11-01,ar_garch,1,21.98000,21.86181,True,18.77338,19.42497,20.06453,20.44763,20.73218,20.96586,21.16969,21.35504,21.52900,21.69659,21.86181,22.02829,22.19976,22.38060,22.57655,22.79604,23.05298,23.37379,23.82007,24.60434,25.45832
2024-11-05,2024-11-04,ar_garch,1,20.49000,21.87642,True,19.05249,19.65177,20.23810,20.58845,20.84827,21.06138,21.24709,21.41581,21.57404,21.72635,21.87642,22.02751,22.18303,22.34693,22.52438,22.72299,22.95527,23.24495,23.64735,24.35290,25.11889
2024-11-06,2024-11-05,ar_garch,1,16.27000,20.49008,True,17.82121,18.38715,18.94111,19.27222,19.51782,19.71930,19.89490,20.05444,20.20408,20.34814,20.49008,20.63301,20.78013,20.93518,21.10307,21.29099,21.51077,21.78490,22.16572,22.83352,23.55864
2024-11-07,2024-11-06,ar_garch,1,15.20000,16.43468,True,12.95768,13.66751,14.37672,14.80738,15.13006,15.39684,15.63086,15.84473,16.04638,16.24150,16.43468,16.63015,16.83237,17.04659,17.27982,17.54246,17.85178,18.24081,18.78722,19.76209,20.84468
2024-11-08,2024-11-07,ar_garch,1,14.94000,15.19642,True,12.24723,12.85464,13.45865,13.82409,14.09727,14.32272,14.52019,14.70042,14.87015,15.03419,15.19642,15.36041,15.52986,15.70917,15.90415,16.12342,16.38128,16.70499,17.15858,17.96482,18.85580
2024-11-11,2024-11-08,ar_garch,1,14.97000,14.88906,True,12.33687,12.86855,13.39400,13.71039,13.94619,14.14035,14.31008,14.46472,14.61013,14.75047,14.88906,15.02896,15.17332,15.32586,15.49148,15.67742,15.89568,16.16906,16.55101,17.22682,17.96925
2024-11-12,2024-11-11,ar_garch,1,14.71000,14.90101,True,12.62439,13.10303,13.57369,13.85602,14.06591,14.23842,14.38898,14.52598,14.65464,14.77866,14.90101,15.02438,15.15153,15.28573,15.43127,15.59445,15.78569,16.02482,16.35813,16.94572,17.58819
2024-11-13,2024-11-12,ar_garch,1,14.02000,14.65982,True,12.63200,13.06132,13.48187,13.73340,13.92005,14.07323,14.20677,14.32815,14.44203,14.55171,14.65982,14.76874,14.88090,14.99918,15.12733,15.27087,15.43891,15.64874,15.94070,16.45396,17.01317
2024-11-14,2024-11-13,ar_garch,1,14.31000,13.99838,True,12.15805,12.54890,12.93111,13.15941,13.32867,13.46749,13.58845,13.69835,13.80141,13.90063,13.99838,14.09683,14.19817,14.30499,14.42068,14.55020,14.70174,14.89085,15.15374,15.61530,16.11729
2024-11-15,2024-11-14,ar_garch,1,16.14000,14.22748,True,12.48102,12.85344,13.21683,13.43351,13.59398,13.72548,13.83998,13.94394,14.04138,14.13515,14.22748,14.32042,14.41604,14.51678,14.62583,14.74784,14.89050,15.06838,15.31541,15.74840,16.21832
2024-11-18,2024-11-15,ar_garch,1,15.58000,15.94845,True,13.53876,14.04581,14.54418,14.84302,15.06514,15.24765,15.40694,15.55185,15.68792,15.81908,15.94845,16.07888,16.21331,16.35517,16.50900,16.68146,16.88356,17.13621,17.48831,18.10883,18.78704
2024-11-19,2024-11-18,ar_garch,1,16.35000,15.54428,True,13.40003,13.85409,14.29883,14.56480,14.76216,14.92411,15.06530,15.19363,15.31403,15.42999,15.54428,15.65942,15.77799,15.90302,16.03849,16.19022,16.36785,16.58963,16.89821,17.44068,18.03165
2024-11-20,2024-11-19,ar_garch,1,17.16000,16.22812,True,14.07735,14.53383,14.98039,15.24720,15.44505,15.60733,15.74875,15.87725,15.99776,16.11379,16.22812,16.34326,16.46179,16.58675,16.72208,16.87360,17.05089,17.27215,17.57977,18.11992,18.70749
2024-11-21,2024-11-20,ar_garch,1,16.87000,17.03254,True,14.81929,15.28946,15.74918,16.02375,16.22731,16.39425,16.53970,16.67183,16.79574,16.91502,17.03254,17.15087,17.27268,17.40106,17.54007,17.69569,17.87773,18.10484,18.42047,18.97434,19.57633
2024-11-22,2024-11-21,ar_garch,1,15.24000,16.81275,True,14.78305,15.21613,15.63856,15.89039,16.07686,16.22965,16.36268,16.48344,16.59663,16.70552,16.81275,16.92066,17.03168,17.14863,17.27520,17.41679,17.58231,17.78865,18.07509,18.57690,19.12112
2024-11-25,2024-11-22,ar_garch,1,14.60000,15.26776,True,13.17649,13.61929,14.05304,14.31245,14.50494,14.66291,14.80062,14.92578,15.04321,15.15630,15.26776,15.38004,15.49566,15.61757,15.74965,15.89756,16.07069,16.28683,16.58747,17.11575,17.69094
2024-11-26,2024-11-25,ar_garch,1,14.10000,14.57296,True,12.67031,13.07436,13.46951,13.70555,13.88055,14.02408,14.14915,14.26276,14.36932,14.47190,14.57296,14.67473,14.77948,14.88990,15.00946,15.14332,15.29990,15.49527,15.76680,16.24332,16.76132
2024-11-27,2024-11-26,ar_garch,1,14.10000,14.06661,True,12.32676,12.69743,13.05930,13.27515,13.43506,13.56612,13.68026,13.78390,13.88105,13.97454,14.06661,14.15929,14.25465,14.35513,14.46388,14.58557,14.72785,14.90526,15.15163,15.58343,16.05203
2024-11-29,2024-11-27,ar_garch,1,13.51000,14.03649,True,12.41078,12.75845,13.09715,13.29886,13.44814,13.57039,13.67679,13.77335,13.86381,13.95083,14.03649,14.12267,14.21131,14.30465,14.40564,14.51859,14.65057,14.81502,15.04319,15.44255,15.87514
2024-12-02,2024-11-29,ar_garch,1,13.34000,13.48422,True,11.94681,12.27586,12.59628,12.78704,12.92818,13.04375,13.14432,13.23558,13.32107,13.40329,13.48422,13.56564,13.64937,13.73753,13.83291,13.93956,14.06418,14.21941,14.43476,14.81153,15.21948
2024-12-03,2024-12-02,ar_garch,1,13.30000,13.28984,True,11.84176,12.15246,12.45460,12.63429,12.76714,12.87588,12.97045,13.05624,13.13659,13.21383,13.28984,13.36628,13.44488,13.52761,13.61709,13.71711,13.83393,13.97940,14.18109,14.53366,14.91500
2024-12-04,2024-12-03,ar_garch,1,13.45000,13.24210,True,11.85251,12.15127,12.44147,12.61390,12.74133,12.84557,12.93621,13.01840,13.09536,13.16933,13.24210,13.31527,13.39048,13.46963,13.55522,13.65086,13.76255,13.90157,14.09424,14.43084,14.79459
2024-12-05,2024-12-04,ar_garch,1,13.54000,13.37990,True,12.00475,12.30072,12.58804,12.75869,12.88475,12.98786,13.07750,13.15877,13.23485,13.30797,13.37990,13.45221,13.52653,13.60474,13.68929,13.78376,13.89407,14.03135,14.22156,14.55375,14.91257
2024-12-06,2024-12-05,ar_garch,1,12.77000,13.47327,True,12.11367,12.40659,12.69078,12.85950,12.98411,13.08600,13.17457,13.25486,13.33002,13.40224,13.47327,13.54467,13.61806,13.69527,13.77874,13.87199,13.98086,14.11633,14.30400,14.63165,14.98546
2024-12-09,2024-12-06,ar_garch,1,14.19000,12.75755,True,11.37985,11.67567,11.96322,12.13417,12.26054,12.36396,12.45389,12.53547,12.61186,12.68530,12.75755,12.83022,12.90493,12.98357,13.06862,13.16368,13.27471,13.41296,13.60463,13.93968,14.30205
2024-12-10,2024-12-09,ar_garch,1,14.18000,14.03437,True,12.15920,12.55706,12.94633,13.17894,13.35145,13.49296,13.61629,13.72834,13.83345,13.93465,14.03437,14.13480,14.23821,14.34722,14.46529,14.59750,14.75222,14.94532,15.21385,15.68549,16.19872
2024-12-11,2024-12-10,ar_garch,1,13.58000,14.11663,True,12.37367,12.74526,13.10788,13.32412,13.48428,13.61553,13.72982,13.83359,13.93086,14.02445,14.11663,14.20941,14.30488,14.40546,14.51434,14.63617,14.77863,14.95628,15.20301,15.63555,16.10510
2024-12-12,2024-12-11,ar_garch,1,13.92000,13.55460,True,11.93420,12.28028,12.61767,12.81871,12.96754,13.08946,13.19560,13.29194,13.38222,13.46908,13.55460,13.64065,13.72919,13.82244,13.92336,14.03626,14.16823,14.33273,14.56110,14.96115,15.39501
2024-12-13,2024-12-12,ar_garch,1,13.81000,13.83597,True,12.25014,12.58959,12.92012,13.11688,13.26246,13.38166,13.48539,13.57951,13.66769,13.75250,13.83597,13.91995,14.00632,14.09727,14.19567,14.30570,14.43428,14.59448,14.81675,15.20574,15.62710
2024-12-16,2024-12-13,ar_garch,1,14.69000,13.75436,True,12.25427,12.57625,12.88928,13.07542,13.21303,13.32564,13.42359,13.51244,13.59565,13.67564,13.75436,13.83352,13.91492,14.00060,14.09327,14.19686,14.31786,14.46855,14.67749,15.04283,15.43807
2024-12-17,2024-12-16,ar_garch,1,15.87000,14.56826,True,12.86160,13.22641,13.58189,13.79365,13.95037,14.07874,14.19047,14.29187,14.38689,14.47828,14.56826,14.65879,14.75191,14.84999,14.95610,15.07479,15.21351,15.38637,15.62625,16.04624,16.50137
2024-12-18,2024-12-17,ar_garch,1,27.62000,15.72447,True,13.68707,14.11990,14.54312,14.79587,14.98326,15.13693,15.27082,15.39245,15.50651,15.61630,15.72447,15.83339,15.94550,16.06366,16.19161,16.33482,16.50236,16.71135,17.00179,17.51138,18.06516
2024-12-19,2024-12-18,ar_garch,1,24.09000,26.57765,True,16.02670,17.96636,20.01386,21.31038,22.30824,23.15043,23.90212,24.59971,25.26687,25.92120,26.57765,27.25073,27.95644,28.71464,29.55269,30.51225,31.66416,33.14684,35.29414,39.31636,44.07470
2024-12-20,2024-12-19,ar_garch,1,18.36000,24.18450,True,15.72023,17.32673,18.99477,20.03778,20.83408,21.50203,22.09515,22.64311,23.16501,23.67489,24.18450,24.70507,25.24885,25.83081,26.47141,27.20161,28.07371,29.18935,30.79214,33.75650,37.20620
2024-12-23,2024-12-20,ar_garch,1,16.78000,18.58438,True,12.03771,13.27797,14.56698,15.37358,15.98968,16.50667,16.96587,17.39021,17.79447,18.18949,18.58438,18.98784,19.40936,19.86055,20.35729,20.92361,21.60012,22.46577,23.70974,26.01145,28.69145
2024-12-24,2024-12-23,ar_garch,1,14.27000,16.79608,True,11.54631,12.56601,13.61203,14.26007,14.75191,15.16263,15.52595,15.86050,16.17818,16.48764,16.79608,17.11028,17.43758,17.78683,18.17010,18.60549,19.12349,19.78309,20.72492,22.45011,24.43276
2024-12-26,2024-12-24,ar_garch,1,14.73000,14.34620,True,10.14876,10.97363,11.81459,12.33315,12.72554,13.05246,13.34110,13.60642,13.85797,14.10267,14.34620,14.59394,14.85162,15.12620,15.42703,15.76818,16.17325,16.68782,17.42027,18.75528,20.27966
2024-12-27,2024-12-26,ar_garch,1,15.95000,14.63488,True,10.91874,11.66534,12.41761,12.87732,13.22319,13.51008,13.76247,13.99372,14.21233,14.42438,14.63488,14.84844,15.06999,15.30541,15.56259,15.85331,16.19727,16.63231,17.24805,18.36033,19.61577
2024-12-30,2024-12-27,ar_garch,1,17.40000,15.80113,True,12.18418,12.92063,13.65738,14.10514,14.44084,14.71855,14.96231,15.18523,15.39557,15.59927,15.80113,16.00560,16.21737,16.44201,16.68697,16.96334,17.28956,17.70105,18.28138,19.32380,20.49180
2024-12-31,2024-12-30,ar_garch,1,17.35000,17.23037,True,13.58361,14.33268,15.07852,15.53016,15.86799,16.14697,16.39148,16.61480,16.82526,17.02884,17.23037,17.43428,17.64523,17.86875,18.11219,18.38646,18.70972,19.11672,19.68931,20.71389,21.85617
2025-01-02,2024-12-31,ar_garch,1,17.93000,17.27460,True,14.08395,14.74842,15.40508,15.80046,16.09513,16.33779,16.54998,16.74338,16.92531,17.10099,17.27460,17.44997,17.63109,17.82267,18.03094,18.26512,18.54050,18.88627,19.37100,20.23348,21.18807
2025-01-03,2025-01-02,ar_garch,1,16.13000,17.81374,True,14.87308,15.49138,16.09924,16.46377,16.73475,16.95747,17.15191,17.32888,17.49513,17.65548,17.81374,17.97343,18.13816,18.31218,18.50111,18.71325,18.96231,19.27441,19.71083,20.48426,21.33583
2025-01-06,2025-01-03,ar_garch,1,16.04000,16.16021,True,13.47044,14.03548,14.59125,14.92467,15.17259,15.37640,15.55434,15.71632,15.86851,16.01530,16.16021,16.30642,16.45726,16.61663,16.78967,16.98397,17.21211,17.49802,17.89787,18.60658,19.38706
2025-01-07,2025-01-06,ar_garch,1,17.82000,15.97269,True,13.60259,14.10486,14.59652,14.89040,15.10840,15.28729,15.44325,15.58503,15.71809,15.84628,15.97269,16.10010,16.23141,16.36999,16.52027,16.68881,16.88642,17.13364,17.47860,18.08786,18.75575
2025-01-08,2025-01-07,ar_garch,1,17.70000,17.62693,True,14.82113,15.41247,15.99307,16.34092,16.59934,16.81164,16.99690,17.16544,17.32374,17.47635,17.62693,17.77881,17.93543,18.10082,18.28031,18.48176,18.71813,19.01415,19.42770,20.15957,20.96389
2025-01-10,2025-01-08,ar_garch,1,19.54000,17.62741,True,15.10847,15.64353,16.16662,16.47898,16.71055,16.90048,17.06600,17.21641,17.35752,17.49343,17.62741,17.76241,17.90149,18.04821,18.20728,18.38560,18.59457,18.85587,19.22018,19.86288,20.56631
2025-01-13,2025-01-10,ar_garch,1,19.19000,19.33613,True,16.37994,17.00468,17.61717,17.98370,18.25581,18.47922,18.67408,18.85129,19.01765,19.17798,19.33613,19.49557,19.65993,19.83343,20.02165,20.23277,20.48038,20.79026,21.22280,21.98723,22.82583
2025-01-14,2025-01-13,ar_garch,1,18.71000,19.12482,True,16.48192,17.04441,17.59373,17.92148,18.16434,18.36344,18.53690,18.69448,18.84227,18.98457,19.12482,19.26609,19.41160,19.56506,19.73138,19.91775,20.13608,20.40894,20.78914,21.45916,22.19151
2025-01-15,2025-01-14,ar_garch,1,16.12000,18.65449,True,16.26933,16.77946,17.27630,17.57212,17.79103,17.97033,18.12640,18.26807,18.40086,18.52864,18.65449,18.78120,18.91162,19.04909,19.19798,19.36471,19.55986,19.80353,20.14263,20.73906,21.38933
2025-01-16,2025-01-15,ar_garch,1,16.60000,16.19252,True,13.53923,14.09735,14.64591,14.97482,15.21930,15.42022,15.59561,15.75524,15.90519,16.04979,16.19252,16.33651,16.48504,16.64194,16.81227,17.00350,17.22797,17.50924,17.90245,18.59908,19.36577
2025-01-17,2025-01-16,ar_garch,1,15.97000,16.49554,True,14.05352,14.57113,15.07775,15.38055,15.60516,15.78946,15.95014,16.09620,16.23327,16.36533,16.49554,16.62680,16.76206,16.90480,17.05960,17.23320,17.43673,17.69137,18.04665,18.67412,19.36191
2025-01-21,2025-01-17,ar_garch,1,15.06000,15.93515,True,13.75600,14.22037,14.67355,14.94379,15.14396,15.30803,15.45094,15.58074,15.70247,15.81966,15.93515,16.05147,16.17127,16.29761,16.43453,16.58795,16.76766,16.99227,17.30521,17.85670,18.45950
2025-01-22,2025-01-21,ar_garch,1,15.10000,15.04504,True,13.04102,13.46871,13.88576,14.13429,14.31831,14.46910,14.60040,14.71963,14.83142,14.93903,15.04504,15.15181,15.26174,15.37764,15.50323,15.64391,15.80866,16.01448,16.30111,16.80586,17.35703
2025-01-23,2025-01-22,ar_garch,1,15.02000,15.02887,True,13.17922,13.57589,13.96164,14.19106,14.36070,14.49956,14.62039,14.73002,14.83275,14.93157,15.02887,15.12681,15.22759,15.33379,15.44877,15.57751,15.72814,15.91615,16.17768,16.63737,17.13812
2025-01-24,2025-01-23,ar_garch,1,14.85000,14.95640,True,13.23030,13.60184,13.96242,14.17652,14.33468,14.46406,14.57655,14.67857,14.77412,14.86599,14.95640,15.04737,15.14094,15.23950,15.34616,15.46551,15.60509,15.77919,16.02116,16.44587,16.90771
2025-01-27,2025-01-24,ar_garch,1,17.90000,14.79246,True,13.16696,13.51779,13.85776,14.05939,14.20823,14.32991,14.43567,14.53154,14.62130,14.70757,14.79246,14.87783,14.96562,15.05806,15.15807,15.26993,15.40071,15.56375,15.79020,16.18732,16.61863
2025-01-28,2025-01-27,ar_garch,1,16.41000,17.61740,True,14.44048,15.10480,15.75982,16.15351,16.44659,16.68775,16.89850,17.09048,17.27100,17.44525,17.61740,17.79124,17.97074,18.16056,18.36688,18.59883,18.87155,19.21395,19.69392,20.54795,21.49323
2025-01-29,2025-01-28,ar_garch,1,16.56000,16.42278,True,13.65199,14.23461,14.80733,15.15076,15.40605,15.61588,15.79907,15.96581,16.12248,16.27359,16.42278,16.57333,16.72867,16.89283,17.07111,17.27137,17.50661,17.80159,18.21447,18.94732,19.75592
2025-01-30,2025-01-29,ar_garch,1,15.84000,16.47525,True,13.98937,14.51664,15.03250,15.34070,15.56926,15.75679,15.92027,16.06888,16.20835,16.34273,16.47525,16.60884,16.74654,16.89189,17.04957,17.22647,17.43396,17.69371,18.05647,18.69811,19.40287
2025-01-31,2025-01-30,ar_garch,1,16.43000,15.81095,True,13.59643,14.06856,14.52916,14.80375,15.00711,15.17379,15.31897,15.45084,15.57452,15.69359,15.81095,15.92919,16.05098,16.17946,16.31874,16.47487,16.65785,16.88669,17.20583,17.76915,18.38617
2025-02-03,2025-01-31,ar_garch,1,18.62000,16.31807,True,14.16772,14.62788,15.07589,15.34255,15.53985,15.70143,15.84207,15.96975,16.08943,16.20461,16.31807,16.43232,16.54995,16.67398,16.80837,16.95892,17.13526,17.35560,17.66259,18.20354,18.79479
2025-02-04,2025-02-03,ar_garch,1,17.21000,18.39333,True,15.47684,16.09306,16.69722,17.05877,17.32718,17.54758,17.73983,17.91470,18.07890,18.23717,18.39333,18.55083,18.71324,18.88475,19.07091,19.27985,19.52509,19.83230,20.26173,21.02239,21.85942
2025-02-05,2025-02-04,ar_garch,1,15.77000,17.21570,True,14.60680,15.15980,15.70102,16.02447,16.26439,16.46127,16.63291,16.78896,16.93541,17.07653,17.21570,17.35601,17.50063,17.65329,17.81891,18.00471,18.22265,18.49549,18.87651,19.55042,20.29057
2025-02-06,2025-02-05,ar_garch,1,15.50000,15.78284,True,13.37127,13.88199,14.38209,14.68107,14.90290,15.08495,15.24370,15.38804,15.52352,15.65408,15.78284,15.91267,16.04650,16.18778,16.34105,16.51302,16.71475,16.96731,17.32003,17.94398,18.62936
2025-02-07,2025-02-06,ar_garch,1,16.54000,15.44553,True,13.29888,13.75653,14.20302,14.46920,14.66634,14.82792,14.96865,15.09648,15.21636,15.33178,15.44553,15.56012,15.67815,15.80264,15.93760,16.08886,16.26611,16.48773,16.79673,17.34190,17.93868
2025-02-10,2025-02-07,ar_garch,1,15.81000,16.39896,True,14.13435,14.61717,15.08821,15.36903,15.57701,15.74746,15.89592,16.03077,16.15723,16.27898,16.39896,16.51982,16.64431,16.77560,16.91791,17.07741,17.26429,17.49791,17.82358,18.39795,19.02641
2025-02-11,2025-02-10,ar_garch,1,16.02000,15.78184,True,13.72970,14.16887,14.59644,14.85093,15.03923,15.19343,15.32765,15.44949,15.56369,15.67359,15.78184,15.89084,16.00305,16.12134,16.24949,16.39304,16.56113,16.77110,17.06351,17.57843,18.14071
2025-02-12,2025-02-11,ar_garch,1,15.89000,15.93388,True,14.00069,14.41611,14.81963,15.05939,15.23659,15.38159,15.50770,15.62212,15.72930,15.83239,15.93388,16.03603,16.14113,16.25187,16.37178,16.50601,16.66309,16.85915,17.13192,17.61146,18.13401
2025-02-13,2025-02-12,ar_garch,1,15.10000,15.82545,True,14.01754,14.40736,14.78530,15.00954,15.17511,15.31050,15.42819,15.53491,15.63484,15.73090,15.82545,15.92056,16.01838,16.12142,16.23293,16.35771,16.50365,16.68570,16.93877,17.38311,17.86653
2025-02-14,2025-02-13,ar_garch,1,14.77000,15.07834,True,13.34287,13.71688,14.07960,14.29486,14.45381,14.58381,14.69682,14.79930,14.89526,14.98753,15.07834,15.16969,15.26366,15.36263,15.46976,15.58963,15.72984,15.90476,16.14791,16.57492,17.03953
2025-02-18,2025-02-14,ar_garch,1,15.35000,14.72219,True,13.09050,13.44287,13.78422,13.98661,14.13598,14.25808,14.36420,14.46040,14.55045,14.63702,14.72219,14.80786,14.89595,14.98872,15.08910,15.20140,15.33271,15.49646,15.72399,16.12325,16.55727
2025-02-19,2025-02-18,ar_garch,1,15.27000,15.24336,True,13.54363,13.91050,14.26599,14.47682,14.63245,14.75968,14.87025,14.97051,15.06436,15.15458,15.24336,15.33265,15.42448,15.52118,15.62582,15.74289,15.87977,16.05048,16.28768,16.70392,17.15640
2025-02-20,2025-02-19,ar_garch,1,15.66000,15.20503,True,13.57795,13.92992,14.27056,14.47238,14.62127,14.74293,14.84864,14.94444,15.03410,15.12027,15.20503,15.29027,15.37790,15.47016,15.56998,15.68161,15.81209,15.97477,16.20069,16.59685,17.02709
2025-02-21,2025-02-20,ar_garch,1,18.21000,15.56427,True,13.90913,14.26725,14.61380,14.81910,14.97055,15.09430,15.20182,15.29925,15.39044,15.47807,15.56427,15.65095,15.74007,15.83389,15.93538,16.04888,16.18154,16.34692,16.57657,16.97921,17.41638
2025-02-24,2025-02-21,ar_garch,1,18.98000,17.95927,True,15.09805,15.70265,16.29538,16.65006,16.91337,17.12958,17.31817,17.48972,17.65079,17.80607,17.95927,18.11379,18.27313,18.44142,18.62409,18.82915,19.06984,19.37142,19.79305,20.54018,21.36271
2025-02-25,2025-02-24,ar_garch,1,19.43000,18.84628,True,16.03056,16.62824,17.21274,17.56183,17.82068,18.03302,18.21811,18.38634,18.54421,18.69630,18.84628,18.99745,19.15326,19.31772,19.49610,19.69621,19.93090,20.22466,20.63484,21.36017,22.15657
2025-02-26,2025-02-25,ar_garch,1,19.10000,19.31461,True,16.65659,17.22392,17.77706,18.10665,18.35067,18.55063,18.72476,18.88290,19.03118,19.17394,19.31461,19.45631,19.60226,19.75619,19.92304,20.11005,20.32918,20.60316,20.98515,21.65907,22.39679
2025-02-27,2025-02-26,ar_garch,1,21.13000,19.03349,True,16.61904,17.13704,17.64065,17.94007,18.16145,18.34266,18.50033,18.64341,18.77748,18.90647,19.03349,19.16137,19.29300,19.43174,19.58203,19.75035,19.94741,20.19356,20.53632,21.13981,21.79872
2025-02-28,2025-02-27,ar_garch,1,19.63000,20.90550,True,17.91084,18.54822,19.17063,19.54194,19.81706,20.04263,20.23916,20.41771,20.58520,20.74650,20.90550,21.06572,21.23079,21.40495,21.59379,21.80553,22.05373,22.36421,22.79738,23.56237,24.40088
2025-03-03,2025-02-28,ar_garch,1,22.78000,19.63018,True,16.89070,17.47469,18.04446,18.38415,18.63573,18.84194,19.02154,19.18469,19.33769,19.48500,19.63018,19.77645,19.92711,20.08603,20.25830,20.45141,20.67770,20.96068,21.35527,22.05156,22.81398
2025-03-04,2025-03-03,ar_garch,1,23.51000,22.46937,True,18.63101,19.43711,20.23006,20.70580,21.05956,21.35039,21.60436,21.83556,22.05283,22.26243,22.46937,22.67824,22.89379,23.12158,23.36902,23.64700,23.97357,24.38316,24.95656,25.97469,27.09851
2025-03-05,2025-03-04,ar_garch,1,21.93000,23.35908,True,19.70750,20.47969,21.23642,21.68911,22.02512,22.30096,22.54155,22.76035,22.96577,23.16376,23.35908,23.55605,23.75913,23.97356,24.20626,24.46741,24.77384,25.15763,25.69391,26.64331,27.68726
2025-03-06,2025-03-05,ar_garch,1,24.87000,21.92520,True,18.65671,19.35017,20.02853,20.43377,20.73429,20.98083,21.19575,21.39110,21.57443,21.75104,21.92520,22.10075,22.28168,22.47263,22.67975,22.91207,23.18452,23.52549,24.00149,24.84290,25.76631
2025-03-07,2025-03-06,ar_garch,1,23.37000,24.56603,True,20.49276,21.34979,22.19200,22.69690,23.07217,23.38056,23.64976,23.89477,24.12494,24.34692,24.56603,24.78711,25.01518,25.25615,25.51779,25.81160,26.15661,26.58908,27.19402,28.26678,29.44893
2025-03-10,2025-03-07,ar_garch,1,27.86000,23.35564,True,19.77526,20.53309,21.27539,21.71927,22.04867,22.31903,22.55480,22.76918,22.97042,23.16435,23.35564,23.54850,23.74731,23.95719,24.18490,24.44038,24.74008,25.11528,25.63929,26.56618,27.58426
2025-03-11,2025-03-10,ar_garch,1,26.92000,27.43198,True,22.17455,23.26683,24.34766,24.99904,25.48481,25.88504,26.23516,26.55440,26.85484,27.14506,27.43198,27.72193,28.02152,28.33855,28.68340,29.07137,29.52793,30.10169,30.90702,32.34275,33.93590
2025-03-12,2025-03-11,ar_garch,1,24.23000,26.85726,True,22.29450,23.25283,24.19550,24.76103,25.18156,25.52727,25.82915,26.10396,26.36219,26.61131,26.85726,27.10548,27.36161,27.63229,27.92629,28.25653,28.64446,29.13094,29.81183,31.02040,32.35382
2025-03-13,2025-03-12,ar_garch,1,24.66000,24.28067,True,20.14043,21.00951,21.86467,22.37783,22.75947,23.07326,23.34728,23.59675,23.83119,24.05736,24.28067,24.50605,24.73863,24.98441,25.25138,25.55127,25.90354,26.34532,26.96364,28.06114,29.27201
2025-03-14,2025-03-13,ar_garch,1,21.77000,24.52206,True,20.77517,21.56851,22.34545,22.80998,23.15466,23.43756,23.68424,23.90854,24.11907,24.32196,24.52206,24.72381,24.93178,25.15133,25.38952,25.65675,25.97021,26.36265,26.91070,27.88007,28.94472
2025-03-17,2025-03-14,ar_garch,1,20.51000,21.84229,True,18.23350,18.99289,19.73910,20.18644,20.51890,20.79212,21.03061,21.24766,21.45156,21.64819,21.84229,22.03812,22.24013,22.45356,22.68529,22.94549,23.25102,23.63396,24.16956,25.11916,26.16532
2025-03-18,2025-03-17,ar_garch,1,21.70000,20.49337,True,17.30331,17.97759,18.63855,19.03404,19.32763,19.56867,19.77892,19.97013,20.14965,20.32268,20.49337,20.66549,20.84295,21.03032,21.23363,21.46177,21.72943,22.06459,22.53277,23.36122,24.27156
2025-03-19,2025-03-18,ar_garch,1,19.90000,21.52606,True,18.35644,19.02894,19.68679,20.07980,20.37124,20.61035,20.81877,21.00821,21.18597,21.35721,21.52606,21.69625,21.87162,22.05669,22.25739,22.48247,22.74635,23.07650,23.53717,24.35089,25.24299
2025-03-20,2025-03-19,ar_garch,1,19.80000,19.91825,True,16.99220,17.61296,18.22025,18.58306,18.85212,19.07286,19.26527,19.44016,19.60427,19.76237,19.91825,20.07535,20.23725,20.40809,20.59335,20.80111,21.04466,21.34937,21.77449,22.52526,23.34816
2025-03-21,2025-03-20,ar_garch,1,19.28000,19.71656,True,17.07758,17.64098,18.19023,18.51749,18.75978,18.95831,19.13117,19.28814,19.43532,19.57698,19.71656,19.85712,20.00186,20.15448,20.31985,20.50513,20.72212,20.99326,21.37096,22.03634,22.76332
2025-03-24,2025-03-21,ar_garch,1,17.48000,19.22460,True,16.82335,17.33817,17.83890,18.13671,18.35695,18.53724,18.69412,18.83648,18.96988,19.09822,19.22460,19.35182,19.48274,19.62072,19.77014,19.93745,20.13327,20.37775,20.71795,21.31628,21.96859
2025-03-25,2025-03-24,ar_garch,1,17.15000,17.50773,True,15.08826,15.60369,16.10677,16.40680,16.62906,16.81125,16.96994,17.11410,17.24929,17.37945,17.50773,17.63695,17.77005,17.91042,18.06256,18.23307,18.43283,18.68253,19.03054,19.64411,20.31517
2025-03-26,2025-03-25,ar_garch,1,18.33000,17.09201,True,14.90309,15.37167,15.82780,16.09927,16.30011,16.46457,16.60772,16.73765,16.85942,16.97660,17.09201,17.20820,17.32780,17.45387,17.59042,17.74335,17.92238,18.14596,18.45719,19.00488,19.60243
2025-03-27,2025-03-26,ar_garch,1,18.69000,18.17078,True,15.78927,16.29815,16.79402,17.08938,17.30799,17.48708,17.64299,17.78455,17.91725,18.04497,18.17078,18.29747,18.42790,18.56540,18.71436,18.88122,19.07658,19.32062,19.66040,20.25857,20.91149
2025-03-28,2025-03-27,ar_garch,1,21.65000,18.58270,True,16.28630,16.77869,17.25757,17.54239,17.75302,17.92544,18.07546,18.21160,18.33916,18.46187,18.58270,18.70432,18.82948,18.96137,19.10418,19.26407,19.45116,19.68470,20.00958,20.58068,21.20289
2025-03-31,2025-03-28,ar_garch,1,22.28000,21.35556,True,17.84465,18.58336,19.30931,19.74452,20.06799,20.33382,20.56587,20.77704,20.97542,21.16673,21.35556,21.54607,21.74259,21.95019,22.17558,22.42864,22.72573,23.09804,23.61865,24.54131,25.55724
2025-04-01,2025-03-31,ar_garch,1,21.77000,22.14038,True,18.79656,19.50458,20.19797,20.61255,20.92017,21.17264,21.39279,21.59295,21.78082,21.96185,22.14038,22.32036,22.50588,22.70169,22.91409,23.15235,23.43176,23.78145,24.26959,25.13237,26.07904
2025-04-02,2025-04-01,ar_garch,1,21.51000,21.70305,True,18.71461,19.35144,19.97292,20.34351,20.61801,20.84301,21.03898,21.21700,21.38394,21.54466,21.70305,21.86260,22.02693,22.20024,22.38808,22.59858,22.84519,23.15345,23.58305,24.34043,25.16871
2025-04-03,2025-04-02,ar_garch,1,30.02000,21.42898,True,18.70869,19.29137,19.85839,20.19576,20.44532,20.64965,20.82747,20.98887,21.14013,21.28566,21.42898,21.57327,21.72178,21.87832,22.04786,22.23773,22.45997,22.73750,23.12379,23.80345,24.54480
2025-04-04,2025-04-03,ar_garch,1,45.31000,29.27173,True,21.38209,22.95994,24.55356,25.52909,26.26388,26.87394,27.41108,27.90367,28.36971,28.82218,29.27173,29.72829,30.20243,30.70686,31.25868,31.88346,32.62405,33.56305,34.89653,37.31865,40.07251
2025-04-07,2025-04-04,ar_garch,1,46.98000,43.98487,True,27.68086,30.74735,33.94639,35.95358,37.48940,38.77993,39.92765,40.98951,42.00229,42.99313,43.98487,44.99949,46.06103,47.19912,48.45435,49.88839,51.60575,53.81017,56.99188,62.92148,69.89192
2025-04-08,2025-04-07,ar_garch,1,52.33000,46.66535,True,31.51358,34.44942,37.46480,39.33442,40.75417,41.94031,42.99011,43.95729,44.87620,45.77194,46.66535,47.57620,48.52583,49.54025,50.65479,51.92273,53.43392,55.36259,58.12536,63.21312,69.10212
2025-04-09,2025-04-08,ar_garch,1,33.62000,51.75479,True,36.62927,39.61742,42.65518,44.52396,45.93603,47.11125,48.14811,49.10068,50.00341,50.88126,51.75479,52.64331,53.56750,54.55236,55.63164,56.85601,58.31062,60.15992,62.79561,67.61061,73.12617
2025-04-10,2025-04-09,ar_garch,1,40.72000,34.38873,True,21.39512,23.82870,26.37304,27.97209,29.19689,30.22692,31.14359,31.99221,32.80207,33.59482,34.38873,35.20139,36.05213,36.96477,37.97200,39.12355,40.50378,42.27730,44.84065,49.62858,55.27356
2025-04-11,2025-04-10,ar_garch,1,37.56000,40.05732,True,26.19560,28.84646,31.58798,33.29674,34.59869,35.68920,36.65643,37.54920,38.39890,39.22853,40.05732,40.90361,41.78735,42.73296,43.77373,44.96006,46.37714,48.19056,50.79743,55.62515,61.25412
2025-04-14,2025-04-11,ar_garch,1,30.89000,37.57859,True,26.16664,28.40723,30.69250,32.10188,33.16851,34.05732,34.84229,35.56411,36.24874,36.91504,37.57859,38.25406,38.95722,39.70717,40.52978,41.46393,42.57504,43.98964,46.00962,49.71095,53.96758
2025-04-15,2025-04-14,ar_garch,1,30.12000,31.12515,True,21.92538,23.73975,25.58592,26.72243,27.58156,28.29684,28.92808,29.50816,30.05802,30.59284,31.12515,31.66672,32.23017,32.83075,33.48909,34.23616,35.12401,36.25325,37.86361,40.80814,44.18511
2025-04-16,2025-04-15,ar_garch,1,32.64000,30.03037,True,22.29139,23.85123,25.42006,26.37731,27.09685,27.69333,28.21786,28.69835,29.15250,29.59304,30.03037,30.47416,30.93467,31.42421,31.95931,32.56463,33.28147,34.18935,35.47682,37.81034,40.45612
2025-04-17,2025-04-16,ar_garch,1,29.65000,32.33095,True,24.82879,26.36191,27.89244,28.82104,29.51652,30.09148,30.59591,31.05707,31.49214,31.91343,32.33095,32.75392,33.19210,33.65708,34.16437,34.73708,35.41373,36.26830,37.47575,39.65154,42.09992
2025-04-21,2025-04-17,ar_garch,1,33.82000,29.69229,True,23.38993,24.69112,25.98294,26.76338,27.34633,27.82727,28.24848,28.63298,28.99523,29.34555,29.69229,30.04312,30.40610,30.79078,31.20988,31.68230,32.23949,32.94172,33.93119,35.70643,37.69280
2025-04-22,2025-04-21,ar_garch,1,30.57000,33.39141,True,26.38818,27.83540,29.27148,30.13877,30.78644,31.32066,31.78847,32.21544,32.61764,33.00654,33.39141,33.78077,34.18354,34.61031,35.07518,35.59907,36.21680,36.99508,38.09122,40.05642,42.25325
2025-04-23,2025-04-22,ar_garch,1,28.45000,30.62560,True,24.63713,25.88342,27.11538,27.85722,28.41016,28.86560,29.26396,29.62714,29.96893,30.29912,30.62560,30.95559,31.29665,31.65770,32.05060,32.49290,33.01380,33.66910,34.59023,36.23660,38.06966
2025-04-24,2025-04-23,ar_garch,1,26.47000,28.44861,True,23.29301,24.37351,25.43751,26.07634,26.55162,26.94254,27.28405,27.59509,27.88752,28.16978,28.44861,28.73020,29.02098,29.32853,29.66288,30.03887,30.48113,31.03669,31.81614,33.20504,34.74534
2025-04-25,2025-04-24,ar_garch,1,24.84000,26.46840,True,21.96949,22.91744,23.84817,24.40573,24.81996,25.16029,25.45734,25.72766,25.98163,26.22658,26.46840,26.71245,26.96430,27.23047,27.51962,27.84452,28.22632,28.70540,29.37652,30.56957,31.88860
2025-04-28,2025-04-25,ar_garch,1,25.15000,24.82452,True,20.86606,21.70427,22.52503,23.01569,23.37974,23.67853,23.93910,24.17606,24.39853,24.61296,24.82452,25.03790,25.25795,25.49038,25.74269,26.02598,26.35859,26.77551,27.35876,28.39334,29.53393
2025-04-29,2025-04-28,ar_garch,1,24.17000,25.01594,True,21.41958,22.18689,22.93510,23.38096,23.71110,23.98165,24.21729,24.43133,24.63208,24.82539,25.01594,25.20794,25.40578,25.61453,25.84092,26.09483,26.39258,26.76524,27.28556,28.20571,29.21612
2025-04-30,2025-04-29,ar_garch,1,24.70000,24.11886,True,20.89018,21.58225,22.25536,22.65569,22.95173,23.19412,23.40506,23.59653,23.77600,23.94872,24.11886,24.29022,24.46667,24.65276,24.85444,25.08048,25.34535,25.67654,26.13840,26.95361,27.84655
2025-05-01,2025-04-30,ar_garch,1,24.60000,24.55389,True,21.48575,22.14613,22.78695,23.16740,23.44844,23.67834,23.87827,24.05965,24.22955,24.39298,24.55389,24.71587,24.88257,25.05829,25.24862,25.46182,25.71146,26.02336,26.45785,27.22343,28.06016
2025-05-02,2025-05-01,ar_garch,1,22.68000,24.49360,True,21.63226,22.25052,22.84917,23.20400,23.46584,23.67986,23.86587,24.03451,24.19240,24.34421,24.49360,24.64392,24.79855,24.96146,25.13785,25.33530,25.56638,25.85488,26.25638,26.96282,27.73342
2025-05-05,2025-05-02,ar_garch,1,23.64000,22.69017,True,19.81981,20.43714,21.03644,21.39237,21.65534,21.87050,22.05764,22.22742,22.38648,22.53950,22.69017,22.84185,22.99798,23.16256,23.34085,23.54057,23.77445,24.06671,24.47391,25.19159,25.97623
2025-05-06,2025-05-05,ar_garch,1,24.76000,23.47070,True,20.59657,21.21576,21.81630,22.17271,22.43592,22.65120,22.83839,23.00817,23.16719,23.32013,23.47070,23.62224,23.77818,23.94253,24.12052,24.31985,24.55320,24.84467,25.25055,25.96531,26.74589
2025-05-07,2025-05-06,ar_garch,1,23.55000,24.57613,True,21.56404,22.21271,22.84199,23.21551,23.49139,23.71704,23.91326,24.09124,24.25795,24.41828,24.57613,24.73500,24.89848,25.07078,25.25737,25.46633,25.71095,26.01649,26.44192,27.19101,28.00894
2025-05-08,2025-05-07,ar_garch,1,22.48000,23.51579,True,20.69396,21.30234,21.89216,22.24210,22.50048,22.71177,22.89547,23.06206,23.21808,23.36811,23.51579,23.66441,23.81733,23.97845,24.15293,24.34828,24.57692,24.86243,25.25984,25.95924,26.72241
2025-05-09,2025-05-08,ar_garch,1,21.90000,22.44165,True,19.77707,20.35183,20.90890,21.23934,21.48330,21.68277,21.85618,22.01343,22.16068,22.30228,22.44165,22.58189,22.72618,22.87820,23.04280,23.22709,23.44275,23.71201,24.08675,24.74606,25.46522
2025-05-12,2025-05-09,ar_garch,1,18.39000,21.83454,True,19.34511,19.88329,20.40427,20.71300,20.94079,21.12696,21.28874,21.43539,21.57269,21.70467,21.83454,21.96519,22.09957,22.24111,22.39433,22.56582,22.76643,23.01680,23.36506,23.97727,24.64432
2025-05-13,2025-05-12,ar_garch,1,18.22000,18.50456,True,15.33600,16.00358,16.65906,17.05173,17.34347,17.58316,17.79237,17.98277,18.16166,18.33421,18.50456,18.67649,18.85393,19.04149,19.24525,19.47424,19.74338,20.08117,20.55450,21.39637,22.32777
2025-05-14,2025-05-13,ar_garch,1,18.62000,18.14601,True,15.36441,15.95565,16.53336,16.87816,17.13372,17.34332,17.52600,17.69203,17.84784,17.99796,18.14601,18.29528,18.44916,18.61164,18.78795,18.98585,19.21811,19.50910,19.91596,20.63706,21.43120
2025-05-15,2025-05-14,ar_garch,1,17.83000,18.50888,True,15.91408,16.46906,17.00948,17.33117,17.56921,17.76419,17.93394,18.08809,18.23262,18.37176,18.50888,18.64702,18.78932,18.93945,19.10224,19.28478,19.49879,19.76661,20.14045,20.80134,21.52675
2025-05-16,2025-05-15,ar_garch,1,17.24000,17.79492,True,15.44855,15.95235,16.44188,16.73280,16.94785,17.12385,17.27698,17.41595,17.54618,17.67149,17.79492,17.91922,18.04719,18.18214,18.32839,18.49229,18.68433,18.92446,19.25931,19.85031,20.49767
2025-05-19,2025-05-16,ar_garch,1,18.14000,17.19541,True,15.05050,15.51258,15.96074,16.22670,16.42312,16.58377,16.72346,16.85016,16.96885,17.08301,17.19541,17.30855,17.42499,17.54773,17.68068,17.82961,18.00401,18.22194,18.52558,19.06079,19.64600
2025-05-20,2025-05-19,ar_garch,1,18.09000,17.99898,True,15.76421,16.24563,16.71256,16.98967,17.19432,17.36171,17.50725,17.63928,17.76294,17.88188,17.99898,18.11685,18.23816,18.36602,18.50452,18.65964,18.84129,19.06825,19.38442,19.94156,20.55056
2025-05-21,2025-05-20,ar_garch,1,20.87000,18.00916,True,15.91022,16.36403,16.80329,17.06357,17.25561,17.41255,17.54894,17.67259,17.78835,17.89964,18.00916,18.11936,18.23272,18.35215,18.48145,18.62621,18.79563,19.00715,19.30157,19.81968,20.38500
2025-05-22,2025-05-21,ar_garch,1,20.28000,20.59039,True,17.32297,18.01595,18.69388,19.09887,19.39922,19.64566,19.86053,20.05589,20.23928,20.41602,20.59039,20.76625,20.94759,21.13914,21.34707,21.58055,21.85471,22.19840,22.67931,23.53272,24.47410
2025-05-23,2025-05-22,ar_garch,1,22.29000,20.22232,True,17.31967,17.93981,18.54404,18.90388,19.17022,19.38844,19.57846,19.75104,19.91288,20.06872,20.22232,20.37710,20.53657,20.70485,20.88736,21.09207,21.33216,21.63272,22.05250,22.79525,23.61144
2025-05-27,2025-05-23,ar_garch,1,18.96000,22.05719,True,18.72732,19.43595,20.12790,20.54067,20.84652,21.09730,21.31582,21.51439,21.70071,21.88020,22.05719,22.23562,22.41953,22.61369,22.82435,23.06076,23.33818,23.68568,24.17141,25.03195,25.97914
2025-05-28,2025-05-27,ar_garch,1,19.31000,19.06499,True,15.66196,16.37662,17.07956,17.50124,17.81479,18.07258,18.29772,18.50271,18.69540,18.88133,19.06499,19.25043,19.44188,19.64435,19.86443,20.11189,20.40292,20.76845,21.28121,22.19467,23.20742
2025-05-29,2025-05-28,ar_garch,1,19.18000,19.19850,True,16.14403,16.79164,17.42531,17.80390,18.08470,18.31512,18.51602,18.69869,18.87017,19.03545,19.19850,19.36295,19.53255,19.71168,19.90614,20.12450,20.38090,20.70234,21.15214,21.95035,22.83088
2025-05-30,2025-05-29,ar_garch,1,18.57000,19.09931,True,16.35966,16.94495,17.51524,17.85487,18.10626,18.31223,18.49158,18.65448,18.80724,18.95433,19.09931,19.24540,19.39592,19.55475,19.72701,19.92022,20.14682,20.43049,20.82665,21.52758,22.29775
2025-06-02,2025-05-30,ar_garch,1,18.36000,18.52157,True,16.05836,16.58720,17.10107,17.40647,17.63222,17.81699,17.97775,18.12365,18.26039,18.39196,18.52157,18.65209,18.78649,18.92822,19.08183,19.25401,19.45577,19.70810,20.06005,20.68152,21.36261
2025-06-03,2025-06-02,ar_garch,1,17.69000,18.28777,True,16.03170,16.51831,16.98993,17.26967,17.47619,17.64507,17.79189,17.92504,18.04976,18.16969,18.28777,18.40662,18.52893,18.65784,18.79748,18.95388,19.13704,19.36590,19.68476,20.24679,20.86133
2025-06-04,2025-06-03,ar_garch,1,17.61000,17.64888,True,15.55215,16.00534,16.44406,16.70406,16.89589,17.05269,17.18896,17.31251,17.42819,17.53941,17.64888,17.75904,17.87237,17.99179,18.12111,18.26592,18.43543,18.64716,18.94198,19.46120,20.02831
2025-06-05,2025-06-04,ar_garch,1,18.48000,17.53278,True,15.55975,15.98750,16.40089,16.64556,16.82594,16.97328,17.10126,17.21724,17.32580,17.43013,17.53278,17.63604,17.74224,17.85410,17.97519,18.11073,18.26932,18.46730,18.74278,19.22742,19.75600
2025-06-06,2025-06-05,ar_garch,1,16.77000,18.33821,True,16.21794,16.67681,17.12071,17.38363,17.57756,17.73603,17.87371,17.99852,18.11536,18.22768,18.33821,18.44940,18.56379,18.68430,18.81477,18.96083,19.13176,19.34520,19.64228,20.16512,20.73567
2025-06-09,2025-06-06,ar_garch,1,17.16000,16.79501,True,14.60472,15.07546,15.53262,15.80419,16.00487,16.16909,16.31195,16.44158,16.56305,16.67991,16.79501,16.91091,17.03023,17.15605,17.29238,17.44516,17.62416,17.84796,18.16001,18.71070,19.31378
2025-06-10,2025-06-09,ar_garch,1,16.95000,17.05486,True,14.96765,15.41793,15.85429,16.11310,16.30416,16.46039,16.59620,16.71937,16.83472,16.94566,17.05486,17.16478,17.27788,17.39709,17.52620,17.67081,17.84013,18.05167,18.34635,18.86560,19.43313
2025-06-11,2025-06-10,ar_garch,1,17.26000,16.88408,True,14.93697,15.35847,15.76616,16.00761,16.18569,16.33119,16.45762,16.57221,16.67949,16.78261,16.88408,16.98617,17.09119,17.20182,17.32160,17.45569,17.61261,17.80854,18.08127,18.56124,19.08500
2025-06-12,2025-06-11,ar_garch,1,18.02000,17.15958,True,15.24892,15.66328,16.06366,16.30060,16.47526,16.61792,16.74184,16.85413,16.95922,17.06022,17.15958,17.25953,17.36231,17.47057,17.58775,17.71890,17.87233,18.06384,18.33027,18.79883,19.30965
2025-06-13,2025-06-12,ar_garch,1,20.82000,17.88711,True,15.85172,16.29250,16.71875,16.97115,17.15729,17.30937,17.44149,17.56125,17.67334,17.78109,17.88711,17.99376,18.10346,18.21901,18.34410,18.48412,18.64796,18.85249,19.13711,19.63778,20.18384
2025-06-16,2025-06-13,ar_garch,1,19.11000,20.53453,True,17.25603,17.95140,18.63164,19.03799,19.33934,19.58660,19.80219,19.99820,20.18221,20.35956,20.53453,20.71101,20.89300,21.08524,21.29396,21.52834,21.80359,22.14872,22.63178,23.48937,24.43592
2025-06-17,2025-06-16,ar_garch,1,21.60000,19.12621,True,16.18254,16.80849,17.41996,17.78484,18.05525,18.27701,18.47028,18.64593,18.81076,18.96958,19.12621,19.28413,19.44695,19.61886,19.80544,20.01486,20.26070,20.56875,20.99959,21.76352,22.60535
2025-06-18,2025-06-17,ar_garch,1,20.14000,21.33091,True,17.76577,18.51877,19.25711,19.69895,20.02699,20.29638,20.53142,20.74525,20.94609,21.13976,21.33091,21.52380,21.72280,21.93311,22.16154,22.41818,22.71973,23.09808,23.62805,24.57009,25.61149
2025-06-20,2025-06-18,ar_garch,1,20.62000,20.13808,True,16.99814,17.66487,18.31670,18.70590,18.99445,19.23116,19.43749,19.62506,19.80111,19.97075,20.13808,20.30681,20.48078,20.66450,20.86391,21.08777,21.35056,21.67991,22.14057,22.95756,23.85803
2025-06-23,2025-06-20,ar_garch,1,19.83000,20.49301,True,17.58226,18.20442,18.81047,19.17132,19.43839,19.65716,19.84766,20.02066,20.18288,20.33907,20.49301,20.64811,20.80790,20.97650,21.15934,21.36439,21.60485,21.90581,22.32604,23.06930,23.88563
2025-06-24,2025-06-23,ar_garch,1,17.48000,19.78846,True,17.16533,17.72852,18.27577,18.60100,18.84140,19.03817,19.20937,19.36473,19.51034,19.65045,19.78846,19.92744,20.07054,20.22145,20.38501,20.56832,20.78311,21.05172,21.42635,22.08775,22.81245
2025-06-25,2025-06-24,ar_garch,1,16.76000,17.54181,True,14.81612,15.39506,15.96098,16.29884,16.54930,16.75475,16.93383,17.09662,17.24939,17.39661,17.54181,17.68823,17.83919,17.99860,18.17162,18.36585,18.59385,18.87958,19.27922,19.98792,20.76895
2025-06-26,2025-06-25,ar_garch,1,16.59000,16.72712,True,14.30570,14.82260,15.32647,15.62665,15.84889,16.03099,16.18959,16.33365,16.46876,16.59887,16.72712,16.85636,16.98953,17.13007,17.28250,17.45348,17.65402,17.90509,18.25578,18.87635,19.55840
2025-06-27,2025-06-26,ar_garch,1,16.32000,16.52326,True,14.33563,14.80540,15.26183,15.53306,15.73355,15.89763,16.04039,16.16994,16.29136,16.40818,16.52326,16.63915,16.75847,16.88430,17.02067,17.17351,17.35261,17.57658,17.88895,18.44044,19.04473
2025-06-30,2025-06-27,ar_garch,1,16.73000,16.26069,True,14.25837,14.69026,15.10885,15.35712,15.54042,15.69030,15.82060,15.93878,16.04946,16.15590,16.26069,16.36617,16.47471,16.58911,16.71303,16.85182,17.01435,17.21743,17.50036,17.99901,18.54421
2025-07-01,2025-06-30,ar_garch,1,16.83000,16.62511,True,14.66482,15.08864,15.49887,15.74194,15.92129,16.06786,16.19524,16.31072,16.41885,16.52280,16.62511,16.72805,16.83396,16.94555,17.06638,17.20168,17.36004,17.55782,17.83318,18.31803,18.84743
2025-07-02,2025-07-01,ar_garch,1,16.64000,16.74491,True,14.86414,15.27185,15.66590,15.89912,16.07107,16.21153,16.33353,16.44410,16.54759,16.64705,16.74491,16.84334,16.94458,17.05121,17.16664,17.29583,17.44699,17.63568,17.89823,18.36005,18.86365
2025-07-03,2025-07-02,ar_garch,1,16.38000,16.57425,True,14.78561,15.17420,15.54931,15.77111,15.93454,16.06798,16.18385,16.28882,16.38704,16.48142,16.57425,16.66760,16.76359,16.86467,16.97406,17.09646,17.23963,17.41829,17.66675,18.10347,18.57926
2025-07-07,2025-07-03,ar_garch,1,17.79000,16.31974,True,14.60571,14.97864,15.33834,15.55089,15.70745,15.83523,15.94616,16.04664,16.14064,16.23094,16.31974,16.40903,16.50084,16.59749,16.70207,16.81908,16.95590,17.12660,17.36394,17.78092,18.23493
2025-07-08,2025-07-07,ar_garch,1,16.81000,17.61309,True,15.44708,15.91437,16.36721,16.63578,16.83405,16.99617,17.13710,17.26492,17.38463,17.49975,17.61309,17.72716,17.84455,17.96827,18.10229,18.25240,18.42817,18.64780,18.95380,19.49313,20.08281
2025-07-09,2025-07-08,ar_garch,1,15.94000,16.79310,True,14.75669,15.19633,15.62221,15.87472,16.06109,16.21346,16.34591,16.46601,16.57848,16.68664,16.79310,16.90025,17.01050,17.12670,17.25254,17.39347,17.55848,17.76462,18.05176,18.55767,19.11054
2025-07-10,2025-07-09,ar_garch,1,15.78000,15.91979,True,13.98658,14.40384,14.80810,15.04781,15.22476,15.36942,15.49517,15.60921,15.71601,15.81870,15.91979,16.02153,16.12623,16.23656,16.35605,16.48988,16.64656,16.84230,17.11495,17.59530,18.12022
2025-07-11,2025-07-10,ar_garch,1,16.40000,15.71606,True,13.91305,14.30348,14.68105,14.90463,15.06952,15.20424,15.32128,15.42737,15.52667,15.62213,15.71606,15.81056,15.90776,16.01016,16.12102,16.24512,16.39035,16.57167,16.82404,17.26815,17.75273
2025-07-14,2025-07-11,ar_garch,1,17.20000,16.28263,True,14.41716,14.82105,15.21168,15.44300,15.61361,15.75301,15.87412,15.98389,16.08665,16.18543,16.28263,16.38041,16.48099,16.58694,16.70165,16.83005,16.98031,17.16790,17.42897,17.88834,18.38946
2025-07-15,2025-07-14,ar_garch,1,17.38000,17.06754,True,15.06060,15.49436,15.91430,16.16317,16.34680,16.49689,16.62733,16.74559,16.85631,16.96277,17.06754,17.17296,17.28141,17.39568,17.51940,17.65793,17.82005,18.02251,18.30435,18.80044,19.34191
2025-07-16,2025-07-15,ar_garch,1,17.16000,17.28771,True,15.34173,15.76331,16.17091,16.41223,16.59018,16.73555,16.86184,16.97630,17.08343,17.18640,17.28771,17.38962,17.49443,17.60483,17.72433,17.85808,18.01457,18.20989,18.48163,18.95953,19.48052
2025-07-17,2025-07-16,ar_garch,1,16.52000,17.09421,True,15.24566,15.64701,16.03458,16.26382,16.43276,16.57071,16.69051,16.79906,16.90062,16.99821,17.09421,17.19075,17.29002,17.39455,17.50767,17.63424,17.78229,17.96700,18.22387,18.67527,19.16690
2025-07-18,2025-07-17,ar_garch,1,16.41000,16.48305,True,14.69958,15.08679,15.46071,15.68188,15.84488,15.97798,16.09356,16.19828,16.29628,16.39043,16.48305,16.57620,16.67197,16.77283,16.88197,17.00410,17.14694,17.32516,17.57300,18.00855,18.48292
2025-07-21,2025-07-18,ar_garch,1,16.65000,16.34037,True,14.62691,14.99956,15.35907,15.57156,15.72809,15.85586,15.96679,16.06726,16.16126,16.25156,16.34037,16.42966,16.52147,16.61812,16.72269,16.83968,16.97649,17.14713,17.38436,17.80104,18.25456
2025-07-22,2025-07-21,ar_garch,1,16.50000,16.55703,True,14.84394,15.21677,15.57632,15.78876,15.94522,16.07293,16.18378,16.28418,16.37810,16.46831,16.55703,16.64623,16.73793,16.83446,16.93890,17.05572,17.19232,17.36269,17.59950,18.01535,18.46783
2025-07-23,2025-07-22,ar_garch,1,15.37000,16.43262,True,14.76621,15.12929,15.47922,15.68587,15.83802,15.96218,16.06993,16.16751,16.25877,16.34643,16.43262,16.51926,16.60832,16.70207,16.80349,16.91692,17.04953,17.21491,17.44474,17.84822,18.28709
2025-07-24,2025-07-23,ar_garch,1,15.39000,15.36760,True,13.62958,14.00620,14.37028,14.58580,14.74472,14.87454,14.98731,15.08952,15.18518,15.27713,15.36760,15.45860,15.55220,15.65080,15.75753,15.87700,16.01679,16.19130,16.43413,16.86132,17.32725
2025-07-25,2025-07-24,ar_garch,1,14.93000,15.31653,True,13.65754,14.01790,14.36579,14.57151,14.72311,14.84688,14.95437,15.05174,15.14286,15.23041,15.31653,15.40314,15.49219,15.58598,15.68747,15.80104,15.93388,16.09964,16.33020,16.73547,17.17704
2025-07-28,2025-07-25,ar_garch,1,15.03000,14.88865,True,13.29893,13.64451,13.97799,14.17513,14.32036,14.43892,14.54187,14.63512,14.72237,14.80620,14.88865,14.97155,15.05680,15.14656,15.24369,15.35237,15.47948,15.63808,15.85863,16.24622,16.66839
2025-07-29,2025-07-28,ar_garch,1,15.98000,14.95288,True,13.39796,13.73646,14.06285,14.25567,14.39767,14.51356,14.61416,14.70527,14.79050,14.87237,14.95288,15.03383,15.11705,15.20466,15.29945,15.40550,15.52950,15.68419,15.89925,16.27702,16.68826
2025-07-30,2025-07-29,ar_garch,1,15.48000,15.84303,True,14.02955,14.42230,14.80209,15.02696,15.19280,15.32829,15.44600,15.55270,15.65257,15.74856,15.84303,15.93806,16.03580,16.13878,16.25025,16.37505,16.52108,16.70341,16.95717,17.40371,17.89092
2025-07-31,2025-07-30,ar_garch,1,16.72000,15.43897,True,13.72814,14.09932,14.45789,14.67004,14.82642,14.95414,15.06506,15.16558,15.25964,15.35004,15.43897,15.52842,15.62041,15.71729,15.82216,15.93952,16.07683,16.24820,16.48663,16.90591,17.36300
2025-08-01,2025-07-31,ar_garch,1,20.38000,16.55966,True,14.51301,14.95428,15.38205,15.63583,15.82321,15.97644,16.10966,16.23049,16.34366,16.45250,16.55966,16.66752,16.77852,16.89551,17.02223,17.16418,17.33039,17.53808,17.82742,18.33739,18.89493
2025-08-04,2025-08-01,ar_garch,1,17.52000,20.03044,True,16.11904,16.93496,17.74043,18.22494,18.58585,18.88298,19.14279,19.37960,19.60242,19.81765,20.03044,20.24552,20.46781,20.70314,20.95926,21.24763,21.58732,22.01482,22.61606,23.69174,24.89098
2025-08-05,2025-08-04,ar_garch,1,17.85000,17.60958,True,14.10674,14.83587,15.55651,15.99039,16.31376,16.58011,16.81308,17.02549,17.22541,17.41856,17.60958,17.80268,18.00231,18.21370,18.44381,18.70296,19.00832,19.39273,19.93359,20.90185,21.98220
2025-08-06,2025-08-05,ar_garch,1,16.77000,17.74509,True,14.63344,15.28888,15.93248,16.31805,16.60452,16.83991,17.04538,17.23240,17.40814,17.57768,17.74509,17.91410,18.08856,18.27303,18.47352,18.69893,18.96400,19.29692,19.76392,20.59590,21.51840
2025-08-07,2025-08-06,ar_garch,1,16.57000,16.75930,True,14.04563,14.62093,15.18385,15.52018,15.76963,15.97433,16.15282,16.31512,16.46750,16.61438,16.75930,16.90549,17.05628,17.21558,17.38856,17.58285,17.81109,18.09736,18.49822,19.21042,19.99728
2025-08-08,2025-08-07,ar_garch,1,15.15000,16.50515,True,14.09955,14.61356,15.11433,15.41253,15.63324,15.81406,15.97153,16.11454,16.24867,16.37783,16.50515,16.63346,16.76568,16.90523,17.05661,17.22645,17.42570,17.67524,18.02397,18.64160,19.32119
2025-08-11,2025-08-08,ar_garch,1,16.25000,15.16672,True,12.91716,13.39712,13.86510,14.14395,14.35042,14.51963,14.66701,14.80091,14.92650,15.04746,15.16672,15.28692,15.41080,15.54157,15.68345,15.84265,16.02945,16.26345,16.59053,17.17006,17.80804
2025-08-12,2025-08-11,ar_garch,1,14.73000,16.09992,True,13.76659,14.26505,14.75074,15.03999,15.25409,15.42950,15.58226,15.72100,15.85112,15.97641,16.09992,16.22438,16.35263,16.48797,16.63478,16.79947,16.99265,17.23455,17.57251,18.17080,18.82873
2025-08-13,2025-08-12,ar_garch,1,14.49000,14.75565,True,12.55925,13.02747,13.48423,13.75649,13.95814,14.12342,14.26740,14.39821,14.52092,14.63911,14.75565,14.87311,14.99417,15.12196,15.26061,15.41618,15.59873,15.82737,16.14695,16.71308,17.33616
2025-08-14,2025-08-13,ar_garch,1,14.83000,14.43727,True,12.47343,12.89465,13.30417,13.54764,13.72766,13.87503,14.00328,14.11969,14.22880,14.33381,14.43727,14.54148,14.64880,14.76200,14.88472,15.02229,15.18356,15.38532,15.66688,16.16444,16.71031
2025-08-15,2025-08-14,ar_garch,1,15.09000,14.73771,True,12.86384,13.26742,13.65890,13.89123,14.06283,14.20319,14.32524,14.43597,14.53969,14.63947,14.73771,14.83662,14.93843,15.04577,15.16206,15.29236,15.44498,15.63578,15.90174,16.37094,16.88456
2025-08-18,2025-08-15,ar_garch,1,14.99000,15.00196,True,13.19974,13.58915,13.96619,14.18966,14.35456,14.48935,14.60650,14.71272,14.81219,14.90782,15.00196,15.09669,15.19416,15.29688,15.40812,15.53270,15.67856,15.86076,16.11454,16.56166,17.05025
2025-08-19,2025-08-18,ar_garch,1,15.57000,14.92604,True,13.23246,13.59957,13.95439,14.16439,14.31923,14.44570,14.55557,14.65514,14.74834,14.83791,14.92604,15.01470,15.10589,15.20196,15.30595,15.42236,15.55858,15.72865,15.96536,16.38190,16.83639
2025-08-20,2025-08-19,ar_garch,1,15.69000,15.45851,True,13.70252,14.08305,14.45090,14.66864,14.82920,14.96035,15.07429,15.17755,15.27420,15.36710,15.45851,15.55046,15.64504,15.74467,15.85252,15.97325,16.11453,16.29091,16.53638,16.96830,17.43952
2025-08-21,2025-08-20,ar_garch,1,16.60000,15.60882,True,13.90270,14.27318,14.63090,14.84247,14.99838,15.12569,15.23625,15.33642,15.43015,15.52022,15.60882,15.69793,15.78956,15.88606,15.99051,16.10738,16.24411,16.41475,16.65211,17.06945,17.52432
2025-08-22,2025-08-21,ar_garch,1,14.22000,16.46194,True,14.54845,14.96248,15.36306,15.60034,15.77536,15.91839,16.04266,16.15532,16.26078,16.36216,16.46194,16.56232,16.66558,16.77438,16.89217,17.02405,17.17839,17.37112,17.63941,18.11166,18.62710
2025-08-25,2025-08-22,ar_garch,1,14.79000,14.29860,True,12.03656,12.51682,12.98637,13.26674,13.47461,13.64513,13.79378,13.92892,14.05577,14.17801,14.29860,14.42022,14.54563,14.67809,14.82190,14.98337,15.17298,15.41072,15.74342,16.33401,16.98575
2025-08-26,2025-08-25,ar_garch,1,14.62000,14.68243,True,12.55603,13.01037,13.45302,13.71662,13.91172,14.07156,14.21076,14.33717,14.45573,14.56990,14.68243,14.79583,14.91268,15.03600,15.16976,15.31981,15.49583,15.71624,16.02418,16.56937,17.16893
2025-08-27,2025-08-26,ar_garch,1,14.85000,14.56272,True,12.63732,13.05121,13.45310,13.69181,13.86820,14.01254,14.13810,14.25204,14.35880,14.46153,14.56272,14.66461,14.76953,14.88017,15.00009,15.13450,15.29201,15.48902,15.76386,16.24928,16.78147
2025-08-28,2025-08-27,ar_garch,1,14.43000,14.76516,True,12.94164,13.33524,13.71655,13.94264,14.10953,14.24598,14.36459,14.47216,14.57290,14.66978,14.76516,14.86116,14.95995,15.06409,15.17689,15.30326,15.45125,15.63619,15.89393,16.34841,16.84561
2025-08-29,2025-08-28,ar_garch,1,15.36000,14.38983,True,12.70038,13.06610,13.41983,13.62931,13.78382,13.91006,14.01975,14.11919,14.21227,14.30176,14.38983,14.47844,14.56961,14.66567,14.76968,14.88615,15.02249,15.19279,15.42995,15.84767,16.30402
2025-09-02,2025-08-29,ar_garch,1,17.17000,15.22464,True,13.35731,13.76039,14.15089,14.38242,14.55332,14.69304,14.81450,14.92464,15.02779,15.12699,15.22464,15.32292,15.42406,15.53067,15.64613,15.77547,15.92692,16.11617,16.37986,16.84469,17.35302
2025-09-03,2025-09-02,ar_garch,1,16.35000,16.96459,True,14.45186,14.98780,15.51046,15.82194,16.05259,16.24163,16.40629,16.55588,16.69620,16.83135,16.96459,17.09889,17.23729,17.38339,17.54189,17.71973,17.92840,18.18976,18.55505,19.20211,19.91420
2025-09-04,2025-09-03,ar_garch,1,15.30000,16.32709,True,14.07886,14.56074,15.02942,15.30814,15.51426,15.68303,15.82991,15.96325,16.08824,16.20855,16.32709,16.44650,16.56948,16.69922,16.83989,16.99760,17.18250,17.41386,17.73681,18.30771,18.93434
2025-09-05,2025-09-04,ar_garch,1,15.18000,15.29584,True,13.21078,13.65789,14.09263,14.35114,14.54228,14.69877,14.83495,14.95857,15.07444,15.18597,15.29584,15.40651,15.52049,15.64072,15.77105,15.91717,16.08845,16.30273,16.60177,17.13023,17.70998
2025-09-08,2025-09-05,ar_garch,1,15.11000,15.11696,True,13.21473,13.62468,14.02219,14.25805,14.43221,14.57465,14.69850,14.81085,14.91608,15.01730,15.11696,15.21728,15.32054,15.42940,15.54732,15.67944,15.83419,16.02761,16.29720,16.77268,17.29301
2025-09-09,2025-09-08,ar_garch,1,15.04000,15.04396,True,13.27201,13.65536,14.02627,14.24599,14.40807,14.54052,14.65561,14.75994,14.85762,14.95153,15.04396,15.13695,15.23263,15.33344,15.44260,15.56483,15.70791,15.88662,16.13548,16.57376,17.05248
2025-09-10,2025-09-09,ar_garch,1,15.35000,14.97425,True,13.30009,13.66334,14.01423,14.22183,14.37484,14.49981,14.60835,14.70671,14.79875,14.88721,14.97425,15.06179,15.15182,15.24665,15.34930,15.46420,15.59864,15.76647,16.00003,16.41093,16.85914
2025-09-11,2025-09-10,ar_garch,1,14.71000,15.25774,True,13.59172,13.95363,14.30299,14.50959,14.66181,14.78611,14.89404,14.99183,15.08333,15.17125,15.25774,15.34472,15.43417,15.52837,15.63032,15.74442,15.87789,16.04447,16.27622,16.68374,17.12797
2025-09-12,2025-09-11,ar_garch,1,14.76000,14.68255,True,13.07583,13.42481,13.76172,13.96096,14.10777,14.22765,14.33175,14.42607,14.51432,14.59912,14.68255,14.76644,14.85272,14.94358,15.04193,15.15198,15.28073,15.44143,15.66498,16.05812,16.48669
2025-09-15,2025-09-12,ar_garch,1,15.69000,14.68755,True,13.13387,13.47195,13.79800,13.99067,14.13257,14.24839,14.34894,14.44001,14.52521,14.60706,14.68755,14.76850,14.85172,14.93935,15.03416,15.14026,15.26434,15.41915,15.63445,16.01285,16.42504
2025-09-16,2025-09-15,ar_garch,1,16.36000,15.55377,True,13.75710,14.14617,14.52242,14.74520,14.90950,15.04374,15.16037,15.26608,15.36504,15.46017,15.55377,15.64795,15.74482,15.84688,15.95739,16.08110,16.22588,16.40668,16.65838,17.10144,17.58509
2025-09-17,2025-09-16,ar_garch,1,15.72000,16.23939,True,14.33878,14.74994,15.14778,15.38346,15.55731,15.69939,15.82284,15.93476,16.03954,16.14026,16.23939,16.33913,16.44174,16.54985,16.66691,16.79798,16.95138,17.14295,17.40967,17.87925,18.39194
2025-09-18,2025-09-17,ar_garch,1,15.70000,15.68833,True,13.89781,14.28568,14.66070,14.88273,15.04645,15.18021,15.29642,15.40174,15.50033,15.59509,15.68833,15.78213,15.87861,15.98025,16.09028,16.21345,16.35759,16.53754,16.78799,17.22870,17.70952
2025-09-19,2025-09-18,ar_garch,1,15.45000,15.62839,True,13.92331,14.29358,14.65110,14.86253,15.01835,15.14558,15.25607,15.35617,15.44984,15.53985,15.62839,15.71743,15.80900,15.90543,16.00979,16.12658,16.26320,16.43370,16.67087,17.08784,17.54227
2025-09-22,2025-09-19,ar_garch,1,16.10000,15.39446,True,13.76518,14.11958,14.46145,14.66349,14.81231,14.93379,15.03926,15.13479,15.22416,15.31002,15.39446,15.47937,15.56667,15.65859,15.75806,15.86934,15.99949,16.16187,16.38767,16.78446,17.21659
2025-09-23,2025-09-22,ar_garch,1,16.64000,15.98181,True,14.23931,14.61768,14.98303,15.19911,15.35835,15.48838,15.60129,15.70360,15.79933,15.89132,15.98181,16.07281,16.16639,16.26494,16.37160,16.49096,16.63057,16.80481,17.04716,17.47323,17.93754
2025-09-24,2025-09-23,ar_garch,1,16.18000,16.52735,True,14.70785,15.10266,15.48404,15.70968,15.87598,16.01181,16.12976,16.23665,16.33667,16.43279,16.52735,16.62246,16.72026,16.82326,16.93475,17.05950,17.20545,17.38759,17.64096,18.08644,18.57195
2025-09-25,2025-09-24,ar_garch,1,16.74000,16.13515,True,14.40125,14.77799,15.14163,15.35665,15.51508,15.64443,15.75675,15.85850,15.95370,16.04518,16.13515,16.22563,16.31866,16.41663,16.52264,16.64127,16.78001,16.95312,17.19386,17.61695,18.07781
2025-09-26,2025-09-25,ar_garch,1,15.29000,16.62555,True,14.82624,15.21698,15.59426,15.81739,15.98182,16.11609,16.23268,16.33831,16.43715,16.53213,16.62555,16.71950,16.81611,16.91784,17.02793,17.15112,17.29521,17.47500,17.72504,18.16450,18.64322
2025-09-29,2025-09-26,ar_garch,1,16.12000,15.31120,True,13.41678,13.82522,14.22118,14.45608,14.62952,14.77135,14.89466,15.00651,15.11126,15.21201,15.31120,15.41104,15.51379,15.62208,15.73939,15.87078,16.02465,16.21691,16.48477,16.95690,17.47311
2025-09-30,2025-09-29,ar_garch,1,16.28000,15.98900,True,14.02416,14.44783,14.85853,15.10216,15.28205,15.42915,15.55704,15.67303,15.78167,15.88614,15.98900,16.09252,16.19906,16.31134,16.43296,16.56917,16.72866,16.92791,17.20548,17.69457,18.22912
2025-10-01,2025-09-30,ar_garch,1,16.29000,16.19438,True,14.30975,14.71736,15.11183,15.34553,15.51794,15.65884,15.78127,15.89227,15.99618,16.09607,16.19438,16.29329,16.39504,16.50224,16.61830,16.74824,16.90031,17.09019,17.35448,17.81963,18.32723
2025-10-02,2025-10-01,ar_garch,1,16.63000,16.21442,True,14.41768,14.80733,15.18385,15.40666,15.57091,15.70507,15.82160,15.92719,16.02601,16.12098,16.21442,16.30839,16.40504,16.50682,16.61699,16.74028,16.88452,17.06452,17.31493,17.75521,18.23506
2025-10-03,2025-10-02,ar_garch,1,16.65000,16.53087,True,14.73722,15.12661,15.50265,15.72508,15.88900,16.02287,16.13912,16.24445,16.34301,16.43771,16.53087,16.62456,16.72090,16.82235,16.93213,17.05498,17.19867,17.37796,17.62730,18.06550,18.54282
2025-10-06,2025-10-03,ar_garch,1,16.37000,16.57241,True,14.83026,15.20910,15.57461,15.79066,15.94981,16.07973,16.19252,16.29469,16.39027,16.48210,16.57241,16.66322,16.75657,16.85486,16.96121,17.08019,17.21931,17.39286,17.63413,18.05792,18.51922
2025-10-07,2025-10-06,ar_garch,1,17.24000,16.31343,True,14.63319,14.99899,15.35169,15.56006,15.71350,15.83874,15.94744,16.04589,16.13798,16.22644,16.31343,16.40089,16.49079,16.58543,16.68782,16.80235,16.93626,17.10328,17.33543,17.74307,18.18661
2025-10-08,2025-10-07,ar_garch,1,16.30000,17.10190,True,15.21915,15.62757,16.02216,16.25563,16.42774,16.56830,16.69039,16.80101,16.90454,17.00402,17.10190,17.20033,17.30156,17.40817,17.52355,17.65268,17.80372,17.99222,18.25440,18.71532,19.21756
2025-10-09,2025-10-08,ar_garch,1,16.43000,16.28675,True,14.45193,14.84944,15.23377,15.46130,15.62908,15.76615,15.88522,15.99314,16.09414,16.19123,16.28675,16.38283,16.48166,16.58575,16.69843,16.82454,16.97209,17.15627,17.41252,17.86318,18.35452
2025-10-10,2025-10-09,ar_garch,1,21.66000,16.34598,True,14.57786,14.96176,15.33248,15.55174,15.71333,15.84528,15.95986,16.06368,16.16082,16.25416,16.34598,16.43832,16.53326,16.63324,16.74144,16.86251,17.00411,17.18079,17.42648,17.85827,18.32856
2025-10-13,2025-10-10,ar_garch,1,19.03000,21.16318,True,16.21906,17.23237,18.24230,18.85422,19.31216,19.69052,20.02234,20.32562,20.61169,20.88868,21.16318,21.44128,21.72942,22.03525,22.36901,22.74598,23.19161,23.75489,24.55173,25.99063,27.61443
2025-10-14,2025-10-13,ar_garch,1,20.81000,19.11032,True,14.94773,15.80782,16.66128,17.17666,17.56152,17.87898,18.15702,18.41084,18.64999,18.88131,19.11032,19.34211,19.58201,19.83638,20.11367,20.42646,20.79572,21.26167,21.91934,23.10276,24.43210
2025-10-15,2025-10-14,ar_garch,1,20.64000,20.58802,True,16.45675,17.31774,18.16809,18.67976,19.06099,19.37492,19.64946,19.89976,20.13533,20.36293,20.58802,20.81559,21.05088,21.30008,21.57141,21.87707,22.23738,22.69121,23.33027,24.47586,25.75639
2025-10-16,2025-10-15,ar_garch,1,25.31000,20.55682,True,16.92509,17.69119,18.44282,18.89280,19.22698,19.50150,19.74109,19.95913,20.16401,20.36165,20.55682,20.75387,20.95729,21.17241,21.40627,21.66926,21.97864,22.36741,22.91314,23.88663,24.96784
2025-10-17,2025-10-16,ar_garch,1,20.78000,24.84521,True,19.39599,20.52117,21.63808,22.31273,22.81662,23.23233,23.59646,23.92889,24.24215,24.54518,24.84521,25.14891,25.46327,25.79662,26.16005,26.57007,27.05417,27.66513,28.52770,30.08038,31.82537
2025-10-20,2025-10-17,ar_garch,1,18.23000,20.96822,True,16.11633,17.11158,18.10308,18.70361,19.15293,19.52411,19.84958,20.14702,20.42754,20.69912,20.96822,21.24082,21.52321,21.82290,22.14990,22.51914,22.95556,23.50702,24.28682,25.69407,27.28079
2025-10-21,2025-10-20,ar_garch,1,17.87000,18.30924,True,14.17181,15.02267,15.86916,16.38133,16.76427,17.08046,17.35760,17.61076,17.84944,18.08043,18.30924,18.54094,18.78088,19.03542,19.31305,19.62641,19.99658,20.46404,21.12451,22.31481,23.65458
2025-10-22,2025-10-21,ar_garch,1,18.60000,17.81201,True,14.28033,15.01718,15.74449,16.18192,16.50774,16.77598,17.01052,17.22431,17.42549,17.61984,17.81201,18.00628,18.20711,18.41977,18.65128,18.91204,19.21934,19.60632,20.15104,21.12699,22.21712
2025-10-23,2025-10-22,ar_garch,1,17.30000,18.46398,True,15.18421,15.87556,16.55413,16.96050,17.26235,17.51035,17.72682,17.92384,18.10897,18.28759,18.46398,18.64208,18.82595,19.02041,19.23181,19.46955,19.74926,20.10075,20.59418,21.47443,22.45218
2025-10-24,2025-10-23,ar_garch,1,16.37000,17.30583,True,14.44230,15.04941,15.64341,15.99827,16.26145,16.47742,16.66575,16.83702,16.99782,17.15284,17.30583,17.46018,17.61942,17.78769,17.97049,18.17588,18.41728,18.72026,19.14491,19.90056,20.73712
2025-10-27,2025-10-24,ar_garch,1,15.79000,16.35586,True,13.83393,14.37148,14.89586,15.20843,15.43993,15.62969,15.79501,15.94523,16.08617,16.22196,16.35586,16.49088,16.63008,16.77708,16.93664,17.11578,17.32614,17.58987,17.95896,18.61425,19.33754
2025-10-28,2025-10-27,ar_garch,1,16.42000,15.75548,True,13.51941,13.99879,14.46495,14.74212,14.94708,15.11490,15.26095,15.39355,15.51787,15.63754,15.75548,15.87430,15.99672,16.12591,16.26602,16.42320,16.60759,16.83848,17.16114,17.73260,18.36138
2025-10-29,2025-10-28,ar_garch,1,16.92000,16.30067,True,14.12070,14.58979,15.04500,15.31524,15.51488,15.67821,15.82028,15.94918,16.06997,16.18619,16.30067,16.41596,16.53469,16.65991,16.79566,16.94785,17.12626,17.34951,17.66115,18.21218,18.81720
2025-10-30,2025-10-29,ar_garch,1,16.91000,16.80779,True,14.67384,15.13441,15.58061,15.84516,16.04044,16.20010,16.33891,16.46480,16.58271,16.69612,16.80779,16.92020,17.03592,17.15792,17.29012,17.43826,17.61184,17.82889,18.13162,18.66618,19.25206
2025-10-31,2025-10-30,ar_garch,1,17.44000,16.83278,True,14.83746,15.26983,15.68777,15.93516,16.11757,16.26659,16.39605,16.51339,16.62324,16.72885,16.83278,16.93736,17.04496,17.15835,17.28115,17.41869,17.57974,17.78097,18.06136,18.55571,19.09644
2025-11-03,2025-10-31,ar_garch,1,17.17000,17.32368,True,15.31952,15.75431,16.17433,16.42281,16.60598,16.75557,16.88552,17.00327,17.11349,17.21944,17.32368,17.42856,17.53646,17.65013,17.77322,17.91105,18.07241,18.27397,18.55472,19.04939,19.59004
2025-11-04,2025-11-03,ar_garch,1,19.00000,17.10919,True,15.22065,15.63141,16.02764,16.26180,16.43428,16.57508,16.69732,16.80806,16.91168,17.01125,17.10919,17.20770,17.30900,17.41571,17.53122,17.66051,17.81182,18.00074,18.26372,18.72667,19.23205
2025-11-05,2025-11-04,ar_garch,1,18.01000,18.78350,True,16.25716,16.80053,17.32796,17.64114,17.87253,18.06185,18.22653,18.37597,18.51601,18.65076,18.78350,18.91718,19.05485,19.20006,19.35748,19.53398,19.74090,19.99983,20.36130,21.00051,21.70242
2025-11-06,2025-11-05,ar_garch,1,19.50000,17.99314,True,15.68192,16.18039,16.66350,16.95003,17.16157,17.33455,17.48496,17.62138,17.74917,17.87209,17.99314,18.11501,18.24047,18.37275,18.51610,18.67675,18.86501,19.10045,19.42888,20.00898,20.64499
2025-11-07,2025-11-06,ar_garch,1,19.08000,19.30539,True,16.69815,17.25852,17.80267,18.12589,18.36474,18.56019,18.73023,18.88453,19.02914,19.16830,19.30539,19.44346,19.58564,19.73562,19.89821,20.08051,20.29422,20.56164,20.93495,21.59502,22.31972
2025-11-10,2025-11-07,ar_garch,1,17.60000,19.02134,True,16.64446,17.15778,17.65491,17.94959,18.16707,18.34486,18.49941,18.63956,18.77082,18.89705,19.02134,19.14644,19.27520,19.41093,19.55799,19.72276,19.91577,20.15707,20.49352,21.08730,21.73764
2025-11-11,2025-11-10,ar_garch,1,17.28000,17.61664,True,15.29426,15.79410,16.27911,16.56702,16.77970,16.95369,17.10501,17.24231,17.37096,17.49473,17.61664,17.73939,17.86579,17.99909,18.14356,18.30551,18.49532,18.73275,19.06406,19.64948,20.29166
2025-11-12,2025-11-11,ar_garch,1,17.51000,17.22220,True,15.10163,15.55993,16.00360,16.26651,16.46051,16.61908,16.75689,16.88186,16.99889,17.11142,17.22220,17.33370,17.44845,17.56940,17.70043,17.84721,18.01914,18.23403,18.53359,19.06205,19.64054
2025-11-13,2025-11-12,ar_garch,1,20.00000,17.41379,True,15.38623,15.82581,16.25061,16.50201,16.68734,16.83873,16.97025,17.08944,17.20101,17.30826,17.41379,17.51997,17.62921,17.74430,17.86893,18.00849,18.17187,18.37596,18.66023,19.16111,19.70854
2025-11-14,2025-11-13,ar_garch,1,19.83000,19.72831,True,16.68773,17.33564,17.96780,18.34465,18.62378,18.85260,19.05195,19.23311,19.40307,19.56682,19.72831,19.89113,20.05900,20.23626,20.42868,20.64470,20.89834,21.21633,21.66132,22.45121,23.32289
2025-11-17,2025-11-14,ar_garch,1,22.38000,19.75097,True,16.99815,17.58892,18.16306,18.50430,18.75657,18.96307,19.14277,19.30588,19.45879,19.60596,19.75097,19.89706,20.04755,20.20632,20.37850,20.57161,20.79809,21.08163,21.47771,22.17878,22.94960
2025-11-18,2025-11-17,ar_garch,1,24.69000,22.09456,True,18.56342,19.31373,20.04695,20.48458,20.80896,21.07504,21.30696,21.51780,21.71569,21.90641,22.09456,22.28432,22.48003,22.68678,22.91127,23.16340,23.45958,23.83107,24.35131,25.27577,26.29739
2025-11-19,2025-11-18,ar_garch,1,23.66000,24.41514,True,20.34405,21.20586,22.04978,22.55429,22.92863,23.23590,23.50391,23.74768,23.97660,24.19731,24.41514,24.63494,24.86171,25.10136,25.36170,25.65423,25.99803,26.42952,27.03424,28.11011,29.30090
2025-11-20,2025-11-19,ar_garch,1,26.42000,23.62097,True,20.05095,20.81241,21.55497,21.99747,22.32513,22.59368,22.82762,23.04015,23.23954,23.43160,23.62097,23.81188,24.00866,24.21643,24.44190,24.69497,24.99203,25.36430,25.88500,26.80854,27.82662
2025-11-21,2025-11-20,ar_garch,1,23.43000,26.10345,True,21.88734,22.78182,23.65668,24.17921,24.56668,24.88460,25.16178,25.41381,25.65040,25.87845,26.10345,26.33041,26.56451,26.81181,27.08037,27.38201,27.73635,28.18083,28.80329,29.90938,31.13171
2025-11-24,2025-11-21,ar_garch,1,20.52000,23.51711,True,19.59586,20.42548,21.23815,21.72410,22.08472,22.38077,22.63901,22.87390,23.09450,23.30719,23.51711,23.72892,23.94746,24.17841,24.42927,24.71115,25.04240,25.45811,26.04062,27.07669,28.22302
2025-11-25,2025-11-24,ar_garch,1,18.56000,20.61185,True,16.87504,17.65986,18.43175,18.89474,19.23900,19.52204,19.76924,19.99433,20.20592,20.41013,20.61185,20.81557,21.02593,21.24844,21.49038,21.76249,22.08266,22.48501,23.04982,24.05729,25.17614
2025-11-26,2025-11-25,ar_garch,1,17.19000,18.60109,True,15.26934,15.96963,16.65810,17.07092,17.37782,17.63010,17.85039,18.05097,18.23949,18.42141,18.60109,18.78253,18.96986,19.16798,19.38336,19.62556,19.91047,20.26842,20.77072,21.66616,22.65983
2025-11-28,2025-11-26,ar_garch,1,16.35000,17.19988,True,14.27894,14.89556,15.50032,15.86230,16.13108,16.35184,16.54446,16.71973,16.88436,17.04314,17.19988,17.35806,17.52129,17.69382,17.88126,18.09190,18.33949,18.65025,19.08578,19.86067,20.71833
2025-12-01,2025-11-28,ar_garch,1,17.24000,16.32982,True,13.77558,14.31826,14.84863,15.16522,15.39990,15.59240,15.76018,15.91269,16.05583,16.19377,16.32982,16.46702,16.60848,16.75788,16.92005,17.10212,17.31589,17.58385,17.95876,18.62398,19.35766
2025-12-02,2025-12-01,ar_garch,1,16.59000,17.10047,True,14.58512,15.12180,15.64509,15.95690,16.18778,16.37698,16.54178,16.69149,16.83191,16.96715,17.10047,17.23484,17.37332,17.51948,17.67803,17.85592,18.06462,18.32600,18.69124,19.33805,20.04963
2025-12-03,2025-12-02,ar_garch,1,16.08000,16.55674,True,14.30809,14.79044,15.25936,15.53814,15.74427,15.91301,16.05985,16.19313,16.31806,16.43829,16.55674,16.67605,16.79892,16.92852,17.06902,17.22652,17.41114,17.64212,17.96443,18.53399,19.15880
2025-12-04,2025-12-03,ar_garch,1,15.78000,16.03973,True,13.99972,14.43909,14.86527,15.11821,15.30502,15.45782,15.59069,15.71123,15.82415,15.93277,16.03973,16.14741,16.25825,16.37510,16.50170,16.64355,16.80972,17.01743,17.30698,17.81781,18.37701
2025-12-05,2025-12-04,ar_garch,1,15.41000,15.72723,True,13.85092,14.25655,14.64918,14.88184,15.05349,15.19379,15.31571,15.42626,15.52976,15.62928,15.72723,15.82579,15.92720,16.03407,16.14979,16.27939,16.43111,16.62064,16.88460,17.34961,17.85770
2025-12-08,2025-12-05,ar_garch,1,16.66000,15.36326,True,13.61292,13.99229,14.35898,14.57602,14.73604,14.86677,14.98032,15.08324,15.17957,15.27215,15.36326,15.45490,15.54917,15.64848,15.75598,15.87633,16.01717,16.19302,16.43778,16.86855,17.33865
2025-12-09,2025-12-08,ar_garch,1,16.93000,16.49728,True,14.41313,14.86212,15.29757,15.55598,15.74683,15.90292,16.03865,16.16177,16.27711,16.38805,16.49728,16.60725,16.72044,16.83976,16.96904,17.11387,17.28351,17.49555,17.79109,18.31236,18.88281
2025-12-10,2025-12-09,ar_garch,1,15.77000,16.83458,True,14.81833,15.25399,15.67582,15.92583,16.11031,16.26111,16.39218,16.51101,16.62228,16.72927,16.83458,16.94055,17.04959,17.16449,17.28892,17.42827,17.59141,17.79519,18.07900,18.57895,19.12517
2025-12-11,2025-12-10,ar_garch,1,14.85000,15.77229,True,13.81133,14.23408,14.64392,14.88707,15.06660,15.21342,15.34107,15.45685,15.56530,15.66960,15.77229,15.87565,15.98203,16.09416,16.21563,16.35169,16.51103,16.71015,16.98760,17.47673,18.01167
2025-12-12,2025-12-11,ar_garch,1,15.74000,14.84077,True,12.97406,13.37614,13.76614,13.99760,14.16854,14.30836,14.42994,14.54023,14.64355,14.74292,14.84077,14.93927,15.04065,15.14752,15.26329,15.39299,15.54489,15.73473,15.99929,16.46577,16.97606
2025-12-15,2025-12-12,ar_garch,1,16.50000,15.60703,True,13.63491,14.05944,14.47135,14.71589,14.89651,15.04427,15.17277,15.28934,15.39855,15.50359,15.60703,15.71116,15.81833,15.93132,16.05371,16.19084,16.35143,16.55214,16.83183,17.32497,17.86439
2025-12-16,2025-12-15,ar_garch,1,16.48000,16.37332,True,14.31261,14.75617,15.18658,15.44210,15.63085,15.78526,15.91954,16.04135,16.15547,16.26523,16.37332,16.48212,16.59411,16.71216,16.84004,16.98329,17.15105,17.36069,17.65279,18.16769,18.73072
2025-12-17,2025-12-16,ar_garch,1,17.62000,16.40616,True,14.47387,14.89139,15.29566,15.53528,15.71209,15.85662,15.98223,16.09611,16.20274,16.30526,16.40616,16.50768,16.61213,16.72218,16.84134,16.97475,17.13089,17.32586,17.59728,18.07502,18.59642
2025-12-18,2025-12-17,ar_garch,1,16.87000,17.46236,True,15.27867,15.74875,16.20487,16.47565,16.67566,16.83927,16.98156,17.11063,17.23154,17.34785,17.46236,17.57763,17.69626,17.82131,17.95677,18.10850,18.28617,18.50816,18.81743,19.36242,19.95815
2025-12-19,2025-12-18,ar_garch,1,14.91000,16.84201,True,14.81786,15.25457,15.67779,15.92879,16.11409,16.26560,16.39730,16.51674,16.62858,16.73614,16.84201,16.94854,17.05817,17.17368,17.29877,17.43884,17.60280,17.80757,18.09267,18.59463,19.14266
2025-12-22,2025-12-19,ar_garch,1,14.08000,14.96395,True,12.75058,13.22206,13.68220,13.95659,14.15985,14.32647,14.47164,14.60354,14.72727,14.84645,14.96395,15.08238,15.20444,15.33326,15.47301,15.62979,15.81372,16.04402,16.36577,16.93532,17.56154
2025-12-23,2025-12-22,ar_garch,1,14.00000,14.06838,True,12.06521,12.49295,12.90986,13.15821,13.34205,13.49269,13.62388,13.74302,13.85476,13.96235,14.06838,14.17523,14.28530,14.40145,14.52739,14.66864,14.83425,15.04152,15.33088,15.84248,16.40414
2025-12-24,2025-12-23,ar_garch,1,13.47000,13.94094,True,12.12585,12.51571,12.89445,13.11951,13.28585,13.42199,13.54042,13.64790,13.74861,13.84550,13.94094,14.03704,14.13597,14.24028,14.35331,14.47996,14.62833,14.81380,15.07236,15.52848,16.02773
2025-12-26,2025-12-24,ar_garch,1,13.60000,13.44199,True,11.77667,12.13540,12.48335,12.68985,12.84236,12.96709,13.07556,13.17394,13.26609,13.35473,13.44199,13.52983,13.62022,13.71550,13.81869,13.93428,14.06962,14.23871,14.47425,14.88925,15.34280
2025-12-29,2025-12-26,ar_garch,1,14.20000,13.52883,True,11.95143,12.29241,12.62249,12.81810,12.96242,13.08039,13.18290,13.27584,13.36285,13.44650,13.52883,13.61166,13.69687,13.78664,13.88384,13.99265,14.11998,14.27897,14.50025,14.88962,15.31442
2025-12-30,2025-12-29,ar_garch,1,14.33000,14.09494,True,12.44193,12.79904,13.14486,13.34984,13.50111,13.62477,13.73223,13.82967,13.92090,14.00861,14.09494,14.18180,14.27115,14.36529,14.46722,14.58133,14.71488,14.88162,15.11369,15.52205,15.96756
2025-12-31,2025-12-30,ar_garch,1,14.95000,14.25591,True,12.65748,13.00364,13.33840,13.53662,13.68281,13.80225,13.90601,14.00005,14.08807,14.17267,14.25591,14.33964,14.42576,14.51646,14.61463,14.72450,14.85302,15.01343,15.23655,15.62879,16.05620
2026-01-02,2025-12-31,ar_garch,1,14.51000,14.84077,True,13.14866,13.51469,13.86889,14.07873,14.23353,14.36004,14.46996,14.56960,14.66288,14.75254,14.84077,14.92953,15.02082,15.11699,15.22108,15.33760,15.47391,15.64406,15.88076,16.29697,16.75064
2026-01-05,2026-01-02,ar_garch,1,14.90000,14.47205,True,12.87369,13.22003,13.55487,13.75309,13.89925,14.01865,14.12236,14.21636,14.30433,14.38887,14.47205,14.55571,14.64174,14.73234,14.83039,14.94012,15.06846,15.22860,15.45129,15.84264,16.26885
2026-01-06,2026-01-05,ar_garch,1,14.75000,14.80642,True,13.19417,13.54375,13.88158,14.08153,14.22894,14.34934,14.45392,14.54868,14.63736,14.72258,14.80642,14.89073,14.97743,15.06872,15.16752,15.27806,15.40733,15.56862,15.79287,16.18681,16.61567
2026-01-07,2026-01-06,ar_garch,1,15.38000,14.69262,True,13.14528,13.48139,13.80588,13.99778,14.13919,14.25465,14.35490,14.44572,14.53069,14.61233,14.69262,14.77335,14.85636,14.94374,15.03829,15.14405,15.26771,15.42195,15.63631,16.01267,16.42210
2026-01-08,2026-01-07,ar_garch,1,15.45000,15.26836,True,13.60418,13.96497,14.31367,14.52006,14.67222,14.79651,14.90446,15.00229,15.09384,15.18181,15.26836,15.35540,15.44490,15.53915,15.64114,15.75526,15.88872,16.05523,16.28673,16.69340,17.13611
2026-01-09,2026-01-08,ar_garch,1,14.49000,15.37559,True,13.74974,14.10278,14.44368,14.64532,14.79392,14.91526,15.02062,15.11607,15.20539,15.29120,15.37559,15.46046,15.54771,15.63957,15.73896,15.85014,15.98014,16.14228,16.36763,16.76329,17.19370
2026-01-12,2026-01-09,ar_garch,1,15.12000,14.48502,True,12.84354,13.19869,13.54233,13.74589,13.89606,14.01877,14.12538,14.22203,14.31250,14.39946,14.48502,14.57110,14.65963,14.75288,14.85382,14.96679,15.09895,15.26390,15.49335,15.89673,16.33630
2026-01-13,2026-01-12,ar_garch,1,15.98000,15.00934,True,13.30367,13.67257,14.02959,14.24112,14.39717,14.52470,14.63552,14.73597,14.83000,14.92040,15.00934,15.09882,15.19085,15.28779,15.39271,15.51015,15.64754,15.81900,16.05751,16.47681,16.93370
2026-01-14,2026-01-13,ar_garch,1,16.75000,15.85042,True,13.95748,14.36564,14.76133,14.99608,15.16940,15.31113,15.43435,15.54609,15.65074,15.75137,15.85042,15.95009,16.05265,16.16070,16.27770,16.40870,16.56201,16.75344,17.01986,17.48866,18.00009
2026-01-15,2026-01-14,ar_garch,1,15.84000,16.62384,True,14.61292,15.04607,15.46624,15.71561,15.89980,16.05044,16.18142,16.30022,16.41149,16.51850,16.62384,16.72986,16.83894,16.95389,17.07837,17.21774,17.38086,17.58456,17.86810,18.36707,18.91150
2026-01-16,2026-01-15,ar_garch,1,15.86000,15.82662,True,13.92417,14.33405,14.73160,14.96753,15.14177,15.28427,15.40816,15.52054,15.62578,15.72699,15.82662,15.92688,16.03004,16.13874,16.25644,16.38822,16.54245,16.73502,17.00304,17.47460,17.98901
2026-01-20,2026-01-16,ar_garch,1,20.09000,15.78738,True,13.99606,14.38326,14.75812,14.98028,15.14420,15.27817,15.39460,15.50014,15.59894,15.69392,15.78738,15.88139,15.97809,16.07994,16.19018,16.31356,16.45788,16.63797,16.88842,17.32857,17.80796
2026-01-21,2026-01-20,ar_garch,1,16.90000,19.69198,True,15.51947,16.38162,17.23718,17.75387,18.13973,18.45801,18.73675,18.99116,19.23083,19.46259,19.69198,19.92407,20.16419,20.41866,20.69591,21.00843,21.37705,21.84166,22.49637,23.67128,24.98629
2026-01-22,2026-01-21,ar_garch,1,15.64000,17.01810,True,13.32716,14.08762,14.84344,15.30046,15.64201,15.92390,16.17089,16.39641,16.60895,16.81454,17.01810,17.22411,17.43733,17.66335,17.90969,18.18748,18.51525,18.92856,19.51135,20.55816,21.73123
2026-01-23,2026-01-22,ar_garch,1,16.09000,15.64912,True,12.52791,13.17667,13.81840,14.20501,14.49327,14.73077,14.93854,15.12801,15.30636,15.47869,15.64912,15.82143,15.99956,16.18818,16.39351,16.62473,16.89715,17.24005,17.72239,18.58550,19.54796
2026-01-26,2026-01-23,ar_garch,1,16.15000,15.98731,True,13.16738,13.76034,14.34317,14.69260,14.95234,15.16584,15.35225,15.52196,15.68145,15.83534,15.98731,16.14074,16.29913,16.46661,16.64863,16.85327,17.09391,17.39611,17.81992,18.57469,19.41116
2026-01-27,2026-01-26,ar_garch,1,16.35000,16.07307,True,13.55268,14.08776,14.61093,14.92334,15.15496,15.34497,15.51061,15.66119,15.80252,15.93872,16.07307,16.20855,16.34825,16.49578,16.65592,16.83571,17.04680,17.31138,17.68152,18.33815,19.06217
2026-01-28,2026-01-27,ar_garch,1,16.35000,16.26291,True,13.95735,14.45035,14.93047,15.21630,15.42781,15.60107,15.75192,15.88890,16.01735,16.14102,16.26291,16.38571,16.51223,16.64572,16.79048,16.95283,17.14321,17.38151,17.71425,18.30282,18.94931
2026-01-29,2026-01-28,ar_garch,1,16.88000,16.27615,True,14.16726,14.62083,15.06113,15.32260,15.51579,15.67386,15.81134,15.93608,16.05296,16.16541,16.27615,16.38765,16.50244,16.62347,16.75462,16.90159,17.07377,17.28903,17.58919,18.11888,18.69896
2026-01-30,2026-01-29,ar_garch,1,17.44000,16.76858,True,14.69412,15.14143,15.57503,15.83225,16.02217,16.17747,16.31250,16.43496,16.54966,16.65997,16.76858,16.87789,16.99039,17.10897,17.23741,17.38128,17.54976,17.76027,18.05358,18.57059,19.13590
2026-02-02,2026-01-30,ar_garch,1,16.34000,17.32443,True,15.24383,15.69314,16.12832,16.38631,16.57672,16.73238,16.86768,16.99036,17.10524,17.21570,17.32443,17.43385,17.54643,17.66507,17.79355,17.93743,18.10586,18.31625,18.60924,19.12529,19.68901
2026-02-03,2026-02-02,ar_garch,1,18.00000,16.33662,True,14.33566,14.76723,15.18552,15.43364,15.61682,15.76660,15.89682,16.01492,16.12553,16.23190,16.33662,16.44202,16.55047,16.66478,16.78859,16.92725,17.08960,17.29244,17.57498,18.07280,18.61687
2026-02-04,2026-02-03,ar_garch,1,18.64000,17.80424,True,15.34820,15.87397,16.38569,16.69019,16.91546,17.09994,17.26052,17.40632,17.54301,17.67459,17.80424,17.93483,18.06935,18.21124,18.36508,18.53755,18.73972,18.99264,19.34559,19.96922,20.65328
2026-02-05,2026-02-04,ar_garch,1,21.77000,18.51389,True,16.07628,16.59953,17.10804,17.41028,17.63371,17.81658,17.97569,18.12009,18.25542,18.38563,18.51389,18.64304,18.77602,18.91625,19.06820,19.23849,19.43801,19.68746,20.03526,20.64902,21.32111
2026-02-06,2026-02-05,ar_garch,1,20.37000,21.45232,True,17.71346,18.50020,19.27320,19.73653,20.08087,20.36385,20.61091,20.83580,21.04713,21.25101,21.45232,21.65555,21.86532,22.08709,22.32809,22.59898,22.91745,23.31729,23.87783,24.87553,25.98037
2026-02-09,2026-02-06,ar_garch,1,17.36000,20.36875,True,17.11321,17.80303,18.47823,18.88174,19.18107,19.42673,19.64094,19.83573,20.01859,20.19485,20.36875,20.54415,20.72504,20.91611,21.12354,21.35646,21.62997,21.97287,22.45270,23.30424,24.24361
2026-02-10,2026-02-09,ar_garch,1,17.79000,17.46557,True,14.18424,14.87006,15.54640,15.95294,16.25561,16.50470,16.72242,16.92079,17.10737,17.28753,17.46557,17.64545,17.83127,18.02789,18.24175,18.48238,18.76559,19.12163,19.62166,20.51412,21.50599
2026-02-11,2026-02-10,ar_garch,1,17.65000,17.68162,True,14.74178,15.36285,15.97175,16.33610,16.60659,16.82872,17.02251,17.19880,17.36438,17.52404,17.68162,17.84062,18.00465,18.17799,18.36625,18.57775,18.82624,19.13796,19.57454,20.35037,21.20772
2026-02-12,2026-02-11,ar_garch,1,20.82000,17.58000,True,14.96796,15.52454,16.06764,16.39144,16.63127,16.82788,16.99915,17.15477,17.30075,17.44137,17.58000,17.71974,17.86376,18.01578,18.18070,18.36575,18.58285,18.85476,19.23472,19.90761,20.64787
2026-02-13,2026-02-12,ar_garch,1,20.60000,20.50152,True,16.68220,17.48139,18.26903,18.74222,19.09442,19.38420,19.63742,19.86812,20.08508,20.29453,20.50152,20.71061,20.92659,21.15510,21.40363,21.68324,22.01230,22.42595,23.00681,24.04341,25.19524
2026-02-17,2026-02-13,ar_garch,1,20.29000,20.52247,True,17.14450,17.85898,18.55899,18.97765,19.28836,19.54344,19.76595,19.96834,20.15839,20.34163,20.52247,20.70491,20.89311,21.09197,21.30794,21.55053,21.83553,22.19303,22.69366,23.58318,24.56599
2026-02-18,2026-02-17,ar_garch,1,19.62000,20.21964,True,17.23484,17.87138,18.49220,18.86221,19.13621,19.36078,19.55640,19.73411,19.90081,20.06136,20.21964,20.37917,20.54358,20.71712,20.90538,21.11660,21.36441,21.67476,22.10844,22.87645,23.72135
2026-02-19,2026-02-18,ar_garch,1,20.23000,19.57562,True,16.91031,17.48180,18.03751,18.36796,18.61230,18.81235,18.98644,19.14447,19.29259,19.43516,19.57562,19.71709,19.86279,20.01648,20.18308,20.36985,20.58879,20.86268,21.24488,21.92021,22.66102
2026-02-20,2026-02-19,ar_garch,1,19.09000,20.09884,True,17.52639,18.08003,18.61727,18.93623,19.17185,19.36459,19.53223,19.68431,19.82680,19.96386,20.09884,20.23473,20.37461,20.52209,20.68188,20.86092,21.07065,21.33283,21.69831,22.34307,23.04885
2026-02-23,2026-02-20,ar_garch,1,21.01000,19.07778,True,16.67490,17.19247,17.69448,17.99242,18.21246,18.39244,18.54895,18.69091,18.82390,18.95182,19.07778,19.20457,19.33508,19.47265,19.62169,19.78866,19.98421,20.22861,20.56922,21.16984,21.82692
2026-02-24,2026-02-23,ar_garch,1,19.55000,20.78290,True,17.87838,18.49978,19.10478,19.46488,19.73131,19.94953,20.13951,20.31202,20.47376,20.62946,20.78290,20.93748,21.09671,21.26470,21.44685,21.65109,21.89054,22.19018,22.60843,23.34779,24.15929
2026-02-25,2026-02-24,ar_garch,1,17.93000,19.55701,True,16.88424,17.45679,18.01384,18.34522,18.59032,18.79102,18.96570,19.12429,19.27295,19.41603,19.55701,19.69902,19.84527,19.99953,20.16676,20.35424,20.57398,20.84886,21.23239,21.90991,22.65289
2026-02-26,2026-02-25,ar_garch,1,18.63000,17.95287,True,15.39054,15.93774,16.47103,16.78870,17.02386,17.21653,17.38432,17.53672,17.67963,17.81724,17.95287,18.08953,18.23033,18.37890,18.54001,18.72070,18.93258,19.19777,19.56802,20.22280,20.94180
2026-02-27,2026-02-26,ar_garch,1,19.86000,18.49895,True,16.02827,16.55812,17.07331,17.37965,17.60616,17.79159,17.95296,18.09943,18.23670,18.36881,18.49895,18.63001,18.76497,18.90730,19.06155,19.23443,19.43702,19.69034,20.04363,20.66727,21.35048
2026-03-02,2026-02-27,ar_garch,1,21.44000,19.68722,True,17.02389,17.59439,18.14947,18.47969,18.72394,18.92394,19.09802,19.25605,19.40418,19.54676,19.68722,19.82870,19.97439,20.12805,20.29461,20.48129,20.70007,20.97367,21.35527,22.02900,22.76723
2026-03-03,2026-03-02,ar_garch,1,23.57000,21.23674,True,18.23736,18.87780,19.50203,19.87390,20.14919,20.37476,20.57119,20.74960,20.91690,21.07798,21.23674,21.39669,21.56147,21.73531,21.92381,22.13518,22.38298,22.69303,23.12575,23.89045,24.72940
2026-03-04,2026-03-03,ar_garch,1,21.15000,23.31982,True,19.76956,20.52340,21.26045,21.70057,22.02688,22.29455,22.52786,22.73993,22.93896,23.13071,23.31982,23.51048,23.70702,23.91450,24.13963,24.39225,24.68867,25.05991,25.57868,26.49727,27.50766
2026-03-05,2026-03-04,ar_garch,1,23.75000,21.20849,True,17.88211,18.58670,19.27652,19.68886,19.99477,20.24583,20.46476,20.66383,20.85071,21.03081,21.20849,21.38766,21.57240,21.76750,21.97924,22.21691,22.49588,22.84540,23.33409,24.20009,25.15362
2026-03-06,2026-03-05,ar_garch,1,29.49000,23.46200,True,19.57496,20.39450,21.19891,21.68070,22.03858,22.33256,22.58912,22.82256,23.04184,23.25329,23.46200,23.67258,23.88982,24.11935,24.36860,24.64855,24.97736,25.38965,25.96668,26.99087,28.12089
2026-03-09,2026-03-06,ar_garch,1,25.50000,28.94207,True,22.41312,23.74943,25.08241,25.89069,26.49584,26.99594,27.43457,27.83544,28.21352,28.57950,28.94207,29.30923,29.68943,30.09269,30.53240,31.02849,31.61414,32.35306,33.39564,35.27004,37.37289
2026-03-10,2026-03-09,ar_garch,1,24.93000,25.63565,True,20.06455,21.20946,22.34902,23.03886,23.55477,23.98079,24.35418,24.69522,25.01668,25.32770,25.63565,25.94735,26.26993,26.61190,26.98456,27.40471,27.90036,28.52514,29.40561,30.98554,32.75361
2026-03-11,2026-03-10,ar_garch,1,24.23000,24.85729,True,20.11812,21.10551,22.08099,22.66814,23.10566,23.46595,23.78100,24.06818,24.33837,24.59933,24.85729,25.11795,25.38727,25.67227,25.98229,26.33112,26.74171,27.25786,27.98266,29.27600,30.71286
2026-03-12,2026-03-11,ar_garch,1,27.29000,24.16866,True,20.08383,20.94410,21.78901,22.29528,22.67145,22.98054,23.25033,23.49586,23.72654,23.94902,24.16866,24.39031,24.61902,24.86072,25.12326,25.41820,25.76474,26.19945,26.80820,27.88967,29.08430
2026-03-13,2026-03-12,ar_garch,1,27.19000,26.95406,True,22.18690,23.18666,24.17083,24.76160,25.20105,25.56245,25.87811,26.16557,26.43578,26.69652,26.95406,27.21407,27.48250,27.76631,28.07474,28.42143,28.82900,29.34064,30.05776,31.33358,32.74550
2026-03-16,2026-03-13,ar_garch,1,23.51000,27.07678,True,22.82435,23.72486,24.60663,25.13376,25.52487,25.84587,26.12579,26.38033,26.61928,26.84958,27.07678,27.30589,27.54213,27.79161,28.06238,28.36631,28.72304,29.17000,29.79489,30.90225,32.12147
2026-03-17,2026-03-16,ar_garch,1,22.37000,23.63498,True,19.43208,20.31311,21.18062,21.70145,22.08893,22.40761,22.68599,22.93950,23.17782,23.40781,23.63498,23.86436,24.10116,24.35155,24.62368,24.92959,25.28925,25.74078,26.37375,27.50009,28.74692
2026-03-18,2026-03-17,ar_garch,1,25.09000,22.34459,True,18.69708,19.46710,20.22237,20.67448,21.01020,21.28592,21.52648,21.74532,21.95086,22.14902,22.34459,22.54188,22.74538,22.96037,23.19379,23.45591,23.76373,24.14961,24.68952,25.64741,26.70366
2026-03-19,2026-03-18,ar_garch,1,24.06000,24.78849,True,20.55089,21.44179,22.31762,22.84282,23.23324,23.55415,23.83434,24.08938,24.32904,24.56023,24.78849,25.01887,25.25661,25.50788,25.78083,26.08751,26.44784,26.89988,27.53291,28.65755,29.89988
2026-03-20,2026-03-19,ar_garch,1,26.78000,24.02106,True,20.32089,21.10523,21.87282,22.33153,22.67177,22.95097,23.19440,23.41571,23.62344,23.82362,24.02106,24.22013,24.42537,24.64205,24.87718,25.14104,25.45064,25.83841,26.38028,27.33973,28.39498
2026-03-23,2026-03-20,ar_garch,1,26.15000,26.47085,True,22.17588,23.08238,23.97165,24.50404,24.89939,25.22410,25.50740,25.76514,26.00719,26.24056,26.47085,26.70317,26.94278,27.19590,27.47069,27.77923,28.14149,28.59553,29.23061,30.35674,31.59766
2026-03-24,2026-03-23,ar_garch,1,26.95000,26.07662,True,22.27434,23.08326,23.87334,24.34476,24.69410,24.98054,25.23013,25.45692,25.66967,25.87460,26.07662,26.28022,26.49002,26.71141,26.95152,27.22080,27.53655,27.93169,28.48325,29.45815,30.52797
2026-03-25,2026-03-24,ar_garch,1,25.33000,26.77706,True,23.15719,23.93111,24.68496,25.13382,25.46600,25.73810,25.97499,26.19008,26.39173,26.58582,26.77706,26.96967,27.16802,27.37720,27.60390,27.85796,28.15562,28.52773,29.04647,29.96145,30.96278
2026-03-26,2026-03-25,ar_garch,1,27.44000,25.32422,True,21.98081,22.69658,23.39327,23.80786,24.11458,24.36575,24.58436,24.78282,24.96884,25.14787,25.32422,25.50180,25.68464,25.87743,26.08633,26.32039,26.59453,26.93714,27.41455,28.25606,29.17617
2026-03-27,2026-03-26,ar_garch,1,31.05000,27.17143,True,23.43794,24.23491,25.01189,25.47484,25.81759,26.09843,26.34300,26.56511,26.77337,26.97387,27.17143,27.37045,27.57541,27.79160,28.02592,28.28855,28.59627,28.98102,29.51744,30.46377,31.49964
2026-03-30,2026-03-27,ar_garch,1,30.61000,30.65830,True,25.66428,26.71736,27.75097,28.37001,28.82983,29.20755,29.53716,29.83704,30.11870,30.39028,30.65830,30.92868,31.20756,31.50216,31.82199,32.18111,32.60273,33.13116,33.87022,35.18054,36.62411
2026-03-31,2026-03-30,ar_garch,1,25.25000,30.50559,True,26.05015,26.99737,27.92289,28.47530,28.88474,29.22050,29.51309,29.77898,30.02843,30.26870,30.50559,30.74432,30.99032,31.24992,31.53146,31.84719,32.21739,32.68063,33.32716,34.46969,35.72305
2026-04-01,2026-03-31,ar_garch,1,24.54000,25.46702,True,20.49241,21.52551,22.54796,23.16423,23.62386,24.00260,24.33395,24.63612,24.92053,25.19531,25.46702,25.74166,26.02549,26.32594,26.65285,27.02079,27.45398,27.99873,28.76399,30.13026,31.64924
2026-04-02,2026-04-01,ar_garch,1,23.87000,24.47876,True,20.21444,21.10943,21.99011,22.51860,22.91164,23.23482,23.51707,23.77405,24.01558,24.24863,24.47876,24.71108,24.95088,25.20437,25.47979,25.78930,26.15307,26.60955,27.24906,28.38588,29.64267
2026-04-06,2026-04-02,ar_garch,1,24.17000,23.80884,True,20.08870,20.87637,21.64772,22.10888,22.45106,22.73191,22.97682,23.19952,23.40859,23.61008,23.80884,24.00928,24.21594,24.43416,24.67099,24.93679,25.24873,25.63951,26.18571,27.15323,28.21790
2026-04-07,2026-04-06,ar_garch,1,25.78000,24.04332,True,20.64376,21.36870,22.07584,22.49735,22.80950,23.06533,23.28816,23.49056,23.68039,23.86317,24.04332,24.22483,24.41182,24.60909,24.82298,25.06278,25.34389,25.69554,26.18616,27.05272,28.00272
2026-04-08,2026-04-07,ar_garch,1,21.04000,25.55643,True,21.97044,22.73526,23.48124,23.92588,24.25515,24.52499,24.76002,24.97349,25.17369,25.36646,25.55643,25.74783,25.94499,26.15298,26.37847,26.63125,26.92754,27.29811,27.81502,28.72768,29.72774
2026-04-09,2026-04-08,ar_garch,1,19.49000,21.23588,True,17.08897,17.95083,18.80345,19.31717,19.70024,20.01584,20.29193,20.54368,20.78062,21.00953,21.23588,21.46466,21.70111,21.95140,22.22374,22.53028,22.89122,23.34516,23.98297,25.12210,26.38910
2026-04-10,2026-04-09,ar_garch,1,19.23000,19.50317,True,15.92093,16.66962,17.40802,17.85189,18.18238,18.45435,18.69205,18.90861,19.11228,19.30890,19.50317,19.69940,19.90206,20.11643,20.34949,20.61160,20.91991,21.30719,21.85048,22.81837,23.89142
2026-04-13,2026-04-10,ar_garch,1,19.12000,19.16202,True,16.03700,16.69683,17.34397,17.73132,18.01893,18.25513,18.46121,18.64868,18.82475,18.99450,19.16202,19.33102,19.50533,19.68948,19.88943,20.11396,20.37762,20.70816,21.17064,21.99117,22.89598
2026-04-14,2026-04-13,ar_garch,1,18.36000,19.04252,True,16.25534,16.84864,17.42792,17.77347,18.02949,18.23940,18.42229,18.58846,18.74435,18.89450,19.04252,19.19171,19.34544,19.50768,19.68364,19.88101,20.11247,20.40219,20.80671,21.52207,22.30760
2026-04-15,2026-04-14,ar_garch,1,18.17000,18.32777,True,15.83022,16.36439,16.88458,17.19426,17.42342,17.61111,17.77451,17.92288,18.06197,18.19585,18.32777,18.46065,18.59749,18.74182,18.89825,19.07360,19.27907,19.53601,19.89432,20.52672,21.21937
2026-04-16,2026-04-15,ar_garch,1,17.94000,18.10159,True,15.82569,16.31491,16.79000,17.07222,17.28078,17.45143,17.59986,17.73453,17.86071,17.98208,18.10159,18.22190,18.34573,18.47625,18.61763,18.77598,18.96140,19.19303,19.51565,20.08394,20.70480
2026-04-17,2026-04-16,ar_garch,1,17.48000,17.87507,True,15.76899,16.22342,16.66380,16.92498,17.11779,17.27543,17.41246,17.53672,17.65308,17.76496,17.87507,17.98587,18.09986,18.21995,18.34997,18.49553,18.66586,18.87850,19.17439,19.69487,20.26244
2026-04-20,2026-04-17,ar_garch,1,18.87000,17.43178,True,15.45871,15.88538,16.29835,16.54304,16.72358,16.87111,16.99931,17.11552,17.22431,17.32889,17.43178,17.53529,17.64175,17.75389,17.87526,18.01109,18.16998,18.36827,18.64404,19.12873,19.65670
2026-04-21,2026-04-20,ar_garch,1,19.50000,18.69077,True,16.35026,16.85341,17.34202,17.63226,17.84673,18.02222,18.17486,18.31334,18.44308,18.56788,18.69077,18.81448,18.94179,19.07599,19.22134,19.38413,19.57474,19.81284,20.14443,20.72844,21.36633
2026-04-22,2026-04-21,ar_garch,1,18.92000,19.37157,True,17.00972,17.51814,18.01149,18.30438,18.52074,18.69772,18.85163,18.99123,19.12199,19.24775,19.37157,19.49617,19.62440,19.75952,19.90584,20.06969,20.26147,20.50097,20.83435,21.42109,22.06136
2026-04-23,2026-04-22,ar_garch,1,19.31000,18.87376,True,16.67760,17.15160,17.61087,17.88324,18.08429,18.24865,18.39152,18.52107,18.64237,18.75899,18.87376,18.98924,19.10803,19.23317,19.36865,19.52029,19.69771,19.91915,20.22721,20.76885,21.35912
2026-04-24,2026-04-23,ar_garch,1,18.71000,19.19855,True,17.04362,17.50960,17.96063,18.22789,18.42507,18.58621,18.72623,18.85316,18.97197,19.08618,19.19855,19.31159,19.42784,19.55028,19.68279,19.83107,20.00451,20.22091,20.52180,21.05042,21.62595
2026-04-27,2026-04-24,ar_garch,1,18.02000,18.66602,True,16.61798,17.06138,17.49027,17.74428,17.93162,18.08468,18.21766,18.33817,18.45097,18.55937,18.66602,18.77328,18.88358,18.99973,19.12542,19.26605,19.43050,19.63564,19.92080,20.42157,20.96646
2026-04-28,2026-04-27,ar_garch,1,17.83000,17.98443,True,16.01304,16.43987,16.85271,17.09721,17.27754,17.42487,17.55286,17.66886,17.77743,17.88178,17.98443,18.08767,18.19383,18.30563,18.42660,18.56196,18.72024,18.91768,19.19214,19.67410,20.19851
2026-04-29,2026-04-28,ar_garch,1,18.81000,17.76290,True,15.87808,16.28689,16.68191,16.91568,17.08801,17.22875,17.35099,17.46174,17.56537,17.66495,17.76290,17.86138,17.96264,18.06925,18.18459,18.31360,18.46444,18.65255,18.91393,19.37267,19.87146
2026-04-30,2026-04-29,ar_garch,1,16.89000,18.66034,True,16.55204,17.00773,17.44891,17.71039,17.90333,18.06101,18.19804,18.32227,18.43856,18.55034,18.66034,18.77098,18.88478,19.00464,19.13437,19.27954,19.44935,19.66123,19.95586,20.47352,21.03718
2026-05-01,2026-04-30,ar_garch,1,16.99000,16.93571,True,14.67213,15.15673,15.62840,15.90908,16.11672,16.28676,16.43477,16.56913,16.69508,16.81630,16.93571,17.05598,17.17981,17.31040,17.45193,17.61052,17.79632,18.02859,18.35238,18.92349,19.54852
2026-05-04,2026-05-01,ar_garch,1,18.29000,16.90746,True,14.81798,15.26747,15.70380,15.96291,16.15435,16.31097,16.44718,16.57075,16.68650,16.79784,16.90746,17.01779,17.13134,17.25101,17.38062,17.52576,17.69567,17.90789,18.20338,18.72361,19.29158
2026-05-05,2026-05-04,ar_garch,1,17.38000,18.11958,True,15.73921,16.24923,16.74542,17.04059,17.25890,17.43765,17.59322,17.73442,17.86677,17.99413,18.11958,18.24591,18.37597,18.51310,18.66169,18.82817,19.02318,19.26689,19.60651,20.20521,20.85995
2026-05-06,2026-05-05,ar_garch,1,17.39000,17.36182,True,15.17167,15.64205,16.09907,16.37067,16.57142,16.73571,16.87863,17.00832,17.12982,17.24671,17.36182,17.47770,17.59696,17.72267,17.85884,18.01136,18.18992,18.41298,18.72362,19.27068,19.86814
2026-05-07,2026-05-06,ar_garch,1,17.08000,17.31184,True,15.26926,15.70966,16.13663,16.38994,16.57698,16.72993,16.86290,16.98348,17.09640,17.20497,17.31184,17.41937,17.53000,17.64655,17.77273,17.91399,18.07927,18.28559,18.57264,19.07742,19.62766
2026-05-08,2026-05-07,ar_garch,1,17.19000,17.02428,True,15.10950,15.52345,15.92418,16.16166,16.33688,16.48008,16.60451,16.71731,16.82291,16.92441,17.02428,17.12475,17.22807,17.33689,17.45467,17.58646,17.74062,17.93295,18.20038,18.67021,19.18172
2026-05-11,2026-05-08,ar_garch,1,18.38000,17.10594,True,15.25465,15.65571,16.04350,16.27311,16.44242,16.58074,16.70089,16.80978,16.91168,17.00961,17.10594,17.20282,17.30243,17.40731,17.52080,17.64777,17.79623,17.98139,18.23873,18.69051,19.18189
2026-05-12,2026-05-11,ar_garch,1,17.99000,18.21659,True,16.04335,16.51160,16.96574,17.23526,17.43430,17.59708,17.73861,17.86698,17.98719,18.10280,18.21659,18.33110,18.44891,18.57304,18.70744,18.85791,19.03398,19.25380,19.55966,20.09764,20.68422
2026-05-13,2026-05-12,ar_garch,1,17.87000,17.93597,True,15.90292,16.34222,16.76761,17.01975,17.20582,17.35790,17.49006,17.60987,17.72204,17.82987,17.93597,18.04270,18.15248,18.26810,18.39324,18.53329,18.69711,18.90151,19.18574,19.68514,20.22892
2026-05-14,2026-05-13,ar_garch,1,17.26000,17.79865,True,15.86531,16.28404,16.68898,16.92876,17.10559,17.25006,17.37556,17.48929,17.59573,17.69802,17.79865,17.89985,18.00390,18.11348,18.23204,18.36468,18.51978,18.71323,18.98210,19.45413,19.96758
2026-05-15,2026-05-14,ar_garch,1,18.43000,17.22323,True,15.36349,15.76641,16.15599,16.38665,16.55673,16.69568,16.81637,16.92575,17.02810,17.12647,17.22323,17.32054,17.42059,17.52594,17.63993,17.76745,17.91655,18.10252,18.36096,18.81465,19.30808
2026-05-18,2026-05-15,ar_garch,1,17.82000,18.26744,True,16.11876,16.58206,17.03122,17.29770,17.49445,17.65534,17.79521,17.92205,18.04082,18.15503,18.26744,18.38055,18.49690,18.61949,18.75220,18.90076,19.07459,19.29155,19.59340,20.12412,20.70255
2026-05-19,2026-05-18,ar_garch,1,18.06000,17.78132,True,15.76528,16.20086,16.62267,16.87271,17.05722,17.20804,17.33910,17.45793,17.56916,17.67610,17.78132,17.88717,17.99604,18.11071,18.23481,18.37370,18.53616,18.73886,19.02073,19.51596,20.05517
2026-05-20,2026-05-19,ar_garch,1,17.44000,17.96363,True,16.00049,16.42547,16.83657,17.08005,17.25963,17.40636,17.53383,17.64936,17.75748,17.86140,17.96363,18.06644,18.17217,18.28350,18.40397,18.53874,18.69634,18.89292,19.16614,19.64583,20.16763
2026-05-21,2026-05-20,ar_garch,1,16.76000,17.40364,True,15.52026,15.92820,16.32268,16.55627,16.72853,16.86926,16.99151,17.10230,17.20598,17.30562,17.40364,17.50221,17.60357,17.71029,17.82576,17.95494,18.10599,18.29438,18.55618,19.01576,19.51556
2026-05-22,2026-05-21,ar_garch,1,16.70000,16.73015,True,14.90564,15.30066,15.68274,15.90903,16.07593,16.21229,16.33075,16.43811,16.53859,16.63515,16.73015,16.82569,16.92393,17.02738,17.13932,17.26456,17.41100,17.59365,17.84751,18.29320,18.77799
2026-05-25,2026-05-22,ar_garch,1,16.59000,16.62939,True,14.87564,15.25604,15.62360,15.84111,16.00146,16.13241,16.24615,16.34919,16.44562,16.53826,16.62939,16.72101,16.81521,16.91438,17.02167,17.14167,17.28196,17.45688,17.69992,18.12636,18.58988
2026-05-26,2026-05-25,ar_garch,1,17.01000,16.52316,True,14.82312,15.19238,15.54890,15.75975,15.91513,16.04199,16.15214,16.25193,16.34528,16.43497,16.52316,16.61183,16.70298,16.79892,16.90270,17.01876,17.15443,17.32355,17.55847,17.97052,18.41817
2026-05-27,2026-05-26,ar_garch,1,16.29000,16.90551,True,15.15293,15.53344,15.90091,16.11828,16.27848,16.40929,16.52288,16.62578,16.72206,16.81455,16.90551,16.99697,17.09099,17.18995,17.29701,17.41675,17.55670,17.73120,17.97359,18.39879,18.86080
2026-05-28,2026-05-27,ar_garch,1,15.74000,16.26476,True,14.54385,14.91711,15.27778,15.49122,15.64857,15.77707,15.88868,15.98980,16.08442,16.17534,16.26476,16.35468,16.44712,16.54445,16.64974,16.76752,16.90522,17.07692,17.31550,17.73416,18.18929
2026-05-29,2026-05-28,ar_garch,1,15.32000,15.70574,True,14.03546,14.39765,14.74768,14.95484,15.10756,15.23230,15.34064,15.43881,15.53066,15.61893,15.70574,15.79304,15.88280,15.97730,16.07954,16.19390,16.32761,16.49435,16.72605,17.13268,17.57480
2026-06-01,2026-05-29,ar_garch,1,16.05000,15.27882,True,13.66934,14.01855,14.35591,14.55553,14.70267,14.82284,14.92720,15.02175,15.11022,15.19522,15.27882,15.36289,15.44931,15.54030,15.63873,15.74883,15.87755,16.03805,16.26106,16.65240,17.07781
2026-06-02,2026-06-01,ar_garch,1,15.77000,15.92772,True,14.17628,14.55537,14.92211,15.13933,15.29955,15.43047,15.54420,15.64728,15.74377,15.83649,15.92772,16.01947,16.11382,16.21318,16.32070,16.44100,16.58168,16.75716,17.00110,17.42946,17.89554
2026-06-03,2026-06-02,ar_garch,1,16.06000,15.71793,True,14.04671,14.40911,14.75933,14.96660,15.11941,15.24422,15.35262,15.45084,15.54275,15.63106,15.71793,15.80528,15.89508,15.98963,16.09193,16.20636,16.34014,16.50697,16.73879,17.14563,17.58798
2026-06-04,2026-06-03,ar_garch,1,15.40000,15.96828,True,14.29434,14.65758,15.00848,15.21610,15.36913,15.49410,15.60263,15.70095,15.79295,15.88134,15.96828,16.05569,16.14556,16.24016,16.34251,16.45698,16.59080,16.75765,16.98946,17.39619,17.83825
2026-06-05,2026-06-04,ar_garch,1,21.51000,15.37456,True,13.73949,14.09404,14.43669,14.63948,14.78899,14.91109,15.01715,15.11325,15.20317,15.28957,15.37456,15.46002,15.54788,15.64039,15.74047,15.85242,15.98331,16.14654,16.37335,16.77141,17.20420
2026-06-08,2026-06-05,ar_garch,1,18.92000,20.93119,True,15.34838,16.47075,17.60110,18.29147,18.81072,19.24140,19.62031,19.96757,20.29595,20.61465,20.93119,21.25260,21.58632,21.94132,22.32966,22.76938,23.29070,23.95187,24.89133,26.59957,28.54469
2026-06-09,2026-06-08,ar_garch,1,19.87000,19.00156,True,14.40108,15.33848,16.27573,16.84501,17.27169,17.62464,17.93447,18.21787,18.48537,18.74456,19.00156,19.26209,19.53216,19.81897,20.13215,20.48605,20.90469,21.43420,22.18391,23.53945,25.07169
2026-06-10,2026-06-09,ar_garch,1,22.22000,19.71342,True,15.51176,16.38113,17.24316,17.76344,18.15182,18.47210,18.75252,19.00846,19.24954,19.48268,19.71342,19.94689,20.18847,20.44452,20.72355,21.03816,21.40937,21.87746,22.53756,23.72357,25.05318
2026-06-11,2026-06-10,ar_garch,1,19.44000,21.95042,True,17.41924,18.35970,19.29065,19.85181,20.27036,20.61531,20.91718,21.19255,21.45184,21.70246,21.95042,22.20120,22.46058,22.73538,23.03469,23.37198,23.76972,24.27088,24.97690,26.24339,27.66026
2026-06-12,2026-06-11,ar_garch,1,17.68000,19.53209,True,15.58309,16.40428,17.21633,17.70543,18.07006,18.37045,18.63324,18.87289,19.09848,19.31647,19.53209,19.75012,19.97555,20.21432,20.47431,20.76719,21.11242,21.54721,22.15935,23.25629,24.48184
2026-06-15,2026-06-12,ar_garch,1,16.20000,17.71525,True,14.30400,15.01665,15.71960,16.14218,16.45682,16.71580,16.94217,17.14847,17.34255,17.52997,17.71525,17.90248,18.09596,18.30075,18.52359,18.77445,19.06990,19.44161,19.96424,20.89879,21.94002
2026-06-16,2026-06-15,ar_garch,1,16.41000,16.22337,True,13.26034,13.88229,14.49419,14.86130,15.13431,15.35880,15.55487,15.73343,15.90129,16.06331,16.22337,16.38502,16.55197,16.72856,16.92059,17.13661,17.39079,17.71027,18.15884,18.95924,19.84849
2026-06-17,2026-06-16,ar_garch,1,18.44000,16.32125,True,13.67558,14.23657,14.78543,15.11332,15.35650,15.55605,15.73005,15.88826,16.03680,16.17998,16.32125,16.46376,16.61075,16.76604,16.93467,17.12409,17.34661,17.62573,18.01661,18.71119,19.47875
2026-06-18,2026-06-17,ar_garch,1,16.40000,18.21101,True,15.06694,15.72998,16.38064,16.77025,17.05963,17.29734,17.50481,17.69361,17.87099,18.04208,18.21101,18.38152,18.55750,18.74354,18.94570,19.17294,19.44010,19.77555,20.24590,21.08336,22.01116
2026-06-22,2026-06-18,ar_garch,1,17.28000,16.45835,True,13.60867,14.20933,14.79895,15.15207,15.41439,15.62990,15.81800,15.98919,16.15002,16.30517,16.45835,16.61298,16.77257,16.94129,17.12463,17.33072,17.57302,17.87725,18.30383,19.06334,19.90477
2026-06-23,2026-06-22,ar_garch,1,19.49000,17.13977,True,14.41860,14.99613,15.56089,15.89816,16.14824,16.35341,16.53228,16.69489,16.84753,16.99464,17.13977,17.28614,17.43707,17.59650,17.76959,17.96394,18.19218,18.47835,18.87885,19.58984,20.37450
2026-06-24,2026-06-23,ar_garch,1,18.63000,19.24218,True,15.91120,16.61303,17.30211,17.71489,18.02155,18.27351,18.49343,18.69359,18.88165,19.06306,19.24218,19.42299,19.60960,19.80688,20.02125,20.26221,20.54550,20.90116,21.39980,22.28742,23.27051
2026-06-25,2026-06-24,ar_garch,1,18.89000,18.60412,True,15.69522,16.31314,16.91710,17.27766,17.54494,17.76418,17.95529,18.12900,18.29204,18.44915,18.60412,18.76039,18.92153,19.09169,19.27640,19.48378,19.72724,20.03242,20.45937,21.21685,22.05214
2026-06-26,2026-06-25,ar_garch,1,18.41000,18.78698,True,16.12624,16.69543,17.24962,17.57947,17.82354,18.02344,18.19748,18.35553,18.50371,18.64638,18.78698,18.92865,19.07459,19.22858,19.39558,19.58287,19.80251,20.07744,20.46137,21.14056,21.88674
2026-06-29,2026-06-26,ar_garch,1,17.65000,18.35976,True,15.96140,16.47714,16.97784,17.27520,17.49491,17.67468,17.83105,17.97293,18.10587,18.23378,18.35976,18.48660,18.61720,18.75491,18.90415,19.07139,19.26736,19.51241,19.85416,20.45747,21.11849
2026-06-30,2026-06-29,ar_garch,1,16.45000,17.62157,True,15.41565,15.89119,16.35222,16.62573,16.82769,16.99284,17.13645,17.26669,17.38870,17.50604,17.62157,17.73787,17.85757,17.98374,18.12043,18.27356,18.45291,18.67706,18.98946,19.54037,20.14315
2026-07-01,2026-06-30,ar_garch,1,16.59000,16.45511,True,14.33196,14.78875,15.23209,15.49534,15.68981,15.84892,15.98731,16.11286,16.23049,16.34366,16.45511,16.56732,16.68284,16.80463,16.93661,17.08449,17.25774,17.47433,17.77633,18.30923,18.89278
2026-07-02,2026-07-01,ar_garch,1,16.15000,16.50509,True,14.51922,14.94824,15.36368,15.60992,15.79163,15.94017,16.06927,16.18633,16.29594,16.40134,16.50509,16.60949,16.71692,16.83013,16.95273,17.09003,17.25078,17.45160,17.73130,18.22408,18.76258
2026-07-06,2026-07-02,ar_garch,1,15.57000,16.10640,True,14.25516,14.65612,15.04383,15.27338,15.44267,15.58097,15.70113,15.81003,15.91198,16.00997,16.10640,16.20340,16.30319,16.40831,16.52213,16.64954,16.79865,16.98484,17.24401,17.70018,18.19804
2026-07-07,2026-07-06,ar_garch,1,16.13000,15.53805,True,13.78338,14.16377,14.53141,14.74899,14.90941,15.04044,15.15426,15.25741,15.35396,15.44675,15.53805,15.62988,15.72434,15.82384,15.93155,16.05212,16.19319,16.36932,16.61442,17.04566,17.51609
2026-07-08,2026-07-07,ar_garch,1,16.90000,16.01751,True,14.21998,14.60973,14.98637,15.20927,15.37360,15.50783,15.62442,15.73008,15.82896,15.92400,16.01751,16.11156,16.20830,16.31019,16.42049,16.54394,16.68838,16.86869,17.11959,17.56094,18.04226
2026-07-09,2026-07-08,ar_garch,1,15.84000,16.76966,True,14.82829,15.24841,15.65485,15.89559,16.07316,16.21826,16.34433,16.45862,16.56561,16.66845,16.76966,16.87149,16.97623,17.08658,17.20606,17.33981,17.49635,17.69180,17.96386,18.44268,18.96521
2026-07-10,2026-07-09,ar_garch,1,15.03000,15.83878,True,13.95214,14.35973,14.75441,14.98836,15.16100,15.30212,15.42477,15.53598,15.64011,15.74023,15.83878,15.93794,16.03997,16.14748,16.26390,16.39426,16.54686,16.73745,17.00284,17.47017,17.98053
2026-07-13,2026-07-10,ar_garch,1,17.16000,15.01556,True,13.21280,13.60204,13.97908,14.20262,14.36762,14.50250,14.61974,14.72605,14.82560,14.92133,15.01556,15.11038,15.20794,15.31075,15.42209,15.54676,15.69272,15.87502,16.12888,16.57596,17.06428
2026-07-14,2026-07-13,ar_garch,1,16.50000,16.92643,True,14.32779,14.88022,15.41996,15.74208,15.98082,16.17662,16.34726,16.50236,16.64790,16.78813,16.92643,17.06586,17.20961,17.36140,17.52611,17.71099,17.92799,18.19988,18.58007,19.25402,19.99638
2026-07-15,2026-07-14,ar_garch,1,15.67000,16.46988,True,14.16049,14.65457,15.13560,15.42191,15.63374,15.80725,15.95830,16.09546,16.22407,16.34787,16.46988,16.59279,16.71941,16.85300,16.99785,17.16028,17.35073,17.58906,17.92178,18.51006,19.15589
2026-07-16,2026-07-15,ar_garch,1,16.73000,15.65455,True,13.55213,14.00313,14.44157,14.70224,14.89497,15.05274,15.19003,15.31464,15.43143,15.54383,15.65455,15.76606,15.88090,16.00201,16.13328,16.28043,16.45287,16.66854,16.96941,17.50073,18.08314
2026-07-17,2026-07-16,ar_garch,1,18.77000,16.57847,True,14.35001,14.82786,15.29252,15.56881,15.77312,15.94038,16.08593,16.21805,16.34189,16.46106,16.57847,16.69671,16.81848,16.94689,17.08609,17.24210,17.42494,17.65360,17.97256,18.53576,19.15299
2026-07-20,2026-07-17,ar_garch,1,18.65000,18.53748,True,15.63267,16.24891,16.85169,17.21175,17.47877,17.69785,17.88884,18.06248,18.22547,18.38254,18.53748,18.69372,18.85483,19.02496,19.20963,19.41694,19.66031,19.96531,20.39190,21.14838,21.98205
2026-07-21,2026-07-20,ar_garch,1,17.05000,18.57410,True,15.94712,16.50853,17.05545,17.38114,17.62218,17.81966,17.99160,18.14776,18.29418,18.43516,18.57410,18.71409,18.85831,19.01047,19.17546,19.36049,19.57744,19.84895,20.22797,20.89813,21.63384
2026-07-22,2026-07-21,ar_garch,1,16.64000,17.07814,True,14.59454,15.12419,15.64078,15.94868,16.17669,16.36356,16.52634,16.67420,16.81290,16.94647,17.07814,17.21084,17.34757,17.49187,17.64837,17.82393,18.02983,18.28760,18.64760,19.28453,19.98438
2026-07-23,2026-07-22,ar_garch,1,18.70000,16.59227,True,14.36641,14.84364,15.30772,15.58370,15.78778,15.95486,16.10026,16.23224,16.35594,16.47499,16.59227,16.71038,16.83201,16.96029,17.09932,17.25514,17.43775,17.66611,17.98461,18.54690,19.16300
2026-07-24,2026-07-23,ar_garch,1,18.58000,18.46637,True,15.61461,16.22008,16.81207,17.16557,17.42766,17.64267,17.83008,18.00045,18.16034,18.31441,18.46637,18.61959,18.77756,18.94435,19.12537,19.32853,19.56699,19.86575,20.28346,21.02375,21.83896
2026-07-27,2026-07-24,ar_garch,1,18.67000,18.50440,True,15.91898,16.47179,17.01019,17.33074,17.56794,17.76225,17.93142,18.08504,18.22908,18.36775,18.50440,18.64207,18.78388,18.93349,19.09569,19.27756,19.49078,19.75755,20.12987,20.78784,21.50973
2026-07-28,2026-07-27,ar_garch,1,18.21000,18.57965,True,16.19260,16.70573,17.20400,17.49998,17.71870,17.89766,18.05334,18.19459,18.32693,18.45426,18.57965,18.70589,18.83585,18.97286,19.12130,19.28762,19.48243,19.72593,20.06530,20.66378,21.31858
2026-07-29,2026-07-28,ar_garch,1,20.66000,18.15897,True,15.96553,16.43875,16.89735,17.16934,17.37014,17.53431,17.67704,17.80647,17.92768,18.04424,18.15897,18.27444,18.39325,18.51846,18.65405,18.80589,18.98364,19.20565,19.51480,20.05921,20.65377
2026-07-30,2026-07-29,ar_garch,1,17.09000,20.38847,True,17.30112,17.95778,18.59919,18.98190,19.26552,19.49809,19.70076,19.88495,20.05778,20.22428,20.38847,20.55399,20.72461,20.90473,21.10018,21.31950,21.57687,21.89926,22.34988,23.14816,24.02675
2026-07-31,2026-07-30,ar_garch,1,15.99000,17.23916,True,13.94598,14.63324,15.31157,15.71954,16.02342,16.27357,16.49226,16.69158,16.87908,17.06017,17.23916,17.42004,17.60692,17.80471,18.01989,18.26205,18.54715,18.90568,19.40943,20.30915,21.31000
2026-08-03,2026-07-31,ar_garch,1,15.86000,15.99097,True,13.14571,13.74328,14.33103,14.68360,14.94576,15.16129,15.34952,15.52090,15.68199,15.83744,15.99097,16.14599,16.30604,16.47528,16.65923,16.86606,17.10928,17.41475,17.84318,18.60627,19.45206
2026-08-04,2026-08-03,ar_garch,1,16.50000,15.79701,True,13.29554,13.82600,14.34499,14.65504,14.88500,15.07368,15.23820,15.38777,15.52819,15.66351,15.79701,15.93165,16.07049,16.21714,16.37632,16.55505,16.76491,17.02797,17.39602,18.04901,18.76912
2026-08-05,2026-08-04,ar_garch,1,15.81000,16.38048,True,13.97944,14.49141,14.99079,15.28844,15.50887,15.68954,15.84692,15.98989,16.12400,16.25315,16.38048,16.50881,16.64105,16.78062,16.93201,17.10185,17.30108,17.55053,17.89901,18.51582,19.19392
2026-08-06,2026-08-05,ar_garch,1,15.15000,15.78491,True,13.63286,14.09395,14.54251,14.80933,15.00667,15.16825,15.30888,15.43655,15.55623,15.67142,15.78491,15.89922,16.01695,16.14112,16.27573,16.42664,16.60351,16.82476,17.13345,17.67874,18.27668
2026-08-07,2026-08-06,ar_garch,1,14.90000,15.12559,True,13.16401,13.58558,13.99499,14.23821,14.41795,14.56503,14.69297,14.80907,14.91785,15.02251,15.12559,15.22937,15.33622,15.44887,15.57094,15.70772,15.86796,16.06827,16.34752,16.84017,17.37946
2026-08-10,2026-08-07,ar_garch,1,15.46000,14.84912,True,13.04896,13.43740,13.81379,14.03701,14.20179,14.33652,14.45364,14.55985,14.65932,14.75497,14.84912,14.94388,15.04138,15.14414,15.25542,15.38005,15.52596,15.70821,15.96204,16.40916,16.89762
2026-08-11,2026-08-10,ar_garch,1,15.28000,15.35059,True,13.52885,13.92234,14.30342,14.52932,14.69603,14.83232,14.95077,15.05817,15.15873,15.25542,15.35059,15.44636,15.54488,15.64870,15.76111,15.88698,16.03430,16.21829,16.47443,16.92537,17.41764
2026-08-12,2026-08-11,ar_garch,1,14.55000,15.22283,True,13.50964,13.88078,14.23962,14.45206,14.60873,14.73671,14.84790,14.94866,15.04298,15.13363,15.22283,15.31255,15.40482,15.50202,15.60723,15.72498,15.86274,16.03470,16.27393,16.69464,17.15326
2026-08-13,2026-08-12,ar_garch,1,14.63000,14.53261,True,12.87911,13.23708,13.58332,13.78836,13.93959,14.06316,14.17051,14.26782,14.35891,14.44646,14.53261,14.61927,14.70841,14.80231,14.90396,15.01773,15.15085,15.31702,15.54824,15.95493,16.39839
2026-08-14,2026-08-13,ar_garch,1,14.25000,14.55769,True,12.97030,13.31475,13.64748,13.84434,13.98944,14.10793,14.21085,14.30409,14.39136,14.47521,14.55769,14.64065,14.72595,14.81579,14.91301,15.02179,15.14903,15.30781,15.52861,15.91667,16.33936
2026-08-17,2026-08-14,ar_garch,1,15.19000,14.21058,True,12.69223,13.02207,13.34048,13.52878,13.66752,13.78081,13.87917,13.96829,14.05167,14.13178,14.21058,14.28981,14.37128,14.45707,14.54989,14.65375,14.77521,14.92674,15.13742,15.50756,15.91055
2026-08-18,2026-08-17,ar_garch,1,15.84000,15.05412,True,13.29971,13.67900,14.04615,14.26371,14.42422,14.55541,14.66942,14.77277,14.86954,14.96257,15.05412,15.14623,15.24099,15.34082,15.44891,15.56991,15.71152,15.88833,16.13442,16.56747,17.03996
2026-08-19,2026-08-18,ar_garch,1,14.89000,15.72284,True,13.86876,14.26923,14.65708,14.88700,15.05668,15.19538,15.31594,15.42524,15.52759,15.62599,15.72284,15.82029,15.92055,16.02619,16.14056,16.26861,16.41848,16.60562,16.86610,17.32454,17.82480
2026-08-20,2026-08-19,ar_garch,1,16.01000,14.88579,True,13.10194,13.48685,13.85984,14.08105,14.24435,14.37786,14.49392,14.59917,14.69773,14.79251,14.88579,14.97967,15.07626,15.17804,15.28826,15.41167,15.55613,15.73653,15.98769,16.42984,16.91252
2026-08-21,2026-08-20,ar_garch,1,15.13000,15.85742,True,13.84571,14.27822,14.69818,14.94763,15.13196,15.28278,15.41397,15.53299,15.64451,15.75178,15.85742,15.96377,16.07324,16.18863,16.31364,16.45367,16.61766,16.82259,17.10809,17.61129,18.16143
2026-08-24,2026-08-21,ar_garch,1,15.85000,15.12090,True,13.24469,13.64855,14.04043,14.27309,14.44495,14.58554,14.70780,14.81870,14.92259,15.02251,15.12090,15.21993,15.32184,15.42926,15.54560,15.67591,15.82847,16.01906,16.28451,16.75208,17.26288
2026-08-25,2026-08-24,ar_garch,1,15.45000,15.72690,True,13.80582,14.21961,14.62100,14.85922,15.03517,15.17908,15.30421,15.41771,15.52401,15.62625,15.72690,15.82821,15.93245,16.04230,16.16128,16.29450,16.45046,16.64525,16.91646,17.39397,17.91531
2026-08-26,2026-08-25,ar_garch,1,15.21000,15.40763,True,13.62226,14.00797,14.38149,14.60290,14.76630,14.89985,15.01593,15.12116,15.21969,15.31441,15.40763,15.50142,15.59789,15.69953,15.80956,15.93272,16.07682,16.25671,16.50699,16.94714,17.42700
2026-08-27,2026-08-26,ar_garch,1,14.51000,15.15762,True,13.47667,13.84071,14.19276,14.40122,14.55496,14.68057,14.78969,14.88858,14.98114,15.07010,15.15762,15.24566,15.33619,15.43153,15.53472,15.65018,15.78524,15.95375,16.18809,16.59984,17.04824
2026-08-28,2026-08-27,ar_garch,1,14.43000,14.49177,True,12.86486,13.21694,13.55757,13.75934,13.90816,14.02977,14.13542,14.23119,14.32083,14.40699,14.49177,14.57705,14.66475,14.75712,14.85710,14.96899,15.09987,15.26319,15.49034,15.88956,16.32443
2026-08-31,2026-08-28,ar_garch,1,14.92000,14.36972,True,12.81996,13.15609,13.48088,13.67308,13.81476,13.93048,14.03099,14.12206,14.20728,14.28917,14.36972,14.45073,14.53402,14.62173,14.71663,14.82281,14.94697,15.10186,15.31717,15.69531,16.10683
2026-09-01,2026-08-31,ar_garch,1,16.34000,14.81736,True,13.20549,13.55488,13.89259,14.09250,14.23988,14.36028,14.46485,14.55961,14.64830,14.73352,14.81736,14.90167,14.98837,15.07966,15.17845,15.28898,15.41824,15.57950,15.80367,16.19742,16.62597
2026-09-02,2026-09-01,ar_garch,1,15.20000,16.16299,True,14.05686,14.50880,14.94811,15.20926,15.40234,15.56038,15.69788,15.82268,15.93963,16.05215,16.16299,16.27458,16.38948,16.51061,16.64187,16.78893,16.96120,17.17651,17.47660,18.00576,18.58467
2026-09-03,2026-09-02,ar_garch,1,14.32000,15.20837,True,13.22808,13.65296,14.06600,14.31156,14.49310,14.64171,14.77101,14.88836,14.99833,15.10415,15.20837,15.31331,15.42135,15.53525,15.65867,15.79696,15.95893,16.16138,16.44351,16.94097,17.48512
2026-09-04,2026-09-03,ar_garch,1,14.53000,14.31454,True,12.45655,12.85520,13.24274,13.47313,13.64347,13.78289,13.90421,14.01431,14.11749,14.21676,14.31454,14.41299,14.51435,14.62120,14.73698,14.86670,15.01863,15.20850,15.47309,15.93954,16.44967
2026-09-07,2026-09-04,ar_garch,1,15.30000,14.44910,True,12.69679,13.07428,13.44043,13.65773,13.81822,13.94948,14.06361,14.16712,14.26407,14.35731,14.44910,14.54148,14.63653,14.73670,14.84517,14.96662,15.10879,15.28633,15.53348,15.96849,16.44326
2026-09-08,2026-09-07,ar_garch,1,15.72000,15.17567,True,13.31139,13.71258,14.10195,14.33314,14.50393,14.64364,14.76515,14.87536,14.97861,15.07791,15.17567,15.27407,15.37533,15.48204,15.59761,15.72703,15.87853,16.06773,16.33115,16.79487,17.30106
2026-09-09,2026-09-08,ar_garch,1,16.46000,15.61946,True,13.76402,14.16402,14.55184,14.78194,14.95185,15.09079,15.21158,15.32113,15.42372,15.52236,15.61946,15.71717,15.81769,15.92361,16.03828,16.16666,16.31689,16.50444,16.76542,17.22447,17.72502
2024-01-02,2023-12-29,har_garch,1,13.20000,12.45142,True,11.16800,11.44958,11.71983,11.87892,11.99582,12.09108,12.17369,12.24844,12.31833,12.38544,12.45142,12.51775,12.58595,12.65776,12.73549,12.82249,12.92432,13.05151,13.22867,13.54092,13.88233
2024-01-03,2024-01-02,har_garch,1,14.04000,13.11791,True,11.67092,11.98720,12.29140,12.47076,12.60270,12.71030,12.80365,12.88818,12.96725,13.04320,13.11791,13.19305,13.27032,13.35173,13.43988,13.53859,13.65418,13.79864,13.99999,14.35527,14.74430
2024-01-04,2024-01-03,har_garch,1,14.13000,13.86776,True,12.23191,12.58806,12.93138,13.13415,13.28346,13.40533,13.51114,13.60700,13.69671,13.78292,13.86776,13.95313,14.04096,14.13353,14.23380,14.34615,14.47777,14.64236,14.87196,15.27756,15.72240
2024-01-05,2024-01-04,har_garch,1,13.35000,13.96263,True,12.38437,12.72877,13.06033,13.25597,13.39994,13.51739,13.61932,13.71164,13.79801,13.88099,13.96263,14.04474,14.12921,14.21821,14.31459,14.42253,14.54895,14.70696,14.92726,15.31609,15.74202
2024-01-08,2024-01-05,har_garch,1,13.08000,13.28112,True,11.77266,12.10172,12.41857,12.60555,12.74317,12.85545,12.95289,13.04115,13.12373,13.20307,13.28112,13.35963,13.44040,13.52550,13.61766,13.72089,13.84178,13.99289,14.20358,14.57546,14.98286
2024-01-09,2024-01-08,har_garch,1,12.76000,13.04653,True,11.61791,11.93019,12.23054,12.40762,12.53788,12.64412,12.73629,12.81974,12.89780,12.97278,13.04653,13.12070,13.19697,13.27733,13.36433,13.46175,13.57581,13.71833,13.91696,14.26732,14.65082
2024-01-10,2024-01-09,har_garch,1,12.69000,12.75883,True,11.39146,11.69070,11.97832,12.14782,12.27246,12.37408,12.46223,12.54203,12.61666,12.68834,12.75883,12.82972,12.90261,12.97938,13.06249,13.15555,13.26448,13.40058,13.59020,13.92455,14.29034
2024-01-11,2024-01-10,har_garch,1,12.44000,12.68758,True,11.36542,11.65523,11.93353,12.09742,12.21788,12.31607,12.40122,12.47829,12.55034,12.61954,12.68758,12.75599,12.82632,12.90038,12.98055,13.07030,13.17534,13.30653,13.48928,13.81137,14.16355
2024-01-12,2024-01-11,har_garch,1,12.70000,12.45541,True,11.17226,11.45372,11.72389,11.88294,11.99983,12.09508,12.17768,12.25243,12.32232,12.38943,12.45541,12.52174,12.58993,12.66174,12.73946,12.82646,12.92828,13.05545,13.23256,13.54469,13.88592
2024-01-16,2024-01-12,har_garch,1,13.84000,12.68313,True,11.38789,11.67213,11.94490,12.10545,12.22342,12.31956,12.40291,12.47834,12.54885,12.61656,12.68313,12.75004,12.81884,12.89128,12.96968,13.05743,13.16012,13.28837,13.46698,13.78170,14.12568
2024-01-17,2024-01-16,har_garch,1,14.79000,13.70056,True,12.05847,12.41582,12.76037,12.96390,13.11380,13.23616,13.34240,13.43866,13.52875,13.61534,13.70056,13.78631,13.87455,13.96756,14.06834,14.18126,14.31357,14.47907,14.71002,15.11824,15.56626
2024-01-18,2024-01-17,har_garch,1,14.13000,14.55541,True,12.70709,13.10781,13.49500,13.72409,13.89298,14.03095,14.15082,14.25949,14.36124,14.45908,14.55541,14.65238,14.75221,14.85748,14.97157,15.09948,15.24943,15.43709,15.69915,16.16288,16.67258
2024-01-19,2024-01-18,har_garch,1,13.30000,13.98964,True,12.29653,12.66462,13.01973,13.22960,13.38419,13.51041,13.62002,13.71935,13.81231,13.90168,13.98964,14.07815,14.16924,14.26525,14.36928,14.48586,14.62247,14.79334,15.03179,15.45328,15.91587
2024-01-22,2024-01-19,har_garch,1,13.19000,13.26468,True,11.66641,12.01394,12.34917,12.54728,12.69321,12.81236,12.91582,13.00957,13.09732,13.18167,13.26468,13.34822,13.43418,13.52479,13.62297,13.73297,13.86188,14.02310,14.24806,14.64564,15.08191
2024-01-23,2024-01-22,har_garch,1,12.55000,13.17182,True,11.66821,11.99616,12.31197,12.49835,12.63553,12.74746,12.84460,12.93259,13.01491,13.09400,13.17182,13.25010,13.33063,13.41549,13.50738,13.61032,13.73088,13.88158,14.09172,14.46270,14.86920
2024-01-24,2024-01-23,har_garch,1,13.14000,12.59414,True,11.14448,11.46049,11.76490,11.94459,12.07687,12.18481,12.27850,12.36336,12.44277,12.51907,12.59414,12.66967,12.74736,12.82923,12.91790,13.01723,13.13357,13.27901,13.48183,13.83993,14.23238
2024-01-25,2024-01-24,har_garch,1,13.45000,13.10890,True,11.60818,11.93533,12.25046,12.43649,12.57343,12.68517,12.78216,12.87001,12.95221,13.03119,13.10890,13.18707,13.26749,13.35223,13.44400,13.54679,13.66718,13.81767,14.02749,14.39787,14.80364
2024-01-26,2024-01-25,har_garch,1,13.26000,13.37903,True,11.89109,12.21592,12.52857,12.71301,12.84873,12.95945,13.05552,13.14253,13.22392,13.30211,13.37903,13.45639,13.53596,13.61979,13.71055,13.81220,13.93121,14.07994,14.28722,14.65288,15.05316
2024-01-29,2024-01-26,har_garch,1,13.60000,13.21126,True,11.79354,12.10365,12.40180,12.57754,12.70679,12.81218,12.90360,12.98637,13.06378,13.13814,13.21126,13.28479,13.36040,13.44003,13.52625,13.62277,13.73576,13.87691,14.07355,14.42022,14.79941
2024-01-30,2024-01-29,har_garch,1,13.31000,13.51640,True,12.07749,12.39233,12.69498,12.87334,13.00451,13.11147,13.20424,13.28823,13.36677,13.44221,13.51640,13.59100,13.66770,13.74849,13.83594,13.93384,14.04844,14.19158,14.39098,14.74243,15.12674
2024-01-31,2024-01-30,har_garch,1,14.35000,13.26710,True,11.88456,12.18743,12.47836,12.64974,12.77573,12.87844,12.96751,13.04813,13.12352,13.19591,13.26710,13.33866,13.41225,13.48973,13.57360,13.66748,13.77736,13.91458,14.10568,14.44241,14.81046
2024-02-01,2024-01-31,har_garch,1,13.88000,14.19788,True,12.52774,12.89123,13.24168,13.44871,13.60117,13.72562,13.83368,13.93157,14.02319,14.11124,14.19788,14.28506,14.37475,14.46928,14.57168,14.68639,14.82077,14.98879,15.22313,15.63698,16.09068
2024-02-02,2024-02-01,har_garch,1,13.85000,13.79057,True,12.23003,12.57040,12.89817,13.09161,13.23399,13.35016,13.45098,13.54230,13.62773,13.70982,13.79057,13.87180,13.95536,14.04340,14.13874,14.24552,14.37056,14.52685,14.74472,15.12918,15.55023
2024-02-05,2024-02-02,har_garch,1,13.67000,13.76969,True,12.27453,12.60138,12.91573,13.10107,13.23740,13.34858,13.44504,13.53237,13.61405,13.69252,13.76969,13.84729,13.92710,14.01116,14.10218,14.20408,14.32338,14.47243,14.68010,15.04631,15.44697
2024-02-06,2024-02-05,har_garch,1,13.06000,13.60998,True,12.17736,12.49107,12.79250,12.97008,13.10065,13.20709,13.29941,13.38299,13.46113,13.53618,13.60998,13.68418,13.76047,13.84082,13.92779,14.02515,14.13911,14.28144,14.47970,14.82911,15.21113
2024-02-07,2024-02-06,har_garch,1,12.83000,13.06438,True,11.66317,11.96971,12.26440,12.43809,12.56583,12.66999,12.76034,12.84214,12.91864,12.99212,13.06438,13.13704,13.21176,13.29046,13.37566,13.47104,13.58270,13.72219,13.91653,14.25915,14.63392
2024-02-08,2024-02-07,har_garch,1,12.79000,12.84921,True,11.50000,11.79552,12.07942,12.24667,12.36962,12.46986,12.55679,12.63548,12.70906,12.77973,12.84921,12.91908,12.99091,13.06656,13.14844,13.24011,13.34740,13.48140,13.66806,13.99704,14.35672
2024-02-09,2024-02-08,har_garch,1,12.93000,12.80628,True,11.49359,11.78151,12.05789,12.22061,12.34019,12.43765,12.52215,12.59863,12.67013,12.73878,12.80628,12.87414,12.94390,13.01736,13.09686,13.18585,13.28998,13.42003,13.60113,13.92020,14.26890
2024-02-12,2024-02-09,har_garch,1,13.93000,12.92588,True,11.62224,11.90842,12.18301,12.34461,12.46333,12.56008,12.64395,12.71985,12.79079,12.85891,12.92588,12.99319,13.06239,13.13524,13.21409,13.30233,13.40558,13.53452,13.71404,14.03026,14.37574
2024-02-13,2024-02-12,har_garch,1,15.85000,13.81587,True,12.23807,12.58221,12.91360,13.10918,13.25313,13.37057,13.47251,13.56483,13.65121,13.73421,13.81587,13.89802,13.98252,14.07156,14.16799,14.27600,14.40251,14.56066,14.78118,15.17050,15.59710
2024-02-14,2024-02-13,har_garch,1,14.38000,15.52493,True,13.21341,13.70971,14.19184,14.47829,14.69002,14.86332,15.01414,15.15107,15.27946,15.40307,15.52493,15.64775,15.77435,15.90801,16.05310,16.21599,16.40730,16.64723,16.98324,17.58050,18.24083
2024-02-15,2024-02-14,har_garch,1,14.01000,14.25239,True,12.15565,12.60611,13.04357,13.30341,13.49543,13.65259,13.78935,13.91350,14.02989,14.14194,14.25239,14.36370,14.47843,14.59954,14.73098,14.87854,15.05181,15.26907,15.57325,16.11367,16.71080
2024-02-16,2024-02-15,har_garch,1,14.24000,13.93449,True,12.05062,12.45767,12.85171,13.08519,13.25747,13.39831,13.52074,13.63179,13.73582,13.83591,13.93449,14.03378,14.13603,14.24391,14.36090,14.49213,14.64608,14.83891,15.10850,15.58638,16.11287
2024-02-20,2024-02-16,har_garch,1,15.42000,14.14454,True,12.35748,12.74521,13.11969,13.34118,13.50444,13.63778,13.75362,13.85863,13.95694,14.05147,14.14454,14.23823,14.33467,14.43636,14.54657,14.67013,14.81499,14.99628,15.24945,15.69751,16.19004
2024-02-21,2024-02-20,har_garch,1,15.34000,15.19433,True,13.15121,13.59262,14.01995,14.27317,14.46003,14.61278,14.74558,14.86602,14.97886,15.08741,15.19433,15.30200,15.41289,15.52988,15.65673,15.79901,15.96591,16.17493,16.46708,16.98478,17.55485
2024-02-22,2024-02-21,har_garch,1,14.54000,15.17865,True,13.42165,13.72629,14.06085,14.27927,14.44997,14.59506,14.72473,14.84470,14.95865,15.06924,15.17865,15.28885,15.40188,15.52010,15.64655,15.78556,15.94406,16.13467,16.38530,16.78468,17.16565
2024-02-23,2024-02-22,har_garch,1,13.75000,14.42951,True,12.68248,13.06230,13.42871,13.64526,13.80478,13.93501,14.04812,14.15061,14.24654,14.33875,14.42951,14.52084,14.61483,14.71391,14.82126,14.94155,15.08252,15.25884,15.50490,15.93983,16.41719
2024-02-26,2024-02-23,har_garch,1,13.74000,13.73288,True,12.08560,12.44388,12.78944,12.99362,13.14402,13.26680,13.37342,13.47002,13.56044,13.64735,13.73288,13.81895,13.90752,14.00087,14.10201,14.21534,14.34813,14.51420,14.74592,15.15541,15.60469
2024-02-27,2024-02-26,har_garch,1,13.43000,13.72261,True,12.16319,12.50340,12.83097,13.02427,13.16653,13.28259,13.38332,13.47456,13.55991,13.64192,13.72261,13.80377,13.88725,13.97522,14.07049,14.17720,14.30217,14.45839,14.67620,15.06070,15.48196
2024-02-28,2024-02-27,har_garch,1,13.84000,13.43546,True,11.95680,12.27996,12.59081,12.77410,12.90893,13.01889,13.11430,13.20068,13.28149,13.35911,13.43546,13.51224,13.59122,13.67441,13.76449,13.86536,13.98347,14.13106,14.33677,14.69968,15.09699
2024-02-29,2024-02-28,har_garch,1,13.40000,13.79210,True,12.29559,12.62285,12.93753,13.12304,13.25947,13.37073,13.46725,13.55464,13.63637,13.71488,13.79210,13.86975,13.94960,14.03371,14.12478,14.22674,14.34612,14.49527,14.70311,15.06965,15.47075
2024-03-01,2024-02-29,har_garch,1,13.11000,13.39464,True,11.95805,12.27240,12.57457,12.75265,12.88360,12.99037,13.08299,13.16684,13.24526,13.32057,13.39464,13.46912,13.54571,13.62638,13.71372,13.81149,13.92596,14.06896,14.26820,14.61950,15.00382
2024-03-04,2024-03-01,har_garch,1,13.49000,13.13237,True,11.74885,12.05190,12.34303,12.51452,12.64060,12.74338,12.83252,12.91321,12.98866,13.06112,13.13237,13.20401,13.27767,13.35525,13.43922,13.53323,13.64327,13.78072,13.97219,14.30970,14.67880
2024-03-05,2024-03-04,har_garch,1,14.46000,13.46600,True,12.05640,12.36524,12.66188,12.83662,12.96506,13.06977,13.16058,13.24277,13.31962,13.39343,13.46600,13.53897,13.61399,13.69300,13.77851,13.87425,13.98629,14.12625,14.32119,14.66476,15.04040
2024-03-06,2024-03-05,har_garch,1,14.50000,14.33061,True,12.67795,13.03812,13.38512,13.58998,13.74079,13.86386,13.97069,14.06746,14.15800,14.24501,14.33061,14.41674,14.50534,14.59870,14.69981,14.81308,14.94575,15.11161,15.34289,15.75123,16.19872
2024-03-07,2024-03-06,har_garch,1,14.44000,14.37203,True,12.78473,13.13147,13.46508,13.66184,13.80660,13.92467,14.02712,14.11989,14.20666,14.29003,14.37203,14.45450,14.53931,14.62867,14.72542,14.83376,14.96061,15.11913,15.34006,15.72978,16.15639
2024-03-08,2024-03-07,har_garch,1,14.74000,14.32815,True,12.80207,13.13609,13.45711,13.64628,13.78538,13.89880,13.99717,14.08623,14.16950,14.24949,14.32815,14.40724,14.48857,14.57423,14.66695,14.77077,14.89228,15.04408,15.25556,15.62838,16.03614
2024-03-11,2024-03-08,har_garch,1,15.22000,14.60799,True,13.06398,13.40201,13.72685,13.91824,14.05897,14.17370,14.27321,14.36330,14.44753,14.52844,14.60799,14.68798,14.77023,14.85686,14.95062,15.05559,15.17846,15.33193,15.54570,15.92249,16.33449
2024-03-12,2024-03-11,har_garch,1,13.84000,15.04850,True,13.43166,13.78525,14.12525,14.32568,14.47309,14.59329,14.69757,14.79199,14.88028,14.96510,15.04850,15.13238,15.21863,15.30947,15.40782,15.51792,15.64680,15.80781,16.03211,16.42752,16.85998
2024-03-13,2024-03-12,har_garch,1,13.75000,13.82953,True,12.14890,12.51406,12.86646,13.07478,13.22826,13.35359,13.46243,13.56107,13.65341,13.74217,13.82953,13.91745,14.00792,14.10330,14.20663,14.32243,14.45813,14.62785,14.86469,15.28328,15.74265
2024-03-14,2024-03-13,har_garch,1,14.40000,13.79354,True,12.23970,12.51004,12.80641,12.99963,13.15050,13.27866,13.39314,13.49901,13.59954,13.69707,13.79354,13.89068,13.99030,14.09448,14.20590,14.32838,14.46801,14.63593,14.85675,15.20872,15.54463
2024-03-15,2024-03-14,har_garch,1,14.41000,14.32419,True,12.67621,13.03529,13.38128,13.58556,13.73596,13.85869,13.96523,14.06174,14.15204,14.23881,14.32419,14.41008,14.49843,14.59154,14.69237,14.80532,14.93761,15.10297,15.33354,15.74053,16.18642
2024-03-18,2024-03-15,har_garch,1,14.33000,14.32727,True,12.75154,13.09573,13.42690,13.62223,13.76594,13.88315,13.98486,14.07696,14.16311,14.24587,14.32727,14.40913,14.49333,14.58202,14.67806,14.78559,14.91148,15.06879,15.28801,15.67462,16.09771
2024-03-19,2024-03-18,har_garch,1,13.82000,14.30122,True,12.81615,13.10726,13.40569,13.59056,13.73060,13.84712,13.94967,14.04348,14.13185,14.21713,14.30122,14.38579,14.47261,14.56368,14.66162,14.77020,14.89554,15.04903,15.25657,15.60393,15.95836
2024-03-20,2024-03-19,har_garch,1,13.04000,13.79932,True,12.33983,12.65932,12.96635,13.14727,13.28030,13.38876,13.48283,13.56799,13.64763,13.72411,13.79932,13.87494,13.95270,14.03459,14.12324,14.22247,14.33862,14.48370,14.68580,15.04198,15.43143
2024-03-21,2024-03-20,har_garch,1,12.92000,13.09811,True,11.63943,11.95788,12.26438,12.44519,12.57824,12.68678,12.78097,12.86626,12.94605,13.02271,13.09811,13.17395,13.25196,13.33414,13.42313,13.52278,13.63947,13.78528,13.98852,14.34707,14.73960
2024-03-22,2024-03-21,har_garch,1,13.06000,12.97567,True,11.57954,11.88491,12.17851,12.35158,12.47886,12.58264,12.67268,12.75419,12.83043,12.90365,12.97567,13.04808,13.12255,13.20098,13.28590,13.38096,13.49225,13.63129,13.82500,14.16652,14.54012
2024-03-25,2024-03-22,har_garch,1,13.19000,13.08655,True,11.72014,12.01950,12.30705,12.47643,12.60095,12.70245,12.79048,12.87015,12.94465,13.01620,13.08655,13.15728,13.23000,13.30659,13.38948,13.48227,13.59087,13.72650,13.91542,14.24833,14.61227
2024-03-26,2024-03-25,har_garch,1,13.24000,13.19175,True,11.84478,12.14025,12.42386,12.59083,12.71353,12.81353,12.90024,12.97870,13.05206,13.12250,13.19175,13.26137,13.33294,13.40830,13.48985,13.58114,13.68796,13.82135,14.00710,14.33433,14.69189
2024-03-27,2024-03-26,har_garch,1,12.78000,13.23120,True,11.90466,12.19594,12.47538,12.63982,12.76063,12.85906,12.94439,13.02161,13.09378,13.16308,13.23120,13.29968,13.37006,13.44417,13.52437,13.61411,13.71913,13.85025,14.03281,14.35434,14.70556
2024-03-28,2024-03-27,har_garch,1,13.01000,12.81792,True,11.50675,11.79440,12.07049,12.23302,12.35245,12.44978,12.53418,12.61055,12.68196,12.75052,12.81792,12.88568,12.95534,13.02870,13.10809,13.19694,13.30093,13.43079,13.61164,13.93027,14.27850
2024-04-01,2024-03-28,har_garch,1,13.65000,13.02192,True,11.70728,11.99590,12.27280,12.43576,12.55549,12.65304,12.73762,12.81416,12.88570,12.95439,13.02192,13.08980,13.15958,13.23305,13.31256,13.40155,13.50568,13.63570,13.81676,14.13570,14.48418
2024-04-02,2024-04-01,har_garch,1,14.61000,13.59244,True,12.15804,12.47218,12.77399,12.95180,13.08252,13.18909,13.28152,13.36518,13.44342,13.51855,13.59244,13.66672,13.74311,13.82355,13.91063,14.00812,14.12223,14.26476,14.46332,14.81331,15.19606
2024-04-03,2024-04-02,har_garch,1,14.33000,14.45090,True,12.77350,13.13894,13.49108,13.69901,13.85209,13.97702,14.08547,14.18371,14.27564,14.36398,14.45090,14.53835,14.62832,14.72312,14.82581,14.94085,15.07560,15.24406,15.47900,15.89386,16.34858
2024-04-04,2024-04-03,har_garch,1,16.35000,14.21513,True,12.64091,12.98478,13.31563,13.51077,13.65434,13.77143,13.87304,13.96505,14.05112,14.13380,14.21513,14.29693,14.38106,14.46969,14.56566,14.67313,14.79896,14.95622,15.17539,15.56207,15.98540
2024-04-05,2024-04-04,har_garch,1,16.03000,16.01370,True,13.64039,14.15014,14.64525,14.93936,15.15672,15.33462,15.48944,15.62999,15.76176,15.88864,16.01370,16.13974,16.26966,16.40682,16.55570,16.72284,16.91913,17.16530,17.51001,18.12268,18.79995
2024-04-08,2024-04-05,har_garch,1,15.19000,15.75978,True,13.62523,14.08652,14.53303,14.79757,14.99276,15.15232,15.29103,15.41684,15.53470,15.64809,15.75978,15.87226,15.98811,16.11033,16.24289,16.39158,16.56603,16.78454,17.09007,17.63178,18.22872
2024-04-09,2024-04-08,har_garch,1,14.98000,15.03567,True,13.10512,13.52371,13.92813,14.16740,14.34379,14.48788,14.61307,14.72657,14.83284,14.93505,15.03567,15.13698,15.24127,15.35126,15.47049,15.60417,15.76093,15.95716,16.23129,16.71667,17.25061
2024-04-10,2024-04-09,har_garch,1,15.80000,14.85473,True,13.07078,13.45912,13.83349,14.05460,14.21743,14.35033,14.46573,14.57028,14.66813,14.76218,14.85473,14.94787,15.04372,15.14474,15.25420,15.37686,15.52061,15.70042,15.95137,16.39506,16.88217
2024-04-11,2024-04-10,har_garch,1,14.91000,15.58761,True,13.67862,14.09353,14.49387,14.73048,14.90480,15.04713,15.17074,15.28275,15.38760,15.48840,15.58761,15.68746,15.79023,15.89856,16.01595,16.14751,16.30171,16.49462,16.76390,17.24008,17.76303
2024-04-12,2024-04-11,har_garch,1,17.31000,14.79593,True,13.01912,13.40571,13.77849,13.99873,14.16093,14.29334,14.40831,14.51249,14.60999,14.70370,14.79593,14.88874,14.98424,15.08491,15.19398,15.31619,15.45940,15.63853,15.88850,16.33032,16.81524
2024-04-15,2024-04-12,har_garch,1,19.23000,16.91024,True,14.18858,14.76982,15.33615,15.67338,15.92299,16.12753,16.30570,16.46759,16.61949,16.76586,16.91024,17.05586,17.20607,17.36479,17.53719,17.73093,17.95870,18.24471,18.64589,19.36084,20.15397
2024-04-16,2024-04-15,har_garch,1,18.40000,18.61163,True,15.40153,16.08297,16.74915,17.14685,17.44170,17.68361,17.89453,18.08636,18.26649,18.44018,18.61163,18.78468,18.96330,19.15216,19.35746,19.58836,19.86004,20.20154,20.68121,21.53786,22.49080
2024-04-17,2024-04-16,har_garch,1,18.21000,17.93130,True,15.14800,15.74387,16.32366,16.66854,16.92366,17.13261,17.31454,17.47978,17.63478,17.78407,17.93130,18.07974,18.23280,18.39447,18.57003,18.76722,18.99893,19.28971,19.69727,20.42265,21.22600
2024-04-18,2024-04-17,har_garch,1,18.00000,17.79453,True,15.27483,15.81778,16.34418,16.65644,16.88702,17.07562,17.23966,17.38851,17.52800,17.66225,17.79453,17.92780,18.06512,18.21004,18.36726,18.54370,18.75081,19.01038,19.37358,20.01831,20.72988
2024-04-19,2024-04-18,har_garch,1,18.71000,17.64439,True,15.33967,15.83889,16.32148,16.60712,16.81775,16.98985,17.13940,17.27500,17.40199,17.52412,17.64439,17.76548,17.89017,18.02168,18.16426,18.32414,18.51166,18.74644,19.07453,19.65570,20.29539
2024-04-22,2024-04-19,har_garch,1,16.94000,18.60103,True,16.61038,16.95535,17.33449,17.58209,17.77561,17.94008,18.08704,18.22296,18.35202,18.47723,18.60103,18.72566,18.85342,18.98694,19.12963,19.28634,19.46478,19.67903,19.96012,20.40644,20.83025
2024-04-23,2024-04-22,har_garch,1,15.69000,16.73940,True,14.51199,14.99363,15.45968,15.73575,15.93941,16.10588,16.25057,16.38179,16.50471,16.62295,16.73940,16.85666,16.97742,17.10481,17.24293,17.39784,17.57953,17.80706,18.12504,18.68843,19.30869
2024-04-24,2024-04-23,har_garch,1,15.97000,15.62928,True,13.55930,14.00696,14.44010,14.69666,14.88592,15.04061,15.17507,15.29700,15.41122,15.52108,15.62928,15.73823,15.85042,15.96877,16.09708,16.24098,16.40975,16.62108,16.91638,17.43950,18.01526
2024-04-25,2024-04-24,har_garch,1,15.37000,15.87362,True,13.90156,14.32968,14.74302,14.98746,15.16759,15.31471,15.44249,15.55832,15.66675,15.77100,15.87362,15.97691,16.08323,16.19532,16.31679,16.45294,16.61252,16.81218,17.09092,17.58392,18.12544
2024-04-26,2024-04-25,har_garch,1,15.03000,15.33402,True,13.50525,13.90319,14.28690,14.51358,14.68052,14.81680,14.93513,15.04234,15.14267,15.23912,15.33402,15.42952,15.52779,15.63137,15.74357,15.86930,16.01661,16.20085,16.45790,16.91211,17.41043
2024-04-29,2024-04-26,har_garch,1,14.67000,15.01760,True,13.30513,13.67871,14.03842,14.25069,14.40691,14.53437,14.64499,14.74518,14.83892,14.92899,15.01760,15.10674,15.19844,15.29506,15.39970,15.51691,15.65418,15.82579,16.06509,16.48755,16.95049
2024-04-30,2024-04-29,har_garch,1,15.65000,14.69045,True,13.06735,13.42205,13.76324,13.96443,14.11244,14.23314,14.33788,14.43271,14.52142,14.60663,14.69045,14.77475,14.86146,14.95280,15.05170,15.16245,15.29214,15.45422,15.68013,16.07872,16.51516
2024-05-01,2024-04-30,har_garch,1,15.39000,15.56739,True,13.75504,14.14985,14.53030,14.75495,14.92035,15.05533,15.17251,15.27867,15.37800,15.47346,15.56739,15.66189,15.75912,15.86157,15.97255,16.09687,16.24250,16.42458,16.67851,17.12695,17.61853
2024-05-02,2024-05-01,har_garch,1,14.68000,15.33910,True,13.63266,14.00533,14.36395,14.57547,14.73111,14.85805,14.96821,15.06796,15.16127,15.25092,15.33910,15.42780,15.51902,15.61512,15.71919,15.83573,15.97220,16.14274,16.38046,16.79990,17.25916
2024-05-03,2024-05-02,har_garch,1,13.49000,14.70484,True,13.05903,13.41832,13.76413,13.96814,14.11826,14.24072,14.34699,14.44323,14.53326,14.61976,14.70484,14.79042,14.87845,14.97119,15.07162,15.18409,15.31580,15.48040,15.70985,16.11472,16.55808
2024-05-06,2024-05-03,har_garch,1,13.49000,13.62974,True,11.92521,12.29502,12.65220,12.86347,13.01920,13.14639,13.25689,13.35705,13.45082,13.54098,13.62974,13.71908,13.81105,13.90800,14.01308,14.13086,14.26892,14.44166,14.68281,15.10936,15.57792
2024-05-07,2024-05-06,har_garch,1,13.23000,13.61536,True,12.01234,12.36136,12.69780,12.89650,13.04281,13.16224,13.26592,13.35985,13.44775,13.53223,13.61536,13.69901,13.78507,13.87577,13.97402,14.08409,14.21305,14.37430,14.59924,14.99658,15.43232
2024-05-08,2024-05-07,har_garch,1,13.00000,13.36094,True,11.83888,12.17087,12.49057,12.67923,12.81809,12.93139,13.02972,13.11878,13.20211,13.28217,13.36094,13.44017,13.52168,13.60757,13.70058,13.80476,13.92677,14.07930,14.29196,14.66737,15.07869
2024-05-09,2024-05-08,har_garch,1,12.69000,13.13493,True,11.67812,11.99634,12.30252,12.48310,12.61596,12.72432,12.81835,12.90350,12.98315,13.05967,13.13493,13.21063,13.28849,13.37051,13.45933,13.55879,13.67525,13.82079,14.02366,14.38158,14.77347
2024-05-10,2024-05-09,har_garch,1,12.55000,12.83838,True,11.42870,11.73677,12.03311,12.20785,12.33639,12.44122,12.53218,12.61455,12.69158,12.76559,12.83838,12.91158,12.98687,13.06618,13.15205,13.24821,13.36079,13.50147,13.69754,14.04338,14.42193
2024-05-13,2024-05-10,har_garch,1,13.60000,12.69812,True,11.33600,11.63405,11.92055,12.08939,12.21355,12.31479,12.40261,12.48212,12.55647,12.62788,12.69812,12.76874,12.84136,12.91785,13.00066,13.09337,13.20190,13.33749,13.52641,13.85950,14.22391
2024-05-14,2024-05-13,har_garch,1,13.42000,13.63694,True,12.05598,12.40041,12.73230,12.92827,13.07255,13.19030,13.29252,13.38511,13.47175,13.55502,13.63694,13.71936,13.80416,13.89351,13.99029,14.09871,14.22570,14.38446,14.60586,14.99678,15.42523
2024-05-15,2024-05-14,har_garch,1,12.45000,13.46758,True,11.97027,12.29723,12.61188,12.79748,12.93405,13.04544,13.14211,13.22964,13.31153,13.39020,13.46758,13.54541,13.62546,13.70980,13.80111,13.90338,14.02312,14.17277,14.38134,14.74932,15.15219
2024-05-16,2024-05-15,har_garch,1,12.42000,12.57975,True,11.04798,11.38077,11.70195,11.89181,12.03171,12.14594,12.24514,12.33505,12.41921,12.50012,12.57975,12.65988,12.74236,12.82929,12.92349,13.02905,13.15275,13.30747,13.52339,13.90503,14.32388
2024-05-17,2024-05-16,har_garch,1,11.99000,12.53731,True,11.09119,11.40635,11.70998,11.88924,12.02120,12.12889,12.22236,12.30704,12.38627,12.46240,12.53731,12.61267,12.69019,12.77189,12.86037,12.95948,13.07557,13.22070,13.42309,13.78040,14.17198
2024-05-20,2024-05-17,har_garch,1,12.15000,12.13295,True,10.73824,11.04221,11.33506,11.50794,11.63521,11.73907,11.82922,11.91088,11.98729,12.06071,12.13295,12.20562,12.28038,12.35915,12.44447,12.54004,12.65197,12.79190,12.98700,13.33142,13.70880
2024-05-21,2024-05-20,har_garch,1,11.86000,12.25489,True,10.90921,11.20325,11.48611,11.65292,11.77563,11.87572,11.96256,12.04119,12.11474,12.18539,12.25489,12.32478,12.39666,12.47238,12.55436,12.64617,12.75365,12.88796,13.07512,13.40525,13.76656
2024-05-22,2024-05-21,har_garch,1,12.29000,11.96997,True,10.66883,10.95327,11.22683,11.38812,11.50676,11.60351,11.68745,11.76345,11.83453,11.90281,11.96997,12.03751,12.10696,12.18012,12.25932,12.34801,12.45183,12.58155,12.76230,13.08104,13.42980
2024-05-23,2024-05-22,har_garch,1,12.77000,12.34345,True,11.02333,11.31214,11.58979,11.75343,11.87377,11.97190,12.05702,12.13409,12.20615,12.27538,12.34345,12.41190,12.48229,12.55642,12.63668,12.72653,12.83170,12.96309,13.14612,13.46878,13.82167
2024-05-24,2024-05-23,har_garch,1,11.93000,12.76654,True,11.40224,11.70068,11.98761,12.15673,12.28111,12.38252,12.47050,12.55015,12.62464,12.69618,12.76654,12.83729,12.91004,12.98666,13.06961,13.16247,13.27117,13.40694,13.59609,13.92950,14.29409
2024-05-28,2024-05-24,har_garch,1,12.92000,12.00693,True,10.62208,10.92378,11.21451,11.38617,11.51256,11.61570,11.70524,11.78635,11.86224,11.93517,12.00693,12.07912,12.15338,12.23164,12.31639,12.41133,12.52253,12.66153,12.85534,13.19747,13.57233
2024-05-29,2024-05-28,har_garch,1,14.28000,12.88748,True,11.30636,11.64951,11.98089,12.17688,12.32133,12.43930,12.54177,12.63465,12.72160,12.80519,12.88748,12.97029,13.05552,13.14536,13.24271,13.35180,13.47964,13.63954,13.86266,14.25699,14.68970
2024-05-30,2024-05-29,har_garch,1,14.47000,14.10106,True,12.15558,12.57469,12.98110,13.22223,13.40030,13.54595,13.67264,13.78758,13.89529,13.99894,14.10106,14.20392,14.30987,14.42166,14.54290,14.67891,14.83846,15.03830,15.31765,15.81271,16.35791
2024-05-31,2024-05-30,har_garch,1,12.92000,14.28202,True,12.44213,12.84018,13.22525,13.45331,13.62154,13.75902,13.87851,13.98686,14.08833,14.18592,14.28202,14.37876,14.47837,14.58340,14.69725,14.82489,14.97452,15.16176,15.42322,15.88576,16.39398
2024-06-03,2024-05-31,har_garch,1,13.11000,12.90743,True,11.08895,11.48009,11.85972,12.08510,12.25162,12.38786,12.50639,12.61396,12.71478,12.81181,12.90743,13.00376,13.10300,13.20773,13.32133,13.44879,13.59835,13.78571,14.04770,14.51223,15.02413
2024-06-04,2024-06-03,har_garch,1,13.16000,13.07791,True,11.37451,11.74275,12.09914,12.31028,12.46606,12.59339,12.70407,12.80443,12.89844,12.98886,13.07791,13.16756,13.25987,13.35722,13.46275,13.58107,13.71978,13.89340,14.13585,14.56487,15.03641
2024-06-05,2024-06-04,har_garch,1,12.63000,13.11982,True,11.52468,11.87096,12.20531,12.40304,12.54876,12.66777,12.77114,12.86482,12.95252,13.03683,13.11982,13.20333,13.28927,13.37986,13.47801,13.58799,13.71686,13.87801,14.10284,14.50006,14.93574
2024-06-06,2024-06-05,har_garch,1,12.58000,12.63704,True,11.14321,11.46799,11.78132,11.96650,12.10291,12.21428,12.31099,12.39862,12.48064,12.55947,12.63704,12.71509,12.79540,12.88004,12.97172,13.07443,13.19474,13.34516,13.55491,13.92526,14.33114
2024-06-07,2024-06-06,har_garch,1,12.22000,12.57922,True,11.16643,11.47449,11.77119,11.94633,12.07524,12.18043,12.27172,12.35441,12.43177,12.50610,12.57922,12.65277,12.72843,12.80813,12.89443,12.99108,13.10424,13.24565,13.44272,13.79032,14.17076
2024-06-10,2024-06-07,har_garch,1,12.74000,12.25166,True,10.90473,11.19876,11.48177,11.64875,11.77161,11.87184,11.95882,12.03758,12.11126,12.18204,12.25166,12.32168,12.39369,12.46955,12.55167,12.64363,12.75128,12.88578,13.07317,13.40356,13.76496
2024-06-11,2024-06-10,har_garch,1,12.85000,12.71125,True,11.31346,11.61852,11.91219,12.08547,12.21298,12.31701,12.40728,12.48904,12.56551,12.63898,12.71125,12.78393,12.85867,12.93741,13.02266,13.11810,13.22984,13.36943,13.56390,13.90675,14.28172
2024-06-12,2024-06-11,har_garch,1,12.04000,12.80736,True,11.44524,11.74303,12.02944,12.19830,12.32250,12.42379,12.51166,12.59122,12.66562,12.73708,12.80736,12.87803,12.95069,13.02722,13.11005,13.20278,13.31130,13.44684,13.63560,13.96815,14.33160
2024-06-13,2024-06-12,har_garch,1,11.94000,12.08236,True,10.71509,11.01303,11.30010,11.46959,11.59438,11.69620,11.78459,11.86466,11.93957,12.01155,12.08236,12.15359,12.22686,12.30406,12.38765,12.48126,12.59088,12.72786,12.91877,13.25552,13.62410
2024-06-14,2024-06-13,har_garch,1,12.66000,11.98480,True,10.68098,10.96572,11.23972,11.40135,11.52028,11.61728,11.70145,11.77767,11.84896,11.91744,11.98480,12.05254,12.12220,12.19557,12.27501,12.36395,12.46805,12.59810,12.77926,13.09859,13.44777
2024-06-17,2024-06-14,har_garch,1,12.75000,12.62575,True,11.20157,11.51190,11.81091,11.98747,12.11745,12.22352,12.31559,12.39899,12.47702,12.55199,12.62575,12.69995,12.77626,12.85667,12.94373,13.04123,13.15538,13.29803,13.49681,13.84738,14.23102
2024-06-18,2024-06-17,har_garch,1,12.30000,12.70643,True,11.32904,11.62982,11.91928,12.09003,12.21567,12.31815,12.40708,12.48760,12.56292,12.63527,12.70643,12.77799,12.85159,12.92910,13.01301,13.10695,13.21691,13.35426,13.54557,13.88272,14.25129
2024-06-20,2024-06-18,har_garch,1,13.28000,12.30341,True,10.97908,11.26837,11.54673,11.71090,11.83169,11.93021,12.01569,12.09309,12.16548,12.23502,12.30341,12.37218,12.44290,12.51739,12.59802,12.68829,12.79393,12.92589,13.10968,13.43351,13.78748
2024-06-21,2024-06-20,har_garch,1,13.20000,13.18229,True,11.61745,11.95741,12.28553,12.47952,12.62245,12.73916,12.84052,12.93237,13.01834,13.10097,13.18229,13.26412,13.34832,13.43705,13.53317,13.64084,13.76697,13.92465,14.14451,14.53265,14.95792
2024-06-24,2024-06-21,har_garch,1,13.33000,13.12303,True,11.64521,11.96722,12.27749,12.46069,12.59557,12.70564,12.80118,12.88772,12.96869,13.04649,13.12303,13.20002,13.27920,13.36263,13.45297,13.55413,13.67257,13.82057,14.02680,14.39047,14.78838
2024-06-25,2024-06-24,har_garch,1,12.84000,13.24647,True,11.80739,12.12155,12.42394,12.60235,12.73362,12.84071,12.93364,13.01778,13.09649,13.17211,13.24647,13.32126,13.39817,13.47918,13.56688,13.66506,13.77998,13.92353,14.12346,14.47579,14.86095
2024-06-26,2024-06-25,har_garch,1,12.55000,12.81503,True,11.43635,11.73747,12.02724,12.19815,12.32390,12.42647,12.51546,12.59605,12.67142,12.74382,12.81503,12.88663,12.96026,13.03781,13.12176,13.21573,13.32572,13.46310,13.65442,13.99151,14.35991
2024-06-27,2024-06-26,har_garch,1,12.24000,12.55845,True,11.23464,11.52410,11.80247,11.96659,12.08729,12.18573,12.27112,12.34843,12.42072,12.49016,12.55845,12.62710,12.69769,12.77204,12.85250,12.94256,13.04796,13.17958,13.36284,13.68562,14.03824
2024-06-28,2024-06-27,har_garch,1,12.44000,12.27687,True,10.99502,11.27547,11.54508,11.70399,11.82085,11.91614,11.99879,12.07362,12.14359,12.21079,12.27687,12.34330,12.41161,12.48353,12.56138,12.64851,12.75047,12.87779,13.05504,13.36720,13.70815
2024-07-01,2024-06-28,har_garch,1,12.22000,12.44907,True,11.17480,11.45388,11.72202,11.87999,11.99613,12.09080,12.17292,12.24724,12.31673,12.38346,12.44907,12.51502,12.58283,12.65422,12.73148,12.81794,12.91911,13.04540,13.22121,13.53072,13.86864
2024-07-02,2024-07-01,har_garch,1,12.03000,12.24124,True,11.00102,11.27282,11.53386,11.68761,11.80063,11.89275,11.97263,12.04493,12.11253,12.17743,12.24124,12.30539,12.37133,12.44075,12.51588,12.59995,12.69831,12.82110,12.99201,13.29286,13.62128
2024-07-03,2024-07-02,har_garch,1,12.09000,12.06076,True,10.84960,11.11518,11.37017,11.52032,11.63067,11.72060,11.79859,11.86916,11.93514,11.99849,12.06076,12.12336,12.18771,12.25545,12.32876,12.41079,12.50676,12.62656,12.79329,13.08678,13.40713
2024-07-05,2024-07-03,har_garch,1,12.48000,12.10908,True,10.91141,11.17428,11.42652,11.57499,11.68409,11.77298,11.85005,11.91979,11.98497,12.04756,12.10908,12.17091,12.23446,12.30137,12.37377,12.45477,12.54952,12.66780,12.83240,13.12208,13.43820
2024-07-08,2024-07-05,har_garch,1,12.37000,12.45548,True,11.20507,11.47929,11.74256,11.89757,12.01149,12.10433,12.18484,12.25769,12.32580,12.39119,12.45548,12.52010,12.58652,12.65646,12.73213,12.81681,12.91588,13.03955,13.21169,13.51468,13.84543
2024-07-09,2024-07-08,har_garch,1,12.51000,12.35529,True,11.13259,11.40097,11.65850,11.81007,11.92144,12.01219,12.09086,12.16206,12.22860,12.29249,12.35529,12.41841,12.48329,12.55159,12.62550,12.70819,12.80493,12.92568,13.09372,13.38949,13.71228
2024-07-10,2024-07-09,har_garch,1,12.85000,12.48102,True,11.25528,11.52445,11.78267,11.93462,12.04626,12.13721,12.21605,12.28739,12.35408,12.41809,12.48102,12.54426,12.60926,12.67769,12.75173,12.83457,12.93147,13.05243,13.22075,13.51698,13.84024
2024-07-11,2024-07-10,har_garch,1,12.92000,12.78820,True,11.51375,11.79340,12.06180,12.21979,12.33588,12.43048,12.51250,12.58672,12.65611,12.72272,12.78820,12.85402,12.92168,12.99291,13.06998,13.15622,13.25711,13.38306,13.55835,13.86692,14.20373
2024-07-12,2024-07-11,har_garch,1,12.46000,12.85751,True,11.59073,11.86889,12.13574,12.29278,12.40815,12.50215,12.58364,12.65738,12.72630,12.79247,12.85751,12.92289,12.99008,13.06081,13.13734,13.22298,13.32315,13.44819,13.62222,13.92849,14.26275
2024-07-15,2024-07-12,har_garch,1,13.12000,12.44889,True,11.20091,11.47473,11.73754,11.89225,12.00593,12.09857,12.17889,12.25157,12.31952,12.38476,12.44889,12.51335,12.57962,12.64938,12.72488,12.80936,12.90820,13.03159,13.20335,13.50575,13.83592
2024-07-16,2024-07-15,har_garch,1,13.19000,13.03877,True,11.65319,11.95625,12.24764,12.41940,12.54573,12.64873,12.73809,12.81899,12.89464,12.96731,13.03877,13.11062,13.18450,13.26231,13.34654,13.44083,13.55119,13.68902,13.88100,14.21930,14.58909
2024-07-17,2024-07-16,har_garch,1,14.48000,13.10836,True,11.75265,12.04959,12.33487,12.50293,12.62649,12.72721,12.81456,12.89363,12.96756,13.03855,13.10836,13.17854,13.25069,13.32666,13.40889,13.50092,13.60862,13.74310,13.93035,14.26016,14.62046
2024-07-18,2024-07-17,har_garch,1,15.93000,14.25948,True,12.47439,12.86147,13.23545,13.45672,13.61983,13.75307,13.86883,13.97376,14.07201,14.16648,14.25948,14.35309,14.44944,14.55103,14.66113,14.78453,14.92916,15.11012,15.36273,15.80944,16.30001
2024-07-19,2024-07-18,har_garch,1,16.52000,15.55240,True,13.33101,13.80863,14.27227,14.54758,14.75100,14.91746,15.06228,15.19372,15.31693,15.43553,15.55240,15.67015,15.79148,15.91954,16.05846,16.21436,16.39733,16.62662,16.94734,17.51638,18.14395
2024-07-22,2024-07-19,har_garch,1,14.91000,16.10446,True,13.87679,14.35660,14.82192,15.09803,15.30194,15.46874,15.61381,15.74544,15.86880,15.98751,16.10446,16.22227,16.34362,16.47166,16.61053,16.76631,16.94907,17.17798,17.49797,18.06511,18.68973
2024-07-23,2024-07-22,har_garch,1,14.72000,14.71877,True,12.66447,13.10659,13.53555,13.79016,13.97824,14.13212,14.26597,14.38743,14.50127,14.61082,14.71877,14.82751,14.93953,15.05773,15.18594,15.32977,15.49852,15.70990,16.00542,16.52926,17.10629
2024-07-24,2024-07-23,har_garch,1,18.04000,14.56582,True,12.69290,13.09811,13.49011,13.72226,13.89351,14.03346,14.15509,14.26537,14.36866,14.46800,14.56582,14.66429,14.76568,14.87259,14.98847,15.11837,15.27066,15.46123,15.72730,16.19799,16.71510
2024-07-25,2024-07-24,har_garch,1,18.46000,17.48972,True,14.08812,14.80211,15.50446,15.92576,16.23905,16.49667,16.72173,16.92673,17.11953,17.30570,17.48972,17.67570,17.86792,18.07144,18.29299,18.54256,18.83672,19.20727,19.72919,20.66533,21.71265
2024-07-26,2024-07-25,har_garch,1,16.39000,17.88479,True,14.71578,15.38659,16.04342,16.43601,16.72729,16.96641,17.17501,17.36478,17.54305,17.71500,17.88479,18.05620,18.23318,18.42037,18.62390,18.85288,19.12238,19.46127,19.93750,20.78860,21.73623
2024-07-29,2024-07-26,har_garch,1,16.60000,16.09978,True,13.35192,13.93533,14.50563,14.84608,15.09848,15.30555,15.48609,15.65027,15.80443,15.95307,16.09978,16.24785,16.40066,16.56221,16.73780,16.93524,17.16749,17.45936,17.86913,18.60042,19.41316
2024-07-30,2024-07-29,har_garch,1,17.69000,16.30694,True,13.77752,14.31858,14.84529,15.15873,15.39064,15.58062,15.74604,15.89631,16.03727,16.17304,16.30694,16.44194,16.58114,16.72817,16.88781,17.06712,17.27778,17.54211,17.91249,18.57142,19.30073
2024-07-31,2024-07-30,har_garch,1,16.36000,17.29362,True,14.65189,15.21734,15.76762,16.09499,16.33717,16.53552,16.70823,16.86509,17.01221,17.15391,17.29362,17.43448,17.57970,17.73305,17.89953,18.08648,18.30608,18.58152,18.96732,19.65320,20.41166
2024-08-01,2024-07-31,har_garch,1,18.59000,16.13466,True,13.79767,14.29974,14.78733,15.07696,15.29101,15.46619,15.61862,15.75699,15.88671,16.01158,16.13466,16.25867,16.38647,16.52137,16.66774,16.83202,17.02485,17.26655,17.60474,18.20503,18.86747
2024-08-02,2024-08-01,har_garch,1,23.39000,18.09610,True,15.06545,15.70940,16.33863,16.71414,16.99247,17.22078,17.41981,17.60078,17.77067,17.93446,18.09610,18.25919,18.42748,18.60535,18.79863,19.01590,19.27140,19.59232,20.04261,20.84539,21.73640
2024-08-05,2024-08-02,har_garch,1,38.57000,22.28225,True,17.07249,18.14386,19.20964,19.85440,20.33646,20.73450,21.08342,21.40220,21.70283,21.99386,22.28225,22.57441,22.87713,23.19848,23.54924,23.94552,24.41420,25.00697,25.84632,27.36455,29.08178
2024-08-06,2024-08-05,har_garch,1,27.71000,35.04775,True,21.02800,23.63889,26.37687,28.10083,29.42290,30.53588,31.52740,32.44631,33.32427,34.18478,35.04775,35.93252,36.86037,37.85777,38.96119,40.22628,41.74793,43.71205,46.56902,51.96288,58.41472
2024-08-07,2024-08-06,har_garch,1,27.85000,26.24774,True,16.31636,18.19341,20.14669,21.36941,22.30361,23.08785,23.78485,24.42948,25.04420,25.64563,26.24774,26.86398,27.50911,28.20133,28.96565,29.84011,30.88934,32.23972,34.19637,37.86777,42.22411
2024-08-08,2024-08-07,har_garch,1,23.79000,26.51440,True,17.66950,19.39102,21.15493,22.24619,23.07377,23.76456,24.37563,24.93843,25.47310,25.99435,26.51440,27.04484,27.59825,28.18995,28.84082,29.58241,30.46807,31.60150,33.23165,36.25458,39.78681
2024-08-09,2024-08-08,har_garch,1,20.37000,23.12681,True,16.18385,17.56292,18.96073,19.81842,20.46547,21.00343,21.47773,21.91331,22.32602,22.72736,23.12681,23.53329,23.95633,24.40752,24.90251,25.46487,26.13425,26.98750,28.20828,30.45333,33.04835
2024-08-12,2024-08-09,har_garch,1,20.71000,20.15219,True,14.59503,15.71448,16.84058,17.52760,18.04401,18.47217,18.84880,19.19397,19.52042,19.83732,20.15219,20.47206,20.80441,21.15824,21.54571,21.98500,22.50668,23.16978,24.11500,25.84309,27.82527
2024-08-13,2024-08-12,har_garch,1,18.12000,20.39889,True,15.46258,16.47586,17.48482,18.09561,18.55248,18.92985,19.26078,19.56324,19.84858,20.12493,20.39889,20.67659,20.96447,21.27025,21.60427,21.98194,22.42908,22.99535,23.79864,25.25604,26.91109
2024-08-14,2024-08-13,har_garch,1,16.19000,18.08512,True,13.96419,14.81631,15.66142,16.17148,16.55226,16.86634,17.14141,17.39256,17.62926,17.85828,18.08512,18.31485,18.55278,18.80526,19.08079,19.39198,19.75993,20.22521,20.88390,22.07511,23.42217
2024-08-15,2024-08-14,har_garch,1,15.23000,16.31690,True,12.80745,13.53784,14.25967,14.69415,15.01796,15.28469,15.51805,15.73091,15.93134,16.12512,16.31690,16.51096,16.71178,16.92472,17.15687,17.41882,17.72819,18.11886,18.67093,19.66644,20.78799
2024-08-16,2024-08-15,har_garch,1,14.80000,15.41801,True,12.39864,13.03320,13.65697,14.03090,14.30886,14.53738,14.73698,14.91878,15.08975,15.25483,15.41801,15.58294,15.75342,15.93395,16.13052,16.35199,16.61314,16.94226,17.40614,18.23920,19.17268
2024-08-19,2024-08-16,har_garch,1,14.65000,15.00247,True,12.36463,12.92458,13.47197,13.79874,14.04100,14.23976,14.41308,14.57071,14.71875,14.86152,15.00247,15.14476,15.29165,15.44702,15.61596,15.80603,16.02978,16.31121,16.70684,17.41443,18.20306
2024-08-20,2024-08-19,har_garch,1,15.88000,14.83396,True,12.49576,12.99655,13.48369,13.77340,13.98767,14.16315,14.31594,14.45472,14.58490,14.71029,14.83396,14.95867,15.08728,15.22315,15.37072,15.53654,15.73146,15.97619,16.31945,16.93114,17.60968
2024-08-21,2024-08-20,har_garch,1,16.27000,15.92493,True,13.51563,14.03304,14.53560,14.83414,15.05478,15.23538,15.39256,15.53526,15.66906,15.79791,15.92493,16.05297,16.18497,16.32437,16.47571,16.64568,16.84537,17.09593,17.44705,18.07188,18.76371
2024-08-22,2024-08-21,har_garch,1,17.55000,16.27779,True,14.03101,14.51657,14.98654,15.26497,15.47041,15.63834,15.78434,15.91676,16.04083,16.16020,16.27779,16.39624,16.51825,16.64701,16.78667,16.94339,17.12731,17.35781,17.68030,18.25269,18.88435
2024-08-23,2024-08-22,har_garch,1,15.86000,17.43728,True,15.01105,15.53491,16.04222,16.34289,16.56479,16.74622,16.90397,17.04707,17.18115,17.31017,17.43728,17.56532,17.69722,17.83642,17.98742,18.15686,18.35572,18.60495,18.95366,19.57261,20.25566
2024-08-26,2024-08-23,har_garch,1,16.15000,15.93251,True,13.60158,14.10303,14.58962,14.87847,15.09186,15.26646,15.41836,15.55623,15.68547,15.80989,15.93251,16.05608,16.18344,16.31789,16.46381,16.62762,16.81999,17.06122,17.39900,17.99932,18.66290
2024-08-27,2024-08-26,har_garch,1,15.43000,16.19450,True,14.02469,14.49424,14.94838,15.21729,15.41563,15.57772,15.71860,15.84635,15.96602,16.08113,16.19450,16.30868,16.42626,16.55030,16.68482,16.83571,17.01274,17.23448,17.54451,18.09422,18.70001
2024-08-28,2024-08-27,har_garch,1,17.11000,15.54488,True,13.53659,13.97210,14.39282,14.64172,14.82520,14.97508,15.10530,15.22336,15.33390,15.44021,15.54488,15.65027,15.75877,15.87320,15.99726,16.13637,16.29950,16.50375,16.78916,17.29471,17.85112
2024-08-29,2024-08-28,har_garch,1,15.65000,17.04892,True,14.66125,15.17621,15.67522,15.97112,16.18956,16.36821,16.52356,16.66451,16.79659,16.92369,17.04892,17.17507,17.30503,17.44219,17.59097,17.75793,17.95388,18.19945,18.54300,19.15271,19.82542
2024-08-30,2024-08-29,har_garch,1,15.00000,15.73243,True,13.47353,13.95976,14.43145,14.71139,14.91816,15.08733,15.23448,15.36803,15.49321,15.61369,15.73243,15.85206,15.97534,16.10546,16.24665,16.40511,16.59113,16.82433,17.15068,17.73019,18.37004
2024-09-03,2024-08-30,har_garch,1,20.72000,15.14100,True,13.07821,13.52372,13.95510,14.21076,14.39942,14.55366,14.68776,14.80940,14.92336,15.03300,15.14100,15.24978,15.36182,15.48002,15.60822,15.75204,15.92077,16.13213,16.42767,16.95168,17.52915
2024-09-04,2024-09-03,har_garch,1,21.32000,20.21404,True,15.08545,16.13253,17.17820,17.81260,18.28779,18.68073,19.02561,19.34109,19.63895,19.92763,20.21404,20.50456,20.80597,21.12638,21.47670,21.87320,22.34317,22.93922,23.78639,25.32816,27.08618
2024-09-05,2024-09-04,har_garch,1,19.90000,20.76834,True,16.08680,17.05727,18.01842,18.59788,19.03018,19.38658,19.69859,19.98338,20.25171,20.51129,20.76834,21.02861,21.29815,21.58413,21.89618,22.24859,22.66525,23.19210,23.93794,25.28681,26.81229
2024-09-06,2024-09-05,har_garch,1,22.38000,19.51386,True,15.59346,16.41656,17.22608,17.71154,18.07250,18.36931,18.62861,18.86485,19.08705,19.30166,19.51386,19.72839,19.95022,20.18521,20.44118,20.72973,21.07018,21.49958,22.10548,23.19553,24.41991
2024-09-09,2024-09-06,har_garch,1,19.45000,21.69507,True,17.29387,18.21656,19.12477,19.66975,20.07512,20.40856,20.69993,20.96543,21.21520,21.45647,21.69507,21.93631,22.18579,22.45010,22.73804,23.06267,23.44573,23.92892,24.61081,25.83781,27.21635
2024-09-10,2024-09-09,har_garch,1,19.08000,19.15890,True,15.40697,16.19614,16.97152,17.43616,17.78147,18.06532,18.31321,18.53898,18.75129,18.95627,19.15890,19.36369,19.57537,19.79954,20.04364,20.31868,20.64302,21.05185,21.62820,22.66363,23.82450
2024-09-11,2024-09-10,har_garch,1,17.69000,18.81379,True,15.54048,16.23660,16.91641,17.32189,17.62236,17.86879,18.08361,18.27895,18.46236,18.63921,18.81379,18.99000,19.17190,19.36427,19.57344,19.80876,20.08577,20.43417,20.92398,21.80004,22.77654
2024-09-12,2024-09-11,har_garch,1,17.07000,17.56328,True,14.71281,15.32240,15.91586,16.26902,16.53031,16.74438,16.93081,17.10019,17.25910,17.41223,17.56328,17.71564,17.87281,18.03891,18.21937,18.42223,18.66079,18.96050,19.38121,20.13188,20.96600
2024-09-13,2024-09-12,har_garch,1,16.56000,16.98992,True,14.47671,15.01792,15.54278,15.85419,16.08417,16.27232,16.43598,16.58452,16.72376,16.85781,16.98992,17.12308,17.26032,17.40523,17.56254,17.73918,17.94668,18.20702,18.57181,19.22087,19.93944
2024-09-16,2024-09-13,har_garch,1,17.14000,16.50499,True,14.25655,14.74346,15.21419,15.49282,15.69828,15.86617,16.01208,16.14439,16.26833,16.38756,16.50499,16.62327,16.74510,16.87365,17.01308,17.16954,17.35316,17.58329,17.90531,18.47698,19.10804
2024-09-17,2024-09-16,har_garch,1,17.61000,17.00951,True,14.81676,15.29316,15.75288,16.02462,16.22482,16.38831,16.53032,16.65903,16.77954,16.89542,17.00951,17.12437,17.24263,17.36736,17.50259,17.65425,17.83214,18.05493,18.36638,18.91848,19.52676
2024-09-18,2024-09-17,har_garch,1,18.23000,17.42328,True,15.28163,15.74814,16.19767,16.46308,16.65849,16.81798,16.95645,17.08190,17.19932,17.31219,17.42328,17.53508,17.65015,17.77147,17.90296,18.05036,18.22317,18.43947,18.74162,19.27660,19.86507
2024-09-19,2024-09-18,har_garch,1,16.33000,17.98185,True,15.81472,16.28717,16.74222,17.01080,17.20850,17.36983,17.50987,17.63673,17.75545,17.86956,17.98185,18.09485,18.21114,18.33373,18.46656,18.61545,18.78996,19.00834,19.31328,19.85287,20.44596
2024-09-20,2024-09-19,har_garch,1,16.15000,16.30581,True,14.10794,14.58391,15.04405,15.31642,15.51727,15.68139,15.82402,15.95336,16.07450,16.19103,16.30581,16.42140,16.54044,16.66604,16.80226,16.95509,17.13442,17.35911,17.67339,18.23101,18.84608
2024-09-23,2024-09-20,har_garch,1,15.89000,16.14427,True,14.12669,14.56568,14.98895,15.23900,15.42314,15.57347,15.70401,15.82231,15.93304,16.03949,16.14427,16.24975,16.35831,16.47279,16.59688,16.73600,16.89912,17.10333,17.38864,17.89396,18.45001
2024-09-24,2024-09-23,har_garch,1,15.39000,15.90492,True,14.03135,14.44041,14.83406,15.06626,15.23711,15.37649,15.49745,15.60700,15.70950,15.80800,15.90492,16.00244,16.10277,16.20853,16.32311,16.45152,16.60200,16.79027,17.05309,17.51797,18.02867
2024-09-25,2024-09-24,har_garch,1,15.41000,15.44136,True,13.67370,14.06023,14.43188,14.65096,14.81209,14.94349,15.05750,15.16073,15.25730,15.35008,15.44136,15.53318,15.62764,15.72719,15.83501,15.95582,16.09737,16.27441,16.52145,16.95816,17.43753
2024-09-26,2024-09-25,har_garch,1,15.37000,15.44336,True,13.75622,14.12609,14.48121,14.69031,14.84399,14.96925,15.07789,15.17622,15.26817,15.35649,15.44336,15.53071,15.62055,15.71519,15.81768,15.93247,16.06692,16.23500,16.46943,16.88345,17.33741
2024-09-27,2024-09-26,har_garch,1,16.96000,15.40019,True,13.77705,14.13359,14.47553,14.67669,14.82447,14.94487,15.04925,15.14371,15.23202,15.31682,15.40019,15.48403,15.57023,15.66102,15.75932,15.86939,15.99828,16.15936,16.38393,16.78031,17.21457
2024-09-30,2024-09-27,har_garch,1,16.73000,16.81906,True,14.70269,15.16317,15.60716,15.86944,16.06260,16.22029,16.35722,16.48131,16.59746,16.70913,16.81906,16.92971,17.04362,17.16374,17.29395,17.43994,17.61115,17.82551,18.12506,18.65579,19.24007
2024-10-01,2024-09-30,har_garch,1,19.26000,16.61966,True,14.65992,15.08794,15.49976,15.74263,15.92132,16.06708,16.19357,16.30813,16.41531,16.51831,16.61966,16.72163,16.82655,16.93714,17.05697,17.19125,17.34863,17.54555,17.82048,18.30688,18.84139
2024-10-02,2024-10-01,har_garch,1,18.90000,18.87279,True,15.92178,16.55513,17.17049,17.53611,17.80637,18.02761,18.22019,18.39507,18.55907,18.71703,18.87279,19.02986,19.19182,19.36293,19.54877,19.75760,20.00309,20.31137,20.74387,21.51492,22.37076
2024-10-03,2024-10-02,har_garch,1,20.49000,18.59148,True,15.95697,16.52640,17.07747,17.40391,17.64476,17.84164,18.01281,18.16808,18.31356,18.45355,18.59148,18.73044,18.87362,19.02475,19.18874,19.37283,19.58899,19.86008,20.23971,20.91461,21.66095
2024-10-04,2024-10-03,har_garch,1,19.21000,20.00883,True,17.03520,17.67555,18.29655,18.66500,18.93712,19.15972,19.35337,19.52913,19.69388,19.85249,20.00883,20.16640,20.32882,20.50032,20.68649,20.89557,21.14120,21.44941,21.88135,22.65012,23.50153
2024-10-07,2024-10-04,har_garch,1,22.64000,18.89868,True,16.27302,16.84101,17.39045,17.71581,17.95580,18.15195,18.32246,18.47710,18.62197,18.76136,18.89868,19.03700,19.17950,19.32988,19.49302,19.67612,19.89107,20.16053,20.53771,21.20776,21.94800
2024-10-08,2024-10-07,har_garch,1,21.42000,21.91838,True,17.89866,18.75025,19.58363,20.08151,20.45081,20.75394,21.01836,21.25894,21.48496,21.70302,21.91838,22.13589,22.36055,22.59829,22.85695,23.14817,23.49127,23.92328,24.53149,25.62183,26.84088
2024-10-09,2024-10-08,har_garch,1,20.86000,20.87316,True,17.44069,18.17472,18.88933,19.31456,19.62919,19.88694,20.11144,20.31541,20.50679,20.69122,20.87316,21.05670,21.24607,21.44622,21.66373,21.90828,22.19597,22.55753,23.06534,23.97224,24.98116
2024-10-10,2024-10-09,har_garch,1,20.93000,20.40193,True,17.37595,18.02815,18.66032,19.03525,19.31207,19.53850,19.73544,19.91417,20.08170,20.24297,20.40193,20.56213,20.72726,20.90163,21.09092,21.30352,21.55329,21.86673,22.30608,23.08826,23.95488
2024-10-11,2024-10-10,har_garch,1,20.46000,20.47143,True,17.67199,18.27864,18.86489,19.21177,19.46752,19.67648,19.85806,20.02271,20.17694,20.32530,20.47143,20.61861,20.77022,20.93021,21.10375,21.29850,21.52711,21.81368,22.21479,22.92728,23.71433
2024-10-14,2024-10-11,har_garch,1,19.70000,20.07706,True,17.54055,18.09296,18.62529,18.93961,19.17104,19.35994,19.52395,19.67257,19.81167,19.94541,20.07706,20.20958,20.34600,20.48987,20.64584,20.82074,21.02589,21.28281,21.64199,22.27874,22.98036
2024-10-15,2024-10-14,har_garch,1,20.64000,19.40430,True,17.09278,17.59792,18.08377,18.37022,18.58093,18.75279,18.90193,19.03700,19.16337,19.28480,19.40430,19.52453,19.64826,19.77868,19.92002,20.07843,20.26415,20.49658,20.82125,21.39609,22.02840
2024-10-16,2024-10-15,har_garch,1,19.58000,20.23644,True,17.76839,18.30678,18.82513,19.13098,19.35607,19.53973,19.69915,19.84357,19.97871,20.10861,20.23644,20.36509,20.49750,20.63709,20.78839,20.95799,21.15685,21.40578,21.75356,22.36951,23.04731
2024-10-17,2024-10-16,har_garch,1,19.11000,19.30884,True,17.03777,17.53420,18.01161,18.29306,18.50008,18.66891,18.81542,18.94809,19.07222,19.19149,19.30884,19.42691,19.54840,19.67646,19.81520,19.97070,20.15296,20.38103,20.69950,21.26309,21.88264
2024-10-18,2024-10-17,har_garch,1,18.03000,18.89052,True,16.77569,17.23924,17.68434,17.94643,18.13906,18.29608,18.43226,18.55555,18.67084,18.78159,18.89052,19.00008,19.11279,19.23154,19.36017,19.50427,19.67311,19.88428,20.17897,20.69997,21.27196
2024-10-21,2024-10-18,har_garch,1,18.37000,17.92378,True,15.89700,16.34100,16.76746,17.01864,17.20328,17.35380,17.48437,17.60257,17.71312,17.81932,17.92378,18.02886,18.13696,18.25086,18.37425,18.51249,18.67447,18.87707,19.15985,19.65987,20.20897
2024-10-22,2024-10-21,har_garch,1,18.20000,18.22386,True,16.22165,16.66088,17.08243,17.33057,17.51290,17.66150,17.79037,17.90701,18.01607,18.12083,18.22386,18.32747,18.43404,18.54632,18.66791,18.80412,18.96368,19.16320,19.44155,19.93346,20.47320
2024-10-23,2024-10-22,har_garch,1,19.24000,18.06732,True,16.15421,16.57474,16.97788,17.21497,17.38910,17.53095,17.65392,17.76519,17.86922,17.96910,18.06732,18.16607,18.26762,18.37459,18.49040,18.62010,18.77200,18.96188,19.22667,19.69431,20.20700
2024-10-24,2024-10-23,har_garch,1,19.08000,18.99184,True,16.83704,17.30885,17.76215,18.02920,18.22553,18.38560,18.52446,18.65017,18.76776,18.88072,18.99184,19.10361,19.21859,19.33976,19.47101,19.61806,19.79036,20.00587,20.30665,20.83846,21.42240
2024-10-25,2024-10-24,har_garch,1,20.33000,18.86264,True,16.81400,17.26362,17.69502,17.94891,18.13546,18.28748,18.41929,18.53859,18.65014,18.75728,18.86264,18.96859,19.07755,19.19235,19.31665,19.45589,19.61897,19.82288,20.10730,20.60977,21.16089
2024-10-28,2024-10-25,har_garch,1,19.80000,19.98783,True,17.60527,18.12543,18.62602,18.92128,19.13854,19.31577,19.46959,19.60892,19.73927,19.86455,19.98783,20.11187,20.23951,20.37406,20.51985,20.68326,20.87480,21.11449,21.44920,22.04158,22.69282
2024-10-29,2024-10-28,har_garch,1,19.34000,19.54534,True,17.33499,17.81898,18.28398,18.55791,18.75931,18.92350,19.06594,19.19489,19.31550,19.43137,19.54534,19.65999,19.77792,19.90219,20.03680,20.18762,20.36431,20.58532,20.89373,21.43896,22.03754
2024-10-30,2024-10-29,har_garch,1,20.35000,19.15419,True,17.07443,17.53084,17.96878,18.22653,18.41592,18.57025,18.70407,18.82520,18.93845,19.04722,19.15419,19.26175,19.37238,19.48893,19.61513,19.75649,19.92205,20.12906,20.41779,20.92786,21.48726
2024-10-31,2024-10-30,har_garch,1,23.16000,20.05949,True,17.76348,18.26577,18.74861,19.03316,19.24241,19.41305,19.56109,19.69513,19.82052,19.94098,20.05949,20.17870,20.30135,20.43059,20.57060,20.72746,20.91127,21.14117,21.46203,22.02935,22.65227
2024-11-01,2024-10-31,har_garch,1,21.88000,22.54257,True,19.10224,19.84199,20.55998,20.98623,21.30116,21.55887,21.78312,21.98669,22.17757,22.36137,22.54257,22.72524,22.91358,23.11250,23.32850,23.57115,23.85633,24.21432,24.71634,25.61071,26.60250
2024-11-04,2024-11-01,har_garch,1,21.98000,21.44727,True,18.43404,19.08572,19.71619,20.08956,20.36499,20.59011,20.78580,20.96331,21.12961,21.28963,21.44727,21.60609,21.76972,21.94241,22.12980,22.34013,22.58708,22.89675,23.33035,24.10103,24.95305
2024-11-05,2024-11-04,har_garch,1,20.49000,21.55167,True,18.73805,19.34938,19.93928,20.28794,20.54481,20.75458,20.93678,21.10193,21.25656,21.40526,21.55167,21.69909,21.85088,22.01100,22.18462,22.37938,22.60787,22.89412,23.29445,24.00462,24.78777
2024-11-06,2024-11-05,har_garch,1,16.27000,20.25641,True,17.67871,18.23958,18.78036,19.09979,19.33504,19.52709,19.69386,19.84500,19.98647,20.12250,20.25641,20.39121,20.52999,20.67635,20.83502,21.01296,21.22167,21.48306,21.84846,22.49624,23.20995
2024-11-07,2024-11-06,har_garch,1,15.20000,16.46261,True,13.20717,13.89311,14.56638,14.96949,15.26893,15.51498,15.72983,15.92547,16.10942,16.28704,16.46261,16.64008,16.82355,17.01788,17.22954,17.46813,17.74962,18.10466,18.60570,19.50734,20.52050
2024-11-08,2024-11-07,har_garch,1,14.94000,15.44295,True,12.59441,13.19851,13.78934,14.14213,14.40374,14.61842,14.80568,14.97603,15.13606,15.29046,15.44295,15.59697,15.75606,15.92443,16.10766,16.31398,16.55714,16.86342,17.29486,18.06906,18.93577
2024-11-11,2024-11-08,har_garch,1,14.97000,15.16168,True,12.64091,13.18034,13.70528,14.01753,14.24853,14.43775,14.60254,14.75225,14.89274,15.02811,15.16168,15.29643,15.43547,15.58246,15.74223,15.92190,16.13334,16.39920,16.77284,17.44086,18.18511
2024-11-12,2024-11-11,har_garch,1,14.71000,15.14406,True,12.87098,13.36127,13.83628,14.11790,14.32578,14.49579,14.64366,14.77785,14.90363,15.02471,15.14406,15.26436,15.38838,15.51935,15.66156,15.82132,16.00908,16.24482,16.57545,17.16474,17.81858
2024-11-13,2024-11-12,har_garch,1,14.02000,14.86989,True,12.80997,13.25673,13.68825,13.94347,14.13160,14.28528,14.41882,14.53990,14.65332,14.76242,14.86989,14.97815,15.08967,15.20737,15.33508,15.47843,15.64676,15.85787,16.15355,16.67936,17.26107
2024-11-14,2024-11-13,har_garch,1,14.31000,14.22089,True,12.30130,12.71823,13.12061,13.35845,13.53370,13.67682,13.80114,13.91385,14.01940,14.12091,14.22089,14.32157,14.42528,14.53470,14.65340,14.78661,14.94297,15.13901,15.41344,15.90109,16.44003
2024-11-15,2024-11-14,har_garch,1,16.14000,14.46343,True,12.65419,13.04902,13.42905,13.65323,13.81820,13.95279,14.06962,14.17546,14.27451,14.36972,14.46343,14.55776,14.65486,14.75726,14.86827,14.99276,15.13880,15.32171,15.57749,16.03116,16.53136
2024-11-18,2024-11-15,har_garch,1,15.58000,16.10066,True,13.80327,14.30042,14.78120,15.06585,15.27579,15.44737,15.59651,15.73179,15.85854,15.98050,16.10066,16.22173,16.34649,16.47819,16.62111,16.78159,16.97008,17.20655,17.53791,18.12754,18.78043
2024-11-19,2024-11-18,har_garch,1,16.35000,15.59503,True,13.51559,13.96755,14.40356,14.66122,14.85103,15.00602,15.14064,15.26267,15.37693,15.48682,15.59503,15.70400,15.81623,15.93463,16.06306,16.20717,16.37631,16.58832,16.88506,17.41215,17.99441
2024-11-20,2024-11-19,har_garch,1,17.16000,16.28545,True,14.19039,14.64663,15.08630,15.34590,15.53704,15.69306,15.82853,15.95128,16.06619,16.17668,16.28545,16.39495,16.50770,16.62662,16.75557,16.90021,17.06991,17.28252,17.57992,18.10764,18.68983
2024-11-21,2024-11-20,har_garch,1,16.87000,17.01789,True,14.86913,15.33744,15.78853,16.05480,16.25080,16.41076,16.54963,16.67545,16.79322,16.90644,17.01789,17.13007,17.24556,17.36736,17.49940,17.64748,17.82119,18.03876,18.34297,18.88246,19.47717
2024-11-22,2024-11-21,har_garch,1,15.24000,16.77087,True,14.78277,15.21767,15.63572,15.88208,16.06325,16.21099,16.33918,16.45526,16.56385,16.66820,16.77087,16.87418,16.98048,17.09254,17.21398,17.35009,17.50967,17.70941,17.98844,18.48260,19.02636
2024-11-25,2024-11-22,har_garch,1,14.60000,15.30346,True,13.26751,13.70986,14.13670,14.38898,14.57484,14.72662,14.85845,14.97796,15.08986,15.19748,15.30346,15.41018,15.52009,15.63604,15.76180,15.90291,16.06851,16.27607,16.56652,17.08230,17.65185
2024-11-26,2024-11-25,har_garch,1,14.10000,14.71276,True,12.82360,13.23491,13.63133,13.86542,14.03779,14.17849,14.30067,14.41138,14.51502,14.61466,14.71276,14.81152,14.91320,15.02045,15.13673,15.26717,15.42019,15.61189,15.87999,16.35564,16.88024
2024-11-27,2024-11-26,har_garch,1,14.10000,14.23666,True,12.47004,12.85541,13.22643,13.44534,13.60645,13.73791,13.85201,13.95539,14.05213,14.14513,14.23666,14.32878,14.42360,14.52359,14.63198,14.75351,14.89605,15.07454,15.32405,15.76631,16.25355
2024-11-29,2024-11-27,har_garch,1,13.51000,14.20900,True,12.54747,12.91117,13.26065,13.46654,13.61793,13.74136,13.84845,13.94541,14.03611,14.12326,14.20900,14.29526,14.38401,14.47757,14.57893,14.69255,14.82572,14.99239,15.22517,15.63728,16.09054
2024-12-02,2024-11-29,har_garch,1,13.34000,13.64800,True,12.04463,12.39546,12.73264,12.93133,13.07744,13.19657,13.29994,13.39354,13.48109,13.56522,13.64800,13.73128,13.81697,13.90730,14.00517,14.11486,14.24345,14.40438,14.62916,15.02710,15.46480
2024-12-03,2024-12-02,har_garch,1,13.30000,13.46925,True,11.94750,12.28118,12.60150,12.79008,12.92867,13.04163,13.13960,13.22828,13.31122,13.39089,13.46925,13.54808,13.62916,13.71461,13.80718,13.91090,14.03244,14.18449,14.39675,14.77225,15.18483
2024-12-04,2024-12-03,har_garch,1,13.45000,13.40568,True,11.94824,12.26850,12.57556,12.75617,12.88883,12.99690,13.09060,13.17539,13.25467,13.33081,13.40568,13.48097,13.55840,13.63998,13.72834,13.82731,13.94326,14.08826,14.29059,14.64826,15.04089
2024-12-05,2024-12-04,har_garch,1,13.54000,13.51880,True,12.09719,12.41014,12.70989,12.88605,13.01538,13.12071,13.21200,13.29459,13.37179,13.44592,13.51880,13.59207,13.66742,13.74678,13.83271,13.92896,14.04168,14.18261,14.37919,14.72650,15.10746
2024-12-06,2024-12-05,har_garch,1,12.77000,13.57818,True,12.18643,12.49324,12.78687,12.95934,13.08590,13.18895,13.27824,13.35901,13.43449,13.50695,13.57818,13.64979,13.72342,13.80096,13.88490,13.97890,14.08898,14.22658,14.41846,14.75734,15.12888
2024-12-09,2024-12-06,har_garch,1,14.19000,12.86544,True,11.44065,11.75351,12.05360,12.23016,12.35986,12.46555,12.55720,12.64014,12.71769,12.79218,12.86544,12.93912,13.01491,13.09476,13.18125,13.27816,13.39170,13.53372,13.73196,14.08257,14.46768
2024-12-10,2024-12-09,har_garch,1,14.18000,14.13457,True,12.30673,12.70460,13.08811,13.31460,13.48138,13.61752,13.73575,13.84289,13.94319,14.03962,14.13457,14.23016,14.32858,14.43240,14.54497,14.67125,14.81941,15.00504,15.26470,15.72550,16.23388
2024-12-11,2024-12-10,har_garch,1,13.58000,14.12736,True,12.42243,12.79508,13.15345,13.36471,13.52011,13.64686,13.75684,13.85645,13.94965,14.03922,14.12736,14.21605,14.30733,14.40356,14.50785,14.62478,14.76188,14.93352,15.17338,15.59836,16.06628
2024-12-12,2024-12-11,har_garch,1,13.92000,13.58935,True,11.98786,12.33833,12.67514,12.87359,13.01952,13.13850,13.24173,13.33521,13.42266,13.50668,13.58935,13.67252,13.75811,13.84833,13.94609,14.05566,14.18412,14.34490,14.56949,14.96721,15.40479
2024-12-13,2024-12-12,har_garch,1,13.81000,13.89651,False,11.95504,12.40867,12.82786,13.06720,13.23988,13.37889,13.49840,13.60594,13.70611,13.80212,13.89651,13.99155,14.08956,14.19329,14.30636,14.43416,14.58570,14.77845,15.05418,15.56275,16.15328
2024-12-16,2024-12-13,har_garch,1,14.69000,13.79654,True,12.29675,12.62640,12.94242,13.12827,13.26477,13.37597,13.47238,13.55962,13.64118,13.71951,13.79654,13.87400,13.95367,14.03760,14.12851,14.23034,14.34963,14.49883,14.70703,15.07513,15.47926
2024-12-17,2024-12-16,har_garch,1,15.87000,14.58309,True,12.90336,13.27131,13.62473,13.83288,13.98590,14.11064,14.21885,14.31682,14.40845,14.49649,14.58309,14.67022,14.75985,14.85432,14.95666,15.07136,15.20579,15.37399,15.60887,16.02454,16.48149
2024-12-18,2024-12-17,har_garch,1,27.62000,15.63809,True,13.65694,14.08846,14.50426,14.74976,14.93051,15.07804,15.20613,15.32219,15.43083,15.53528,15.63809,15.74159,15.84814,15.96051,16.08233,16.21895,16.37921,16.57992,16.86056,17.35818,17.90664
2024-12-19,2024-12-18,har_garch,1,24.09000,25.76990,True,15.85955,17.74256,19.69676,20.91703,21.84790,22.62851,23.32179,23.96267,24.57367,25.17142,25.76990,26.38262,27.02437,27.71344,28.47499,29.34740,30.39596,31.74867,33.71560,37.42910,41.87307
2024-12-20,2024-12-19,har_garch,1,18.36000,22.89490,True,15.13204,16.65211,18.20462,19.16242,19.88750,20.49202,21.02633,21.51817,21.98528,22.44060,22.89490,23.35839,23.84215,24.35970,24.92952,25.57953,26.35708,27.35439,28.79359,31.47808,34.64016
2024-12-23,2024-12-20,har_garch,1,16.78000,17.99802,True,12.10267,13.26502,14.44781,15.17550,15.72542,16.18329,16.58753,16.95927,17.31200,17.65554,17.99802,18.34713,18.71121,19.10038,19.52844,20.01624,20.59904,21.34550,22.42060,24.41976,26.76505
2024-12-24,2024-12-23,har_garch,1,14.27000,16.61922,True,11.79852,12.77067,13.74797,14.34372,14.79132,15.16236,15.48875,15.78793,16.07098,16.34589,16.61922,16.89713,17.18617,17.49429,17.83221,18.21607,18.67301,19.25572,20.09014,21.62757,23.40960
2024-12-26,2024-12-24,har_garch,1,14.73000,14.36576,True,10.44348,11.24201,12.04063,12.52557,12.88902,13.18974,13.45385,13.69562,13.92406,14.14567,14.36576,14.58927,14.82147,15.06869,15.33947,15.64663,16.01169,16.47629,17.13988,18.35748,19.76113
2024-12-27,2024-12-26,har_garch,1,15.95000,14.73282,True,11.20206,11.93429,12.65924,13.09609,13.42191,13.69051,13.92570,14.14042,14.34281,14.53871,14.73282,14.92953,15.13343,15.35004,15.58672,15.85448,16.17176,16.57411,17.14606,18.18759,19.37643
2024-12-30,2024-12-27,har_garch,1,17.40000,15.78949,True,12.35422,13.07486,13.78384,14.20904,14.52522,14.78527,15.01254,15.21968,15.41463,15.60304,15.78949,15.97816,16.17347,16.38064,16.60665,16.86192,17.16381,17.54573,18.08697,19.06774,20.17999
2024-12-31,2024-12-30,har_garch,1,17.35000,17.06939,True,13.59107,14.32568,15.04573,15.47634,15.79597,16.05851,16.28770,16.49637,16.69259,16.88206,17.06939,17.25881,17.45471,17.66232,17.88861,18.14391,18.44547,18.82643,19.36525,20.33859,21.43792
2025-01-02,2024-12-31,har_garch,1,17.93000,17.03864,True,13.96446,14.62140,15.26111,15.64179,15.92348,16.15430,16.35541,16.53820,16.70981,16.87528,17.03864,17.20359,17.37395,17.55423,17.75042,17.97139,18.23190,18.56024,19.02321,19.85551,20.78958
2025-01-03,2025-01-02,har_garch,1,16.13000,17.58014,True,14.67797,15.30269,15.90856,16.26799,16.53344,16.75064,16.93963,17.11123,17.27217,17.42721,17.58014,17.73442,17.89360,18.06190,18.24487,18.45073,18.69311,18.99813,19.42736,20.19654,21.05615
2025-01-06,2025-01-03,har_garch,1,16.04000,16.01239,True,13.42355,13.98163,14.52244,14.84307,15.07978,15.27340,15.44183,15.59474,15.73811,15.87620,16.01239,16.14974,16.29144,16.44122,16.60402,16.78713,17.00267,17.27382,17.65520,18.33810,19.10050
2025-01-07,2025-01-06,har_garch,1,17.82000,15.94152,True,13.61859,14.12320,14.61010,14.89782,15.10980,15.28292,15.43333,15.56972,15.69747,15.82040,15.94152,16.06357,16.18936,16.32220,16.46644,16.62850,16.81902,17.05833,17.39428,17.99394,18.66067
2025-01-08,2025-01-07,har_garch,1,17.70000,17.52655,True,14.77947,15.37288,15.94727,16.28752,16.53857,16.74383,16.92234,17.08433,17.23618,17.38239,17.52655,17.67190,17.82180,17.98021,18.15233,18.34585,18.57354,18.85983,19.26222,19.98193,20.78423
2025-01-10,2025-01-08,har_garch,1,19.54000,17.43636,True,14.95511,15.49482,16.01520,16.32255,16.54890,16.73371,16.89425,17.03978,17.17607,17.30719,17.43636,17.56649,17.70059,17.84217,17.99587,18.16851,18.37141,18.62618,18.98363,19.62118,20.32929
2025-01-13,2025-01-10,har_garch,1,19.19000,19.07574,True,16.11554,16.75529,17.37437,17.74103,18.01153,18.23267,18.42497,18.59946,18.76302,18.92049,19.07574,19.23226,19.39366,19.56421,19.74949,19.95779,20.20283,20.51087,20.94371,21.71754,22.57968
2025-01-14,2025-01-13,har_garch,1,18.71000,18.80337,True,16.15023,16.72750,17.28401,17.61265,17.85467,18.05226,18.22389,18.37946,18.52516,18.66531,18.80337,18.94245,19.08576,19.23705,19.40128,19.58572,19.80247,20.07458,20.45629,21.13685,21.89236
2025-01-15,2025-01-14,har_garch,1,16.12000,18.41194,True,16.01986,16.54311,17.04602,17.34234,17.56025,17.73795,17.89217,18.03185,18.16257,18.28823,18.41194,18.53649,18.66474,18.80005,18.94682,19.11154,19.30495,19.54751,19.88732,20.49189,21.16121
2025-01-16,2025-01-15,har_garch,1,16.60000,16.12053,True,13.61421,14.15606,14.68029,14.99072,15.21972,15.40692,15.56970,15.71740,15.85584,15.98913,16.12053,16.25302,16.38964,16.53401,16.69085,16.86719,17.07466,17.33549,17.70207,18.35762,19.08826
2025-01-17,2025-01-16,har_garch,1,15.97000,16.55128,True,14.18492,14.69954,15.19578,15.48890,15.70478,15.88105,16.03417,16.17298,16.30299,16.42807,16.55128,16.67543,16.80336,16.93843,17.08508,17.24980,17.44341,17.68653,18.02769,18.63629,19.31241
2025-01-21,2025-01-17,har_garch,1,15.06000,15.98015,True,13.83782,14.30567,14.75575,15.02112,15.21636,15.37563,15.51388,15.63915,15.75640,15.86914,15.98015,16.09194,16.20708,16.32859,16.46043,16.60844,16.78228,17.00041,17.30615,17.85063,18.45416
2025-01-22,2025-01-21,har_garch,1,15.10000,15.14803,True,13.14928,13.58613,14.00620,14.25379,14.43590,14.58444,14.71336,14.83016,14.93947,15.04456,15.14803,15.25221,15.35950,15.47271,15.59553,15.73339,15.89529,16.09837,16.38295,16.88948,17.45059
2025-01-23,2025-01-22,har_garch,1,15.02000,15.16574,True,13.30194,13.71106,14.10351,14.33439,14.50401,14.64224,14.76212,14.87066,14.97218,15.06974,15.16574,15.26235,15.36179,15.46667,15.58039,15.70795,15.85766,16.04530,16.30797,16.77474,17.29068
2025-01-24,2025-01-23,har_garch,1,14.85000,15.06253,True,13.31322,13.69846,14.06732,14.28402,14.44308,14.57262,14.68491,14.78651,14.88152,14.97277,15.06253,15.15283,15.24575,15.34370,15.44987,15.56891,15.70855,15.88347,16.12815,16.56243,17.04170
2025-01-27,2025-01-24,har_garch,1,17.90000,14.88157,True,13.22511,13.59077,13.94040,14.14560,14.29612,14.41864,14.52481,14.62084,14.71061,14.79681,14.88157,14.96682,15.05452,15.14695,15.24710,15.35936,15.49100,15.65584,15.88629,16.29497,16.74551
2025-01-28,2025-01-27,har_garch,1,16.41000,17.58844,True,14.56646,15.21587,15.84626,16.22048,16.49698,16.72329,16.92028,17.09920,17.26707,17.42882,17.58844,17.74952,17.91579,18.09167,18.28298,18.49834,18.75211,19.07176,19.52215,20.33095,21.23736
2025-01-29,2025-01-28,har_garch,1,16.56000,16.28175,True,13.63806,14.20868,14.76123,15.08863,15.33025,15.52784,15.69970,15.85570,16.00196,16.14283,16.28175,16.42187,16.56643,16.71926,16.88538,17.07227,17.29231,17.56922,17.95890,18.65729,19.43792
2025-01-30,2025-01-29,har_garch,1,15.84000,16.42889,True,14.00636,14.53301,15.04093,15.34097,15.56196,15.74243,15.89920,16.04136,16.17451,16.30264,16.42889,16.55612,16.68726,16.82578,16.97622,17.14528,17.34410,17.59396,17.94493,18.57209,19.27042
2025-01-31,2025-01-30,har_garch,1,16.43000,15.79803,True,13.62274,14.09782,14.55482,14.82425,15.02246,15.18416,15.32452,15.45171,15.57077,15.68527,15.79803,15.91161,16.02861,16.15212,16.28618,16.43673,16.61365,16.83579,17.14744,17.70329,18.32068
2025-02-03,2025-01-31,har_garch,1,18.62000,16.33121,True,14.19787,14.66524,15.11404,15.37828,15.57251,15.73086,15.86825,15.99268,16.10911,16.22103,16.33121,16.44214,16.55638,16.67691,16.80768,16.95448,17.12688,17.34319,17.64641,18.18644,18.78511
2025-02-04,2025-02-03,har_garch,1,17.21000,18.26515,True,15.43860,16.05082,16.64250,16.99256,17.25067,17.46159,17.64494,17.81127,17.96716,18.11722,18.26515,18.41429,18.56808,18.73059,18.90716,19.10569,19.33929,19.63304,20.04602,20.78496,21.60920
2025-02-05,2025-02-04,har_garch,1,15.77000,17.03065,True,14.52122,15.06660,15.59267,15.90348,16.13243,16.31939,16.48183,16.62911,16.76708,16.89984,17.03065,17.16248,17.29837,17.44189,17.59775,17.77291,17.97889,18.23772,18.60125,19.25074,19.97374
2025-02-06,2025-02-05,har_garch,1,15.50000,15.74564,True,13.44495,13.94514,14.42753,14.71249,14.92238,15.09377,15.24266,15.37765,15.50410,15.62576,15.74564,15.86644,15.99094,16.12244,16.26522,16.42567,16.61432,16.85135,17.18418,17.77861,18.44002
2025-02-07,2025-02-06,har_garch,1,16.54000,15.50168,True,13.41566,13.87170,14.31014,14.56852,14.75855,14.91354,15.04807,15.16994,15.28401,15.39369,15.50168,15.61043,15.72246,15.84068,15.96897,16.11302,16.28224,16.49462,16.79244,17.32319,17.91206
2025-02-10,2025-02-07,har_garch,1,15.81000,16.42706,True,14.23052,14.71071,15.17238,15.44446,15.64456,15.80777,15.94943,16.07776,16.19787,16.31335,16.42706,16.54156,16.65949,16.78395,16.91899,17.07060,17.24869,17.47217,17.78549,18.34365,18.96264
2025-02-11,2025-02-10,har_garch,1,16.02000,15.76105,True,13.75150,14.19207,14.61496,14.86388,15.04682,15.19594,15.32530,15.44244,15.55204,15.65737,15.76105,15.86542,15.97288,16.08624,16.20920,16.34718,16.50919,16.71237,16.99702,17.50349,18.06427
2025-02-12,2025-02-11,har_garch,1,15.89000,15.93688,True,14.02182,14.44312,14.84673,15.08395,15.25812,15.40000,15.52300,15.63433,15.73845,15.83847,15.93688,16.03590,16.13781,16.24528,16.36179,16.49248,16.64583,16.83804,17.10707,17.58512,18.11349
2025-02-13,2025-02-12,har_garch,1,15.10000,15.81294,True,14.01078,14.40844,14.78874,15.01198,15.17575,15.30907,15.42460,15.52912,15.62683,15.72066,15.81294,15.90577,16.00128,16.10196,16.21107,16.33340,16.47690,16.65665,16.90808,17.35436,17.84691
2025-02-14,2025-02-13,har_garch,1,14.77000,15.09858,True,13.36900,13.75050,14.11543,14.32968,14.48687,14.61485,14.72575,14.82609,14.91989,15.00998,15.09858,15.18771,15.27942,15.37608,15.48085,15.59833,15.73613,15.90875,16.15021,16.57883,17.05193
2025-02-18,2025-02-14,har_garch,1,15.35000,14.78553,True,13.14527,13.50771,13.85406,14.05724,14.20624,14.32750,14.43256,14.52759,14.61640,14.70168,14.78553,14.86987,14.95663,15.04806,15.14714,15.25821,15.38845,15.55157,15.77964,16.18424,16.63047
2025-02-19,2025-02-18,har_garch,1,15.27000,15.29712,True,13.60499,13.97886,14.33615,14.54576,14.69948,14.82458,14.93297,15.03100,15.12263,15.21061,15.29712,15.38412,15.47362,15.56794,15.67015,15.78471,15.91906,16.08729,16.32250,16.73969,17.19970
2025-02-20,2025-02-19,har_garch,1,15.66000,15.21863,True,13.59355,13.95330,14.29672,14.49802,14.64557,14.76561,14.86957,14.96358,15.05141,15.13574,15.21863,15.30199,15.38771,15.47804,15.57589,15.68556,15.81412,15.97506,16.19999,16.59871,17.03800
2025-02-21,2025-02-20,har_garch,1,18.21000,15.56231,True,13.91083,14.27649,14.62552,14.83009,14.98003,15.10201,15.20764,15.30316,15.39241,15.47808,15.56231,15.64699,15.73408,15.82584,15.92524,16.03664,16.16722,16.33067,16.55909,16.96393,17.40984
2025-02-24,2025-02-21,har_garch,1,18.98000,17.82659,True,15.06900,15.66665,16.24404,16.58555,16.83731,17.04302,17.22183,17.38403,17.53603,17.68235,17.82659,17.97201,18.12197,18.28043,18.45260,18.64619,18.87400,19.16050,19.56333,20.28433,21.08882
2025-02-25,2025-02-24,har_garch,1,19.43000,18.53409,True,15.79205,16.38804,16.96290,17.30251,17.55267,17.75695,17.93443,18.09535,18.24610,18.39115,18.53409,18.67813,18.82662,18.98346,19.15380,19.34524,19.57038,19.85333,20.25081,20.96116,21.75224
2025-02-26,2025-02-25,har_garch,1,19.10000,18.96304,True,16.31338,16.89138,17.44776,17.77594,18.01745,18.21452,18.38563,18.54069,18.68588,18.82551,18.96304,19.10158,19.24432,19.39501,19.55859,19.74232,19.95826,20.22942,20.60992,21.28878,22.04307
2025-02-27,2025-02-26,har_garch,1,21.13000,18.71003,True,16.29377,16.82351,17.33199,17.63127,17.85121,18.03050,18.18604,18.32689,18.45867,18.58534,18.71003,18.83555,18.96481,19.10118,19.24912,19.41516,19.61016,19.85479,20.19764,20.80809,21.48460
2025-02-28,2025-02-27,har_garch,1,19.63000,20.51469,True,17.44299,18.10987,18.75352,19.13396,19.41429,19.64326,19.84221,20.02265,20.19169,20.35437,20.51469,20.67628,20.84286,21.01883,21.20996,21.42479,21.67747,21.99506,22.44126,23.23885,24.12732
2025-03-03,2025-02-28,har_garch,1,22.78000,19.22673,True,16.52272,17.11226,17.67991,18.01483,18.26133,18.46249,18.63717,18.79548,18.94372,19.08629,19.22673,19.36820,19.51397,19.66787,19.83494,20.02260,20.24317,20.52016,20.90888,21.60248,22.37327
2025-03-04,2025-03-03,har_garch,1,23.51000,21.99603,True,18.08685,18.92440,19.73879,20.22285,20.58079,20.87395,21.12925,21.36123,21.57896,21.78885,21.99603,22.20519,22.42117,22.64970,22.89838,23.17844,23.50859,23.92469,24.51141,25.56623,26.75012
2025-03-05,2025-03-04,har_garch,1,21.93000,22.67309,True,18.90227,19.71443,20.50181,20.96879,21.31362,21.59573,21.84120,22.06407,22.27309,22.47445,22.67309,22.87347,23.08026,23.29892,23.53666,23.80419,24.11926,24.51590,25.07431,26.07576,27.19613
2025-03-06,2025-03-05,har_garch,1,24.87000,21.34033,True,18.09404,18.79803,19.47793,19.87999,20.17633,20.41844,20.62886,20.81971,20.99855,21.17068,21.34033,21.51135,21.68768,21.87397,22.07635,22.30385,22.57149,22.90795,23.38081,24.22646,25.16905
2025-03-07,2025-03-06,har_garch,1,23.37000,23.91548,True,19.69016,20.59557,21.47587,21.99910,22.38598,22.70283,22.97876,23.22948,23.46478,23.69160,23.91548,24.14148,24.37484,24.62175,24.89039,25.19290,25.54948,25.99881,26.63222,27.77055,29.04751
2025-03-10,2025-03-07,har_garch,1,27.86000,22.66425,True,19.04929,19.83046,20.58640,21.03410,21.36439,21.63443,21.86927,22.08238,22.28217,22.47455,22.66425,22.85555,23.05288,23.26144,23.48812,23.74308,24.04318,24.42073,24.95182,25.90298,26.96521
2025-03-11,2025-03-10,har_garch,1,26.92000,26.58072,True,21.13223,22.28399,23.41231,24.08678,24.58730,24.99834,25.35712,25.68376,25.99090,26.28748,26.58072,26.87723,27.18393,27.50900,27.86337,28.26326,28.73576,29.33288,30.17792,31.70593,33.43399
2025-03-12,2025-03-11,har_garch,1,24.23000,25.83923,True,21.13195,22.13855,23.11837,23.70123,24.13244,24.48575,24.79354,25.07329,25.33593,25.58918,25.83923,26.09172,26.35253,26.62857,26.92903,27.26753,27.66673,28.17010,28.88032,30.15851,31.59509
2025-03-13,2025-03-12,har_garch,1,24.66000,23.55918,True,19.56545,20.42472,21.25825,21.75282,22.11811,22.41703,22.67718,22.91341,23.13501,23.34853,23.55918,23.77174,23.99113,24.22315,24.47550,24.75953,25.09415,25.51555,26.10916,27.17468,28.36812
2025-03-14,2025-03-13,har_garch,1,21.77000,23.96317,True,20.21727,21.02819,21.81212,22.27604,22.61814,22.89772,23.14079,23.36132,23.56801,23.76699,23.96317,24.16096,24.36496,24.58052,24.81477,25.07819,25.38818,25.77807,26.32634,27.30779,28.40311
2025-03-17,2025-03-14,har_garch,1,20.51000,21.44999,True,18.05835,18.79182,19.50130,19.92134,20.23117,20.48444,20.70466,20.90449,21.09181,21.27217,21.44999,21.62931,21.81426,22.00973,22.22215,22.46106,22.74224,23.09594,23.59342,24.48417,25.47864
2025-03-18,2025-03-17,har_garch,1,21.70000,20.31969,True,17.32715,17.97767,18.60508,18.97571,19.24872,19.47166,19.66534,19.84095,20.00544,20.16373,20.31969,20.47686,20.63888,20.80999,20.99582,21.20466,21.45025,21.75886,22.19233,22.96682,23.82907
2025-03-19,2025-03-18,har_garch,1,19.90000,21.36845,True,18.30796,18.97423,19.61631,19.99538,20.27449,20.50233,20.70023,20.87962,21.04762,21.20923,21.36845,21.52886,21.69417,21.86873,22.05824,22.27115,22.52144,22.83581,23.27710,24.06478,24.94055
2025-03-20,2025-03-19,har_garch,1,19.80000,19.77710,True,16.97573,17.58593,18.17380,18.52078,18.77622,18.98473,19.16580,19.32993,19.48362,19.63147,19.77710,19.92381,20.07499,20.23461,20.40789,20.60254,20.83133,21.11864,21.52184,22.24128,23.04076
2025-03-21,2025-03-20,har_garch,1,19.28000,19.68040,True,17.10968,17.67261,18.21331,18.53174,18.76582,18.95669,19.12229,19.27229,19.41265,19.54757,19.68040,19.81413,19.95184,20.09715,20.25479,20.43174,20.63955,20.90026,21.26566,21.91629,22.63736
2025-03-24,2025-03-21,har_garch,1,17.48000,19.21945,True,16.85695,17.37618,17.87388,18.16652,18.38143,18.55654,18.70837,18.84582,18.97438,19.09790,19.21945,19.34178,19.46769,19.60049,19.74449,19.90605,20.09568,20.33342,20.66632,21.25826,21.91306
2025-03-25,2025-03-24,har_garch,1,17.15000,17.60219,True,15.21991,15.74042,16.24101,16.53608,16.75314,16.93020,17.08388,17.22312,17.35346,17.47878,17.60219,17.72647,17.85449,17.98960,18.13622,18.30086,18.49427,18.73703,19.07746,19.68417,20.35735
2025-03-26,2025-03-25,har_garch,1,18.33000,17.28133,True,15.08421,15.56613,16.02859,16.30074,16.50072,16.66372,16.80511,16.93314,17.05291,17.16803,17.28133,17.39538,17.51281,17.63669,17.77105,17.92184,18.09888,18.32091,18.63199,19.18553,19.79848
2025-03-27,2025-03-26,har_garch,1,18.69000,18.32939,True,16.00268,16.51289,17.00257,17.29078,17.50257,17.67521,17.82496,17.96057,18.08744,18.20937,18.32939,18.45019,18.57457,18.70578,18.84809,19.00778,19.19526,19.43039,19.75975,20.34571,20.99438
2025-03-28,2025-03-27,har_garch,1,21.65000,18.64296,True,16.40448,16.89692,17.36868,17.64596,17.84955,18.01539,18.15918,18.28931,18.41101,18.52793,18.64296,18.75870,18.87783,19.00344,19.13963,19.29238,19.47163,19.69628,20.01072,20.56943,21.18689
2025-03-31,2025-03-28,har_garch,1,22.28000,21.27545,True,17.93235,18.65550,19.35489,19.76893,20.07431,20.32393,20.54097,20.73791,20.92250,21.10023,21.27545,21.45213,21.63435,21.82693,22.03619,22.27151,22.54846,22.89678,23.38658,24.26335,25.24179
2025-04-01,2025-03-31,har_garch,1,21.77000,21.85848,True,18.65064,19.34784,20.02035,20.41766,20.71034,20.94933,21.15697,21.34524,21.52159,21.69128,21.85848,22.02697,22.20064,22.38406,22.58325,22.80708,23.07027,23.40097,23.86537,24.69490,25.61806
2025-04-02,2025-04-01,har_garch,1,21.51000,21.44223,True,18.55198,19.18376,19.79120,20.14920,20.41250,20.62726,20.81366,20.98253,21.14060,21.29258,21.44223,21.59293,21.74816,21.91199,22.08977,22.28939,22.52390,22.81823,23.23098,23.96658,24.78276
2025-04-03,2025-04-02,har_garch,1,30.02000,21.22634,True,18.56491,19.14929,19.70973,20.03939,20.28155,20.47890,20.65005,20.80500,20.94995,21.08925,21.22634,21.36431,21.50636,21.65620,21.81871,22.00106,22.21513,22.48359,22.85964,23.52867,24.26930
2025-04-04,2025-04-03,har_garch,1,45.31000,28.66152,True,21.09914,22.65409,24.20076,25.13593,25.83494,26.41217,26.91837,27.38116,27.81799,28.24138,28.66152,29.08792,29.53063,30.00175,30.51756,31.10243,31.79736,32.68162,33.94450,36.26202,38.93441
2025-04-07,2025-04-04,har_garch,1,46.98000,41.62763,True,26.30104,29.26216,32.30836,34.19744,35.63223,36.83154,37.89392,38.87386,39.80637,40.71712,41.62763,42.55850,43.53222,44.57647,45.72923,47.04826,48.63180,50.67221,53.63503,59.21844,65.88560
2025-04-08,2025-04-07,har_garch,1,52.33000,43.23648,True,28.90615,31.74067,34.62012,36.38893,37.72437,38.83556,39.81618,40.71772,41.57303,42.40601,43.23648,44.08321,44.96649,45.91105,46.95059,48.13612,49.55400,51.37257,53.99730,58.89584,64.67113
2025-04-09,2025-04-08,har_garch,1,33.62000,47.92902,True,32.85872,35.86959,38.91171,40.77288,42.17444,43.33840,44.36391,45.30537,46.19739,47.06503,47.92902,48.80887,49.72556,50.70461,51.78063,53.00591,54.46879,56.34116,59.03599,64.04286,69.91116
2025-04-10,2025-04-09,har_garch,1,40.72000,32.34774,True,20.93312,23.15965,25.43846,26.84625,27.91292,28.80287,29.59001,30.31508,31.00420,31.67644,32.34774,33.03326,33.74950,34.51669,35.36249,36.32889,37.48717,38.97662,41.13363,45.18101,49.98664
2025-04-11,2025-04-10,har_garch,1,37.56000,38.49660,True,25.38197,27.95892,30.58603,32.20423,33.42804,34.44766,35.34842,36.17729,36.96429,37.73133,38.49660,39.27739,40.09243,40.96460,41.92517,43.02145,44.33369,46.01844,48.45311,53.00592,58.38744
2025-04-14,2025-04-11,har_garch,1,30.89000,35.82915,True,25.11428,27.27421,29.44601,30.76988,31.76454,32.58913,33.31458,33.97972,34.60919,35.22079,35.82915,36.44802,37.09211,37.77923,38.53352,39.39129,40.41386,41.72027,43.59598,47.06745,51.11546
2025-04-15,2025-04-14,har_garch,1,30.12000,30.04249,True,21.64540,23.35707,25.06773,26.10575,26.88340,27.52667,28.09157,28.60869,29.09735,29.57149,30.04249,30.52099,31.01832,31.54815,32.12889,32.78825,33.57281,34.57288,36.00450,38.64145,41.69713
2025-04-16,2025-04-15,har_garch,1,32.64000,29.32463,True,22.14135,23.63416,25.11036,25.99896,26.66132,27.20713,27.68494,28.12111,28.53224,28.93020,29.32463,29.72443,30.13902,30.57966,31.06143,31.60693,32.25399,33.07570,34.24618,36.38522,38.83836
2025-04-17,2025-04-16,har_garch,1,29.65000,31.54814,True,24.36409,25.87033,27.35256,28.24151,28.90259,29.44640,29.92174,30.35510,30.76310,31.15759,31.54814,31.94359,32.35322,32.78808,33.26295,33.79991,34.43585,35.24193,36.38729,38.47208,40.85050
2025-04-21,2025-04-17,har_garch,1,33.82000,28.93526,True,22.99728,24.25681,25.48829,26.22328,26.76818,27.21537,27.60552,27.96060,28.29439,28.61665,28.93526,29.25741,29.59064,29.94389,30.32905,30.76383,31.27778,31.92771,32.84839,34.51605,36.40645
2025-04-22,2025-04-21,har_garch,1,30.57000,32.57842,True,25.64672,27.11073,28.54557,29.40348,30.04026,30.56329,31.01992,31.43578,31.82690,32.20471,32.57842,32.95645,33.34768,33.76259,34.21521,34.72640,35.33103,36.09617,37.18102,39.14883,41.38358
2025-04-23,2025-04-22,har_garch,1,28.45000,29.80355,True,24.03224,25.26300,26.46277,27.17722,27.70616,28.13977,28.51773,28.86145,29.18431,29.49580,29.80355,30.11450,30.43593,30.77640,31.14734,31.56569,32.05971,32.68367,33.56608,35.16018,36.96083
2025-04-24,2025-04-23,har_garch,1,26.47000,27.97444,True,23.06487,24.12130,25.14597,25.75384,26.20280,26.57018,26.88992,27.18031,27.45276,27.71532,27.97444,28.23598,28.50603,28.79176,29.10269,29.45291,29.86586,30.38650,31.12105,32.44307,33.92904
2025-04-25,2025-04-24,har_garch,1,24.84000,26.23350,True,21.97197,22.89473,23.78660,24.31429,24.70336,25.02134,25.29779,25.54864,25.78378,26.01021,26.23350,26.45871,26.69107,26.93672,27.20382,27.50439,27.85842,28.30421,28.93211,30.05917,31.32157
2025-04-28,2025-04-25,har_garch,1,25.15000,24.79020,True,21.01748,21.83835,22.62959,23.09677,23.44079,23.72167,23.96567,24.18691,24.39417,24.59363,24.79020,24.98834,25.19266,25.40853,25.64310,25.90686,26.21729,26.60779,27.15710,28.14105,29.24013
2025-04-29,2025-04-28,har_garch,1,24.17000,25.05482,True,21.57473,22.33671,23.06858,23.49954,23.81636,24.07469,24.29887,24.50195,24.69203,24.87482,25.05482,25.23612,25.42293,25.62016,25.83428,26.07485,26.35768,26.71303,27.21208,28.10369,29.09626
2025-04-30,2025-04-29,har_garch,1,24.70000,24.17113,True,21.00773,21.70296,22.36931,22.76107,23.04876,23.28318,23.48647,23.67053,23.84272,24.00822,24.17113,24.33515,24.50407,24.68233,24.87576,25.09295,25.34816,25.66856,26.11809,26.92000,27.81089
2025-05-01,2025-04-30,har_garch,1,24.60000,24.63821,True,21.60853,22.27681,22.91600,23.29120,23.56646,23.79058,23.98483,24.16060,24.32495,24.48285,24.63821,24.79455,24.95550,25.12526,25.30939,25.51603,25.75869,26.06312,26.48984,27.24992,28.09267
2025-05-02,2025-05-01,har_garch,1,22.68000,24.54755,True,21.70364,22.33307,22.93394,23.28613,23.54428,23.75432,23.93625,24.10080,24.25460,24.40229,24.54755,24.69367,24.84403,25.00257,25.17445,25.36726,25.59356,25.87729,26.27468,26.98161,27.76411
2025-05-05,2025-05-02,har_garch,1,23.64000,22.81850,True,19.95017,20.58204,21.18685,21.54207,21.80277,22.01508,22.19913,22.36571,22.52150,22.67119,22.81850,22.96676,23.11941,23.28045,23.45515,23.65124,23.88155,24.17056,24.57580,25.29798,26.09923
2025-05-06,2025-05-05,har_garch,1,24.76000,23.68102,True,20.81399,21.44684,22.05191,22.40697,22.66741,22.87943,23.06316,23.22940,23.38483,23.53413,23.68102,23.82882,23.98096,24.14142,24.31543,24.51070,24.73996,25.02752,25.43048,26.14794,26.94297
2025-05-07,2025-05-06,har_garch,1,23.55000,24.67337,True,21.72791,22.37841,23.00017,23.36495,23.63248,23.85025,24.03895,24.20966,24.36926,24.52256,24.67337,24.82510,24.98127,25.14595,25.32453,25.52489,25.76010,26.05506,26.46828,27.20368,28.01811
2025-05-08,2025-05-07,har_garch,1,22.48000,23.54095,True,20.74874,21.36553,21.95500,22.30080,22.55440,22.76082,22.93967,23.10148,23.25274,23.39803,23.54095,23.68474,23.83272,23.98877,24.15798,24.34781,24.57064,24.85006,25.24146,25.93786,26.70891
2025-05-09,2025-05-08,har_garch,1,21.90000,22.52418,True,19.86779,20.45470,21.01554,21.34452,21.58578,21.78214,21.95227,22.10618,22.25006,22.38825,22.52418,22.66093,22.80167,22.95008,23.11098,23.29150,23.50337,23.76903,24.14111,24.80303,25.53573
2025-05-12,2025-05-09,har_garch,1,18.39000,21.94517,True,19.43896,19.99366,20.52319,20.83357,21.06108,21.24618,21.40652,21.55152,21.68705,21.81719,21.94517,22.07390,22.20636,22.34600,22.49737,22.66714,22.86636,23.11607,23.46566,24.08715,24.77449
2025-05-13,2025-05-12,har_garch,1,18.22000,18.72204,True,15.54312,16.22955,16.89403,17.28762,17.57805,17.81554,18.02211,18.20964,18.38550,18.55491,18.72204,18.89068,19.06474,19.24886,19.44915,19.67467,19.94048,20.27547,20.74785,21.59732,22.55111
2025-05-14,2025-05-13,har_garch,1,18.62000,18.49660,True,15.64872,16.26841,16.86570,17.21834,17.47800,17.69001,17.87418,18.04118,18.19763,18.34820,18.49660,18.64621,18.80049,18.96352,19.14070,19.33997,19.57456,19.86976,20.28521,21.02998,21.86277
2025-05-15,2025-05-14,har_garch,1,17.83000,18.80022,True,16.16336,16.74094,17.29556,17.62208,17.86209,18.05778,18.22759,18.38142,18.52540,18.66386,18.80022,18.93757,19.07911,19.22856,19.39083,19.57318,19.78762,20.05712,20.43577,21.11280,21.86724
2025-05-16,2025-05-15,har_garch,1,17.24000,18.03647,True,15.59908,16.13416,16.64732,16.94914,17.17087,17.35157,17.50831,17.65025,17.78307,17.91075,18.03647,18.16306,18.29347,18.43113,18.58055,18.74840,18.94570,19.19354,19.54153,20.16307,20.85470
2025-05-19,2025-05-16,har_garch,1,18.14000,17.45293,True,15.18831,15.68665,16.16393,16.44437,16.65024,16.81795,16.96336,17.09499,17.21812,17.33645,17.45293,17.57018,17.69093,17.81836,17.95662,18.11188,18.29431,18.52334,18.84471,19.41808,20.05521
2025-05-20,2025-05-19,har_garch,1,18.09000,18.23539,True,15.96191,16.46330,16.94291,17.22445,17.43101,17.59920,17.74497,17.87689,18.00025,18.11877,18.23539,18.35276,18.47360,18.60108,18.73936,18.89458,19.07689,19.30566,19.62646,20.19822,20.83269
2025-05-21,2025-05-20,har_garch,1,20.87000,18.16424,True,16.02895,16.50148,16.95260,17.21702,17.41085,17.56855,17.70516,17.82873,17.94422,18.05514,18.16424,18.27399,18.38695,18.50606,18.63521,18.78012,18.95023,19.16356,19.46247,19.99454,20.58397
2025-05-22,2025-05-21,har_garch,1,20.28000,20.62433,True,17.49579,18.17747,18.83399,19.22138,19.50653,19.73928,19.94143,20.12470,20.29636,20.46154,20.62433,20.78841,20.95760,21.13637,21.33061,21.54906,21.80618,22.12967,22.58485,23.40056,24.31230
2025-05-23,2025-05-22,har_garch,1,22.29000,20.09148,True,17.29903,17.91120,18.49875,18.84453,19.09864,19.30580,19.48553,19.64833,19.80070,19.94720,20.09148,20.23680,20.38653,20.54462,20.71627,20.90914,21.13593,21.42094,21.82134,22.53716,23.33469
2025-05-27,2025-05-23,har_garch,1,18.96000,21.87452,True,18.61001,19.32194,20.00727,20.41151,20.70899,20.95176,21.16258,21.35367,21.53265,21.70485,21.87452,22.04552,22.22182,22.40807,22.61042,22.83793,23.10565,23.44240,23.91604,24.76432,25.71168
2025-05-28,2025-05-27,har_garch,1,19.31000,18.91664,True,15.67567,16.37505,17.05231,17.45358,17.74972,17.99191,18.20260,18.39388,18.57328,18.74611,18.91664,19.08871,19.26634,19.45425,19.65868,19.88889,20.16027,20.50233,20.98479,21.85271,22.82768
2025-05-29,2025-05-28,har_garch,1,19.18000,19.22072,True,16.24485,16.89219,17.51624,17.88472,18.15607,18.37764,18.57012,18.74467,18.90820,19.06558,19.22072,19.37711,19.53841,19.70886,19.89411,20.10248,20.34779,20.65652,21.09106,21.87022,22.74173
2025-05-30,2025-05-29,har_garch,1,18.57000,19.08285,True,16.39311,16.98212,17.54780,17.88087,18.12570,18.32534,18.49859,18.65553,18.80244,18.94371,19.08285,19.22301,19.36744,19.51995,19.68556,19.87167,20.09053,20.36562,20.75217,21.44344,22.21391
2025-06-02,2025-05-30,har_garch,1,18.36000,18.51843,True,16.08228,16.61814,17.13147,17.43314,17.65463,17.83507,17.99153,18.13318,18.26570,18.39306,18.51843,18.64465,18.77466,18.91186,19.06076,19.22798,19.42450,19.67128,20.01768,20.63602,21.32361
2025-06-03,2025-06-02,har_garch,1,17.69000,18.29882,True,16.05037,16.54700,17.02163,17.30006,17.50425,17.67046,17.81448,17.94479,18.06663,18.18367,18.29882,18.41470,18.53399,18.65983,18.79632,18.94952,19.12946,19.35524,19.67184,20.23610,20.86224
2025-06-04,2025-06-03,har_garch,1,17.61000,17.67903,True,15.57887,16.04362,16.48730,16.74737,16.93800,17.09310,17.22747,17.34900,17.46261,17.57171,17.67903,17.78701,17.89814,18.01534,18.14243,18.28504,18.45249,18.66252,18.95690,19.48115,20.06231
2025-06-05,2025-06-04,har_garch,1,18.48000,17.58720,True,15.59940,16.04051,16.46097,16.70712,16.88741,17.03402,17.16096,17.27574,17.38299,17.48595,17.58720,17.68904,17.79381,17.90428,18.02402,18.15835,18.31599,18.51364,18.79049,19.28302,19.82830
2025-06-06,2025-06-05,har_garch,1,16.77000,18.34522,True,16.23739,16.70458,17.15020,17.41122,17.60246,17.75802,17.89273,18.01456,18.12840,18.23772,18.34522,18.45336,18.56464,18.68196,18.80916,18.95185,19.11933,19.32934,19.62352,20.14700,20.72669
2025-06-09,2025-06-06,har_garch,1,17.16000,16.79568,True,14.63188,15.10838,15.56456,15.83251,16.02917,16.18935,16.32823,16.45392,16.57150,16.68448,16.79568,16.90762,17.02290,17.14454,17.27652,17.42472,17.59884,17.81745,18.12418,18.67142,19.27947
2025-06-10,2025-06-09,har_garch,1,16.95000,17.12304,True,15.03947,15.49983,15.93972,16.19773,16.38694,16.54094,16.67437,16.79510,16.90796,17.01638,17.12304,17.23037,17.34085,17.45739,17.58378,17.72563,17.89221,18.10121,18.39421,18.91624,19.49526
2025-06-11,2025-06-10,har_garch,1,17.26000,16.91892,True,14.96556,15.39845,15.81138,16.05327,16.23051,16.37467,16.49953,16.61243,16.71795,16.81928,16.91892,17.01916,17.12231,17.23106,17.34898,17.48126,17.63654,17.83125,18.10404,18.58953,19.12724
2025-06-12,2025-06-11,har_garch,1,18.02000,17.18167,True,15.26535,15.69080,16.09622,16.33352,16.50731,16.64862,16.77096,16.88157,16.98491,17.08412,17.18167,17.27978,17.38071,17.48711,17.60244,17.73179,17.88359,18.07387,18.34032,18.81420,19.33855
2025-06-13,2025-06-12,har_garch,1,20.82000,17.85217,True,15.82784,16.27674,16.70480,16.95548,17.13912,17.28849,17.41782,17.53477,17.64406,17.74899,17.85217,17.95595,18.06273,18.17531,18.29734,18.43423,18.59488,18.79628,19.07835,19.58008,20.13541
2025-06-16,2025-06-13,har_garch,1,19.11000,20.33753,True,17.14501,17.83928,18.50867,18.90396,19.19508,19.43279,19.63932,19.82662,20.00210,20.17102,20.33753,20.50542,20.67858,20.86161,21.06056,21.28439,21.54798,21.87981,22.34710,23.18564,24.12453
2025-06-17,2025-06-16,har_garch,1,21.60000,18.85050,True,16.02924,16.64482,17.23722,17.58656,17.84360,18.05335,18.23548,18.40056,18.55517,18.70392,18.85050,18.99822,19.15053,19.31144,19.48627,19.68285,19.91422,20.20528,20.61477,21.34846,22.16832
2025-06-18,2025-06-17,har_garch,1,20.14000,21.06398,True,17.51018,18.27837,19.02154,19.46155,19.78612,20.05148,20.28226,20.49173,20.68815,20.87734,21.06398,21.25229,21.44665,21.65222,21.87583,22.12761,22.42437,22.79836,23.32573,24.27412,25.33904
2025-06-20,2025-06-18,har_garch,1,20.62000,19.81231,True,16.73331,17.40311,18.04878,18.43003,18.71078,18.94001,19.13916,19.31975,19.48895,19.65179,19.81231,19.97414,20.14103,20.31742,20.50913,20.72478,20.97869,21.29826,21.74815,22.55503,23.45785
2025-06-23,2025-06-20,har_garch,1,19.83000,20.25415,True,17.33054,17.96979,18.58424,18.94626,19.21249,19.42964,19.61813,19.78893,19.94883,20.10264,20.25415,20.40680,20.56414,20.73031,20.91078,21.11364,21.35228,21.65232,22.07411,22.82891,23.67096
2025-06-24,2025-06-23,har_garch,1,17.48000,19.56065,True,16.94796,17.52215,18.07248,18.39601,18.63360,18.82720,18.99509,19.14711,19.28934,19.42605,19.56065,19.69617,19.83577,19.98311,20.14304,20.32267,20.53381,20.79901,21.17135,21.83629,22.57611
2025-06-25,2025-06-24,har_garch,1,16.76000,17.46245,True,14.85793,15.42616,15.97302,16.29553,16.53284,16.72649,16.89464,17.04706,17.18980,17.32713,17.46245,17.59883,17.73944,17.88798,18.04935,18.23081,18.44434,18.71294,19.09077,19.76755,20.52354
2025-06-26,2025-06-25,har_garch,1,16.59000,16.78857,True,14.44304,14.95704,15.45047,15.74092,15.95438,16.12841,16.27941,16.41620,16.54422,16.66733,16.78857,16.91069,17.03652,17.16938,17.31364,17.47575,17.66637,17.90595,18.24255,18.84437,19.51500
2025-06-27,2025-06-26,har_garch,1,16.32000,16.60686,True,14.45875,14.93182,15.38470,15.65070,15.84593,16.00494,16.14280,16.26758,16.38430,16.49646,16.60686,16.71799,16.83244,16.95321,17.08426,17.23141,17.40432,17.62143,17.92611,18.46980,19.07411
2025-06-30,2025-06-27,har_garch,1,16.73000,16.34003,True,14.35097,14.79062,15.21062,15.45692,15.63752,15.78451,15.91186,16.02707,16.13478,16.23825,16.34003,16.44246,16.54790,16.65911,16.77973,16.91511,17.07411,17.27360,17.55331,18.05177,18.60479
2025-07-01,2025-06-30,har_garch,1,16.83000,16.68603,True,14.74065,15.17164,15.58283,15.82373,16.00025,16.14385,16.26822,16.38069,16.48581,16.58675,16.68603,16.78590,16.88868,16.99706,17.11458,17.24642,17.40120,17.59532,17.86733,18.35158,18.88816
2025-07-02,2025-07-01,har_garch,1,16.64000,16.76590,True,14.89544,15.31085,15.70662,15.93823,16.10784,16.24574,16.36513,16.47306,16.57391,16.67072,16.76590,16.86163,16.96012,17.06394,17.17649,17.30271,17.45085,17.63655,17.89663,18.35923,18.87124
2025-07-03,2025-07-02,har_garch,1,16.38000,16.59101,True,14.80271,15.20062,15.57931,15.80075,15.96282,16.09455,16.20855,16.31159,16.40783,16.50021,16.59101,16.68232,16.77624,16.87523,16.98250,17.10279,17.24393,17.42080,17.66841,18.10858,18.59535
2025-07-07,2025-07-03,har_garch,1,17.79000,16.36010,False,14.04092,14.58944,15.09263,15.37821,15.58352,15.74837,15.88986,16.01700,16.13533,16.24869,16.36010,16.47227,16.58800,16.71054,16.84425,16.99558,17.17538,17.40468,17.73401,18.34565,19.06234
2025-07-08,2025-07-07,har_garch,1,16.81000,17.61178,True,15.48141,15.95254,16.40248,16.66627,16.85967,17.01706,17.15341,17.27676,17.39206,17.50282,17.61178,17.72141,17.83426,17.95329,18.08239,18.22728,18.39743,18.61092,18.91023,19.44360,20.03530
2025-07-09,2025-07-08,har_garch,1,15.94000,16.74108,True,14.73511,15.17891,15.60266,15.85105,16.03314,16.18130,16.30966,16.42576,16.53430,16.63854,16.74108,16.84425,16.95044,17.06244,17.18391,17.32021,17.48027,17.68107,17.96256,18.46401,19.02013
2025-07-10,2025-07-09,har_garch,1,15.78000,15.95481,True,14.04732,14.46934,14.87229,15.10849,15.28164,15.42253,15.54458,15.65499,15.75819,15.85731,15.95481,16.05292,16.15389,16.26038,16.37587,16.50547,16.65764,16.84855,17.11614,17.59279,18.12132
2025-07-11,2025-07-10,har_garch,1,16.40000,15.80497,True,14.00483,14.40419,14.78491,15.00781,15.17109,15.30388,15.41886,15.52282,15.61997,15.71324,15.80497,15.89723,15.99215,16.09224,16.20074,16.32246,16.46533,16.64446,16.89541,17.34197,17.83649
2025-07-14,2025-07-11,har_garch,1,17.20000,16.35614,True,14.51052,14.92009,15.31047,15.53902,15.70641,15.84254,15.96040,16.06697,16.16654,16.26214,16.35614,16.45069,16.54797,16.65053,16.76170,16.88640,17.03275,17.21624,17.47323,17.93042,18.43652
2025-07-15,2025-07-14,har_garch,1,17.38000,17.06442,True,15.10266,15.53744,15.95216,16.19508,16.37308,16.51787,16.64325,16.75664,16.86261,16.96436,17.06442,17.16508,17.26865,17.37786,17.49625,17.62907,17.78496,17.98043,18.25424,18.74148,19.28101
2025-07-16,2025-07-15,har_garch,1,17.16000,17.22707,True,15.31462,15.73924,16.14385,16.38067,16.55411,16.69513,16.81722,16.92760,17.03073,17.12973,17.22707,17.32497,17.42568,17.53184,17.64691,17.77596,17.92739,18.11721,18.38298,18.85555,19.37835
2025-07-17,2025-07-16,har_garch,1,16.52000,17.03590,True,15.20849,15.61499,16.00193,16.22821,16.39385,16.52848,16.64500,16.75031,16.84868,16.94309,17.03590,17.12922,17.22521,17.32637,17.43599,17.55891,17.70310,17.88379,18.13669,18.58611,19.08290
2025-07-18,2025-07-17,har_garch,1,16.41000,16.46048,True,14.69875,15.09071,15.46376,15.68191,15.84158,15.97136,16.08368,16.18519,16.28002,16.37102,16.46048,16.55043,16.64294,16.74045,16.84611,16.96458,17.10355,17.27770,17.52145,17.95458,18.43336
2025-07-21,2025-07-18,har_garch,1,16.65000,16.35560,True,14.64968,15.02976,15.39121,15.60245,15.75701,15.88259,15.99125,16.08943,16.18113,16.26912,16.35560,16.44255,16.53196,16.62618,16.72826,16.84271,16.97694,17.14511,17.38042,17.79840,18.26018
2025-07-22,2025-07-21,har_garch,1,16.50000,16.55418,True,14.84628,15.22702,15.58898,15.80046,15.95517,16.08086,16.18960,16.28786,16.37962,16.46766,16.55418,16.64117,16.73061,16.82486,16.92697,17.04144,17.17569,17.34386,17.57915,17.99703,18.45857
2025-07-23,2025-07-22,har_garch,1,15.37000,16.40769,True,14.74291,15.11440,15.46736,15.67350,15.82426,15.94672,16.05265,16.14835,16.23771,16.32344,16.40769,16.49238,16.57945,16.67120,16.77058,16.88199,17.01263,17.17627,17.40518,17.81165,18.26046
2025-07-24,2025-07-23,har_garch,1,15.39000,15.38047,True,13.66134,14.04312,14.40687,14.61974,14.77563,14.90238,15.01211,15.11131,15.20400,15.29298,15.38047,15.46846,15.55898,15.65442,15.75786,15.87390,16.01006,16.18078,16.41986,16.84517,17.31593
2025-07-25,2025-07-24,har_garch,1,14.93000,15.38200,True,13.72503,14.09376,14.44466,14.64983,14.79999,14.92204,15.02766,15.12312,15.21229,15.29787,15.38200,15.46659,15.55360,15.64530,15.74469,15.85613,15.98689,16.15076,16.38016,16.78799,17.23901
2025-07-28,2025-07-25,har_garch,1,15.03000,14.95748,True,13.35490,13.71164,14.05106,14.24950,14.39472,14.51274,14.61488,14.70718,14.79340,14.87614,14.95748,15.03926,15.12338,15.21203,15.30811,15.41584,15.54223,15.70063,15.92236,16.31651,16.75236
2025-07-29,2025-07-28,har_garch,1,15.98000,15.03480,True,13.46567,13.81547,14.14801,14.34231,14.48444,14.59991,14.69982,14.79010,14.87440,14.95530,15.03480,15.11474,15.19694,15.28356,15.37742,15.48265,15.60608,15.76074,15.97718,16.36175,16.78679
2025-07-30,2025-07-29,har_garch,1,15.48000,15.87590,True,14.09495,14.49040,14.86720,15.08773,15.24923,15.38054,15.49423,15.59702,15.69305,15.78525,15.87590,15.96708,16.06088,16.15977,16.26697,16.38721,16.52833,16.70525,16.95305,17.39388,17.88189
2025-07-31,2025-07-30,har_garch,1,16.72000,15.43007,True,13.73783,14.11405,14.47226,14.68180,14.83521,14.95991,15.06785,15.16542,15.25657,15.34406,15.43007,15.51657,15.60555,15.69935,15.80101,15.91502,16.04879,16.21648,16.45128,16.86881,17.33077
2025-08-01,2025-07-31,har_garch,1,20.38000,16.53476,True,14.51684,14.96277,15.38883,15.63871,15.82194,15.97107,16.10029,16.21719,16.32649,16.43147,16.53476,16.63870,16.74570,16.85856,16.98097,17.11835,17.27970,17.48216,17.76603,18.27191,18.83319
2025-08-04,2025-08-01,har_garch,1,17.52000,19.76882,True,16.00354,16.81018,17.59447,18.06055,18.40518,18.68744,18.93331,19.15677,19.36659,19.56895,19.76882,19.97073,20.17941,20.40043,20.64121,20.91278,21.23350,21.63867,22.21189,23.24820,24.41999
2025-08-05,2025-08-04,har_garch,1,17.85000,17.28815,True,13.99948,14.70388,15.38884,15.79594,16.09696,16.34352,16.55829,16.75349,16.93678,17.11355,17.28815,17.46452,17.64680,17.83986,18.05018,18.28738,18.56749,18.92132,19.42186,20.32660,21.34937
2025-08-06,2025-08-05,har_garch,1,16.77000,17.59197,True,14.58788,15.23752,15.86585,16.23777,16.51208,16.73632,16.93134,17.10835,17.27434,17.43423,17.59197,17.75114,17.91545,18.08927,18.27838,18.49137,18.74250,19.05912,19.50589,20.31023,21.21470
2025-08-07,2025-08-06,har_garch,1,16.57000,16.64349,True,14.02406,14.59416,15.14356,15.46788,15.70667,15.90163,16.07099,16.22457,16.36846,16.50696,16.64349,16.78115,16.92314,17.07322,17.23638,17.41996,17.63618,17.90845,18.29198,18.98059,19.75218
2025-08-08,2025-08-07,har_garch,1,15.15000,16.46495,True,14.11309,14.62856,15.12335,15.41454,15.62855,15.80302,15.95441,16.09155,16.21991,16.34336,16.46495,16.58745,16.71369,16.84702,16.99183,17.15461,17.34612,17.58694,17.92557,18.53187,19.20873
2025-08-11,2025-08-08,har_garch,1,16.25000,15.17646,True,12.97675,13.45828,13.92082,14.19318,14.39341,14.55668,14.69839,14.82678,14.94698,15.06258,15.17646,15.29120,15.40947,15.53439,15.67008,15.82263,16.00212,16.22787,16.54537,17.11400,17.74905
2025-08-12,2025-08-11,har_garch,1,14.73000,16.15116,True,13.85435,14.35759,14.84073,15.12512,15.33414,15.50456,15.65244,15.78641,15.91180,16.03239,16.15116,16.27081,16.39412,16.52434,16.66577,16.82472,17.01171,17.24680,17.57730,18.16879,18.82874
2025-08-13,2025-08-12,har_garch,1,14.49000,14.77918,True,12.60136,13.07725,13.53484,13.80450,14.00284,14.16463,14.30509,14.43238,14.55156,14.66622,14.77918,14.89301,15.01036,15.13432,15.26898,15.42039,15.59857,15.82268,16.13792,16.70260,17.33339
2025-08-14,2025-08-13,har_garch,1,14.83000,14.54679,True,12.57282,13.00659,13.42234,13.66676,13.84627,13.99253,14.11939,14.23426,14.34174,14.44506,14.54679,14.64923,14.75476,14.86617,14.98712,15.12299,15.28274,15.48347,15.76543,16.26937,16.83066
2025-08-15,2025-08-14,har_garch,1,15.09000,14.83608,True,12.95727,13.37187,13.76831,14.00095,14.17161,14.31054,14.43096,14.53993,14.64183,14.73973,14.83608,14.93305,15.03290,15.13826,15.25256,15.38091,15.53170,15.72101,15.98665,16.46061,16.98731
2025-08-18,2025-08-15,har_garch,1,14.99000,15.06194,True,13.26137,13.66003,14.04050,14.26345,14.42685,14.55979,14.67495,14.77910,14.87646,14.96996,15.06194,15.15448,15.24972,15.35018,15.45913,15.58140,15.72498,15.90512,16.15768,16.60772,17.10697
2025-08-19,2025-08-18,har_garch,1,15.57000,14.96289,True,13.26381,13.64108,14.00055,14.21094,14.36501,14.49028,14.59874,14.69680,14.78843,14.87639,14.96289,15.04990,15.13942,15.23380,15.33613,15.45092,15.58566,15.75464,15.99138,16.41278,16.87963
2025-08-20,2025-08-19,har_garch,1,15.69000,15.48003,True,13.72916,14.11792,14.48835,14.70515,14.86392,14.99302,15.10479,15.20584,15.30026,15.39090,15.48003,15.56969,15.66193,15.75918,15.86460,15.98287,16.12169,16.29575,16.53960,16.97356,17.45420
2025-08-21,2025-08-20,har_garch,1,16.60000,15.58978,True,13.88759,14.26625,14.62667,14.83744,14.99171,15.11710,15.22563,15.32373,15.41536,15.50331,15.58978,15.67673,15.76617,15.86045,15.96264,16.07724,16.21171,16.38027,16.61631,17.03610,17.50061
2025-08-22,2025-08-21,har_garch,1,14.22000,16.40312,True,14.50095,14.92262,15.32478,15.56032,15.73289,15.87325,15.99481,16.10473,16.20746,16.30610,16.40312,16.50071,16.60114,16.70703,16.82185,16.95067,17.10190,17.29156,17.55733,18.03049,18.55480
2025-08-25,2025-08-22,har_garch,1,14.79000,14.28185,True,12.09484,12.57169,13.03076,13.30155,13.50083,13.66347,13.80471,13.93275,14.05269,14.16810,14.28185,14.39650,14.51474,14.63968,14.77547,14.92821,15.10805,15.33439,15.65304,16.22464,16.86431
2025-08-26,2025-08-25,har_garch,1,14.62000,14.78852,True,12.69268,13.15208,13.59303,13.85254,14.04325,14.19872,14.33362,14.45582,14.57020,14.68020,14.78852,14.89765,15.01012,15.12888,15.25786,15.40283,15.57335,15.78775,16.08916,16.62858,17.23044
2025-08-27,2025-08-26,har_garch,1,14.85000,14.63158,True,12.71814,13.13977,13.54326,13.78018,13.95404,14.09564,14.21838,14.32949,14.43341,14.53328,14.63158,14.73054,14.83247,14.94004,15.05678,15.18790,15.34201,15.53558,15.80736,16.29276,16.83290
2025-08-28,2025-08-27,har_garch,1,14.43000,14.83207,True,13.01416,13.41628,13.80026,14.02536,14.19037,14.32465,14.44098,14.54621,14.64460,14.73910,14.83207,14.92563,15.02194,15.12354,15.23375,15.35747,15.50279,15.68518,15.94102,16.39726,16.90392
2025-08-29,2025-08-28,har_garch,1,15.36000,14.44354,True,12.74440,13.12112,13.48037,13.69076,13.84489,13.97026,14.07882,14.17701,14.26876,14.35688,14.44354,14.53073,14.62046,14.71509,14.81770,14.93286,15.06808,15.23772,15.47553,15.89924,16.36922
2025-09-02,2025-08-29,har_garch,1,17.17000,15.27576,True,13.42420,13.83388,14.22502,14.45429,14.62234,14.75909,14.87755,14.98471,15.08489,15.18111,15.27576,15.37100,15.46905,15.57246,15.68462,15.81052,15.95837,16.14392,16.40411,16.86792,17.38270
2025-09-03,2025-09-02,har_garch,1,16.35000,16.88393,True,14.45774,14.98895,15.49916,15.79957,16.02040,16.20048,16.35676,16.49835,16.63089,16.75836,16.88393,17.01043,17.14082,17.27852,17.42808,17.59621,17.79400,18.04271,18.39242,19.01847,19.71726
2025-09-04,2025-09-03,har_garch,1,15.30000,16.16141,True,13.99306,14.46995,14.92682,15.19531,15.39244,15.55304,15.69232,15.81841,15.93638,16.04977,16.16141,16.27382,16.38961,16.51184,16.64452,16.79357,16.96879,17.18893,17.49810,18.05058,18.66575
2025-09-05,2025-09-04,har_garch,1,15.18000,15.22964,True,13.23290,13.67260,14.09355,14.34079,14.52226,14.67007,14.79822,14.91421,15.02272,15.12700,15.22964,15.33298,15.43942,15.55175,15.67365,15.81056,15.97148,16.17359,16.45732,16.96400,17.52769
2025-09-08,2025-09-05,har_garch,1,15.11000,15.11986,True,13.26954,13.67871,14.06949,14.29860,14.46657,14.60327,14.72170,14.82884,14.92900,15.02521,15.11986,15.21512,15.31317,15.41660,15.52880,15.65474,15.80266,15.98830,16.24866,16.71286,17.22820
2025-09-09,2025-09-08,har_garch,1,15.04000,15.05199,True,13.31028,13.69667,14.06502,14.28068,14.43865,14.56712,14.67837,14.77896,14.87296,14.96322,15.05199,15.14128,15.23317,15.33007,15.43512,15.55300,15.69139,15.86497,16.10823,16.54143,17.02162
2025-09-10,2025-09-09,har_garch,1,15.35000,14.97599,True,13.31802,13.68673,14.03773,14.24302,14.39329,14.51544,14.62117,14.71674,14.80603,14.89173,14.97599,15.06072,15.14790,15.23979,15.33941,15.45114,15.58227,15.74667,15.97695,16.38669,16.84036
2025-09-11,2025-09-10,har_garch,1,14.71000,15.24665,True,13.59080,13.95937,14.31006,14.51509,14.66513,14.78708,14.89261,14.98799,15.07708,15.16259,15.24665,15.33117,15.41812,15.50977,15.60910,15.72050,15.85122,16.01508,16.24453,16.65263,17.10423
2025-09-12,2025-09-11,har_garch,1,14.76000,14.67202,True,13.07464,13.43015,13.76844,13.96622,14.11098,14.22862,14.33044,14.42246,14.50841,14.59091,14.67202,14.75357,14.83747,14.92589,15.02174,15.12923,15.25536,15.41348,15.63489,16.02871,16.46455
2025-09-15,2025-09-12,har_garch,1,15.69000,14.71448,True,13.15866,13.50547,13.83518,14.02782,14.16874,14.28323,14.38230,14.47181,14.55541,14.63563,14.71448,14.79375,14.87529,14.96121,15.05433,15.15874,15.28123,15.43475,15.64966,16.03171,16.45424
2025-09-16,2025-09-15,har_garch,1,16.36000,15.54400,True,13.76987,14.16368,14.53898,14.75865,14.91954,15.05037,15.16365,15.26606,15.36177,15.45365,15.54400,15.63488,15.72840,15.82700,15.93390,16.05382,16.19460,16.37114,16.61850,17.05884,17.54671
2025-09-17,2025-09-16,har_garch,1,15.72000,16.14551,True,14.27188,14.68726,15.08340,15.31541,15.48538,15.62363,15.74336,15.85162,15.95280,16.04996,16.14551,16.24163,16.34055,16.44485,16.55794,16.68482,16.83378,17.02061,17.28241,17.74854,18.26512
2025-09-18,2025-09-17,har_garch,1,15.70000,15.58516,True,13.82819,14.21833,14.59005,14.80761,14.96693,15.09647,15.20863,15.31002,15.40477,15.49572,15.58516,15.67511,15.76766,15.86523,15.97101,16.08966,16.22892,16.40354,16.64813,17.08338,17.56536
2025-09-19,2025-09-18,har_garch,1,15.45000,15.57464,True,13.88311,14.25947,14.61766,14.82711,14.98041,15.10501,15.21284,15.31031,15.40135,15.48874,15.57464,15.66102,15.74988,15.84354,15.94504,16.05888,16.19245,16.35987,16.59428,17.01111,17.47227
2025-09-22,2025-09-19,har_garch,1,16.10000,15.35667,True,13.73498,14.09636,14.43999,14.64079,14.78769,14.90706,15.01034,15.10366,15.19082,15.27446,15.35667,15.43933,15.52434,15.61392,15.71100,15.81985,15.94755,16.10756,16.33155,16.72967,17.16984
2025-09-23,2025-09-22,har_garch,1,16.64000,15.93426,True,14.19369,14.58079,14.94929,15.16482,15.32259,15.45082,15.56182,15.66215,15.75587,15.84583,15.93426,16.02320,16.11468,16.21111,16.31562,16.43283,16.57036,16.74275,16.98413,17.41338,17.88829
2025-09-24,2025-09-23,har_garch,1,16.18000,16.41126,True,14.59302,14.99699,15.38177,15.60692,15.77177,15.90580,16.02183,16.12672,16.22471,16.31878,16.41126,16.50427,16.59996,16.70083,16.81016,16.93279,17.07668,17.25706,17.50966,17.95891,18.45605
2025-09-25,2025-09-24,har_garch,1,16.74000,16.01477,True,14.29242,14.67571,15.04045,15.25372,15.40981,15.53667,15.64646,15.74569,15.83837,15.92733,16.01477,16.10269,16.19313,16.28845,16.39175,16.50758,16.64348,16.81379,17.05220,17.47601,17.94467
2025-09-26,2025-09-25,har_garch,1,15.29000,16.51901,True,14.70472,15.10792,15.49192,15.71658,15.88106,16.01478,16.13054,16.23517,16.33292,16.42676,16.51901,16.61178,16.70721,16.80781,16.91684,17.03911,17.18258,17.36241,17.61420,18.06190,18.55715
2025-09-29,2025-09-26,har_garch,1,16.12000,15.23969,True,13.39418,13.80218,14.19190,14.42043,14.58799,14.72435,14.84250,14.94938,15.04930,15.14527,15.23969,15.33470,15.43249,15.53564,15.64751,15.77306,15.92051,16.10549,16.36484,16.82692,17.33949
2025-09-30,2025-09-29,har_garch,1,16.28000,15.97815,True,14.02730,14.45822,14.87005,15.11162,15.28879,15.43300,15.55796,15.67101,15.77671,15.87825,15.97815,16.07867,16.18215,16.29130,16.40969,16.54255,16.69858,16.89436,17.16882,17.65786,18.20031
2025-10-01,2025-09-30,har_garch,1,16.29000,16.12309,True,14.24851,14.66370,15.05988,15.29201,15.46213,15.60052,15.72039,15.82879,15.93011,16.02740,16.12309,16.21935,16.31841,16.42286,16.53611,16.66317,16.81231,16.99934,17.26137,17.72774,18.24431
2025-10-02,2025-10-01,har_garch,1,16.63000,16.13528,True,14.33885,14.73766,15.11771,15.34017,15.50309,15.63556,15.75025,15.85394,15.95082,16.04383,16.13528,16.22725,16.32186,16.42160,16.52971,16.65097,16.79325,16.97160,17.22133,17.66543,18.15677
2025-10-03,2025-10-02,har_garch,1,16.65000,16.43288,True,14.62888,15.02961,15.41136,15.63475,15.79833,15.93133,16.04646,16.15054,16.24778,16.34112,16.43288,16.52517,16.62010,16.72016,16.82861,16.95023,17.09292,17.27176,17.52212,17.96717,18.45935
2025-10-06,2025-10-03,har_garch,1,16.37000,16.45878,True,14.70250,15.09320,15.46508,15.68256,15.84175,15.97114,16.08312,16.18432,16.27886,16.36959,16.45878,16.54845,16.64068,16.73788,16.84321,16.96131,17.09984,17.27341,17.51632,17.94791,18.42485
2025-10-07,2025-10-06,har_garch,1,17.24000,16.21660,True,14.52898,14.90493,15.26248,15.47146,15.62436,15.74861,15.85611,15.95326,16.04398,16.13104,16.21660,16.30262,16.39108,16.48430,16.58529,16.69851,16.83129,16.99763,17.23037,17.64371,18.10025
2025-10-08,2025-10-07,har_garch,1,16.30000,16.99311,True,15.08949,15.51185,15.91447,16.15020,16.32287,16.46329,16.58488,16.69481,16.79753,16.89614,16.99311,17.09063,17.19096,17.29673,17.41138,17.53997,17.69086,17.88000,18.14485,18.61581,19.13688
2025-10-09,2025-10-08,har_garch,1,16.43000,16.16929,True,14.35269,14.75567,15.13986,15.36481,15.52960,15.66361,15.77965,15.88457,15.98261,16.07674,16.16929,16.26237,16.35814,16.45911,16.56854,16.69129,16.83533,17.01589,17.26872,17.71834,18.21581
2025-10-10,2025-10-09,har_garch,1,21.66000,16.28721,True,14.51537,14.90908,15.28407,15.50348,15.66413,15.79474,15.90780,16.00999,16.10547,16.19711,16.28721,16.37780,16.47100,16.56922,16.67567,16.79503,16.93507,17.11055,17.35618,17.79272,18.27532
2025-10-13,2025-10-10,har_garch,1,19.03000,20.87449,True,16.11149,17.11397,18.09833,18.68764,19.12542,19.48526,19.79963,20.08612,20.35577,20.61644,20.87449,21.13577,21.40643,21.69380,22.00770,22.36277,22.78352,23.31724,24.07650,25.46132,27.04556
2025-10-14,2025-10-13,har_garch,1,20.81000,18.63138,True,14.70259,15.53682,16.35195,16.83815,17.19849,17.49416,17.75209,17.98684,18.20754,18.42064,18.63138,18.84452,19.06509,19.29901,19.55422,19.84252,20.18364,20.61558,21.22855,22.34230,23.61000
2025-10-15,2025-10-14,har_garch,1,20.64000,20.21385,True,16.13198,17.00230,17.85075,18.35595,18.72996,19.03659,19.30390,19.54704,19.77548,19.99595,20.21385,20.43413,20.66194,20.90342,21.16670,21.46392,21.81531,22.25981,22.88979,24.03203,25.32856
2025-10-16,2025-10-15,har_garch,1,25.31000,20.10802,True,16.49669,17.27534,18.02968,18.47673,18.80670,19.07662,19.31148,19.52476,19.72485,19.91769,20.10802,20.30018,20.49864,20.70871,20.93742,21.19519,21.49939,21.88334,22.42594,23.40518,24.50993
2025-10-17,2025-10-16,har_garch,1,20.78000,24.19434,True,18.69565,19.85338,20.98996,21.67031,22.17567,22.59103,22.95388,23.28454,23.59574,23.89656,24.19434,24.49583,24.80813,25.13969,25.50184,25.91144,26.39677,27.01235,27.88791,29.48446,31.31029
2025-10-20,2025-10-17,har_garch,1,18.23000,20.31171,True,15.71947,16.68670,17.63606,18.20427,18.62629,18.97313,19.27611,19.55219,19.81200,20.06313,20.31171,20.56337,20.82403,21.10074,21.40295,21.74473,22.14964,22.66312,23.39329,24.72422,26.24551
2025-10-21,2025-10-20,har_garch,1,17.87000,18.08240,True,14.23345,15.04953,15.84759,16.32391,16.67706,16.96691,17.21983,17.45007,17.66655,17.87562,18.08240,18.29156,18.50803,18.73764,18.98817,19.27121,19.60615,20.03032,20.63235,21.72646,22.97215
2025-10-22,2025-10-21,har_garch,1,18.60000,17.75721,True,14.41532,15.13286,15.82964,16.24330,16.54897,16.79923,17.01713,17.21514,17.40100,17.58022,17.75721,17.93598,18.12071,18.31635,18.52947,18.76982,19.05365,19.41222,19.91950,20.83667,21.87384
2025-10-23,2025-10-22,har_garch,1,17.30000,18.39897,True,15.25429,15.93516,16.59323,16.98253,17.26956,17.50415,17.70813,17.89325,18.06683,18.23403,18.39897,18.56540,18.73722,18.91898,19.11676,19.33954,19.60225,19.93355,20.40122,21.24372,22.19193
2025-10-24,2025-10-23,har_garch,1,16.37000,17.21776,True,14.46345,15.06289,15.64057,15.98156,16.23263,16.43761,16.61569,16.77718,16.92850,17.07416,17.21776,17.36257,17.51196,17.66991,17.84164,18.03493,18.26268,18.54958,18.95399,19.68089,20.49658
2025-10-27,2025-10-24,har_garch,1,15.79000,16.37201,True,13.92557,14.46065,14.97485,15.27774,15.50046,15.68211,15.83979,15.98268,16.11648,16.24519,16.37201,16.49982,16.63159,16.77082,16.92211,17.09226,17.29257,17.54466,17.89952,18.53601,19.24824
2025-10-28,2025-10-27,har_garch,1,16.42000,15.84030,True,13.63875,14.12263,14.58634,14.85892,15.05908,15.22218,15.36363,15.49173,15.61159,15.72683,15.84030,15.95460,16.07237,16.19672,16.33176,16.48353,16.66205,16.88651,17.20206,17.76689,18.39723
2025-10-29,2025-10-28,har_garch,1,16.92000,16.39759,True,14.24938,14.72323,15.17642,15.44239,15.63752,15.79639,15.93410,16.05874,16.17531,16.28733,16.39759,16.50859,16.62292,16.74359,16.87455,17.02167,17.19460,17.41187,17.71702,18.26235,18.86965
2025-10-30,2025-10-29,har_garch,1,16.91000,16.83509,True,14.74188,15.20497,15.64712,15.90629,16.09627,16.25086,16.38479,16.50595,16.61922,16.72803,16.83509,16.94283,17.05376,17.17079,17.29776,17.44032,17.60782,17.81812,18.11324,18.63996,19.22551
2025-10-31,2025-10-30,har_garch,1,17.44000,16.82611,True,14.85660,15.29384,15.71047,15.95432,16.13290,16.27812,16.40385,16.51754,16.62378,16.72578,16.82611,16.92704,17.03091,17.14045,17.25924,17.39255,17.54911,17.74554,18.02097,18.51190,19.05671
2025-11-03,2025-10-31,har_garch,1,17.17000,17.30381,True,15.31663,15.75816,16.17868,16.42472,16.60486,16.75132,16.87812,16.99275,17.09986,17.20269,17.30381,17.40553,17.51020,17.62057,17.74024,17.87452,18.03218,18.22995,18.50719,19.00107,19.54880
2025-11-04,2025-11-03,har_garch,1,19.00000,17.07406,True,15.19405,15.61272,16.01095,16.24372,16.41404,16.55245,16.67222,16.78047,16.88159,16.97864,17.07406,17.17001,17.26872,17.37278,17.48558,17.61210,17.76061,17.94684,18.20775,18.67217,19.18668
2025-11-05,2025-11-04,har_garch,1,18.01000,18.70499,True,16.21068,16.76025,17.28620,17.59502,17.82166,18.00623,18.16624,18.31108,18.44658,18.57680,18.70499,18.83406,18.96702,19.10736,19.25971,19.43087,19.63210,19.88497,20.24023,20.87537,21.58309
2025-11-06,2025-11-05,har_garch,1,19.50000,17.84565,True,15.57691,16.07821,16.55718,16.83808,17.04406,17.21171,17.35699,17.48844,17.61136,17.72945,17.84565,17.96262,18.08307,18.21016,18.34807,18.50294,18.68495,18.91352,19.23439,19.80739,20.44484
2025-11-07,2025-11-06,har_garch,1,19.08000,19.17406,True,16.56176,17.13631,17.68672,18.01016,18.24763,18.44110,18.60888,18.76079,18.90292,19.03955,19.17406,19.30953,19.44910,19.59644,19.75641,19.93616,20.14753,20.41318,20.78649,21.45413,22.19841
2025-11-10,2025-11-07,har_garch,1,17.60000,18.82340,True,16.44723,16.97234,17.47402,17.76822,17.98395,18.15953,18.31168,18.44934,18.57805,18.70171,18.82340,18.94587,19.07198,19.20504,19.34941,19.51153,19.70203,19.94123,20.27698,20.87634,21.54285
2025-11-11,2025-11-10,har_garch,1,17.28000,17.52470,True,15.26895,15.76679,16.24277,16.52207,16.72694,16.89373,17.03829,17.16911,17.29145,17.40901,17.52470,17.64115,17.76109,17.88765,18.02499,18.17923,18.36050,18.58817,18.90779,19.47860,20.11369
2025-11-12,2025-11-11,har_garch,1,17.51000,17.22137,True,15.13933,15.60055,16.04058,16.29837,16.48727,16.64094,16.77405,16.89444,17.00697,17.11505,17.22137,17.32834,17.43846,17.55462,17.68061,17.82203,17.98815,18.19663,18.48907,19.01058,19.58973
2025-11-13,2025-11-12,har_garch,1,20.00000,17.41850,True,15.41162,15.85736,16.28199,16.53047,16.71242,16.86036,16.98844,17.10424,17.21245,17.31634,17.41850,17.52127,17.62702,17.73853,17.85944,17.99512,18.15441,18.35424,18.63434,19.13334,19.68672
2025-11-14,2025-11-13,har_garch,1,19.83000,19.60452,True,16.65484,17.29961,17.91944,18.28463,18.55320,18.77228,18.96247,19.13483,19.29623,19.45151,19.60452,19.75873,19.91773,20.08574,20.26831,20.47366,20.71541,21.01969,21.44807,22.21653,23.07661
2025-11-17,2025-11-14,har_garch,1,22.38000,19.45819,True,16.78212,17.37069,17.93451,18.26584,18.50910,18.70729,18.87916,19.03478,19.18039,19.32037,19.45819,19.59700,19.74002,19.89102,20.05498,20.23923,20.45595,20.72838,21.11132,21.79656,22.56099
2025-11-18,2025-11-17,har_garch,1,24.69000,21.68874,True,18.14899,18.91808,19.65995,20.09817,20.42098,20.68462,20.91373,21.12155,21.31631,21.50383,21.68874,21.87523,22.06767,22.27116,22.49246,22.74159,23.03520,23.40517,23.92688,24.86517,25.91887
2025-11-19,2025-11-18,har_garch,1,23.66000,23.72754,True,19.58298,20.47816,21.34455,21.85763,22.23618,22.54571,22.81497,23.05941,23.28868,23.50957,23.72754,23.94753,24.17468,24.41503,24.67661,24.97132,25.31893,25.75742,26.37658,27.49252,28.74926
2025-11-20,2025-11-19,har_garch,1,26.42000,22.89599,True,19.31280,20.09361,20.84555,21.28917,21.61570,21.88222,22.11371,22.32360,22.52022,22.70946,22.89599,23.08405,23.27803,23.48306,23.70594,23.95673,24.25212,24.62409,25.14812,26.08921,27.14399
2025-11-21,2025-11-20,har_garch,1,23.43000,25.32553,True,20.87266,21.83376,22.76432,23.31557,23.72235,24.05502,24.34444,24.60720,24.85368,25.09117,25.32553,25.56209,25.80635,26.06484,26.34617,26.66315,27.03706,27.50878,28.17492,29.37573,30.72836
2025-11-24,2025-11-21,har_garch,1,20.52000,22.78879,True,18.97719,19.80319,20.60113,21.07302,21.42087,21.70511,21.95223,22.17645,22.38666,22.58911,22.78879,22.99023,23.19814,23.41803,23.65723,23.92657,24.24406,24.64425,25.20875,26.22450,27.36594
2025-11-25,2025-11-24,har_garch,1,18.56000,20.25006,True,16.83440,17.57392,18.28870,18.71157,19.02336,19.27819,19.49976,19.70084,19.88936,20.07094,20.25006,20.43077,20.61729,20.81459,21.02922,21.27092,21.55585,21.91504,22.42176,23.33371,24.35875
2025-11-26,2025-11-25,har_garch,1,17.19000,18.49657,True,15.45736,16.11662,16.75314,17.12942,17.40672,17.63327,17.83019,18.00884,18.17630,18.33755,18.49657,18.65696,18.82248,18.99750,19.18785,19.40213,19.65465,19.97283,20.42142,21.22796,22.13334
2025-11-28,2025-11-26,har_garch,1,16.35000,17.25077,True,14.53472,15.12572,15.69534,16.03162,16.27923,16.48141,16.65704,16.81632,16.96554,17.10918,17.25077,17.39354,17.54080,17.69645,17.86567,18.05606,18.28029,18.56264,18.96036,19.67438,20.47437
2025-12-01,2025-11-28,har_garch,1,17.24000,16.45958,True,14.02428,14.55653,15.06826,15.36979,15.59155,15.77246,15.92950,16.07182,16.20508,16.33327,16.45958,16.58686,16.71807,16.85669,17.00729,17.17663,17.37593,17.62664,17.97937,18.61141,19.31777
2025-12-02,2025-12-01,har_garch,1,16.59000,17.23481,True,14.82976,15.35738,15.86358,16.16137,16.38017,16.55851,16.71324,16.85337,16.98452,17.11063,17.23481,17.35990,17.48879,17.62488,17.77266,17.93873,18.13404,18.37955,18.72458,19.34175,20.02991
2025-12-03,2025-12-02,har_garch,1,16.08000,16.63740,True,14.44508,14.92777,15.38990,15.66136,15.86062,16.02291,16.16362,16.29100,16.41016,16.52468,16.63740,16.75089,16.86779,16.99116,17.12506,17.27546,17.45223,17.67427,17.98602,18.54283,19.16244
2025-12-04,2025-12-03,har_garch,1,15.78000,16.16610,True,14.14020,14.58757,15.01517,15.26603,15.45001,15.59978,15.72956,15.84700,15.95680,16.06230,16.16610,16.27058,16.37815,16.49164,16.61476,16.75299,16.91539,17.11925,17.40525,17.91545,18.48227
2025-12-05,2025-12-04,har_garch,1,15.41000,15.88646,True,13.99309,14.41241,14.81254,15.04698,15.21879,15.35856,15.47963,15.58913,15.69148,15.78977,15.88646,15.98374,16.08386,16.18946,16.30398,16.43250,16.58342,16.77278,17.03825,17.51127,18.03602
2025-12-08,2025-12-05,har_garch,1,16.66000,15.53959,True,13.74475,14.14293,14.52251,14.74475,14.90755,15.03994,15.15458,15.25824,15.35511,15.44812,15.53959,15.63161,15.72630,15.82614,15.93439,16.05585,16.19844,16.37729,16.62791,17.07419,17.56882
2025-12-09,2025-12-08,har_garch,1,16.93000,16.65392,True,14.61642,15.06684,15.49709,15.74938,15.93437,16.08491,16.21535,16.33336,16.44368,16.54966,16.65392,16.75883,16.86684,16.98077,17.10434,17.24305,17.40596,17.61040,17.89710,18.40817,18.97543
2025-12-10,2025-12-09,har_garch,1,15.77000,16.88946,True,14.92621,15.36145,15.77653,16.01963,16.19774,16.34260,16.46806,16.58150,16.68753,16.78933,16.88946,16.99018,17.09383,17.20313,17.32164,17.45461,17.61071,17.80651,18.08089,18.56945,19.11093
2025-12-11,2025-12-10,har_garch,1,14.85000,15.84244,True,13.90228,14.33109,14.74076,14.98100,15.15716,15.30053,15.42475,15.53714,15.64221,15.74314,15.84244,15.94237,16.04523,16.15374,16.27144,16.40355,16.55871,16.75342,17.02646,17.51318,18.05337
2025-12-12,2025-12-11,har_garch,1,15.74000,15.00365,True,13.12153,13.53684,13.93398,14.16704,14.33800,14.47719,14.59783,14.70699,14.80907,14.90714,15.00365,15.10078,15.20078,15.30629,15.42075,15.54924,15.70019,15.88966,16.15543,16.62938,17.15573
2025-12-15,2025-12-12,har_garch,1,16.50000,15.80065,True,13.85284,14.28297,14.69410,14.93530,15.11220,15.25620,15.38098,15.49389,15.59945,15.70087,15.80065,15.90106,16.00443,16.11348,16.23176,16.36453,16.52046,16.71614,16.99052,17.47959,18.02233
2025-12-16,2025-12-15,har_garch,1,16.48000,16.47591,True,14.48651,14.92624,15.34632,15.59267,15.77331,15.92032,16.04769,16.16292,16.27065,16.37412,16.47591,16.57834,16.68377,16.79496,16.91556,17.05090,17.20981,17.40918,17.68865,18.18648,18.73852
2025-12-17,2025-12-16,har_garch,1,17.62000,16.44684,True,14.56548,14.98260,15.38039,15.61336,15.78404,15.92286,16.04308,16.15179,16.25338,16.35092,16.44684,16.54332,16.64261,16.74728,16.86076,16.98806,17.13747,17.32481,17.58724,18.05418,18.57121
2025-12-18,2025-12-17,har_garch,1,16.87000,17.46121,True,15.34275,15.81077,16.25801,16.52034,16.71273,16.86932,17.00500,17.12775,17.24252,17.35276,17.46121,17.57034,17.68268,17.80116,17.92967,18.07388,18.24322,18.45566,18.75346,19.28394,19.87218
2025-12-19,2025-12-18,har_garch,1,14.91000,16.79207,True,14.81536,15.25278,15.67039,15.91518,16.09461,16.24060,16.36707,16.48146,16.58838,16.69107,16.79207,16.89368,16.99826,17.10853,17.22810,17.36226,17.51976,17.71728,17.99404,18.48670,19.03252
2025-12-22,2025-12-19,har_garch,1,14.08000,15.01611,True,12.87006,13.33955,13.79069,14.05643,14.25183,14.41119,14.54950,14.67482,14.79214,14.90497,15.01611,15.12808,15.24348,15.36535,15.49769,15.64643,15.82139,16.04132,16.35043,16.90340,17.52002
2025-12-23,2025-12-22,har_garch,1,14.00000,14.23634,True,12.24767,12.68330,13.10159,13.34785,13.52886,13.67645,13.80451,13.92052,14.02910,14.13352,14.23634,14.33992,14.44665,14.55933,14.68168,14.81916,14.98082,15.18398,15.46938,15.97956,16.54792
2025-12-24,2025-12-23,har_garch,1,13.47000,14.12742,True,12.29952,12.70189,13.08719,13.31355,13.47970,13.61504,13.73239,13.83860,13.93796,14.03344,14.12742,14.22202,14.31945,14.42226,14.53381,14.65908,14.80626,14.99104,15.25033,15.71293,16.22698
2025-12-26,2025-12-24,har_garch,1,13.60000,13.61075,True,11.89533,12.27349,12.63530,12.84773,13.00360,13.13053,13.24055,13.34012,13.43323,13.52270,13.61075,13.69936,13.79061,13.88687,13.99130,14.10853,14.24624,14.41908,14.66150,15.09371,15.57354
2025-12-29,2025-12-26,har_garch,1,14.20000,13.69845,True,12.07690,12.43569,12.77824,12.97904,13.12624,13.24601,13.34976,13.44361,13.53133,13.61558,13.69845,13.78182,13.86763,13.95812,14.05624,14.16634,14.29560,14.45773,14.68492,15.08943,15.53771
2025-12-30,2025-12-29,har_garch,1,14.33000,14.22265,True,12.57490,12.93985,13.28809,13.49214,13.64167,13.76332,13.86868,13.96397,14.05303,14.13854,14.22265,14.30726,14.39432,14.48612,14.58565,14.69731,14.82837,14.99272,15.22294,15.63262,16.08631
2025-12-31,2025-12-30,har_garch,1,14.95000,14.33235,True,12.74284,13.09573,13.43201,13.62884,13.77299,13.89021,13.99169,14.08344,14.16915,14.25144,14.33235,14.41372,14.49743,14.58567,14.68131,14.78857,14.91443,15.07218,15.29305,15.68575,16.12014
2026-01-02,2025-12-31,har_garch,1,14.51000,14.88535,True,13.22142,13.59060,13.94253,14.14858,14.29951,14.42225,14.52853,14.62462,14.71440,14.80060,14.88535,14.97060,15.05829,15.15074,15.25094,15.36333,15.49520,15.66050,15.89194,16.30346,16.75870
2026-01-05,2026-01-02,har_garch,1,14.90000,14.49071,True,12.90417,13.25657,13.59228,13.78875,13.93262,14.04959,14.15085,14.24239,14.32791,14.41000,14.49071,14.57187,14.65536,14.74336,14.83873,14.94567,15.07115,15.22840,15.44851,15.83974,16.27231
2026-01-06,2026-01-05,har_garch,1,14.75000,14.83913,True,13.23411,13.59080,13.93050,14.12926,14.27478,14.39308,14.49549,14.58806,14.67453,14.75753,14.83913,14.92117,15.00557,15.09452,15.19091,15.29899,15.42578,15.58466,15.80701,16.20211,16.63879
2026-01-07,2026-01-06,har_garch,1,15.38000,14.70436,True,13.15756,13.50183,13.82943,14.02097,14.16116,14.27508,14.37367,14.46277,14.54599,14.62586,14.70436,14.78328,14.86444,14.94997,15.04264,15.14654,15.26839,15.42105,15.63464,16.01398,16.43300
2026-01-08,2026-01-07,har_garch,1,15.45000,15.26730,True,13.61103,13.97902,14.32953,14.53464,14.68482,14.80691,14.91261,15.00815,15.09740,15.18308,15.26730,15.35199,15.43911,15.53093,15.63043,15.74200,15.87289,16.03690,16.26644,16.67431,17.12511
2026-01-09,2026-01-08,har_garch,1,14.49000,15.33171,True,13.71118,14.07172,14.41487,14.61554,14.76243,14.88181,14.98513,15.07851,15.16573,15.24943,15.33171,15.41443,15.49951,15.58916,15.68631,15.79521,15.92295,16.08297,16.30687,16.70453,17.14377
2026-01-12,2026-01-09,har_garch,1,15.12000,14.47250,True,12.85341,13.21257,13.55499,13.75549,13.90236,14.02181,14.12523,14.21874,14.30612,14.39001,14.47250,14.55546,14.64081,14.73078,14.82830,14.93767,15.06601,15.22688,15.45211,15.85257,16.29553
2026-01-13,2026-01-12,har_garch,1,15.98000,15.02883,True,13.33405,13.70974,14.06807,14.27795,14.43172,14.55679,14.66510,14.76304,14.85456,14.94243,15.02883,15.11574,15.20515,15.29941,15.40159,15.51618,15.65065,15.81921,16.05521,16.47484,16.93903
2026-01-14,2026-01-13,har_garch,1,16.75000,15.79557,True,13.93272,14.34453,14.73792,14.96862,15.13777,15.27543,15.39470,15.50259,15.60344,15.70030,15.79557,15.89143,15.99008,16.09410,16.20689,16.33343,16.48196,16.66822,16.92913,17.39340,17.90750
2026-01-15,2026-01-14,har_garch,1,15.84000,16.48550,True,14.49690,14.93580,15.35546,15.60173,15.78239,15.92946,16.05691,16.17222,16.28004,16.38361,16.48550,16.58802,16.69355,16.80484,16.92553,17.06095,17.21993,17.41932,17.69870,18.19599,18.74688
2026-01-16,2026-01-15,har_garch,1,15.86000,15.68542,True,13.83212,14.24161,14.63290,14.86242,15.03074,15.16773,15.28643,15.39380,15.49418,15.59059,15.68542,15.78084,15.87903,15.98257,16.09484,16.22079,16.36863,16.55400,16.81365,17.27562,17.78705
2026-01-20,2026-01-16,har_garch,1,20.09000,15.70754,True,13.93695,14.32917,14.70341,14.92269,15.08338,15.21410,15.32730,15.42968,15.52535,15.61721,15.70754,15.79839,15.89187,15.99041,16.09721,16.21699,16.35753,16.53367,16.78025,17.21850,17.70307
2026-01-21,2026-01-20,har_garch,1,16.90000,19.43026,True,15.38444,16.24282,17.08195,17.58269,17.95389,18.25852,18.52428,18.76618,18.99358,19.21315,19.43026,19.64982,19.87698,20.11784,20.38054,20.67720,21.02803,21.47197,22.10139,23.24320,24.54006
2026-01-22,2026-01-21,har_garch,1,15.64000,16.65458,True,13.18031,13.91708,14.63752,15.06752,15.38632,15.64797,15.87626,16.08406,16.27941,16.46805,16.65458,16.84322,17.03839,17.24533,17.47105,17.72594,18.02737,18.40881,18.94959,19.93055,21.04464
2026-01-23,2026-01-22,har_garch,1,16.09000,15.53460,True,12.59372,13.22343,13.83588,14.19993,14.46916,14.68968,14.88178,15.05639,15.22033,15.37844,15.53460,15.69234,15.85536,16.02800,16.21605,16.42811,16.67850,16.99471,17.44188,18.24971,19.16223
2026-01-26,2026-01-23,har_garch,1,16.15000,15.93739,True,13.22686,13.81275,14.37957,14.71515,14.96270,15.16509,15.34111,15.50087,15.65070,15.79502,15.93739,16.08105,16.22935,16.38621,16.55686,16.74903,16.97558,17.26115,17.66399,18.38885,19.20339
2026-01-27,2026-01-26,har_garch,1,16.35000,15.99817,True,13.55109,14.08443,14.59801,14.90100,15.12401,15.30603,15.46411,15.60743,15.74167,15.87085,15.99817,16.12650,16.25884,16.39869,16.55067,16.72160,16.92285,17.17612,17.53262,18.17193,18.88714
2026-01-28,2026-01-27,har_garch,1,16.35000,16.16720,True,13.90431,14.40054,14.87673,15.15692,15.36282,15.53065,15.67627,15.80816,15.93161,16.05031,16.16720,16.28495,16.40628,16.53439,16.67351,16.82984,17.01371,17.24482,17.56962,18.15060,18.79837
2026-01-29,2026-01-28,har_garch,1,16.88000,16.17399,True,14.08502,14.54544,14.98599,15.24466,15.43447,15.58904,15.72303,15.84430,15.95772,16.06672,16.17399,16.28198,16.39319,16.51054,16.63789,16.78090,16.94895,17.15998,17.45617,17.98488,18.57278
2026-01-30,2026-01-29,har_garch,1,17.44000,16.65697,True,14.57726,15.03644,15.47538,15.73290,15.92178,16.07554,16.20878,16.32935,16.44209,16.55040,16.65697,16.76423,16.87466,16.99116,17.11754,17.25943,17.42610,17.63531,17.92878,18.45214,19.03338
2026-02-02,2026-01-30,har_garch,1,16.34000,17.16565,True,15.06434,15.52868,15.97234,16.23254,16.42334,16.57864,16.71320,16.83493,16.94875,17.05808,17.16565,17.27389,17.38532,17.50286,17.63035,17.77345,17.94151,18.15240,18.44812,18.97518,19.56007
2026-02-03,2026-02-02,har_garch,1,18.00000,16.20391,True,14.23604,14.67104,15.08659,15.33027,15.50894,15.65435,15.78034,15.89431,16.00087,16.10322,16.20391,16.30523,16.40953,16.51953,16.63885,16.77276,16.93002,17.12733,17.40398,17.89693,18.44380
2026-02-04,2026-02-03,har_garch,1,18.64000,17.68068,True,15.22054,15.75980,16.27741,16.58205,16.80592,16.98843,17.14679,17.29022,17.42447,17.55356,17.68068,17.80872,17.94065,18.07995,18.23119,18.40113,18.60097,18.85210,19.20492,19.83568,20.53845
2026-02-05,2026-02-04,har_garch,1,21.77000,18.26481,True,15.81366,16.35203,16.86820,17.17173,17.39467,17.57635,17.73393,17.87661,18.01012,18.13846,18.26481,18.39203,18.52309,18.66143,18.81158,18.98023,19.17846,19.42746,19.77704,20.40133,21.09589
2026-02-06,2026-02-05,har_garch,1,20.37000,21.02361,True,17.26566,18.07417,18.85842,19.32367,19.66729,19.94849,20.19324,20.41554,20.62413,20.82517,21.02361,21.22394,21.43083,21.64979,21.88813,22.15668,22.47347,22.87310,23.43739,24.45435,25.59949
2026-02-09,2026-02-06,har_garch,1,17.36000,19.84554,True,16.64635,17.34057,18.01072,18.40683,18.69872,18.93717,19.14442,19.33242,19.50862,19.67827,19.84554,20.01424,20.18828,20.37228,20.57234,20.79748,21.06270,21.39670,21.86728,22.71238,23.65957
2026-02-10,2026-02-09,har_garch,1,17.79000,17.21997,True,14.20556,14.85524,15.48481,15.85802,16.13353,16.35891,16.55502,16.73310,16.90015,17.06112,17.21997,17.38030,17.54585,17.72101,17.91163,18.12635,18.37957,18.69889,19.14956,19.96113,20.87404
2026-02-11,2026-02-10,har_garch,1,17.65000,17.60632,True,14.81738,15.42331,16.00783,16.35315,16.60753,16.81529,16.99583,17.15957,17.31300,17.46071,17.60632,17.75315,17.90461,18.06470,18.23874,18.43456,18.66517,18.95552,19.36443,20.09832,20.92019
2026-02-12,2026-02-11,har_garch,1,20.82000,17.48844,True,14.98062,15.52942,16.05667,16.36720,16.59551,16.78170,16.94330,17.08971,17.22677,17.35859,17.48844,17.61926,17.75409,17.89648,18.05112,18.22494,18.42941,18.68649,19.04788,19.69459,20.41608
2026-02-13,2026-02-12,har_garch,1,20.60000,20.27493,True,16.57204,17.36747,18.13970,18.59811,18.93682,19.21409,19.45548,19.67479,19.88061,20.07904,20.27493,20.47273,20.67707,20.89338,21.12889,21.39434,21.70759,22.10293,22.66149,23.66912,24.80519
2026-02-17,2026-02-13,har_garch,1,20.29000,20.10008,True,16.81871,17.53032,18.21749,18.62377,18.92319,19.16784,19.38049,19.57341,19.75425,19.92837,20.10008,20.27327,20.45197,20.64092,20.84640,21.07767,21.35016,21.69343,22.17722,23.04655,24.02166
2026-02-18,2026-02-17,har_garch,1,19.62000,19.85640,True,16.92782,17.56775,18.18307,18.54569,18.81240,19.02997,19.21885,19.39002,19.55030,19.70449,19.85640,20.00948,20.16728,20.33399,20.51509,20.71871,20.95833,21.25974,21.68371,22.44319,23.29162
2026-02-19,2026-02-18,har_garch,1,20.23000,19.29221,True,16.68431,17.25752,17.80685,18.12977,18.36691,18.56012,18.72770,18.87942,19.02139,19.15786,19.29221,19.42751,19.56689,19.71402,19.87374,20.05318,20.26413,20.52918,20.90147,21.56680,22.30775
2026-02-20,2026-02-19,har_garch,1,19.09000,19.85316,True,17.26762,17.83706,18.38217,18.70233,18.93731,19.12869,19.29461,19.44480,19.58528,19.72028,19.85316,19.98694,20.12471,20.27011,20.42789,20.60508,20.81331,21.07481,21.44187,22.09714,22.82585
2026-02-23,2026-02-20,har_garch,1,21.01000,18.84250,True,16.48585,17.00611,17.50346,17.79528,18.00932,18.18356,18.33457,18.47120,18.59897,18.72172,18.84250,18.96406,19.08922,19.22126,19.36450,19.52531,19.71422,19.95135,20.28397,20.87719,21.53603
2026-02-24,2026-02-23,har_garch,1,19.55000,20.53667,True,17.60594,18.24749,18.86375,19.22665,19.49343,19.71099,19.89980,20.07085,20.23098,20.38498,20.53667,20.68948,20.84698,21.01330,21.19392,21.39693,21.63574,21.93595,22.35795,23.11303,23.95526
2026-02-25,2026-02-24,har_garch,1,17.93000,19.26965,True,16.64571,17.22182,17.77428,18.09920,18.33787,18.53238,18.70110,18.85389,18.99686,19.13431,19.26965,19.40594,19.54634,19.69457,19.85547,20.03624,20.24877,20.51579,20.89082,21.56098,22.30721
2026-02-26,2026-02-25,har_garch,1,18.63000,17.83897,True,15.39556,15.93173,16.44606,16.74863,16.97092,17.15210,17.30927,17.45161,17.58481,17.71287,17.83897,17.96597,18.09681,18.23494,18.38489,18.55336,18.75143,19.00030,19.34985,19.97454,20.67018
2026-02-27,2026-02-26,har_garch,1,19.86000,18.45826,True,16.04394,16.57514,17.08393,17.38290,17.60239,17.78119,17.93622,18.07658,18.20787,18.33405,18.45826,18.58330,18.71209,18.84800,18.99548,19.16111,19.35574,19.60014,19.94314,20.55532,21.23588
2026-03-02,2026-02-27,har_garch,1,21.44000,19.55390,True,16.94179,17.51551,18.06558,18.38904,18.62663,18.82024,18.98817,19.14023,19.28250,19.41926,19.55390,19.68947,19.82911,19.97651,20.13648,20.31615,20.52732,20.79254,21.16483,21.82951,22.56875
2026-03-03,2026-03-02,har_garch,1,23.57000,20.95142,True,17.98507,18.63389,19.25744,19.62478,19.89489,20.11519,20.30640,20.47964,20.64182,20.79780,20.95142,21.10618,21.26566,21.43406,21.61693,21.82241,22.06406,22.36775,22.79441,23.55719,24.40703
2026-03-04,2026-03-03,har_garch,1,21.15000,22.83946,True,19.26955,20.04475,20.79281,21.23486,21.56056,21.82658,22.05776,22.26743,22.46390,22.65303,22.83946,23.02743,23.22129,23.42618,23.64886,23.89934,24.19422,24.56530,25.08757,26.02382,27.07073
2026-03-05,2026-03-04,har_garch,1,23.75000,20.76635,True,17.59799,18.28708,18.95146,19.34380,19.63275,19.86868,20.07365,20.25951,20.43363,20.60120,20.76635,20.93282,21.10449,21.28587,21.48295,21.70457,21.96540,22.29351,22.75504,23.58174,24.50514
2026-03-06,2026-03-05,har_garch,1,29.49000,23.07679,True,19.15812,20.00316,20.82181,21.30703,21.66519,21.95814,22.21301,22.44441,22.66144,22.87052,23.07679,23.28493,23.49976,23.72699,23.97416,24.25243,24.58037,24.99356,25.57599,26.62272,27.79700
2026-03-09,2026-03-06,har_garch,1,25.50000,28.07679,True,21.59747,22.95324,24.28888,25.09060,25.68713,26.17802,26.60726,26.99869,27.36730,27.72378,28.07679,28.43428,28.80466,29.19793,29.62748,30.11327,30.68875,31.41837,32.45542,34.34399,36.49991
2026-03-10,2026-03-09,har_garch,1,24.93000,24.70979,True,19.43872,20.55159,21.64252,22.29490,22.77917,23.17696,23.52428,23.84059,24.13810,24.42550,24.70979,24.99738,25.29501,25.61068,25.95504,26.34399,26.80404,27.38624,28.21176,29.70931,31.41018
2026-03-11,2026-03-10,har_garch,1,24.23000,24.23412,True,19.67914,20.65334,21.60148,22.16538,22.58254,22.92432,23.22209,23.49276,23.74692,23.99204,24.23412,24.47865,24.73132,24.99887,25.29026,25.61876,26.00649,26.49594,27.18762,28.43572,29.84341
2026-03-12,2026-03-11,har_garch,1,27.29000,23.65561,True,19.70337,20.55744,21.38385,21.87322,22.23423,22.52940,22.78611,23.01911,23.23759,23.44803,23.65561,23.86502,24.08114,24.30970,24.55828,24.83811,25.16784,25.58324,26.16870,27.22069,28.40061
2026-03-13,2026-03-12,har_garch,1,27.19000,26.35136,True,21.54519,22.57570,23.57724,24.17228,24.61217,24.97240,25.28610,25.57115,25.83871,26.09667,26.35136,26.60853,26.87418,27.15537,27.46150,27.80647,28.21344,28.72688,29.45189,30.75847,32.22966
2026-03-16,2026-03-13,har_garch,1,23.51000,26.28766,True,21.97133,22.90501,23.80796,24.34242,24.73661,25.05883,25.33902,25.59328,25.83167,26.06125,26.28766,26.51605,26.75171,27.00088,27.27183,27.57676,27.93597,28.38835,29.02564,30.16987,31.45195
2026-03-17,2026-03-16,har_garch,1,22.37000,23.10502,True,19.20244,20.04459,20.86012,21.34334,21.69996,21.99162,22.24533,22.47566,22.69166,22.89974,23.10502,23.31214,23.52591,23.75201,23.99793,24.27479,24.60105,25.01211,25.59151,26.63272,27.80073
2026-03-18,2026-03-17,har_garch,1,25.09000,22.09715,True,18.70223,19.44025,20.15199,20.57239,20.88204,21.13489,21.35458,21.55381,21.74046,21.92009,22.09715,22.27564,22.45970,22.65420,22.86554,23.10322,23.38298,23.73493,24.23007,25.11717,26.10834
2026-03-19,2026-03-18,har_garch,1,24.06000,24.49151,True,20.38569,21.27194,22.13006,22.63846,23.01364,23.32045,23.58733,23.82960,24.05679,24.27563,24.49151,24.70931,24.93409,25.17181,25.43035,25.72138,26.06429,26.49624,27.10494,28.19837,29.42428
2026-03-20,2026-03-19,har_garch,1,26.78000,23.59121,True,20.01883,20.79604,21.54525,21.98763,22.31340,22.57938,22.81044,23.01995,23.21621,23.40508,23.59121,23.77882,23.97226,24.17664,24.39870,24.64837,24.94219,25.31173,25.83145,26.76206,27.80108
2026-03-23,2026-03-20,har_garch,1,26.15000,25.96991,True,21.65526,22.58707,23.48903,24.02330,24.41751,24.73986,25.02023,25.27472,25.51335,25.74319,25.96991,26.19862,26.43464,26.68422,26.95563,27.26111,27.62100,28.07425,28.71281,29.85940,31.14422
2026-03-24,2026-03-23,har_garch,1,26.95000,25.45934,True,21.64566,22.47580,23.27579,23.74807,24.09580,24.37968,24.62627,24.84984,25.05925,25.26076,25.45934,25.65947,25.86580,26.08378,26.32058,26.58680,26.90003,27.29392,27.84772,28.83892,29.94493
2026-03-25,2026-03-24,har_garch,1,25.33000,26.20382,True,22.45638,23.27445,24.06154,24.52563,24.86708,25.14567,25.38754,25.60673,25.81196,26.00936,26.20382,26.39973,26.60163,26.81484,27.04635,27.30650,27.61242,27.99684,28.53683,29.50189,30.57662
2026-03-26,2026-03-25,har_garch,1,27.44000,24.81200,True,21.49112,22.21919,22.91800,23.32927,23.63151,23.87789,24.09164,24.28523,24.46639,24.64054,24.81200,24.98465,25.16250,25.35020,25.55390,25.78265,26.05146,26.38896,26.86253,27.70737,28.64604
2026-03-27,2026-03-26,har_garch,1,31.05000,26.68755,True,22.81972,23.66299,24.47492,24.95393,25.30647,25.59419,25.84403,26.07049,26.28256,26.48657,26.68755,26.89006,27.09878,27.31922,27.55860,27.82762,28.14400,28.54161,29.10021,30.09870,31.21096
2026-03-30,2026-03-27,har_garch,1,30.61000,29.85941,True,24.70448,25.81356,26.88941,27.52772,27.99918,28.38498,28.72074,29.02568,29.31174,29.58740,29.85941,30.13392,30.41731,30.71709,31.04322,31.41043,31.84323,32.38860,33.15744,34.53937,36.08998
2026-03-31,2026-03-30,har_garch,1,25.25000,29.55091,True,24.94135,25.94107,26.90649,27.47732,27.89805,28.24177,28.54052,28.81151,29.06546,29.30992,29.55091,29.79389,30.04448,30.30930,30.59708,30.92074,31.30171,31.78099,32.45524,33.66309,35.01240
2026-04-01,2026-03-31,har_garch,1,24.54000,24.90740,True,20.38433,21.35339,22.29563,22.85565,23.26975,23.60890,23.90428,24.17270,24.42465,24.66757,24.90740,25.14957,25.39970,25.66444,25.95262,26.27732,26.66031,27.14334,27.82513,29.05294,30.43411
2026-04-02,2026-04-01,har_garch,1,23.87000,24.28848,True,20.33924,21.19333,22.01942,22.50846,22.86916,23.16403,23.42043,23.65311,23.87125,24.08132,24.28848,24.49743,24.71300,24.94092,25.18871,25.46752,25.79588,26.20927,26.79136,27.83566,29.00453
2026-04-06,2026-04-02,har_garch,1,24.17000,23.68052,True,20.18702,20.94808,21.68118,22.11381,22.43229,22.69225,22.91802,23.12269,23.31437,23.49880,23.68052,23.86364,24.05242,24.25181,24.46839,24.71183,24.99821,25.35823,25.86423,26.76937,27.77859
2026-04-07,2026-04-06,har_garch,1,25.78000,23.92270,True,20.67209,21.38412,22.06787,22.47044,22.76635,23.00762,23.21697,23.40659,23.58406,23.75469,23.92270,24.09189,24.26620,24.45018,24.64988,24.87417,25.13777,25.46881,25.93342,26.76263,27.68444
2026-04-08,2026-04-07,har_garch,1,21.04000,25.31771,True,21.83362,22.59584,23.32832,23.75981,24.07709,24.33585,24.56041,24.76385,24.95428,25.13739,25.31771,25.49932,25.68643,25.88395,26.09836,26.33919,26.62225,26.97776,27.47675,28.36745,29.35777
2026-04-09,2026-04-08,har_garch,1,19.49000,21.09411,True,17.19857,18.03249,18.84370,19.32599,19.68269,19.97489,20.22941,20.46073,20.67791,20.88732,21.09411,21.30294,21.51869,21.74709,21.99577,22.27604,22.60673,23.02399,23.61328,24.67554,25.87200
2026-04-10,2026-04-09,har_garch,1,19.23000,19.66655,True,16.23742,16.97508,17.69069,18.11528,18.42890,18.68555,18.90892,19.11179,19.30213,19.48555,19.66655,19.84924,20.03786,20.23741,20.45454,20.69906,20.98732,21.35066,21.86309,22.78477,23.81987
2026-04-13,2026-04-10,har_garch,1,19.12000,19.39562,True,16.34395,17.00590,17.64507,18.02297,18.30147,18.52900,18.72675,18.90613,19.07424,19.23608,19.39562,19.55649,19.72241,19.89778,20.08838,20.30278,20.55518,20.87282,21.31984,22.12115,23.01709
2026-04-14,2026-04-13,har_garch,1,18.36000,19.25927,True,16.50053,17.10302,17.68255,18.02419,18.27551,18.48055,18.65855,18.81986,18.97089,19.11617,19.25927,19.40344,19.55202,19.70893,19.87932,20.07079,20.29598,20.57898,20.97658,21.68736,22.47923
2026-04-15,2026-04-14,har_garch,1,18.17000,18.52144,True,15.99579,16.54910,17.08038,17.39317,17.62307,17.81051,17.97315,18.12047,18.25835,18.39091,18.52144,18.65290,18.78832,18.93128,19.08645,19.26075,19.46561,19.72290,20.08408,20.72885,21.44587
2026-04-16,2026-04-15,har_garch,1,17.94000,18.31478,True,15.98573,16.49819,16.98905,17.27749,17.48925,17.66175,17.81131,17.94670,18.07333,18.19502,18.31478,18.43533,18.55946,18.69042,18.83249,18.99196,19.17928,19.41435,19.74397,20.33139,20.98317
2026-04-17,2026-04-16,har_garch,1,17.48000,18.08551,True,15.90977,16.39006,16.84924,17.11869,17.31634,17.47724,17.61666,17.74281,17.86076,17.97405,18.08551,18.19766,18.31309,18.43482,18.56683,18.71496,18.88885,19.10693,19.41249,19.95635,20.55879
2026-04-20,2026-04-17,har_garch,1,18.87000,17.64942,True,15.58541,16.04172,16.47761,16.73322,16.92065,17.07317,17.20531,17.32484,17.43657,17.54388,17.64942,17.75560,17.86487,17.98009,18.10500,18.24513,18.40959,18.61579,18.90457,19.41826,19.98678
2026-04-21,2026-04-20,har_garch,1,19.50000,18.87913,True,16.56804,17.07751,17.56498,17.85120,18.06123,18.23224,18.38048,18.51462,18.64006,18.76056,18.87913,18.99845,19.12127,19.25082,19.39131,19.54897,19.73407,19.96625,20.29160,20.87082,21.51260
2026-04-22,2026-04-21,har_garch,1,18.92000,19.43540,True,17.13688,17.64449,18.12969,18.41436,18.62314,18.79309,18.94034,19.07357,19.19811,19.31773,19.43540,19.55379,19.67562,19.80410,19.94340,20.09967,20.28309,20.51306,20.83515,21.40808,22.04222
2026-04-23,2026-04-22,har_garch,1,19.31000,18.90455,True,16.74077,17.21948,17.67659,17.94457,18.14102,18.30086,18.43932,18.56456,18.68161,18.79401,18.90455,19.01574,19.13014,19.25076,19.38150,19.52814,19.70021,19.91588,20.21780,20.75450,21.34799
2026-04-24,2026-04-23,har_garch,1,18.71000,19.24278,True,17.10719,17.58042,18.03188,18.29637,18.49018,18.64782,18.78434,18.90779,19.02314,19.13389,19.24278,19.35230,19.46496,19.58371,19.71241,19.85673,20.02602,20.23815,20.53500,21.06233,21.64497
2026-04-27,2026-04-24,har_garch,1,18.02000,18.69679,True,16.65258,17.10592,17.53821,17.79138,17.97685,18.12769,18.25830,18.37639,18.48673,18.59265,18.69679,18.80152,18.90924,19.02278,19.14582,19.28376,19.44557,19.64829,19.93192,20.43562,20.99195
2026-04-28,2026-04-27,har_garch,1,17.83000,18.05990,True,16.07968,16.51876,16.93749,17.18273,17.36240,17.50853,17.63507,17.74948,17.85638,17.95900,18.05990,18.16136,18.26574,18.37575,18.49496,18.62863,18.78541,18.98185,19.25669,19.74482,20.28398
2026-04-29,2026-04-28,har_garch,1,18.81000,17.85994,True,15.95426,16.37745,16.78067,17.01668,17.18952,17.33005,17.45170,17.56167,17.66441,17.76301,17.85994,17.95741,18.05765,18.16328,18.27774,18.40604,18.55652,18.74500,19.00863,19.47664,19.99326
2026-04-30,2026-04-29,har_garch,1,16.89000,18.70447,True,16.62330,17.08434,17.52425,17.78200,17.97088,18.12453,18.25759,18.37792,18.49036,18.59832,18.70447,18.81123,18.92105,19.03682,19.16228,19.30297,19.46800,19.67480,19.96417,20.47823,21.04618
2026-05-01,2026-04-30,har_garch,1,16.99000,16.95593,True,14.72083,15.21137,15.68191,15.95871,16.16208,16.32782,16.47159,16.60177,16.72358,16.84066,16.95593,17.07198,17.19150,17.31764,17.45451,17.60820,17.78877,18.01545,18.33345,18.90056,19.53038
2026-05-04,2026-05-01,har_garch,1,18.29000,17.01738,True,14.92651,15.38736,15.82835,16.08730,16.27732,16.43205,16.56617,16.68755,16.80105,16.91009,17.01738,17.12536,17.23650,17.35374,17.48088,17.62357,17.79110,18.00125,18.29574,18.82008,19.40114
2026-05-05,2026-05-04,har_garch,1,17.38000,18.15725,True,15.83424,16.34485,16.83423,17.12193,17.33321,17.50535,17.65463,17.78977,17.91619,18.03768,18.15725,18.27762,18.40156,18.53233,18.67419,18.83344,19.02048,19.25519,19.58426,20.17063,20.82107
2026-05-06,2026-05-05,har_garch,1,17.39000,17.33393,True,15.17964,15.65393,16.10808,16.37489,16.57074,16.73026,16.86855,16.99372,17.11078,17.22326,17.33393,17.44532,17.56000,17.68096,17.81216,17.95939,18.13228,18.34915,18.65308,19.19424,19.79396
2026-05-07,2026-05-06,har_garch,1,17.08000,17.31936,True,15.28961,15.73800,16.16652,16.41791,16.60226,16.75232,16.88233,16.99995,17.10989,17.21549,17.31936,17.42386,17.53139,17.64478,17.76770,17.90560,18.06743,18.27031,18.55441,19.05961,19.61856
2026-05-08,2026-05-07,har_garch,1,17.19000,17.02610,True,15.11334,15.53689,15.94111,16.17800,16.35162,16.49287,16.61520,16.72583,16.82922,16.92848,17.02610,17.12427,17.22528,17.33175,17.44716,17.57657,17.72839,17.91865,18.18493,18.65805,19.18093
2026-05-11,2026-05-08,har_garch,1,18.38000,17.11500,True,15.25814,15.67007,16.06280,16.29277,16.46123,16.59822,16.71684,16.82407,16.92426,17.02044,17.11500,17.21008,17.30788,17.41095,17.52264,17.64786,17.79473,17.97872,18.23612,18.69316,19.19783
2026-05-12,2026-05-11,har_garch,1,17.99000,18.16175,True,16.01333,16.48764,16.94109,17.20717,17.40234,17.56121,17.69889,17.82344,17.93988,18.05173,18.16175,18.27244,18.38635,18.50648,18.63671,18.78282,18.95430,19.16928,19.47036,20.00584,20.59840
2026-05-13,2026-05-12,har_garch,1,17.87000,17.81892,True,15.80726,16.25254,16.67760,16.92675,17.10936,17.25794,17.38662,17.50301,17.61178,17.71621,17.81892,17.92221,18.02849,18.14052,18.26195,18.39813,18.55790,18.75811,19.03833,19.53625,20.08658
2026-05-14,2026-05-13,har_garch,1,17.26000,17.71263,True,15.78768,16.21465,16.62175,16.86015,17.03480,17.17683,17.29980,17.41099,17.51487,17.61459,17.71263,17.81122,17.91263,18.01950,18.13531,18.26515,18.41744,18.60821,18.87511,19.34901,19.87229
2026-05-15,2026-05-14,har_garch,1,18.43000,17.17231,True,15.32879,15.73798,16.12797,16.35628,16.52351,16.65948,16.77721,16.88363,16.98305,17.07849,17.17231,17.26664,17.36367,17.46592,17.57671,17.70092,17.84658,18.02904,18.28427,18.73736,19.23753
2026-05-18,2026-05-15,har_garch,1,17.82000,18.21075,True,16.07398,16.54592,16.99700,17.26163,17.45572,17.61371,17.75059,17.87443,17.99019,18.10138,18.21075,18.32077,18.43400,18.55339,18.68283,18.82803,18.99843,19.21204,19.51117,20.04308,20.63155
2026-05-19,2026-05-18,har_garch,1,18.06000,17.67082,True,15.67189,16.11428,16.53662,16.78419,16.96566,17.11331,17.24120,17.35686,17.46495,17.56875,17.67082,17.77349,17.87911,17.99046,18.11115,18.24650,18.40529,18.60429,18.88281,19.37772,19.92472
2026-05-20,2026-05-19,har_garch,1,17.44000,17.88423,True,15.91628,16.35242,16.76847,17.01220,17.19079,17.33605,17.46184,17.57559,17.68187,17.78391,17.88423,17.98512,18.08891,18.19830,18.31684,18.44975,18.60565,18.80097,19.07424,19.55954,20.09552
2026-05-21,2026-05-20,har_garch,1,16.76000,17.33155,True,15.45597,15.87201,16.26869,16.50098,16.67114,16.80953,16.92934,17.03767,17.13888,17.23603,17.33155,17.42759,17.52638,17.63049,17.74331,17.86978,18.01811,18.20392,18.46384,18.92529,19.43473
2026-05-22,2026-05-21,har_garch,1,16.70000,16.72001,True,14.91078,15.31212,15.69477,15.91884,16.08298,16.21647,16.33205,16.43654,16.53416,16.62788,16.72001,16.81266,16.90795,17.00837,17.11719,17.23919,17.38227,17.56150,17.81223,18.25735,18.74877
2026-05-25,2026-05-22,har_garch,1,16.59000,16.65174,True,14.90031,15.28944,15.66011,15.87702,16.03585,16.16497,16.27674,16.37777,16.47214,16.56271,16.65174,16.74125,16.83330,16.93030,17.03538,17.15317,17.29129,17.46426,17.70616,18.13542,18.60904
2026-05-26,2026-05-25,har_garch,1,17.01000,16.54055,True,14.83702,15.21596,15.57667,15.78765,15.94208,16.06759,16.17622,16.27439,16.36608,16.45407,16.54055,16.62748,16.71687,16.81105,16.91307,17.02742,17.16148,17.32935,17.56406,17.98044,18.43967
2026-05-27,2026-05-26,har_garch,1,16.29000,16.90191,True,15.15143,15.54067,15.91128,16.12807,16.28677,16.41577,16.52742,16.62832,16.72257,16.81302,16.90191,16.99128,17.08318,17.18000,17.28489,17.40245,17.54029,17.71289,17.95422,18.38238,18.85463
2026-05-28,2026-05-27,har_garch,1,15.74000,16.25405,True,14.53841,14.91957,15.28265,15.49513,15.65071,15.77720,15.88669,15.98566,16.07810,16.16683,16.25405,16.34174,16.43193,16.52696,16.62992,16.74533,16.88066,17.05016,17.28720,17.70791,18.17215
2026-05-29,2026-05-28,har_garch,1,15.32000,15.75453,True,14.08400,14.45506,14.80857,15.01546,15.16696,15.29013,15.39675,15.49313,15.58317,15.66958,15.75453,15.83993,15.92777,16.02033,16.12061,16.23303,16.36486,16.52997,16.76091,17.17081,17.62319
2026-06-01,2026-05-29,har_garch,1,16.05000,15.36406,True,13.74033,14.10108,14.44472,14.64581,14.79305,14.91276,15.01638,15.11005,15.19754,15.28151,15.36406,15.44705,15.53240,15.62234,15.71978,15.82901,15.95711,16.11753,16.34191,16.74016,17.17966
2026-06-02,2026-06-01,har_garch,1,15.77000,16.00753,True,14.27153,14.65663,15.02379,15.23879,15.39628,15.52436,15.63526,15.73553,15.82920,15.91912,16.00753,16.09643,16.18787,16.28424,16.38866,16.50573,16.64304,16.81505,17.05569,17.48294,17.95469
2026-06-03,2026-06-02,har_garch,1,16.06000,15.74915,True,14.08154,14.45196,14.80485,15.01138,15.16261,15.28557,15.39201,15.48822,15.57809,15.66435,15.74915,15.83440,15.92208,16.01447,16.11457,16.22678,16.35837,16.52317,16.75367,17.16277,17.61424
2026-06-04,2026-06-03,har_garch,1,15.40000,15.99906,True,14.32787,14.69934,15.05309,15.26006,15.41159,15.53477,15.64139,15.73775,15.82776,15.91415,15.99906,16.08442,16.17220,16.26470,16.36491,16.47722,16.60892,16.77384,17.00447,17.41370,17.86517
2026-06-05,2026-06-04,har_garch,1,21.51000,15.40663,True,13.76778,14.13173,14.47851,14.68147,14.83011,14.95096,15.05557,15.15014,15.23848,15.32328,15.40663,15.49044,15.57663,15.66746,15.76587,15.87619,16.00556,16.16760,16.39425,16.79654,17.24056
2026-06-08,2026-06-05,har_garch,1,18.92000,20.77794,True,15.46090,16.56251,17.65368,18.31127,18.80179,19.20625,19.56052,19.88409,20.18926,20.48482,20.77794,21.07526,21.38379,21.71198,22.07114,22.47825,22.96180,23.57690,24.45512,26.06627,27.92353
2026-06-09,2026-06-08,har_garch,1,19.87000,18.56331,True,14.23517,15.14285,16.03591,16.57140,16.96957,17.29710,17.58340,17.84443,18.09023,18.32793,18.56331,18.80172,19.04877,19.31116,19.59784,19.92222,20.30673,20.79466,21.48905,22.75639,24.20741
2026-06-10,2026-06-09,har_garch,1,22.22000,19.42208,True,15.33464,16.20193,17.04972,17.55558,17.93056,18.23828,18.50675,18.75112,18.98086,19.20271,19.42208,19.64397,19.87357,20.11706,20.38269,20.68273,21.03768,21.48704,22.12455,23.28225,24.59903
2026-06-11,2026-06-10,har_garch,1,19.44000,21.50030,True,17.01523,17.96739,18.89788,19.45296,19.86438,20.20197,20.49647,20.76450,21.01646,21.25975,21.50030,21.74358,21.99528,22.26218,22.55330,22.88208,23.27095,23.76312,24.46111,25.72789,27.16760
2026-06-12,2026-06-11,har_garch,1,17.68000,19.12445,True,15.34277,16.14987,16.93627,17.40435,17.75081,18.03478,18.28229,18.50738,18.71883,18.92285,19.12445,19.32820,19.53887,19.76210,20.00540,20.27996,20.60440,21.01455,21.59535,22.64691,23.83824
2026-06-15,2026-06-12,har_garch,1,16.20000,17.55900,True,14.32381,15.01883,15.69355,16.09404,16.38994,16.63216,16.84305,17.03464,17.21447,17.38783,17.55900,17.73185,17.91043,18.09950,18.30538,18.53748,18.81145,19.15731,19.64619,20.52879,21.52490
2026-06-16,2026-06-15,har_garch,1,16.41000,16.22993,True,13.40007,14.01087,14.60225,14.95259,15.21112,15.42255,15.60648,15.77347,15.93010,16.08101,16.22993,16.38022,16.53540,16.69959,16.87828,17.07957,17.31697,17.61637,18.03903,18.80044,19.65739
2026-06-17,2026-06-16,har_garch,1,18.44000,16.39361,True,13.82611,14.38509,14.92368,15.24157,15.47561,15.66667,15.83264,15.98314,16.12414,16.25984,16.39361,16.52848,16.66759,16.81463,16.97446,17.15429,17.36607,17.63273,18.00833,18.68257,19.43790
2026-06-18,2026-06-17,har_garch,1,16.40000,18.16426,True,15.14875,15.80206,16.43329,16.80664,17.08187,17.30678,17.50232,17.67975,17.84608,18.00627,18.16426,18.32363,18.48811,18.66205,18.85123,19.06422,19.31524,19.63155,20.07756,20.87957,21.78003
2026-06-22,2026-06-18,har_garch,1,17.28000,16.34972,True,13.61853,14.20981,14.78133,15.11948,15.36881,15.57259,15.74978,15.91057,16.06132,16.20651,16.34972,16.49419,16.64330,16.80099,16.97252,17.16563,17.39324,17.68007,18.08453,18.81190,19.62865
2026-06-23,2026-06-22,har_garch,1,19.49000,17.12278,True,14.45299,15.03395,15.59388,15.92445,16.16785,16.36659,16.53923,16.69578,16.84246,16.98363,17.12278,17.26307,17.40776,17.56069,17.72691,17.91391,18.13410,18.41129,18.80158,19.50183,20.28573
2026-06-24,2026-06-23,har_garch,1,18.63000,19.08048,True,15.83737,16.53812,17.21620,17.61773,17.91395,18.15615,18.36681,18.55802,18.73734,18.91007,19.08048,19.25242,19.42990,19.61764,19.82188,20.05186,20.32296,20.66467,21.14663,22.01367,22.98770
2026-06-25,2026-06-24,har_garch,1,18.89000,18.35072,True,15.52412,16.13961,16.73261,17.08260,17.34026,17.55060,17.73331,17.89898,18.05417,18.20352,18.35072,18.49911,18.65215,18.81387,18.98962,19.18731,19.42006,19.71298,20.12531,20.86475,21.69198
2026-06-26,2026-06-25,har_garch,1,18.41000,18.58724,True,15.95022,16.52770,17.08230,17.40883,17.64885,17.84457,18.01441,18.16828,18.31231,18.45082,18.58724,18.72467,18.86630,19.01586,19.17828,19.36082,19.57552,19.84542,20.22477,20.90342,21.66024
2026-06-29,2026-06-26,har_garch,1,17.65000,18.18392,True,15.80442,16.32824,16.82981,17.12445,17.34074,17.51691,17.66965,17.80792,17.93726,18.06157,18.18392,18.30710,18.43397,18.56786,18.71315,18.87633,19.06810,19.30893,19.64698,20.25049,20.92167
2026-06-30,2026-06-29,har_garch,1,16.45000,17.52243,True,15.34740,15.82771,16.28680,16.55613,16.75366,16.91445,17.05379,17.17987,17.29775,17.41100,17.52243,17.63457,17.75003,17.87182,18.00395,18.15226,18.32648,18.54513,18.85181,19.39861,20.00571
2026-07-01,2026-06-30,har_garch,1,16.59000,16.44700,True,14.37206,14.82977,15.26753,15.52447,15.71297,15.86644,15.99946,16.11984,16.23241,16.34057,16.44700,16.55413,16.66443,16.78081,16.90706,17.04881,17.21533,17.42436,17.71759,18.24060,18.82151
2026-07-02,2026-07-01,har_garch,1,16.15000,16.56386,True,14.59699,15.03239,15.44797,15.69153,15.87004,16.01528,16.14108,16.25487,16.36124,16.46339,16.56386,16.66495,16.76900,16.87873,16.99772,17.13124,17.28802,17.48469,17.76036,18.25136,18.79576
2026-07-06,2026-07-02,har_garch,1,15.57000,16.15911,True,14.30817,14.71872,15.11014,15.33934,15.50724,15.64378,15.76202,15.86894,15.96885,16.06477,16.15911,16.25400,16.35164,16.45459,16.56620,16.69141,16.83838,17.02269,17.28089,17.74045,18.24949
2026-07-07,2026-07-06,har_garch,1,16.13000,15.62740,True,13.85636,14.24940,14.62401,14.84331,15.00394,15.13456,15.24766,15.34991,15.44546,15.53720,15.62740,15.71814,15.81149,15.90991,16.01661,16.13630,16.27678,16.45292,16.69965,17.13868,17.62482
2026-07-08,2026-07-07,har_garch,1,16.90000,16.11743,True,14.32003,14.71919,15.09949,15.32206,15.48505,15.61757,15.73230,15.83602,15.93293,16.02596,16.11743,16.20942,16.30407,16.40384,16.51199,16.63329,16.77563,16.95408,17.20399,17.64849,18.14044
2026-07-09,2026-07-08,har_garch,1,15.84000,16.80572,True,14.90040,15.32306,15.72600,15.96194,16.13477,16.27532,16.39703,16.50707,16.60991,16.70863,16.80572,16.90337,17.00384,17.10976,17.22459,17.35340,17.50457,17.69410,17.95956,18.43184,18.95467
2026-07-10,2026-07-09,har_garch,1,15.03000,15.84890,True,13.98361,14.39650,14.79062,15.02160,15.19090,15.32865,15.44796,15.55588,15.65675,15.75362,15.84890,15.94476,16.04341,16.14744,16.26024,16.38681,16.53540,16.72176,16.98290,17.44782,17.96299
2026-07-13,2026-07-10,har_garch,1,17.16000,15.11160,True,13.31307,13.71087,14.09076,14.31348,14.47675,14.60962,14.72472,14.82884,14.92617,15.01964,15.11160,15.20411,15.29933,15.39974,15.50863,15.63082,15.77427,15.95421,16.20639,16.65542,17.15310
2026-07-14,2026-07-13,har_garch,1,16.50000,16.99931,True,14.49739,15.04363,15.56913,15.87893,16.10685,16.29281,16.45427,16.60059,16.73762,16.86944,16.99931,17.13018,17.26510,17.40761,17.56241,17.73645,17.94122,18.19874,18.56087,19.20923,19.93301
2026-07-15,2026-07-14,har_garch,1,15.67000,16.40645,True,14.16611,14.65771,15.12929,15.40671,15.61053,15.77666,15.92077,16.05128,16.17342,16.29084,16.40645,16.52289,16.64284,16.76948,16.90695,17.06139,17.24295,17.47106,17.79142,18.36383,19.00110
2026-07-16,2026-07-15,har_garch,1,16.73000,15.65617,True,13.60475,14.05601,14.48829,14.74232,14.92883,15.08077,15.21252,15.33180,15.44337,15.55061,15.65617,15.76244,15.87190,15.98741,16.11276,16.25352,16.41895,16.62667,16.91819,17.43850,18.01692
2026-07-17,2026-07-16,har_garch,1,18.77000,16.59440,True,14.40718,14.88796,15.34871,15.61956,15.81846,15.98052,16.12106,16.24831,16.36735,16.48177,16.59440,16.70781,16.82461,16.94787,17.08164,17.23187,17.40841,17.63009,17.94120,18.49644,19.11368
2026-07-20,2026-07-17,har_garch,1,18.65000,18.40838,True,15.59861,16.21014,16.79950,17.14743,17.40361,17.61276,17.79445,17.95918,18.11350,18.26201,18.40838,18.55592,18.70806,18.86882,19.04350,19.23994,19.47116,19.76206,20.17134,20.90472,21.72428
2026-07-21,2026-07-20,har_garch,1,17.05000,18.31962,True,15.76546,16.32486,16.86207,17.17836,17.41085,17.60042,17.76492,17.91393,18.05341,18.18753,18.31962,18.45266,18.58975,18.73449,18.89163,19.06820,19.27582,19.53670,19.90316,20.55812,21.28758
2026-07-22,2026-07-21,har_garch,1,16.64000,16.91813,True,14.56274,15.07856,15.57394,15.86562,16.08003,16.25485,16.40656,16.54399,16.67262,16.79632,16.91813,17.04083,17.16725,17.30073,17.44565,17.60847,17.79991,18.04046,18.37834,18.98213,19.65448
2026-07-23,2026-07-22,har_garch,1,18.70000,16.56333,True,14.42317,14.89409,15.34514,15.61017,15.80474,15.96323,16.10066,16.22506,16.34143,16.45326,16.56333,16.67414,16.78825,16.90866,17.03930,17.18599,17.35834,17.57470,17.87824,18.41965,19.02106
2026-07-24,2026-07-23,har_garch,1,18.58000,18.38493,True,15.62289,16.22461,16.80420,17.14622,17.39799,17.60350,17.78200,17.94381,18.09538,18.24122,18.38493,18.52978,18.67912,18.83689,19.00831,19.20104,19.42785,19.71313,20.11436,20.83290,21.63529
2026-07-27,2026-07-24,har_garch,1,18.67000,18.27690,True,15.76418,16.31491,16.84357,17.15474,17.38342,17.56985,17.73160,17.87811,18.01523,18.14707,18.27690,18.40765,18.54236,18.68458,18.83896,19.01240,19.21630,19.47246,19.83219,20.47483,21.19013
2026-07-28,2026-07-27,har_garch,1,18.21000,18.35585,True,16.00123,16.51951,17.01582,17.30741,17.52146,17.69581,17.84698,17.98381,18.11180,18.23480,18.35585,18.47770,18.60318,18.73558,18.87923,19.04050,19.22997,19.46780,19.80140,20.39632,21.05696
2026-07-29,2026-07-28,har_garch,1,20.66000,17.95952,True,15.79766,16.27531,16.73173,16.99945,17.19577,17.35557,17.49402,17.61928,17.73638,17.84887,17.95952,18.07086,18.18547,18.30633,18.43741,18.58449,18.75719,18.97382,19.27741,19.81802,20.41723
2026-07-30,2026-07-29,har_garch,1,17.09000,20.11807,True,17.02622,17.69901,18.34747,18.73032,19.01223,19.24240,19.44234,19.62364,19.79349,19.95696,20.11807,20.28048,20.44796,20.62494,20.81727,21.03359,21.28822,21.60863,22.05953,22.86776,23.77137
2026-07-31,2026-07-30,har_garch,1,15.99000,16.99401,True,13.88947,14.55577,15.20297,15.58731,15.87137,16.10395,16.30645,16.49045,16.66314,16.82964,16.99401,17.15999,17.33145,17.51295,17.71056,17.93327,18.19606,18.52766,18.99606,19.84069,20.79248
2026-08-03,2026-07-31,har_garch,1,15.86000,16.00521,True,13.29960,13.88411,14.44977,14.78477,15.03192,15.23400,15.40977,15.56931,15.71892,15.86304,16.00521,16.14866,16.29672,16.45332,16.62367,16.81547,17.04153,17.32641,17.72809,18.45037,19.26124
2026-08-04,2026-08-03,har_garch,1,16.50000,15.87248,True,13.45325,13.98014,14.48772,14.78728,15.00781,15.18783,15.34419,15.48595,15.61875,15.74654,15.87248,15.99943,16.13033,16.26865,16.41895,16.58799,16.78696,17.03731,17.38959,18.02096,18.72675
2026-08-05,2026-08-04,har_garch,1,15.81000,16.43050,True,14.09923,14.60944,15.09960,15.38828,15.60052,15.77360,15.92382,16.05991,16.18731,16.30983,16.43050,16.55207,16.67735,16.80965,16.95331,17.11476,17.30464,17.54332,17.87872,18.47857,19.14725
2026-08-06,2026-08-05,har_garch,1,15.15000,15.79593,True,13.68272,14.14694,14.59198,14.85367,15.04587,15.20248,15.33832,15.46132,15.57640,15.68703,15.79593,15.90560,16.01856,16.13779,16.26720,16.41255,16.58339,16.79797,17.09922,17.63713,18.23552
2026-08-07,2026-08-06,har_garch,1,14.90000,15.19667,True,13.24793,13.67709,14.08794,14.32926,14.50638,14.65064,14.77570,14.88891,14.99479,15.09653,15.19667,15.29747,15.40127,15.51080,15.62963,15.76305,15.91981,16.11659,16.39266,16.88508,17.43207
2026-08-10,2026-08-07,har_garch,1,15.46000,14.96254,True,13.15090,13.55123,13.93373,14.15807,14.32258,14.45647,14.57248,14.67744,14.77556,14.86981,14.96254,15.05584,15.15188,15.25317,15.36303,15.48632,15.63109,15.81271,16.06730,16.52083,17.02374
2026-08-11,2026-08-10,har_garch,1,15.28000,15.45658,True,13.64284,14.04427,14.42748,14.65209,14.81672,14.95066,15.06669,15.17163,15.26972,15.36392,15.45658,15.54979,15.64572,15.74688,15.85656,15.97961,16.12407,16.30524,16.55908,17.01091,17.51144
2026-08-12,2026-08-11,har_garch,1,14.55000,15.29070,True,13.57370,13.95465,14.31780,14.53042,14.68617,14.81282,14.92248,15.02164,15.11429,15.20323,15.29070,15.37866,15.46917,15.56458,15.66800,15.78399,15.92011,16.09075,16.32970,16.75466,17.22489
2026-08-13,2026-08-12,har_garch,1,14.63000,14.62738,True,12.95288,13.32398,13.67797,13.88534,14.03727,14.16086,14.26789,14.36468,14.45512,14.54197,14.62738,14.71329,14.80169,14.89489,14.99593,15.10928,15.24230,15.40909,15.64269,16.05829,16.51836
2026-08-14,2026-08-13,har_garch,1,14.25000,14.69050,True,13.07702,13.43542,13.77684,13.97664,14.12295,14.24190,14.34487,14.43796,14.52493,14.60842,14.69050,14.77304,14.85795,14.94745,15.04445,15.15322,15.28085,15.44081,15.66474,16.06282,16.50304
2026-08-17,2026-08-14,har_garch,1,15.19000,14.34392,True,12.78256,13.12955,13.46002,13.65336,13.79492,13.91000,14.00962,14.09967,14.18379,14.26454,14.34392,14.42375,14.50586,14.59241,14.68620,14.79138,14.91477,15.06941,15.28588,15.67061,16.09600
2026-08-18,2026-08-17,har_garch,1,15.84000,15.17392,True,13.44160,13.82551,14.19173,14.40625,14.56344,14.69129,14.80202,14.90215,14.99572,15.08557,15.17392,15.26279,15.35424,15.45065,15.55517,15.67240,15.81000,15.98250,16.22409,16.65384,17.12951
2026-08-19,2026-08-18,har_garch,1,14.89000,15.74419,True,13.94558,14.34407,14.72426,14.94700,15.11021,15.24298,15.35796,15.46195,15.55912,15.65243,15.74419,15.83649,15.93146,16.03159,16.14013,16.26188,16.40477,16.58390,16.83477,17.28097,17.77478
2026-08-20,2026-08-19,har_garch,1,16.01000,14.89684,True,13.14858,13.53531,13.90460,14.12110,14.27982,14.40897,14.52085,14.62205,14.71664,14.80749,14.89684,14.98674,15.07925,15.17680,15.28257,15.40124,15.54053,15.71520,15.95989,16.39534,16.87756
2026-08-21,2026-08-20,har_garch,1,15.13000,15.89114,True,13.91692,14.35209,14.76848,15.01297,15.19237,15.33846,15.46510,15.57969,15.68686,15.78983,15.89114,15.99311,16.09808,16.20881,16.32892,16.46373,16.62205,16.82069,17.09915,17.59524,18.14542
2026-08-24,2026-08-21,har_garch,1,15.85000,15.11630,True,13.26139,13.67050,14.06182,14.29154,14.46008,14.59730,14.71624,14.82386,14.92449,15.02117,15.11630,15.21202,15.31056,15.41450,15.52723,15.65374,15.80229,15.98865,16.24984,16.71500,17.23065
2026-08-25,2026-08-24,har_garch,1,15.45000,15.74833,True,13.83893,14.26023,14.66312,14.89959,15.07307,15.21430,15.33670,15.44744,15.55100,15.65047,15.74833,15.84681,15.94818,16.05508,16.17102,16.30112,16.45385,16.64542,16.91386,17.39173,17.92119
2026-08-26,2026-08-25,har_garch,1,15.21000,15.38556,True,13.60448,13.99849,14.37473,14.59531,14.75701,14.88858,15.00256,15.10565,15.20201,15.29455,15.38556,15.47711,15.57132,15.67065,15.77833,15.89912,16.04088,16.21859,16.46746,16.91006,17.39981
2026-08-27,2026-08-26,har_garch,1,14.51000,15.16691,True,13.48170,13.85535,14.21169,14.42039,14.57329,14.69765,14.80533,14.90270,14.99368,15.08102,15.16691,15.25328,15.34214,15.43581,15.53732,15.65116,15.78471,15.95208,16.18634,16.60262,17.06277
2026-08-28,2026-08-27,har_garch,1,14.43000,14.52920,True,12.89630,13.25811,13.60329,13.80552,13.95370,14.07424,14.17862,14.27302,14.36123,14.44592,14.52920,14.61297,14.69914,14.78999,14.88845,14.99888,15.12844,15.29083,15.51814,15.92216,16.36886
2026-08-31,2026-08-28,har_garch,1,14.92000,14.43938,True,12.87435,13.22182,13.55293,13.74675,13.88869,14.00411,14.10403,14.19435,14.27874,14.35974,14.43938,14.51946,14.60183,14.68864,14.78271,14.88818,15.01190,15.16691,15.38381,15.76906,16.19466
2026-09-01,2026-08-31,har_garch,1,16.34000,14.86168,True,13.25389,13.61083,13.95099,14.15010,14.29592,14.41450,14.51715,14.60995,14.69665,14.77987,14.86168,14.94395,15.02857,15.11775,15.21439,15.32274,15.44983,15.60905,15.83182,16.22748,16.66451
2026-09-02,2026-09-01,har_garch,1,15.20000,16.11386,True,14.06948,14.51941,14.95031,15.20349,15.38935,15.54075,15.67202,15.79083,15.90197,16.00876,16.11386,16.21965,16.32857,16.44349,16.56816,16.70810,16.87247,17.07874,17.36797,17.88340,18.45529
2026-09-03,2026-09-02,har_garch,1,14.32000,15.11250,True,13.19662,13.61822,14.02202,14.25929,14.43348,14.57537,14.69839,14.80975,14.91391,15.01400,15.11250,15.21165,15.31374,15.42144,15.53828,15.66943,15.82347,16.01677,16.28780,16.77075,17.30654
2026-09-04,2026-09-03,har_garch,1,14.53000,14.32879,True,12.52904,12.92525,13.30463,13.52752,13.69114,13.82440,13.93994,14.04452,14.14232,14.23630,14.32879,14.42187,14.51771,14.61881,14.72848,14.85157,14.99613,15.17751,15.43177,15.88473,16.38705
2026-09-07,2026-09-04,har_garch,1,15.30000,14.51176,True,12.79052,13.17069,13.53404,13.74721,13.90355,14.03080,14.14107,14.24082,14.33408,14.42365,14.51176,14.60041,14.69164,14.78785,14.89217,15.00920,15.14657,15.31882,15.56010,15.98938,16.46463
2026-09-08,2026-09-07,har_garch,1,15.72000,15.19299,True,13.37588,13.77691,14.16038,14.38542,14.55051,14.68490,14.80137,14.90674,15.00526,15.09990,15.19299,15.28666,15.38307,15.48474,15.59498,15.71866,15.86385,16.04590,16.30091,16.75463,17.25696
2026-09-09,2026-09-08,har_garch,1,16.46000,15.56015,True,13.74810,14.14853,14.53114,14.75556,14.92013,15.05407,15.17012,15.27509,15.37322,15.46746,15.56015,15.65340,15.74936,15.85053,15.96022,16.08325,16.22763,16.40862,16.66204,17.11262,17.61105
